disease_id,disease_norm,disease_is_recap,disease_raw,section,sex,age_code,age_label,age_low,age_high,age_is_recap,age_is_total,year,rate_per_100k,population_thousand,patients_estimated_thousand
,う蝕,True,１１　消化器系の疾患(う蝕（再掲）),total,female,a00,0歳,0.0,0.0,False,False,2023,,,
,う蝕,True,１１　消化器系の疾患(う蝕（再掲）),total,female,a01_04,1-4歳,1.0,4.0,False,False,2023,147.0,,
,う蝕,True,１１　消化器系の疾患(う蝕（再掲）),total,female,a05_09,5-9歳,5.0,9.0,False,False,2023,414.0,,
,う蝕,True,１１　消化器系の疾患(う蝕（再掲）),total,female,a10_14,10-14歳,10.0,14.0,False,False,2023,166.0,,
,う蝕,True,１１　消化器系の疾患(う蝕（再掲）),total,female,a15_19,15-19歳,15.0,19.0,False,False,2023,106.0,,
,う蝕,True,１１　消化器系の疾患(う蝕（再掲）),total,female,a20_24,20-24歳,20.0,24.0,False,False,2023,129.0,,
,う蝕,True,１１　消化器系の疾患(う蝕（再掲）),total,female,a25_29,25-29歳,25.0,29.0,False,False,2023,150.0,,
,う蝕,True,１１　消化器系の疾患(う蝕（再掲）),total,female,a30_34,30-34歳,30.0,34.0,False,False,2023,191.0,,
,う蝕,True,１１　消化器系の疾患(う蝕（再掲）),total,female,a35_39,35-39歳,35.0,39.0,False,False,2023,202.0,,
,う蝕,True,１１　消化器系の疾患(う蝕（再掲）),total,female,a40_44,40-44歳,40.0,44.0,False,False,2023,228.0,,
,う蝕,True,１１　消化器系の疾患(う蝕（再掲）),total,female,a45_49,45-49歳,45.0,49.0,False,False,2023,199.0,,
,う蝕,True,１１　消化器系の疾患(う蝕（再掲）),total,female,a50_54,50-54歳,50.0,54.0,False,False,2023,259.0,,
,う蝕,True,１１　消化器系の疾患(う蝕（再掲）),total,female,a55_59,55-59歳,55.0,59.0,False,False,2023,196.0,,
,う蝕,True,１１　消化器系の疾患(う蝕（再掲）),total,female,a60_64,60-64歳,60.0,64.0,False,False,2023,221.0,,
,う蝕,True,１１　消化器系の疾患(う蝕（再掲）),total,female,a65_69,65-69歳,65.0,69.0,False,False,2023,207.0,,
,う蝕,True,１１　消化器系の疾患(う蝕（再掲）),total,female,r65p,65歳以上(再掲),65.0,,True,False,2023,171.0,,
,う蝕,True,１１　消化器系の疾患(う蝕（再掲）),total,female,a70_74,70-74歳,70.0,74.0,False,False,2023,174.0,,
,う蝕,True,１１　消化器系の疾患(う蝕（再掲）),total,female,r70p,70歳以上(再掲),70.0,,True,False,2023,163.0,,
,う蝕,True,１１　消化器系の疾患(う蝕（再掲）),total,female,a75_79,75-79歳,75.0,79.0,False,False,2023,229.0,,
,う蝕,True,１１　消化器系の疾患(う蝕（再掲）),total,female,r75p,75歳以上(再掲),75.0,,True,False,2023,158.0,,
,う蝕,True,１１　消化器系の疾患(う蝕（再掲）),total,female,a80_84,80-84歳,80.0,84.0,False,False,2023,162.0,,
,う蝕,True,１１　消化器系の疾患(う蝕（再掲）),total,female,a85_89,85-89歳,85.0,89.0,False,False,2023,113.0,,
,う蝕,True,１１　消化器系の疾患(う蝕（再掲）),total,female,a90p,90歳以上,90.0,,False,False,2023,64.0,,
,う蝕,True,１１　消化器系の疾患(う蝕（再掲）),total,female,total,総数,,,False,True,2023,192.0,,
,う蝕,True,１１　消化器系の疾患(う蝕（再掲）),total,male,a00,0歳,0.0,0.0,False,False,2023,,,
,う蝕,True,１１　消化器系の疾患(う蝕（再掲）),total,male,a01_04,1-4歳,1.0,4.0,False,False,2023,243.0,,
,う蝕,True,１１　消化器系の疾患(う蝕（再掲）),total,male,a05_09,5-9歳,5.0,9.0,False,False,2023,337.0,2478.0,8.35086
,う蝕,True,１１　消化器系の疾患(う蝕（再掲）),total,male,a10_14,10-14歳,10.0,14.0,False,False,2023,166.0,2689.0,4.46374
,う蝕,True,１１　消化器系の疾患(う蝕（再掲）),total,male,a15_19,15-19歳,15.0,19.0,False,False,2023,96.0,2818.0,2.70528
,う蝕,True,１１　消化器系の疾患(う蝕（再掲）),total,male,a20_24,20-24歳,20.0,24.0,False,False,2023,93.0,3212.0,2.98716
,う蝕,True,１１　消化器系の疾患(う蝕（再掲）),total,male,a25_29,25-29歳,25.0,29.0,False,False,2023,107.0,3333.0,3.56631
,う蝕,True,１１　消化器系の疾患(う蝕（再掲）),total,male,a30_34,30-34歳,30.0,34.0,False,False,2023,155.0,3273.0,5.07315
,う蝕,True,１１　消化器系の疾患(う蝕（再掲）),total,male,a35_39,35-39歳,35.0,39.0,False,False,2023,141.0,3593.0,5.06613
,う蝕,True,１１　消化器系の疾患(う蝕（再掲）),total,male,a40_44,40-44歳,40.0,44.0,False,False,2023,159.0,3938.0,6.26142
,う蝕,True,１１　消化器系の疾患(う蝕（再掲）),total,male,a45_49,45-49歳,45.0,49.0,False,False,2023,169.0,4620.0,7.8078
,う蝕,True,１１　消化器系の疾患(う蝕（再掲）),total,male,a50_54,50-54歳,50.0,54.0,False,False,2023,137.0,4868.0,6.66916
,う蝕,True,１１　消化器系の疾患(う蝕（再掲）),total,male,a55_59,55-59歳,55.0,59.0,False,False,2023,150.0,4143.0,6.2145
,う蝕,True,１１　消化器系の疾患(う蝕（再掲）),total,male,a60_64,60-64歳,60.0,64.0,False,False,2023,161.0,3719.0,5.98759
,う蝕,True,１１　消化器系の疾患(う蝕（再掲）),total,male,a65_69,65-69歳,65.0,69.0,False,False,2023,201.0,3569.0,7.17369
,う蝕,True,１１　消化器系の疾患(う蝕（再掲）),total,male,r65p,65歳以上(再掲),65.0,,True,False,2023,196.0,,
,う蝕,True,１１　消化器系の疾患(う蝕（再掲）),total,male,a70_74,70-74歳,70.0,74.0,False,False,2023,221.0,4161.0,9.19581
,う蝕,True,１１　消化器系の疾患(う蝕（再掲）),total,male,r70p,70歳以上(再掲),70.0,,True,False,2023,195.0,,
,う蝕,True,１１　消化器系の疾患(う蝕（再掲）),total,male,a75_79,75-79歳,75.0,79.0,False,False,2023,200.0,3365.0,6.73
,う蝕,True,１１　消化器系の疾患(う蝕（再掲）),total,male,r75p,75歳以上(再掲),75.0,,True,False,2023,182.0,,
,う蝕,True,１１　消化器系の疾患(う蝕（再掲）),total,male,a80_84,80-84歳,80.0,84.0,False,False,2023,203.0,2458.0,4.98974
,う蝕,True,１１　消化器系の疾患(う蝕（再掲）),total,male,a85_89,85-89歳,85.0,89.0,False,False,2023,178.0,1448.0,2.57744
,う蝕,True,１１　消化器系の疾患(う蝕（再掲）),total,male,a90p,90歳以上,90.0,,False,False,2023,31.0,,
,う蝕,True,１１　消化器系の疾患(う蝕（再掲）),total,male,total,総数,,,False,True,2023,166.0,60492.0,100.41672
,う蝕,True,１１　消化器系の疾患(う蝕（再掲）),total,total,a00,0歳,0.0,0.0,False,False,2023,,,
,う蝕,True,１１　消化器系の疾患(う蝕（再掲）),total,total,a01_04,1-4歳,1.0,4.0,False,False,2023,196.0,,
,う蝕,True,１１　消化器系の疾患(う蝕（再掲）),total,total,a05_09,5-9歳,5.0,9.0,False,False,2023,374.0,4838.0,18.09412
,う蝕,True,１１　消化器系の疾患(う蝕（再掲）),total,total,a10_14,10-14歳,10.0,14.0,False,False,2023,166.0,5248.0,8.71168
,う蝕,True,１１　消化器系の疾患(う蝕（再掲）),total,total,a15_19,15-19歳,15.0,19.0,False,False,2023,101.0,5494.0,5.54894
,う蝕,True,１１　消化器系の疾患(う蝕（再掲）),total,total,a20_24,20-24歳,20.0,24.0,False,False,2023,110.0,6236.0,6.8596
,う蝕,True,１１　消化器系の疾患(う蝕（再掲）),total,total,a25_29,25-29歳,25.0,29.0,False,False,2023,128.0,6479.0,8.29312
,う蝕,True,１１　消化器系の疾患(う蝕（再掲）),total,total,a30_34,30-34歳,30.0,34.0,False,False,2023,173.0,6380.0,11.0374
,う蝕,True,１１　消化器系の疾患(う蝕（再掲）),total,total,a35_39,35-39歳,35.0,39.0,False,False,2023,171.0,7047.0,12.05037
,う蝕,True,１１　消化器系の疾患(う蝕（再掲）),total,total,a40_44,40-44歳,40.0,44.0,False,False,2023,193.0,7765.0,14.98645
,う蝕,True,１１　消化器系の疾患(う蝕（再掲）),total,total,a45_49,45-49歳,45.0,49.0,False,False,2023,184.0,9115.0,16.7716
,う蝕,True,１１　消化器系の疾患(う蝕（再掲）),total,total,a50_54,50-54歳,50.0,54.0,False,False,2023,197.0,9650.0,19.0105
,う蝕,True,１１　消化器系の疾患(う蝕（再掲）),total,total,a55_59,55-59歳,55.0,59.0,False,False,2023,173.0,8279.0,14.32267
,う蝕,True,１１　消化器系の疾患(う蝕（再掲）),total,total,a60_64,60-64歳,60.0,64.0,False,False,2023,191.0,7507.0,14.33837
,う蝕,True,１１　消化器系の疾患(う蝕（再掲）),total,total,a65_69,65-69歳,65.0,69.0,False,False,2023,204.0,7332.0,14.95728
,う蝕,True,１１　消化器系の疾患(う蝕（再掲）),total,total,r65p,65歳以上(再掲),65.0,,True,False,2023,182.0,36227.0,65.93314
,う蝕,True,１１　消化器系の疾患(う蝕（再掲）),total,total,a70_74,70-74歳,70.0,74.0,False,False,2023,196.0,8817.0,17.28132
,う蝕,True,１１　消化器系の疾患(う蝕（再掲）),total,total,r70p,70歳以上(再掲),70.0,,True,False,2023,176.0,,
,う蝕,True,１１　消化器系の疾患(う蝕（再掲）),total,total,a75_79,75-79歳,75.0,79.0,False,False,2023,216.0,7474.0,16.14384
,う蝕,True,１１　消化器系の疾患(う蝕（再掲）),total,total,r75p,75歳以上(再掲),75.0,,True,False,2023,168.0,20078.0,33.73104
,う蝕,True,１１　消化器系の疾患(う蝕（再掲）),total,total,a80_84,80-84歳,80.0,84.0,False,False,2023,179.0,5895.0,10.55205
,う蝕,True,１１　消化器系の疾患(う蝕（再掲）),total,total,a85_89,85-89歳,85.0,89.0,False,False,2023,137.0,3979.0,5.45123
,う蝕,True,１１　消化器系の疾患(う蝕（再掲）),total,total,a90p,90歳以上,90.0,,False,False,2023,55.0,,
,う蝕,True,１１　消化器系の疾患(う蝕（再掲）),total,total,total,総数,,,False,True,2023,179.0,124352.0,222.59008
,乳房及び女性生殖器の疾患,True,１４　腎尿路生殖器系の疾患(乳房及び女性生殖器の疾患（再掲）),total,female,a00,0歳,0.0,0.0,False,False,2023,7.0,,
,乳房及び女性生殖器の疾患,True,１４　腎尿路生殖器系の疾患(乳房及び女性生殖器の疾患（再掲）),total,female,a01_04,1-4歳,1.0,4.0,False,False,2023,2.0,,
,乳房及び女性生殖器の疾患,True,１４　腎尿路生殖器系の疾患(乳房及び女性生殖器の疾患（再掲）),total,female,a05_09,5-9歳,5.0,9.0,False,False,2023,4.0,,
,乳房及び女性生殖器の疾患,True,１４　腎尿路生殖器系の疾患(乳房及び女性生殖器の疾患（再掲）),total,female,a10_14,10-14歳,10.0,14.0,False,False,2023,14.0,,
,乳房及び女性生殖器の疾患,True,１４　腎尿路生殖器系の疾患(乳房及び女性生殖器の疾患（再掲）),total,female,a15_19,15-19歳,15.0,19.0,False,False,2023,78.0,,
,乳房及び女性生殖器の疾患,True,１４　腎尿路生殖器系の疾患(乳房及び女性生殖器の疾患（再掲）),total,female,a20_24,20-24歳,20.0,24.0,False,False,2023,184.0,,
,乳房及び女性生殖器の疾患,True,１４　腎尿路生殖器系の疾患(乳房及び女性生殖器の疾患（再掲）),total,female,a25_29,25-29歳,25.0,29.0,False,False,2023,354.0,,
,乳房及び女性生殖器の疾患,True,１４　腎尿路生殖器系の疾患(乳房及び女性生殖器の疾患（再掲）),total,female,a30_34,30-34歳,30.0,34.0,False,False,2023,429.0,,
,乳房及び女性生殖器の疾患,True,１４　腎尿路生殖器系の疾患(乳房及び女性生殖器の疾患（再掲）),total,female,a35_39,35-39歳,35.0,39.0,False,False,2023,402.0,,
,乳房及び女性生殖器の疾患,True,１４　腎尿路生殖器系の疾患(乳房及び女性生殖器の疾患（再掲）),total,female,a40_44,40-44歳,40.0,44.0,False,False,2023,333.0,,
,乳房及び女性生殖器の疾患,True,１４　腎尿路生殖器系の疾患(乳房及び女性生殖器の疾患（再掲）),total,female,a45_49,45-49歳,45.0,49.0,False,False,2023,282.0,,
,乳房及び女性生殖器の疾患,True,１４　腎尿路生殖器系の疾患(乳房及び女性生殖器の疾患（再掲）),total,female,a50_54,50-54歳,50.0,54.0,False,False,2023,268.0,,
,乳房及び女性生殖器の疾患,True,１４　腎尿路生殖器系の疾患(乳房及び女性生殖器の疾患（再掲）),total,female,a55_59,55-59歳,55.0,59.0,False,False,2023,196.0,,
,乳房及び女性生殖器の疾患,True,１４　腎尿路生殖器系の疾患(乳房及び女性生殖器の疾患（再掲）),total,female,a60_64,60-64歳,60.0,64.0,False,False,2023,78.0,,
,乳房及び女性生殖器の疾患,True,１４　腎尿路生殖器系の疾患(乳房及び女性生殖器の疾患（再掲）),total,female,a65_69,65-69歳,65.0,69.0,False,False,2023,68.0,,
,乳房及び女性生殖器の疾患,True,１４　腎尿路生殖器系の疾患(乳房及び女性生殖器の疾患（再掲）),total,female,r65p,65歳以上(再掲),65.0,,True,False,2023,49.0,,
,乳房及び女性生殖器の疾患,True,１４　腎尿路生殖器系の疾患(乳房及び女性生殖器の疾患（再掲）),total,female,a70_74,70-74歳,70.0,74.0,False,False,2023,59.0,,
,乳房及び女性生殖器の疾患,True,１４　腎尿路生殖器系の疾患(乳房及び女性生殖器の疾患（再掲）),total,female,r70p,70歳以上(再掲),70.0,,True,False,2023,45.0,,
,乳房及び女性生殖器の疾患,True,１４　腎尿路生殖器系の疾患(乳房及び女性生殖器の疾患（再掲）),total,female,a75_79,75-79歳,75.0,79.0,False,False,2023,61.0,,
,乳房及び女性生殖器の疾患,True,１４　腎尿路生殖器系の疾患(乳房及び女性生殖器の疾患（再掲）),total,female,r75p,75歳以上(再掲),75.0,,True,False,2023,40.0,,
,乳房及び女性生殖器の疾患,True,１４　腎尿路生殖器系の疾患(乳房及び女性生殖器の疾患（再掲）),total,female,a80_84,80-84歳,80.0,84.0,False,False,2023,39.0,,
,乳房及び女性生殖器の疾患,True,１４　腎尿路生殖器系の疾患(乳房及び女性生殖器の疾患（再掲）),total,female,a85_89,85-89歳,85.0,89.0,False,False,2023,28.0,,
,乳房及び女性生殖器の疾患,True,１４　腎尿路生殖器系の疾患(乳房及び女性生殖器の疾患（再掲）),total,female,a90p,90歳以上,90.0,,False,False,2023,12.0,,
,乳房及び女性生殖器の疾患,True,１４　腎尿路生殖器系の疾患(乳房及び女性生殖器の疾患（再掲）),total,female,total,総数,,,False,True,2023,166.0,,
,乳房及び女性生殖器の疾患,True,１４　腎尿路生殖器系の疾患(乳房及び女性生殖器の疾患（再掲）),total,male,a00,0歳,0.0,0.0,False,False,2023,,,
,乳房及び女性生殖器の疾患,True,１４　腎尿路生殖器系の疾患(乳房及び女性生殖器の疾患（再掲）),total,male,a01_04,1-4歳,1.0,4.0,False,False,2023,0.0,,
,乳房及び女性生殖器の疾患,True,１４　腎尿路生殖器系の疾患(乳房及び女性生殖器の疾患（再掲）),total,male,a05_09,5-9歳,5.0,9.0,False,False,2023,0.0,2478.0,0.0
,乳房及び女性生殖器の疾患,True,１４　腎尿路生殖器系の疾患(乳房及び女性生殖器の疾患（再掲）),total,male,a10_14,10-14歳,10.0,14.0,False,False,2023,1.0,2689.0,0.02689
,乳房及び女性生殖器の疾患,True,１４　腎尿路生殖器系の疾患(乳房及び女性生殖器の疾患（再掲）),total,male,a15_19,15-19歳,15.0,19.0,False,False,2023,0.0,2818.0,0.0
,乳房及び女性生殖器の疾患,True,１４　腎尿路生殖器系の疾患(乳房及び女性生殖器の疾患（再掲）),total,male,a20_24,20-24歳,20.0,24.0,False,False,2023,,3212.0,
,乳房及び女性生殖器の疾患,True,１４　腎尿路生殖器系の疾患(乳房及び女性生殖器の疾患（再掲）),total,male,a25_29,25-29歳,25.0,29.0,False,False,2023,0.0,3333.0,0.0
,乳房及び女性生殖器の疾患,True,１４　腎尿路生殖器系の疾患(乳房及び女性生殖器の疾患（再掲）),total,male,a30_34,30-34歳,30.0,34.0,False,False,2023,,3273.0,
,乳房及び女性生殖器の疾患,True,１４　腎尿路生殖器系の疾患(乳房及び女性生殖器の疾患（再掲）),total,male,a35_39,35-39歳,35.0,39.0,False,False,2023,,3593.0,
,乳房及び女性生殖器の疾患,True,１４　腎尿路生殖器系の疾患(乳房及び女性生殖器の疾患（再掲）),total,male,a40_44,40-44歳,40.0,44.0,False,False,2023,0.0,3938.0,0.0
,乳房及び女性生殖器の疾患,True,１４　腎尿路生殖器系の疾患(乳房及び女性生殖器の疾患（再掲）),total,male,a45_49,45-49歳,45.0,49.0,False,False,2023,,4620.0,
,乳房及び女性生殖器の疾患,True,１４　腎尿路生殖器系の疾患(乳房及び女性生殖器の疾患（再掲）),total,male,a50_54,50-54歳,50.0,54.0,False,False,2023,,4868.0,
,乳房及び女性生殖器の疾患,True,１４　腎尿路生殖器系の疾患(乳房及び女性生殖器の疾患（再掲）),total,male,a55_59,55-59歳,55.0,59.0,False,False,2023,1.0,4143.0,0.04143
,乳房及び女性生殖器の疾患,True,１４　腎尿路生殖器系の疾患(乳房及び女性生殖器の疾患（再掲）),total,male,a60_64,60-64歳,60.0,64.0,False,False,2023,1.0,3719.0,0.03719
,乳房及び女性生殖器の疾患,True,１４　腎尿路生殖器系の疾患(乳房及び女性生殖器の疾患（再掲）),total,male,a65_69,65-69歳,65.0,69.0,False,False,2023,1.0,3569.0,0.03569
,乳房及び女性生殖器の疾患,True,１４　腎尿路生殖器系の疾患(乳房及び女性生殖器の疾患（再掲）),total,male,r65p,65歳以上(再掲),65.0,,True,False,2023,1.0,,
,乳房及び女性生殖器の疾患,True,１４　腎尿路生殖器系の疾患(乳房及び女性生殖器の疾患（再掲）),total,male,a70_74,70-74歳,70.0,74.0,False,False,2023,1.0,4161.0,0.04161
,乳房及び女性生殖器の疾患,True,１４　腎尿路生殖器系の疾患(乳房及び女性生殖器の疾患（再掲）),total,male,r70p,70歳以上(再掲),70.0,,True,False,2023,0.0,,
,乳房及び女性生殖器の疾患,True,１４　腎尿路生殖器系の疾患(乳房及び女性生殖器の疾患（再掲）),total,male,a75_79,75-79歳,75.0,79.0,False,False,2023,1.0,3365.0,0.03365
,乳房及び女性生殖器の疾患,True,１４　腎尿路生殖器系の疾患(乳房及び女性生殖器の疾患（再掲）),total,male,r75p,75歳以上(再掲),75.0,,True,False,2023,0.0,,
,乳房及び女性生殖器の疾患,True,１４　腎尿路生殖器系の疾患(乳房及び女性生殖器の疾患（再掲）),total,male,a80_84,80-84歳,80.0,84.0,False,False,2023,0.0,2458.0,0.0
,乳房及び女性生殖器の疾患,True,１４　腎尿路生殖器系の疾患(乳房及び女性生殖器の疾患（再掲）),total,male,a85_89,85-89歳,85.0,89.0,False,False,2023,1.0,1448.0,0.01448
,乳房及び女性生殖器の疾患,True,１４　腎尿路生殖器系の疾患(乳房及び女性生殖器の疾患（再掲）),total,male,a90p,90歳以上,90.0,,False,False,2023,,,
,乳房及び女性生殖器の疾患,True,１４　腎尿路生殖器系の疾患(乳房及び女性生殖器の疾患（再掲）),total,male,total,総数,,,False,True,2023,0.0,60492.0,0.0
,乳房及び女性生殖器の疾患,True,１４　腎尿路生殖器系の疾患(乳房及び女性生殖器の疾患（再掲）),total,total,a00,0歳,0.0,0.0,False,False,2023,3.0,,
,乳房及び女性生殖器の疾患,True,１４　腎尿路生殖器系の疾患(乳房及び女性生殖器の疾患（再掲）),total,total,a01_04,1-4歳,1.0,4.0,False,False,2023,1.0,,
,乳房及び女性生殖器の疾患,True,１４　腎尿路生殖器系の疾患(乳房及び女性生殖器の疾患（再掲）),total,total,a05_09,5-9歳,5.0,9.0,False,False,2023,2.0,4838.0,0.09676
,乳房及び女性生殖器の疾患,True,１４　腎尿路生殖器系の疾患(乳房及び女性生殖器の疾患（再掲）),total,total,a10_14,10-14歳,10.0,14.0,False,False,2023,7.0,5248.0,0.36736
,乳房及び女性生殖器の疾患,True,１４　腎尿路生殖器系の疾患(乳房及び女性生殖器の疾患（再掲）),total,total,a15_19,15-19歳,15.0,19.0,False,False,2023,38.0,5494.0,2.08772
,乳房及び女性生殖器の疾患,True,１４　腎尿路生殖器系の疾患(乳房及び女性生殖器の疾患（再掲）),total,total,a20_24,20-24歳,20.0,24.0,False,False,2023,89.0,6236.0,5.55004
,乳房及び女性生殖器の疾患,True,１４　腎尿路生殖器系の疾患(乳房及び女性生殖器の疾患（再掲）),total,total,a25_29,25-29歳,25.0,29.0,False,False,2023,172.0,6479.0,11.14388
,乳房及び女性生殖器の疾患,True,１４　腎尿路生殖器系の疾患(乳房及び女性生殖器の疾患（再掲）),total,total,a30_34,30-34歳,30.0,34.0,False,False,2023,209.0,6380.0,13.3342
,乳房及び女性生殖器の疾患,True,１４　腎尿路生殖器系の疾患(乳房及び女性生殖器の疾患（再掲）),total,total,a35_39,35-39歳,35.0,39.0,False,False,2023,197.0,7047.0,13.88259
,乳房及び女性生殖器の疾患,True,１４　腎尿路生殖器系の疾患(乳房及び女性生殖器の疾患（再掲）),total,total,a40_44,40-44歳,40.0,44.0,False,False,2023,164.0,7765.0,12.7346
,乳房及び女性生殖器の疾患,True,１４　腎尿路生殖器系の疾患(乳房及び女性生殖器の疾患（再掲）),total,total,a45_49,45-49歳,45.0,49.0,False,False,2023,139.0,9115.0,12.66985
,乳房及び女性生殖器の疾患,True,１４　腎尿路生殖器系の疾患(乳房及び女性生殖器の疾患（再掲）),total,total,a50_54,50-54歳,50.0,54.0,False,False,2023,133.0,9650.0,12.8345
,乳房及び女性生殖器の疾患,True,１４　腎尿路生殖器系の疾患(乳房及び女性生殖器の疾患（再掲）),total,total,a55_59,55-59歳,55.0,59.0,False,False,2023,98.0,8279.0,8.11342
,乳房及び女性生殖器の疾患,True,１４　腎尿路生殖器系の疾患(乳房及び女性生殖器の疾患（再掲）),total,total,a60_64,60-64歳,60.0,64.0,False,False,2023,40.0,7507.0,3.0028
,乳房及び女性生殖器の疾患,True,１４　腎尿路生殖器系の疾患(乳房及び女性生殖器の疾患（再掲）),total,total,a65_69,65-69歳,65.0,69.0,False,False,2023,36.0,7332.0,2.63952
,乳房及び女性生殖器の疾患,True,１４　腎尿路生殖器系の疾患(乳房及び女性生殖器の疾患（再掲）),total,total,r65p,65歳以上(再掲),65.0,,True,False,2023,28.0,36227.0,10.14356
,乳房及び女性生殖器の疾患,True,１４　腎尿路生殖器系の疾患(乳房及び女性生殖器の疾患（再掲）),total,total,a70_74,70-74歳,70.0,74.0,False,False,2023,31.0,8817.0,2.73327
,乳房及び女性生殖器の疾患,True,１４　腎尿路生殖器系の疾患(乳房及び女性生殖器の疾患（再掲）),total,total,r70p,70歳以上(再掲),70.0,,True,False,2023,26.0,,
,乳房及び女性生殖器の疾患,True,１４　腎尿路生殖器系の疾患(乳房及び女性生殖器の疾患（再掲）),total,total,a75_79,75-79歳,75.0,79.0,False,False,2023,34.0,7474.0,2.54116
,乳房及び女性生殖器の疾患,True,１４　腎尿路生殖器系の疾患(乳房及び女性生殖器の疾患（再掲）),total,total,r75p,75歳以上(再掲),75.0,,True,False,2023,24.0,20078.0,4.81872
,乳房及び女性生殖器の疾患,True,１４　腎尿路生殖器系の疾患(乳房及び女性生殖器の疾患（再掲）),total,total,a80_84,80-84歳,80.0,84.0,False,False,2023,23.0,5895.0,1.35585
,乳房及び女性生殖器の疾患,True,１４　腎尿路生殖器系の疾患(乳房及び女性生殖器の疾患（再掲）),total,total,a85_89,85-89歳,85.0,89.0,False,False,2023,18.0,3979.0,0.71622
,乳房及び女性生殖器の疾患,True,１４　腎尿路生殖器系の疾患(乳房及び女性生殖器の疾患（再掲）),total,total,a90p,90歳以上,90.0,,False,False,2023,9.0,,
,乳房及び女性生殖器の疾患,True,１４　腎尿路生殖器系の疾患(乳房及び女性生殖器の疾患（再掲）),total,total,total,総数,,,False,True,2023,86.0,124352.0,106.94272
,健康状態に影響を及ぼす要因及び保健サービスの利用,False,２１　健康状態に影響を及ぼす要因及び保健サービスの利用,total,female,a00,0歳,0.0,0.0,False,False,2023,2065.0,,
,健康状態に影響を及ぼす要因及び保健サービスの利用,False,２１　健康状態に影響を及ぼす要因及び保健サービスの利用,total,female,a01_04,1-4歳,1.0,4.0,False,False,2023,932.0,,
,健康状態に影響を及ぼす要因及び保健サービスの利用,False,２１　健康状態に影響を及ぼす要因及び保健サービスの利用,total,female,a05_09,5-9歳,5.0,9.0,False,False,2023,756.0,,
,健康状態に影響を及ぼす要因及び保健サービスの利用,False,２１　健康状態に影響を及ぼす要因及び保健サービスの利用,total,female,a10_14,10-14歳,10.0,14.0,False,False,2023,541.0,,
,健康状態に影響を及ぼす要因及び保健サービスの利用,False,２１　健康状態に影響を及ぼす要因及び保健サービスの利用,total,female,a15_19,15-19歳,15.0,19.0,False,False,2023,415.0,,
,健康状態に影響を及ぼす要因及び保健サービスの利用,False,２１　健康状態に影響を及ぼす要因及び保健サービスの利用,total,female,a20_24,20-24歳,20.0,24.0,False,False,2023,646.0,,
,健康状態に影響を及ぼす要因及び保健サービスの利用,False,２１　健康状態に影響を及ぼす要因及び保健サービスの利用,total,female,a25_29,25-29歳,25.0,29.0,False,False,2023,889.0,,
,健康状態に影響を及ぼす要因及び保健サービスの利用,False,２１　健康状態に影響を及ぼす要因及び保健サービスの利用,total,female,a30_34,30-34歳,30.0,34.0,False,False,2023,973.0,,
,健康状態に影響を及ぼす要因及び保健サービスの利用,False,２１　健康状態に影響を及ぼす要因及び保健サービスの利用,total,female,a35_39,35-39歳,35.0,39.0,False,False,2023,836.0,,
,健康状態に影響を及ぼす要因及び保健サービスの利用,False,２１　健康状態に影響を及ぼす要因及び保健サービスの利用,total,female,a40_44,40-44歳,40.0,44.0,False,False,2023,621.0,,
,健康状態に影響を及ぼす要因及び保健サービスの利用,False,２１　健康状態に影響を及ぼす要因及び保健サービスの利用,total,female,a45_49,45-49歳,45.0,49.0,False,False,2023,642.0,,
,健康状態に影響を及ぼす要因及び保健サービスの利用,False,２１　健康状態に影響を及ぼす要因及び保健サービスの利用,total,female,a50_54,50-54歳,50.0,54.0,False,False,2023,641.0,,
,健康状態に影響を及ぼす要因及び保健サービスの利用,False,２１　健康状態に影響を及ぼす要因及び保健サービスの利用,total,female,a55_59,55-59歳,55.0,59.0,False,False,2023,732.0,,
,健康状態に影響を及ぼす要因及び保健サービスの利用,False,２１　健康状態に影響を及ぼす要因及び保健サービスの利用,total,female,a60_64,60-64歳,60.0,64.0,False,False,2023,974.0,,
,健康状態に影響を及ぼす要因及び保健サービスの利用,False,２１　健康状態に影響を及ぼす要因及び保健サービスの利用,total,female,a65_69,65-69歳,65.0,69.0,False,False,2023,1215.0,,
,健康状態に影響を及ぼす要因及び保健サービスの利用,False,２１　健康状態に影響を及ぼす要因及び保健サービスの利用,total,female,r65p,65歳以上(再掲),65.0,,True,False,2023,1386.0,,
,健康状態に影響を及ぼす要因及び保健サービスの利用,False,２１　健康状態に影響を及ぼす要因及び保健サービスの利用,total,female,a70_74,70-74歳,70.0,74.0,False,False,2023,1460.0,,
,健康状態に影響を及ぼす要因及び保健サービスの利用,False,２１　健康状態に影響を及ぼす要因及び保健サービスの利用,total,female,r70p,70歳以上(再掲),70.0,,True,False,2023,1424.0,,
,健康状態に影響を及ぼす要因及び保健サービスの利用,False,２１　健康状態に影響を及ぼす要因及び保健サービスの利用,total,female,a75_79,75-79歳,75.0,79.0,False,False,2023,1485.0,,
,健康状態に影響を及ぼす要因及び保健サービスの利用,False,２１　健康状態に影響を及ぼす要因及び保健サービスの利用,total,female,r75p,75歳以上(再掲),75.0,,True,False,2023,1411.0,,
,健康状態に影響を及ぼす要因及び保健サービスの利用,False,２１　健康状態に影響を及ぼす要因及び保健サービスの利用,total,female,a80_84,80-84歳,80.0,84.0,False,False,2023,1558.0,,
,健康状態に影響を及ぼす要因及び保健サービスの利用,False,２１　健康状態に影響を及ぼす要因及び保健サービスの利用,total,female,a85_89,85-89歳,85.0,89.0,False,False,2023,1363.0,,
,健康状態に影響を及ぼす要因及び保健サービスの利用,False,２１　健康状態に影響を及ぼす要因及び保健サービスの利用,total,female,a90p,90歳以上,90.0,,False,False,2023,1069.0,,
,健康状態に影響を及ぼす要因及び保健サービスの利用,False,２１　健康状態に影響を及ぼす要因及び保健サービスの利用,total,female,total,総数,,,False,True,2023,952.0,,
,健康状態に影響を及ぼす要因及び保健サービスの利用,False,２１　健康状態に影響を及ぼす要因及び保健サービスの利用,total,male,a00,0歳,0.0,0.0,False,False,2023,2120.0,,
,健康状態に影響を及ぼす要因及び保健サービスの利用,False,２１　健康状態に影響を及ぼす要因及び保健サービスの利用,total,male,a01_04,1-4歳,1.0,4.0,False,False,2023,987.0,,
,健康状態に影響を及ぼす要因及び保健サービスの利用,False,２１　健康状態に影響を及ぼす要因及び保健サービスの利用,total,male,a05_09,5-9歳,5.0,9.0,False,False,2023,666.0,2478.0,16.50348
,健康状態に影響を及ぼす要因及び保健サービスの利用,False,２１　健康状態に影響を及ぼす要因及び保健サービスの利用,total,male,a10_14,10-14歳,10.0,14.0,False,False,2023,469.0,2689.0,12.61141
,健康状態に影響を及ぼす要因及び保健サービスの利用,False,２１　健康状態に影響を及ぼす要因及び保健サービスの利用,total,male,a15_19,15-19歳,15.0,19.0,False,False,2023,261.0,2818.0,7.35498
,健康状態に影響を及ぼす要因及び保健サービスの利用,False,２１　健康状態に影響を及ぼす要因及び保健サービスの利用,total,male,a20_24,20-24歳,20.0,24.0,False,False,2023,220.0,3212.0,7.0664
,健康状態に影響を及ぼす要因及び保健サービスの利用,False,２１　健康状態に影響を及ぼす要因及び保健サービスの利用,total,male,a25_29,25-29歳,25.0,29.0,False,False,2023,239.0,3333.0,7.96587
,健康状態に影響を及ぼす要因及び保健サービスの利用,False,２１　健康状態に影響を及ぼす要因及び保健サービスの利用,total,male,a30_34,30-34歳,30.0,34.0,False,False,2023,241.0,3273.0,7.88793
,健康状態に影響を及ぼす要因及び保健サービスの利用,False,２１　健康状態に影響を及ぼす要因及び保健サービスの利用,total,male,a35_39,35-39歳,35.0,39.0,False,False,2023,295.0,3593.0,10.59935
,健康状態に影響を及ぼす要因及び保健サービスの利用,False,２１　健康状態に影響を及ぼす要因及び保健サービスの利用,total,male,a40_44,40-44歳,40.0,44.0,False,False,2023,293.0,3938.0,11.53834
,健康状態に影響を及ぼす要因及び保健サービスの利用,False,２１　健康状態に影響を及ぼす要因及び保健サービスの利用,total,male,a45_49,45-49歳,45.0,49.0,False,False,2023,362.0,4620.0,16.7244
,健康状態に影響を及ぼす要因及び保健サービスの利用,False,２１　健康状態に影響を及ぼす要因及び保健サービスの利用,total,male,a50_54,50-54歳,50.0,54.0,False,False,2023,331.0,4868.0,16.11308
,健康状態に影響を及ぼす要因及び保健サービスの利用,False,２１　健康状態に影響を及ぼす要因及び保健サービスの利用,total,male,a55_59,55-59歳,55.0,59.0,False,False,2023,470.0,4143.0,19.4721
,健康状態に影響を及ぼす要因及び保健サービスの利用,False,２１　健康状態に影響を及ぼす要因及び保健サービスの利用,total,male,a60_64,60-64歳,60.0,64.0,False,False,2023,666.0,3719.0,24.76854
,健康状態に影響を及ぼす要因及び保健サービスの利用,False,２１　健康状態に影響を及ぼす要因及び保健サービスの利用,total,male,a65_69,65-69歳,65.0,69.0,False,False,2023,1123.0,3569.0,40.07987
,健康状態に影響を及ぼす要因及び保健サービスの利用,False,２１　健康状態に影響を及ぼす要因及び保健サービスの利用,total,male,r65p,65歳以上(再掲),65.0,,True,False,2023,1352.0,,
,健康状態に影響を及ぼす要因及び保健サービスの利用,False,２１　健康状態に影響を及ぼす要因及び保健サービスの利用,total,male,a70_74,70-74歳,70.0,74.0,False,False,2023,1263.0,4161.0,52.55343
,健康状態に影響を及ぼす要因及び保健サービスの利用,False,２１　健康状態に影響を及ぼす要因及び保健サービスの利用,total,male,r70p,70歳以上(再掲),70.0,,True,False,2023,1419.0,,
,健康状態に影響を及ぼす要因及び保健サービスの利用,False,２１　健康状態に影響を及ぼす要因及び保健サービスの利用,total,male,a75_79,75-79歳,75.0,79.0,False,False,2023,1504.0,3365.0,50.6096
,健康状態に影響を及ぼす要因及び保健サービスの利用,False,２１　健康状態に影響を及ぼす要因及び保健サービスの利用,total,male,r75p,75歳以上(再掲),75.0,,True,False,2023,1499.0,,
,健康状態に影響を及ぼす要因及び保健サービスの利用,False,２１　健康状態に影響を及ぼす要因及び保健サービスの利用,total,male,a80_84,80-84歳,80.0,84.0,False,False,2023,1553.0,2458.0,38.17274
,健康状態に影響を及ぼす要因及び保健サービスの利用,False,２１　健康状態に影響を及ぼす要因及び保健サービスの利用,total,male,a85_89,85-89歳,85.0,89.0,False,False,2023,1499.0,1448.0,21.70552
,健康状態に影響を及ぼす要因及び保健サービスの利用,False,２１　健康状態に影響を及ぼす要因及び保健サービスの利用,total,male,a90p,90歳以上,90.0,,False,False,2023,1295.0,,
,健康状態に影響を及ぼす要因及び保健サービスの利用,False,２１　健康状態に影響を及ぼす要因及び保健サービスの利用,total,male,total,総数,,,False,True,2023,656.0,60492.0,396.82752
,健康状態に影響を及ぼす要因及び保健サービスの利用,False,２１　健康状態に影響を及ぼす要因及び保健サービスの利用,total,total,a00,0歳,0.0,0.0,False,False,2023,2093.0,,
,健康状態に影響を及ぼす要因及び保健サービスの利用,False,２１　健康状態に影響を及ぼす要因及び保健サービスの利用,total,total,a01_04,1-4歳,1.0,4.0,False,False,2023,960.0,,
,健康状態に影響を及ぼす要因及び保健サービスの利用,False,２１　健康状態に影響を及ぼす要因及び保健サービスの利用,total,total,a05_09,5-9歳,5.0,9.0,False,False,2023,710.0,4838.0,34.3498
,健康状態に影響を及ぼす要因及び保健サービスの利用,False,２１　健康状態に影響を及ぼす要因及び保健サービスの利用,total,total,a10_14,10-14歳,10.0,14.0,False,False,2023,504.0,5248.0,26.44992
,健康状態に影響を及ぼす要因及び保健サービスの利用,False,２１　健康状態に影響を及ぼす要因及び保健サービスの利用,total,total,a15_19,15-19歳,15.0,19.0,False,False,2023,336.0,5494.0,18.45984
,健康状態に影響を及ぼす要因及び保健サービスの利用,False,２１　健康状態に影響を及ぼす要因及び保健サービスの利用,total,total,a20_24,20-24歳,20.0,24.0,False,False,2023,426.0,6236.0,26.56536
,健康状態に影響を及ぼす要因及び保健サービスの利用,False,２１　健康状態に影響を及ぼす要因及び保健サービスの利用,total,total,a25_29,25-29歳,25.0,29.0,False,False,2023,555.0,6479.0,35.95845
,健康状態に影響を及ぼす要因及び保健サービスの利用,False,２１　健康状態に影響を及ぼす要因及び保健サービスの利用,total,total,a30_34,30-34歳,30.0,34.0,False,False,2023,597.0,6380.0,38.0886
,健康状態に影響を及ぼす要因及び保健サービスの利用,False,２１　健康状態に影響を及ぼす要因及び保健サービスの利用,total,total,a35_39,35-39歳,35.0,39.0,False,False,2023,560.0,7047.0,39.4632
,健康状態に影響を及ぼす要因及び保健サービスの利用,False,２１　健康状態に影響を及ぼす要因及び保健サービスの利用,total,total,a40_44,40-44歳,40.0,44.0,False,False,2023,454.0,7765.0,35.2531
,健康状態に影響を及ぼす要因及び保健サービスの利用,False,２１　健康状態に影響を及ぼす要因及び保健サービスの利用,total,total,a45_49,45-49歳,45.0,49.0,False,False,2023,500.0,9115.0,45.575
,健康状態に影響を及ぼす要因及び保健サービスの利用,False,２１　健康状態に影響を及ぼす要因及び保健サービスの利用,total,total,a50_54,50-54歳,50.0,54.0,False,False,2023,484.0,9650.0,46.706
,健康状態に影響を及ぼす要因及び保健サービスの利用,False,２１　健康状態に影響を及ぼす要因及び保健サービスの利用,total,total,a55_59,55-59歳,55.0,59.0,False,False,2023,601.0,8279.0,49.75679
,健康状態に影響を及ぼす要因及び保健サービスの利用,False,２１　健康状態に影響を及ぼす要因及び保健サービスの利用,total,total,a60_64,60-64歳,60.0,64.0,False,False,2023,822.0,7507.0,61.70754
,健康状態に影響を及ぼす要因及び保健サービスの利用,False,２１　健康状態に影響を及ぼす要因及び保健サービスの利用,total,total,a65_69,65-69歳,65.0,69.0,False,False,2023,1171.0,7332.0,85.85772
,健康状態に影響を及ぼす要因及び保健サービスの利用,False,２１　健康状態に影響を及ぼす要因及び保健サービスの利用,total,total,r65p,65歳以上(再掲),65.0,,True,False,2023,1371.0,36227.0,496.67217
,健康状態に影響を及ぼす要因及び保健サービスの利用,False,２１　健康状態に影響を及ぼす要因及び保健サービスの利用,total,total,a70_74,70-74歳,70.0,74.0,False,False,2023,1367.0,8817.0,120.52839
,健康状態に影響を及ぼす要因及び保健サービスの利用,False,２１　健康状態に影響を及ぼす要因及び保健サービスの利用,total,total,r70p,70歳以上(再掲),70.0,,True,False,2023,1422.0,,
,健康状態に影響を及ぼす要因及び保健サービスの利用,False,２１　健康状態に影響を及ぼす要因及び保健サービスの利用,total,total,a75_79,75-79歳,75.0,79.0,False,False,2023,1493.0,7474.0,111.58682
,健康状態に影響を及ぼす要因及び保健サービスの利用,False,２１　健康状態に影響を及ぼす要因及び保健サービスの利用,total,total,r75p,75歳以上(再掲),75.0,,True,False,2023,1446.0,20078.0,290.32788
,健康状態に影響を及ぼす要因及び保健サービスの利用,False,２１　健康状態に影響を及ぼす要因及び保健サービスの利用,total,total,a80_84,80-84歳,80.0,84.0,False,False,2023,1556.0,5895.0,91.7262
,健康状態に影響を及ぼす要因及び保健サービスの利用,False,２１　健康状態に影響を及ぼす要因及び保健サービスの利用,total,total,a85_89,85-89歳,85.0,89.0,False,False,2023,1413.0,3979.0,56.22327
,健康状態に影響を及ぼす要因及び保健サービスの利用,False,２１　健康状態に影響を及ぼす要因及び保健サービスの利用,total,total,a90p,90歳以上,90.0,,False,False,2023,1128.0,,
,健康状態に影響を及ぼす要因及び保健サービスの利用,False,２１　健康状態に影響を及ぼす要因及び保健サービスの利用,total,total,total,総数,,,False,True,2023,808.0,124352.0,1004.76416
,"先天奇形,変形及び染色体異常",False,１７　先天奇形，変形及び染色体異常,total,female,a00,0歳,0.0,0.0,False,False,2023,409.0,,
,"先天奇形,変形及び染色体異常",False,１７　先天奇形，変形及び染色体異常,total,female,a01_04,1-4歳,1.0,4.0,False,False,2023,101.0,,
,"先天奇形,変形及び染色体異常",False,１７　先天奇形，変形及び染色体異常,total,female,a05_09,5-9歳,5.0,9.0,False,False,2023,48.0,,
,"先天奇形,変形及び染色体異常",False,１７　先天奇形，変形及び染色体異常,total,female,a10_14,10-14歳,10.0,14.0,False,False,2023,51.0,,
,"先天奇形,変形及び染色体異常",False,１７　先天奇形，変形及び染色体異常,total,female,a15_19,15-19歳,15.0,19.0,False,False,2023,19.0,,
,"先天奇形,変形及び染色体異常",False,１７　先天奇形，変形及び染色体異常,total,female,a20_24,20-24歳,20.0,24.0,False,False,2023,12.0,,
,"先天奇形,変形及び染色体異常",False,１７　先天奇形，変形及び染色体異常,total,female,a25_29,25-29歳,25.0,29.0,False,False,2023,15.0,,
,"先天奇形,変形及び染色体異常",False,１７　先天奇形，変形及び染色体異常,total,female,a30_34,30-34歳,30.0,34.0,False,False,2023,14.0,,
,"先天奇形,変形及び染色体異常",False,１７　先天奇形，変形及び染色体異常,total,female,a35_39,35-39歳,35.0,39.0,False,False,2023,15.0,,
,"先天奇形,変形及び染色体異常",False,１７　先天奇形，変形及び染色体異常,total,female,a40_44,40-44歳,40.0,44.0,False,False,2023,9.0,,
,"先天奇形,変形及び染色体異常",False,１７　先天奇形，変形及び染色体異常,total,female,a45_49,45-49歳,45.0,49.0,False,False,2023,18.0,,
,"先天奇形,変形及び染色体異常",False,１７　先天奇形，変形及び染色体異常,total,female,a50_54,50-54歳,50.0,54.0,False,False,2023,10.0,,
,"先天奇形,変形及び染色体異常",False,１７　先天奇形，変形及び染色体異常,total,female,a55_59,55-59歳,55.0,59.0,False,False,2023,10.0,,
,"先天奇形,変形及び染色体異常",False,１７　先天奇形，変形及び染色体異常,total,female,a60_64,60-64歳,60.0,64.0,False,False,2023,9.0,,
,"先天奇形,変形及び染色体異常",False,１７　先天奇形，変形及び染色体異常,total,female,a65_69,65-69歳,65.0,69.0,False,False,2023,10.0,,
,"先天奇形,変形及び染色体異常",False,１７　先天奇形，変形及び染色体異常,total,female,r65p,65歳以上(再掲),65.0,,True,False,2023,6.0,,
,"先天奇形,変形及び染色体異常",False,１７　先天奇形，変形及び染色体異常,total,female,a70_74,70-74歳,70.0,74.0,False,False,2023,6.0,,
,"先天奇形,変形及び染色体異常",False,１７　先天奇形，変形及び染色体異常,total,female,r70p,70歳以上(再掲),70.0,,True,False,2023,5.0,,
,"先天奇形,変形及び染色体異常",False,１７　先天奇形，変形及び染色体異常,total,female,a75_79,75-79歳,75.0,79.0,False,False,2023,6.0,,
,"先天奇形,変形及び染色体異常",False,１７　先天奇形，変形及び染色体異常,total,female,r75p,75歳以上(再掲),75.0,,True,False,2023,4.0,,
,"先天奇形,変形及び染色体異常",False,１７　先天奇形，変形及び染色体異常,total,female,a80_84,80-84歳,80.0,84.0,False,False,2023,3.0,,
,"先天奇形,変形及び染色体異常",False,１７　先天奇形，変形及び染色体異常,total,female,a85_89,85-89歳,85.0,89.0,False,False,2023,2.0,,
,"先天奇形,変形及び染色体異常",False,１７　先天奇形，変形及び染色体異常,total,female,a90p,90歳以上,90.0,,False,False,2023,5.0,,
,"先天奇形,変形及び染色体異常",False,１７　先天奇形，変形及び染色体異常,total,female,total,総数,,,False,True,2023,18.0,,
,"先天奇形,変形及び染色体異常",False,１７　先天奇形，変形及び染色体異常,total,male,a00,0歳,0.0,0.0,False,False,2023,393.0,,
,"先天奇形,変形及び染色体異常",False,１７　先天奇形，変形及び染色体異常,total,male,a01_04,1-4歳,1.0,4.0,False,False,2023,113.0,,
,"先天奇形,変形及び染色体異常",False,１７　先天奇形，変形及び染色体異常,total,male,a05_09,5-9歳,5.0,9.0,False,False,2023,65.0,2478.0,1.6107
,"先天奇形,変形及び染色体異常",False,１７　先天奇形，変形及び染色体異常,total,male,a10_14,10-14歳,10.0,14.0,False,False,2023,53.0,2689.0,1.42517
,"先天奇形,変形及び染色体異常",False,１７　先天奇形，変形及び染色体異常,total,male,a15_19,15-19歳,15.0,19.0,False,False,2023,17.0,2818.0,0.47906
,"先天奇形,変形及び染色体異常",False,１７　先天奇形，変形及び染色体異常,total,male,a20_24,20-24歳,20.0,24.0,False,False,2023,10.0,3212.0,0.3212
,"先天奇形,変形及び染色体異常",False,１７　先天奇形，変形及び染色体異常,total,male,a25_29,25-29歳,25.0,29.0,False,False,2023,7.0,3333.0,0.23331
,"先天奇形,変形及び染色体異常",False,１７　先天奇形，変形及び染色体異常,total,male,a30_34,30-34歳,30.0,34.0,False,False,2023,7.0,3273.0,0.22911
,"先天奇形,変形及び染色体異常",False,１７　先天奇形，変形及び染色体異常,total,male,a35_39,35-39歳,35.0,39.0,False,False,2023,7.0,3593.0,0.25151
,"先天奇形,変形及び染色体異常",False,１７　先天奇形，変形及び染色体異常,total,male,a40_44,40-44歳,40.0,44.0,False,False,2023,6.0,3938.0,0.23628
,"先天奇形,変形及び染色体異常",False,１７　先天奇形，変形及び染色体異常,total,male,a45_49,45-49歳,45.0,49.0,False,False,2023,5.0,4620.0,0.231
,"先天奇形,変形及び染色体異常",False,１７　先天奇形，変形及び染色体異常,total,male,a50_54,50-54歳,50.0,54.0,False,False,2023,11.0,4868.0,0.53548
,"先天奇形,変形及び染色体異常",False,１７　先天奇形，変形及び染色体異常,total,male,a55_59,55-59歳,55.0,59.0,False,False,2023,6.0,4143.0,0.24858
,"先天奇形,変形及び染色体異常",False,１７　先天奇形，変形及び染色体異常,total,male,a60_64,60-64歳,60.0,64.0,False,False,2023,7.0,3719.0,0.26033
,"先天奇形,変形及び染色体異常",False,１７　先天奇形，変形及び染色体異常,total,male,a65_69,65-69歳,65.0,69.0,False,False,2023,9.0,3569.0,0.32121
,"先天奇形,変形及び染色体異常",False,１７　先天奇形，変形及び染色体異常,total,male,r65p,65歳以上(再掲),65.0,,True,False,2023,7.0,,
,"先天奇形,変形及び染色体異常",False,１７　先天奇形，変形及び染色体異常,total,male,a70_74,70-74歳,70.0,74.0,False,False,2023,8.0,4161.0,0.33288
,"先天奇形,変形及び染色体異常",False,１７　先天奇形，変形及び染色体異常,total,male,r70p,70歳以上(再掲),70.0,,True,False,2023,6.0,,
,"先天奇形,変形及び染色体異常",False,１７　先天奇形，変形及び染色体異常,total,male,a75_79,75-79歳,75.0,79.0,False,False,2023,6.0,3365.0,0.2019
,"先天奇形,変形及び染色体異常",False,１７　先天奇形，変形及び染色体異常,total,male,r75p,75歳以上(再掲),75.0,,True,False,2023,5.0,,
,"先天奇形,変形及び染色体異常",False,１７　先天奇形，変形及び染色体異常,total,male,a80_84,80-84歳,80.0,84.0,False,False,2023,4.0,2458.0,0.09832
,"先天奇形,変形及び染色体異常",False,１７　先天奇形，変形及び染色体異常,total,male,a85_89,85-89歳,85.0,89.0,False,False,2023,6.0,1448.0,0.08688
,"先天奇形,変形及び染色体異常",False,１７　先天奇形，変形及び染色体異常,total,male,a90p,90歳以上,90.0,,False,False,2023,2.0,,
,"先天奇形,変形及び染色体異常",False,１７　先天奇形，変形及び染色体異常,total,male,total,総数,,,False,True,2023,17.0,60492.0,10.28364
,"先天奇形,変形及び染色体異常",False,１７　先天奇形，変形及び染色体異常,total,total,a00,0歳,0.0,0.0,False,False,2023,401.0,,
,"先天奇形,変形及び染色体異常",False,１７　先天奇形，変形及び染色体異常,total,total,a01_04,1-4歳,1.0,4.0,False,False,2023,107.0,,
,"先天奇形,変形及び染色体異常",False,１７　先天奇形，変形及び染色体異常,total,total,a05_09,5-9歳,5.0,9.0,False,False,2023,56.0,4838.0,2.70928
,"先天奇形,変形及び染色体異常",False,１７　先天奇形，変形及び染色体異常,total,total,a10_14,10-14歳,10.0,14.0,False,False,2023,52.0,5248.0,2.72896
,"先天奇形,変形及び染色体異常",False,１７　先天奇形，変形及び染色体異常,total,total,a15_19,15-19歳,15.0,19.0,False,False,2023,18.0,5494.0,0.98892
,"先天奇形,変形及び染色体異常",False,１７　先天奇形，変形及び染色体異常,total,total,a20_24,20-24歳,20.0,24.0,False,False,2023,11.0,6236.0,0.68596
,"先天奇形,変形及び染色体異常",False,１７　先天奇形，変形及び染色体異常,total,total,a25_29,25-29歳,25.0,29.0,False,False,2023,11.0,6479.0,0.71269
,"先天奇形,変形及び染色体異常",False,１７　先天奇形，変形及び染色体異常,total,total,a30_34,30-34歳,30.0,34.0,False,False,2023,11.0,6380.0,0.7018
,"先天奇形,変形及び染色体異常",False,１７　先天奇形，変形及び染色体異常,total,total,a35_39,35-39歳,35.0,39.0,False,False,2023,11.0,7047.0,0.77517
,"先天奇形,変形及び染色体異常",False,１７　先天奇形，変形及び染色体異常,total,total,a40_44,40-44歳,40.0,44.0,False,False,2023,7.0,7765.0,0.54355
,"先天奇形,変形及び染色体異常",False,１７　先天奇形，変形及び染色体異常,total,total,a45_49,45-49歳,45.0,49.0,False,False,2023,11.0,9115.0,1.00265
,"先天奇形,変形及び染色体異常",False,１７　先天奇形，変形及び染色体異常,total,total,a50_54,50-54歳,50.0,54.0,False,False,2023,11.0,9650.0,1.0615
,"先天奇形,変形及び染色体異常",False,１７　先天奇形，変形及び染色体異常,total,total,a55_59,55-59歳,55.0,59.0,False,False,2023,8.0,8279.0,0.66232
,"先天奇形,変形及び染色体異常",False,１７　先天奇形，変形及び染色体異常,total,total,a60_64,60-64歳,60.0,64.0,False,False,2023,8.0,7507.0,0.60056
,"先天奇形,変形及び染色体異常",False,１７　先天奇形，変形及び染色体異常,total,total,a65_69,65-69歳,65.0,69.0,False,False,2023,10.0,7332.0,0.7332
,"先天奇形,変形及び染色体異常",False,１７　先天奇形，変形及び染色体異常,total,total,r65p,65歳以上(再掲),65.0,,True,False,2023,6.0,36227.0,2.17362
,"先天奇形,変形及び染色体異常",False,１７　先天奇形，変形及び染色体異常,total,total,a70_74,70-74歳,70.0,74.0,False,False,2023,7.0,8817.0,0.61719
,"先天奇形,変形及び染色体異常",False,１７　先天奇形，変形及び染色体異常,total,total,r70p,70歳以上(再掲),70.0,,True,False,2023,5.0,,
,"先天奇形,変形及び染色体異常",False,１７　先天奇形，変形及び染色体異常,total,total,a75_79,75-79歳,75.0,79.0,False,False,2023,6.0,7474.0,0.44844
,"先天奇形,変形及び染色体異常",False,１７　先天奇形，変形及び染色体異常,total,total,r75p,75歳以上(再掲),75.0,,True,False,2023,5.0,20078.0,1.0039
,"先天奇形,変形及び染色体異常",False,１７　先天奇形，変形及び染色体異常,total,total,a80_84,80-84歳,80.0,84.0,False,False,2023,4.0,5895.0,0.2358
,"先天奇形,変形及び染色体異常",False,１７　先天奇形，変形及び染色体異常,total,total,a85_89,85-89歳,85.0,89.0,False,False,2023,4.0,3979.0,0.15916
,"先天奇形,変形及び染色体異常",False,１７　先天奇形，変形及び染色体異常,total,total,a90p,90歳以上,90.0,,False,False,2023,4.0,,
,"先天奇形,変形及び染色体異常",False,１７　先天奇形，変形及び染色体異常,total,total,total,総数,,,False,True,2023,18.0,124352.0,22.38336
,"内分泌,栄養及び代謝疾患",False,４　内分泌，栄養及び代謝疾患,total,female,a00,0歳,0.0,0.0,False,False,2023,37.0,,
,"内分泌,栄養及び代謝疾患",False,４　内分泌，栄養及び代謝疾患,total,female,a01_04,1-4歳,1.0,4.0,False,False,2023,19.0,,
,"内分泌,栄養及び代謝疾患",False,４　内分泌，栄養及び代謝疾患,total,female,a05_09,5-9歳,5.0,9.0,False,False,2023,36.0,,
,"内分泌,栄養及び代謝疾患",False,４　内分泌，栄養及び代謝疾患,total,female,a10_14,10-14歳,10.0,14.0,False,False,2023,35.0,,
,"内分泌,栄養及び代謝疾患",False,４　内分泌，栄養及び代謝疾患,total,female,a15_19,15-19歳,15.0,19.0,False,False,2023,35.0,,
,"内分泌,栄養及び代謝疾患",False,４　内分泌，栄養及び代謝疾患,total,female,a20_24,20-24歳,20.0,24.0,False,False,2023,59.0,,
,"内分泌,栄養及び代謝疾患",False,４　内分泌，栄養及び代謝疾患,total,female,a25_29,25-29歳,25.0,29.0,False,False,2023,78.0,,
,"内分泌,栄養及び代謝疾患",False,４　内分泌，栄養及び代謝疾患,total,female,a30_34,30-34歳,30.0,34.0,False,False,2023,99.0,,
,"内分泌,栄養及び代謝疾患",False,４　内分泌，栄養及び代謝疾患,total,female,a35_39,35-39歳,35.0,39.0,False,False,2023,118.0,,
,"内分泌,栄養及び代謝疾患",False,４　内分泌，栄養及び代謝疾患,total,female,a40_44,40-44歳,40.0,44.0,False,False,2023,138.0,,
,"内分泌,栄養及び代謝疾患",False,４　内分泌，栄養及び代謝疾患,total,female,a45_49,45-49歳,45.0,49.0,False,False,2023,202.0,,
,"内分泌,栄養及び代謝疾患",False,４　内分泌，栄養及び代謝疾患,total,female,a50_54,50-54歳,50.0,54.0,False,False,2023,280.0,,
,"内分泌,栄養及び代謝疾患",False,４　内分泌，栄養及び代謝疾患,total,female,a55_59,55-59歳,55.0,59.0,False,False,2023,402.0,,
,"内分泌,栄養及び代謝疾患",False,４　内分泌，栄養及び代謝疾患,total,female,a60_64,60-64歳,60.0,64.0,False,False,2023,546.0,,
,"内分泌,栄養及び代謝疾患",False,４　内分泌，栄養及び代謝疾患,total,female,a65_69,65-69歳,65.0,69.0,False,False,2023,781.0,,
,"内分泌,栄養及び代謝疾患",False,４　内分泌，栄養及び代謝疾患,total,female,r65p,65歳以上(再掲),65.0,,True,False,2023,857.0,,
,"内分泌,栄養及び代謝疾患",False,４　内分泌，栄養及び代謝疾患,total,female,a70_74,70-74歳,70.0,74.0,False,False,2023,870.0,,
,"内分泌,栄養及び代謝疾患",False,４　内分泌，栄養及び代謝疾患,total,female,r70p,70歳以上(再掲),70.0,,True,False,2023,874.0,,
,"内分泌,栄養及び代謝疾患",False,４　内分泌，栄養及び代謝疾患,total,female,a75_79,75-79歳,75.0,79.0,False,False,2023,963.0,,
,"内分泌,栄養及び代謝疾患",False,４　内分泌，栄養及び代謝疾患,total,female,r75p,75歳以上(再掲),75.0,,True,False,2023,875.0,,
,"内分泌,栄養及び代謝疾患",False,４　内分泌，栄養及び代謝疾患,total,female,a80_84,80-84歳,80.0,84.0,False,False,2023,915.0,,
,"内分泌,栄養及び代謝疾患",False,４　内分泌，栄養及び代謝疾患,total,female,a85_89,85-89歳,85.0,89.0,False,False,2023,830.0,,
,"内分泌,栄養及び代謝疾患",False,４　内分泌，栄養及び代謝疾患,total,female,a90p,90歳以上,90.0,,False,False,2023,685.0,,
,"内分泌,栄養及び代謝疾患",False,４　内分泌，栄養及び代謝疾患,total,female,total,総数,,,False,True,2023,400.0,,
,"内分泌,栄養及び代謝疾患",False,４　内分泌，栄養及び代謝疾患,total,male,a00,0歳,0.0,0.0,False,False,2023,25.0,,
,"内分泌,栄養及び代謝疾患",False,４　内分泌，栄養及び代謝疾患,total,male,a01_04,1-4歳,1.0,4.0,False,False,2023,19.0,,
,"内分泌,栄養及び代謝疾患",False,４　内分泌，栄養及び代謝疾患,total,male,a05_09,5-9歳,5.0,9.0,False,False,2023,27.0,2478.0,0.66906
,"内分泌,栄養及び代謝疾患",False,４　内分泌，栄養及び代謝疾患,total,male,a10_14,10-14歳,10.0,14.0,False,False,2023,29.0,2689.0,0.77981
,"内分泌,栄養及び代謝疾患",False,４　内分泌，栄養及び代謝疾患,total,male,a15_19,15-19歳,15.0,19.0,False,False,2023,20.0,2818.0,0.5636
,"内分泌,栄養及び代謝疾患",False,４　内分泌，栄養及び代謝疾患,total,male,a20_24,20-24歳,20.0,24.0,False,False,2023,21.0,3212.0,0.67452
,"内分泌,栄養及び代謝疾患",False,４　内分泌，栄養及び代謝疾患,total,male,a25_29,25-29歳,25.0,29.0,False,False,2023,30.0,3333.0,0.9999
,"内分泌,栄養及び代謝疾患",False,４　内分泌，栄養及び代謝疾患,total,male,a30_34,30-34歳,30.0,34.0,False,False,2023,75.0,3273.0,2.45475
,"内分泌,栄養及び代謝疾患",False,４　内分泌，栄養及び代謝疾患,total,male,a35_39,35-39歳,35.0,39.0,False,False,2023,95.0,3593.0,3.41335
,"内分泌,栄養及び代謝疾患",False,４　内分泌，栄養及び代謝疾患,total,male,a40_44,40-44歳,40.0,44.0,False,False,2023,151.0,3938.0,5.94638
,"内分泌,栄養及び代謝疾患",False,４　内分泌，栄養及び代謝疾患,total,male,a45_49,45-49歳,45.0,49.0,False,False,2023,254.0,4620.0,11.7348
,"内分泌,栄養及び代謝疾患",False,４　内分泌，栄養及び代謝疾患,total,male,a50_54,50-54歳,50.0,54.0,False,False,2023,314.0,4868.0,15.28552
,"内分泌,栄養及び代謝疾患",False,４　内分泌，栄養及び代謝疾患,total,male,a55_59,55-59歳,55.0,59.0,False,False,2023,427.0,4143.0,17.69061
,"内分泌,栄養及び代謝疾患",False,４　内分泌，栄養及び代謝疾患,total,male,a60_64,60-64歳,60.0,64.0,False,False,2023,517.0,3719.0,19.22723
,"内分泌,栄養及び代謝疾患",False,４　内分泌，栄養及び代謝疾患,total,male,a65_69,65-69歳,65.0,69.0,False,False,2023,688.0,3569.0,24.55472
,"内分泌,栄養及び代謝疾患",False,４　内分泌，栄養及び代謝疾患,total,male,r65p,65歳以上(再掲),65.0,,True,False,2023,801.0,,
,"内分泌,栄養及び代謝疾患",False,４　内分泌，栄養及び代謝疾患,total,male,a70_74,70-74歳,70.0,74.0,False,False,2023,784.0,4161.0,32.62224
,"内分泌,栄養及び代謝疾患",False,４　内分泌，栄養及び代謝疾患,total,male,r70p,70歳以上(再掲),70.0,,True,False,2023,834.0,,
,"内分泌,栄養及び代謝疾患",False,４　内分泌，栄養及び代謝疾患,total,male,a75_79,75-79歳,75.0,79.0,False,False,2023,862.0,3365.0,29.0063
,"内分泌,栄養及び代謝疾患",False,４　内分泌，栄養及び代謝疾患,total,male,r75p,75歳以上(再掲),75.0,,True,False,2023,859.0,,
,"内分泌,栄養及び代謝疾患",False,４　内分泌，栄養及び代謝疾患,total,male,a80_84,80-84歳,80.0,84.0,False,False,2023,869.0,2458.0,21.36002
,"内分泌,栄養及び代謝疾患",False,４　内分泌，栄養及び代謝疾患,total,male,a85_89,85-89歳,85.0,89.0,False,False,2023,835.0,1448.0,12.0908
,"内分泌,栄養及び代謝疾患",False,４　内分泌，栄養及び代謝疾患,total,male,a90p,90歳以上,90.0,,False,False,2023,863.0,,
,"内分泌,栄養及び代謝疾患",False,４　内分泌，栄養及び代謝疾患,total,male,total,総数,,,False,True,2023,340.0,60492.0,205.6728
,"内分泌,栄養及び代謝疾患",False,４　内分泌，栄養及び代謝疾患,total,total,a00,0歳,0.0,0.0,False,False,2023,31.0,,
,"内分泌,栄養及び代謝疾患",False,４　内分泌，栄養及び代謝疾患,total,total,a01_04,1-4歳,1.0,4.0,False,False,2023,19.0,,
,"内分泌,栄養及び代謝疾患",False,４　内分泌，栄養及び代謝疾患,total,total,a05_09,5-9歳,5.0,9.0,False,False,2023,31.0,4838.0,1.49978
,"内分泌,栄養及び代謝疾患",False,４　内分泌，栄養及び代謝疾患,total,total,a10_14,10-14歳,10.0,14.0,False,False,2023,32.0,5248.0,1.67936
,"内分泌,栄養及び代謝疾患",False,４　内分泌，栄養及び代謝疾患,total,total,a15_19,15-19歳,15.0,19.0,False,False,2023,27.0,5494.0,1.48338
,"内分泌,栄養及び代謝疾患",False,４　内分泌，栄養及び代謝疾患,total,total,a20_24,20-24歳,20.0,24.0,False,False,2023,39.0,6236.0,2.43204
,"内分泌,栄養及び代謝疾患",False,４　内分泌，栄養及び代謝疾患,total,total,a25_29,25-29歳,25.0,29.0,False,False,2023,54.0,6479.0,3.49866
,"内分泌,栄養及び代謝疾患",False,４　内分泌，栄養及び代謝疾患,total,total,a30_34,30-34歳,30.0,34.0,False,False,2023,87.0,6380.0,5.5506
,"内分泌,栄養及び代謝疾患",False,４　内分泌，栄養及び代謝疾患,total,total,a35_39,35-39歳,35.0,39.0,False,False,2023,106.0,7047.0,7.46982
,"内分泌,栄養及び代謝疾患",False,４　内分泌，栄養及び代謝疾患,total,total,a40_44,40-44歳,40.0,44.0,False,False,2023,145.0,7765.0,11.25925
,"内分泌,栄養及び代謝疾患",False,４　内分泌，栄養及び代謝疾患,total,total,a45_49,45-49歳,45.0,49.0,False,False,2023,228.0,9115.0,20.7822
,"内分泌,栄養及び代謝疾患",False,４　内分泌，栄養及び代謝疾患,total,total,a50_54,50-54歳,50.0,54.0,False,False,2023,297.0,9650.0,28.6605
,"内分泌,栄養及び代謝疾患",False,４　内分泌，栄養及び代謝疾患,total,total,a55_59,55-59歳,55.0,59.0,False,False,2023,415.0,8279.0,34.35785
,"内分泌,栄養及び代謝疾患",False,４　内分泌，栄養及び代謝疾患,total,total,a60_64,60-64歳,60.0,64.0,False,False,2023,532.0,7507.0,39.93724
,"内分泌,栄養及び代謝疾患",False,４　内分泌，栄養及び代謝疾患,total,total,a65_69,65-69歳,65.0,69.0,False,False,2023,736.0,7332.0,53.96352
,"内分泌,栄養及び代謝疾患",False,４　内分泌，栄養及び代謝疾患,total,total,r65p,65歳以上(再掲),65.0,,True,False,2023,832.0,36227.0,301.40864
,"内分泌,栄養及び代謝疾患",False,４　内分泌，栄養及び代謝疾患,total,total,a70_74,70-74歳,70.0,74.0,False,False,2023,830.0,8817.0,73.1811
,"内分泌,栄養及び代謝疾患",False,４　内分泌，栄養及び代謝疾患,total,total,r70p,70歳以上(再掲),70.0,,True,False,2023,857.0,,
,"内分泌,栄養及び代謝疾患",False,４　内分泌，栄養及び代謝疾患,total,total,a75_79,75-79歳,75.0,79.0,False,False,2023,917.0,7474.0,68.53658
,"内分泌,栄養及び代謝疾患",False,４　内分泌，栄養及び代謝疾患,total,total,r75p,75歳以上(再掲),75.0,,True,False,2023,869.0,20078.0,174.47782
,"内分泌,栄養及び代謝疾患",False,４　内分泌，栄養及び代謝疾患,total,total,a80_84,80-84歳,80.0,84.0,False,False,2023,896.0,5895.0,52.8192
,"内分泌,栄養及び代謝疾患",False,４　内分泌，栄養及び代謝疾患,total,total,a85_89,85-89歳,85.0,89.0,False,False,2023,832.0,3979.0,33.10528
,"内分泌,栄養及び代謝疾患",False,４　内分泌，栄養及び代謝疾患,total,total,a90p,90歳以上,90.0,,False,False,2023,732.0,,
,"内分泌,栄養及び代謝疾患",False,４　内分泌，栄養及び代謝疾患,total,total,total,総数,,,False,True,2023,371.0,124352.0,461.34592
,前立腺肥大(症),True,１４　腎尿路生殖器系の疾患(前立腺肥大（症）（再掲）),total,female,a00,0歳,0.0,0.0,False,False,2023,,,
,前立腺肥大(症),True,１４　腎尿路生殖器系の疾患(前立腺肥大（症）（再掲）),total,female,a01_04,1-4歳,1.0,4.0,False,False,2023,,,
,前立腺肥大(症),True,１４　腎尿路生殖器系の疾患(前立腺肥大（症）（再掲）),total,female,a05_09,5-9歳,5.0,9.0,False,False,2023,,,
,前立腺肥大(症),True,１４　腎尿路生殖器系の疾患(前立腺肥大（症）（再掲）),total,female,a10_14,10-14歳,10.0,14.0,False,False,2023,,,
,前立腺肥大(症),True,１４　腎尿路生殖器系の疾患(前立腺肥大（症）（再掲）),total,female,a15_19,15-19歳,15.0,19.0,False,False,2023,,,
,前立腺肥大(症),True,１４　腎尿路生殖器系の疾患(前立腺肥大（症）（再掲）),total,female,a20_24,20-24歳,20.0,24.0,False,False,2023,,,
,前立腺肥大(症),True,１４　腎尿路生殖器系の疾患(前立腺肥大（症）（再掲）),total,female,a25_29,25-29歳,25.0,29.0,False,False,2023,,,
,前立腺肥大(症),True,１４　腎尿路生殖器系の疾患(前立腺肥大（症）（再掲）),total,female,a30_34,30-34歳,30.0,34.0,False,False,2023,,,
,前立腺肥大(症),True,１４　腎尿路生殖器系の疾患(前立腺肥大（症）（再掲）),total,female,a35_39,35-39歳,35.0,39.0,False,False,2023,,,
,前立腺肥大(症),True,１４　腎尿路生殖器系の疾患(前立腺肥大（症）（再掲）),total,female,a40_44,40-44歳,40.0,44.0,False,False,2023,,,
,前立腺肥大(症),True,１４　腎尿路生殖器系の疾患(前立腺肥大（症）（再掲）),total,female,a45_49,45-49歳,45.0,49.0,False,False,2023,,,
,前立腺肥大(症),True,１４　腎尿路生殖器系の疾患(前立腺肥大（症）（再掲）),total,female,a50_54,50-54歳,50.0,54.0,False,False,2023,,,
,前立腺肥大(症),True,１４　腎尿路生殖器系の疾患(前立腺肥大（症）（再掲）),total,female,a55_59,55-59歳,55.0,59.0,False,False,2023,,,
,前立腺肥大(症),True,１４　腎尿路生殖器系の疾患(前立腺肥大（症）（再掲）),total,female,a60_64,60-64歳,60.0,64.0,False,False,2023,,,
,前立腺肥大(症),True,１４　腎尿路生殖器系の疾患(前立腺肥大（症）（再掲）),total,female,a65_69,65-69歳,65.0,69.0,False,False,2023,,,
,前立腺肥大(症),True,１４　腎尿路生殖器系の疾患(前立腺肥大（症）（再掲）),total,female,r65p,65歳以上(再掲),65.0,,True,False,2023,,,
,前立腺肥大(症),True,１４　腎尿路生殖器系の疾患(前立腺肥大（症）（再掲）),total,female,a70_74,70-74歳,70.0,74.0,False,False,2023,,,
,前立腺肥大(症),True,１４　腎尿路生殖器系の疾患(前立腺肥大（症）（再掲）),total,female,r70p,70歳以上(再掲),70.0,,True,False,2023,,,
,前立腺肥大(症),True,１４　腎尿路生殖器系の疾患(前立腺肥大（症）（再掲）),total,female,a75_79,75-79歳,75.0,79.0,False,False,2023,,,
,前立腺肥大(症),True,１４　腎尿路生殖器系の疾患(前立腺肥大（症）（再掲）),total,female,r75p,75歳以上(再掲),75.0,,True,False,2023,,,
,前立腺肥大(症),True,１４　腎尿路生殖器系の疾患(前立腺肥大（症）（再掲）),total,female,a80_84,80-84歳,80.0,84.0,False,False,2023,,,
,前立腺肥大(症),True,１４　腎尿路生殖器系の疾患(前立腺肥大（症）（再掲）),total,female,a85_89,85-89歳,85.0,89.0,False,False,2023,,,
,前立腺肥大(症),True,１４　腎尿路生殖器系の疾患(前立腺肥大（症）（再掲）),total,female,a90p,90歳以上,90.0,,False,False,2023,,,
,前立腺肥大(症),True,１４　腎尿路生殖器系の疾患(前立腺肥大（症）（再掲）),total,female,total,総数,,,False,True,2023,,,
,前立腺肥大(症),True,１４　腎尿路生殖器系の疾患(前立腺肥大（症）（再掲）),total,male,a00,0歳,0.0,0.0,False,False,2023,,,
,前立腺肥大(症),True,１４　腎尿路生殖器系の疾患(前立腺肥大（症）（再掲）),total,male,a01_04,1-4歳,1.0,4.0,False,False,2023,,,
,前立腺肥大(症),True,１４　腎尿路生殖器系の疾患(前立腺肥大（症）（再掲）),total,male,a05_09,5-9歳,5.0,9.0,False,False,2023,,2478.0,
,前立腺肥大(症),True,１４　腎尿路生殖器系の疾患(前立腺肥大（症）（再掲）),total,male,a10_14,10-14歳,10.0,14.0,False,False,2023,,2689.0,
,前立腺肥大(症),True,１４　腎尿路生殖器系の疾患(前立腺肥大（症）（再掲）),total,male,a15_19,15-19歳,15.0,19.0,False,False,2023,0.0,2818.0,0.0
,前立腺肥大(症),True,１４　腎尿路生殖器系の疾患(前立腺肥大（症）（再掲）),total,male,a20_24,20-24歳,20.0,24.0,False,False,2023,,3212.0,
,前立腺肥大(症),True,１４　腎尿路生殖器系の疾患(前立腺肥大（症）（再掲）),total,male,a25_29,25-29歳,25.0,29.0,False,False,2023,0.0,3333.0,0.0
,前立腺肥大(症),True,１４　腎尿路生殖器系の疾患(前立腺肥大（症）（再掲）),total,male,a30_34,30-34歳,30.0,34.0,False,False,2023,,3273.0,
,前立腺肥大(症),True,１４　腎尿路生殖器系の疾患(前立腺肥大（症）（再掲）),total,male,a35_39,35-39歳,35.0,39.0,False,False,2023,1.0,3593.0,0.03593
,前立腺肥大(症),True,１４　腎尿路生殖器系の疾患(前立腺肥大（症）（再掲）),total,male,a40_44,40-44歳,40.0,44.0,False,False,2023,4.0,3938.0,0.15752
,前立腺肥大(症),True,１４　腎尿路生殖器系の疾患(前立腺肥大（症）（再掲）),total,male,a45_49,45-49歳,45.0,49.0,False,False,2023,4.0,4620.0,0.1848
,前立腺肥大(症),True,１４　腎尿路生殖器系の疾患(前立腺肥大（症）（再掲）),total,male,a50_54,50-54歳,50.0,54.0,False,False,2023,14.0,4868.0,0.68152
,前立腺肥大(症),True,１４　腎尿路生殖器系の疾患(前立腺肥大（症）（再掲）),total,male,a55_59,55-59歳,55.0,59.0,False,False,2023,28.0,4143.0,1.16004
,前立腺肥大(症),True,１４　腎尿路生殖器系の疾患(前立腺肥大（症）（再掲）),total,male,a60_64,60-64歳,60.0,64.0,False,False,2023,73.0,3719.0,2.71487
,前立腺肥大(症),True,１４　腎尿路生殖器系の疾患(前立腺肥大（症）（再掲）),total,male,a65_69,65-69歳,65.0,69.0,False,False,2023,134.0,3569.0,4.78246
,前立腺肥大(症),True,１４　腎尿路生殖器系の疾患(前立腺肥大（症）（再掲）),total,male,r65p,65歳以上(再掲),65.0,,True,False,2023,223.0,,
,前立腺肥大(症),True,１４　腎尿路生殖器系の疾患(前立腺肥大（症）（再掲）),total,male,a70_74,70-74歳,70.0,74.0,False,False,2023,188.0,4161.0,7.82268
,前立腺肥大(症),True,１４　腎尿路生殖器系の疾患(前立腺肥大（症）（再掲）),total,male,r70p,70歳以上(再掲),70.0,,True,False,2023,249.0,,
,前立腺肥大(症),True,１４　腎尿路生殖器系の疾患(前立腺肥大（症）（再掲）),total,male,a75_79,75-79歳,75.0,79.0,False,False,2023,253.0,3365.0,8.51345
,前立腺肥大(症),True,１４　腎尿路生殖器系の疾患(前立腺肥大（症）（再掲）),total,male,r75p,75歳以上(再掲),75.0,,True,False,2023,281.0,,
,前立腺肥大(症),True,１４　腎尿路生殖器系の疾患(前立腺肥大（症）（再掲）),total,male,a80_84,80-84歳,80.0,84.0,False,False,2023,310.0,2458.0,7.6198
,前立腺肥大(症),True,１４　腎尿路生殖器系の疾患(前立腺肥大（症）（再掲）),total,male,a85_89,85-89歳,85.0,89.0,False,False,2023,289.0,1448.0,4.18472
,前立腺肥大(症),True,１４　腎尿路生殖器系の疾患(前立腺肥大（症）（再掲）),total,male,a90p,90歳以上,90.0,,False,False,2023,297.0,,
,前立腺肥大(症),True,１４　腎尿路生殖器系の疾患(前立腺肥大（症）（再掲）),total,male,total,総数,,,False,True,2023,66.0,60492.0,39.92472
,前立腺肥大(症),True,１４　腎尿路生殖器系の疾患(前立腺肥大（症）（再掲）),total,total,a00,0歳,0.0,0.0,False,False,2023,,,
,前立腺肥大(症),True,１４　腎尿路生殖器系の疾患(前立腺肥大（症）（再掲）),total,total,a01_04,1-4歳,1.0,4.0,False,False,2023,,,
,前立腺肥大(症),True,１４　腎尿路生殖器系の疾患(前立腺肥大（症）（再掲）),total,total,a05_09,5-9歳,5.0,9.0,False,False,2023,,4838.0,
,前立腺肥大(症),True,１４　腎尿路生殖器系の疾患(前立腺肥大（症）（再掲）),total,total,a10_14,10-14歳,10.0,14.0,False,False,2023,,5248.0,
,前立腺肥大(症),True,１４　腎尿路生殖器系の疾患(前立腺肥大（症）（再掲）),total,total,a15_19,15-19歳,15.0,19.0,False,False,2023,0.0,5494.0,0.0
,前立腺肥大(症),True,１４　腎尿路生殖器系の疾患(前立腺肥大（症）（再掲）),total,total,a20_24,20-24歳,20.0,24.0,False,False,2023,,6236.0,
,前立腺肥大(症),True,１４　腎尿路生殖器系の疾患(前立腺肥大（症）（再掲）),total,total,a25_29,25-29歳,25.0,29.0,False,False,2023,0.0,6479.0,0.0
,前立腺肥大(症),True,１４　腎尿路生殖器系の疾患(前立腺肥大（症）（再掲）),total,total,a30_34,30-34歳,30.0,34.0,False,False,2023,,6380.0,
,前立腺肥大(症),True,１４　腎尿路生殖器系の疾患(前立腺肥大（症）（再掲）),total,total,a35_39,35-39歳,35.0,39.0,False,False,2023,0.0,7047.0,0.0
,前立腺肥大(症),True,１４　腎尿路生殖器系の疾患(前立腺肥大（症）（再掲）),total,total,a40_44,40-44歳,40.0,44.0,False,False,2023,2.0,7765.0,0.1553
,前立腺肥大(症),True,１４　腎尿路生殖器系の疾患(前立腺肥大（症）（再掲）),total,total,a45_49,45-49歳,45.0,49.0,False,False,2023,2.0,9115.0,0.1823
,前立腺肥大(症),True,１４　腎尿路生殖器系の疾患(前立腺肥大（症）（再掲）),total,total,a50_54,50-54歳,50.0,54.0,False,False,2023,7.0,9650.0,0.6755
,前立腺肥大(症),True,１４　腎尿路生殖器系の疾患(前立腺肥大（症）（再掲）),total,total,a55_59,55-59歳,55.0,59.0,False,False,2023,14.0,8279.0,1.15906
,前立腺肥大(症),True,１４　腎尿路生殖器系の疾患(前立腺肥大（症）（再掲）),total,total,a60_64,60-64歳,60.0,64.0,False,False,2023,36.0,7507.0,2.70252
,前立腺肥大(症),True,１４　腎尿路生殖器系の疾患(前立腺肥大（症）（再掲）),total,total,a65_69,65-69歳,65.0,69.0,False,False,2023,65.0,7332.0,4.7658
,前立腺肥大(症),True,１４　腎尿路生殖器系の疾患(前立腺肥大（症）（再掲）),total,total,r65p,65歳以上(再掲),65.0,,True,False,2023,97.0,36227.0,35.14019
,前立腺肥大(症),True,１４　腎尿路生殖器系の疾患(前立腺肥大（症）（再掲）),total,total,a70_74,70-74歳,70.0,74.0,False,False,2023,89.0,8817.0,7.84713
,前立腺肥大(症),True,１４　腎尿路生殖器系の疾患(前立腺肥大（症）（再掲）),total,total,r70p,70歳以上(再掲),70.0,,True,False,2023,105.0,,
,前立腺肥大(症),True,１４　腎尿路生殖器系の疾患(前立腺肥大（症）（再掲）),total,total,a75_79,75-79歳,75.0,79.0,False,False,2023,114.0,7474.0,8.52036
,前立腺肥大(症),True,１４　腎尿路生殖器系の疾患(前立腺肥大（症）（再掲）),total,total,r75p,75歳以上(再掲),75.0,,True,False,2023,112.0,20078.0,22.48736
,前立腺肥大(症),True,１４　腎尿路生殖器系の疾患(前立腺肥大（症）（再掲）),total,total,a80_84,80-84歳,80.0,84.0,False,False,2023,129.0,5895.0,7.60455
,前立腺肥大(症),True,１４　腎尿路生殖器系の疾患(前立腺肥大（症）（再掲）),total,total,a85_89,85-89歳,85.0,89.0,False,False,2023,105.0,3979.0,4.17795
,前立腺肥大(症),True,１４　腎尿路生殖器系の疾患(前立腺肥大（症）（再掲）),total,total,a90p,90歳以上,90.0,,False,False,2023,78.0,,
,前立腺肥大(症),True,１４　腎尿路生殖器系の疾患(前立腺肥大（症）（再掲）),total,total,total,総数,,,False,True,2023,32.0,124352.0,39.79264
,周産期に発生した病態,False,１６　周産期に発生した病態,total,female,a00,0歳,0.0,0.0,False,False,2023,1017.0,,
,周産期に発生した病態,False,１６　周産期に発生した病態,total,female,a01_04,1-4歳,1.0,4.0,False,False,2023,28.0,,
,周産期に発生した病態,False,１６　周産期に発生した病態,total,female,a05_09,5-9歳,5.0,9.0,False,False,2023,7.0,,
,周産期に発生した病態,False,１６　周産期に発生した病態,total,female,a10_14,10-14歳,10.0,14.0,False,False,2023,3.0,,
,周産期に発生した病態,False,１６　周産期に発生した病態,total,female,a15_19,15-19歳,15.0,19.0,False,False,2023,1.0,,
,周産期に発生した病態,False,１６　周産期に発生した病態,total,female,a20_24,20-24歳,20.0,24.0,False,False,2023,,,
,周産期に発生した病態,False,１６　周産期に発生した病態,total,female,a25_29,25-29歳,25.0,29.0,False,False,2023,,,
,周産期に発生した病態,False,１６　周産期に発生した病態,total,female,a30_34,30-34歳,30.0,34.0,False,False,2023,,,
,周産期に発生した病態,False,１６　周産期に発生した病態,total,female,a35_39,35-39歳,35.0,39.0,False,False,2023,,,
,周産期に発生した病態,False,１６　周産期に発生した病態,total,female,a40_44,40-44歳,40.0,44.0,False,False,2023,,,
,周産期に発生した病態,False,１６　周産期に発生した病態,total,female,a45_49,45-49歳,45.0,49.0,False,False,2023,,,
,周産期に発生した病態,False,１６　周産期に発生した病態,total,female,a50_54,50-54歳,50.0,54.0,False,False,2023,,,
,周産期に発生した病態,False,１６　周産期に発生した病態,total,female,a55_59,55-59歳,55.0,59.0,False,False,2023,,,
,周産期に発生した病態,False,１６　周産期に発生した病態,total,female,a60_64,60-64歳,60.0,64.0,False,False,2023,,,
,周産期に発生した病態,False,１６　周産期に発生した病態,total,female,a65_69,65-69歳,65.0,69.0,False,False,2023,,,
,周産期に発生した病態,False,１６　周産期に発生した病態,total,female,r65p,65歳以上(再掲),65.0,,True,False,2023,,,
,周産期に発生した病態,False,１６　周産期に発生した病態,total,female,a70_74,70-74歳,70.0,74.0,False,False,2023,,,
,周産期に発生した病態,False,１６　周産期に発生した病態,total,female,r70p,70歳以上(再掲),70.0,,True,False,2023,,,
,周産期に発生した病態,False,１６　周産期に発生した病態,total,female,a75_79,75-79歳,75.0,79.0,False,False,2023,,,
,周産期に発生した病態,False,１６　周産期に発生した病態,total,female,r75p,75歳以上(再掲),75.0,,True,False,2023,,,
,周産期に発生した病態,False,１６　周産期に発生した病態,total,female,a80_84,80-84歳,80.0,84.0,False,False,2023,,,
,周産期に発生した病態,False,１６　周産期に発生した病態,total,female,a85_89,85-89歳,85.0,89.0,False,False,2023,,,
,周産期に発生した病態,False,１６　周産期に発生した病態,total,female,a90p,90歳以上,90.0,,False,False,2023,,,
,周産期に発生した病態,False,１６　周産期に発生した病態,total,female,total,総数,,,False,True,2023,7.0,,
,周産期に発生した病態,False,１６　周産期に発生した病態,total,male,a00,0歳,0.0,0.0,False,False,2023,1087.0,,
,周産期に発生した病態,False,１６　周産期に発生した病態,total,male,a01_04,1-4歳,1.0,4.0,False,False,2023,42.0,,
,周産期に発生した病態,False,１６　周産期に発生した病態,total,male,a05_09,5-9歳,5.0,9.0,False,False,2023,10.0,2478.0,0.2478
,周産期に発生した病態,False,１６　周産期に発生した病態,total,male,a10_14,10-14歳,10.0,14.0,False,False,2023,6.0,2689.0,0.16134
,周産期に発生した病態,False,１６　周産期に発生した病態,total,male,a15_19,15-19歳,15.0,19.0,False,False,2023,2.0,2818.0,0.05636
,周産期に発生した病態,False,１６　周産期に発生した病態,total,male,a20_24,20-24歳,20.0,24.0,False,False,2023,,3212.0,
,周産期に発生した病態,False,１６　周産期に発生した病態,total,male,a25_29,25-29歳,25.0,29.0,False,False,2023,,3333.0,
,周産期に発生した病態,False,１６　周産期に発生した病態,total,male,a30_34,30-34歳,30.0,34.0,False,False,2023,,3273.0,
,周産期に発生した病態,False,１６　周産期に発生した病態,total,male,a35_39,35-39歳,35.0,39.0,False,False,2023,,3593.0,
,周産期に発生した病態,False,１６　周産期に発生した病態,total,male,a40_44,40-44歳,40.0,44.0,False,False,2023,,3938.0,
,周産期に発生した病態,False,１６　周産期に発生した病態,total,male,a45_49,45-49歳,45.0,49.0,False,False,2023,,4620.0,
,周産期に発生した病態,False,１６　周産期に発生した病態,total,male,a50_54,50-54歳,50.0,54.0,False,False,2023,,4868.0,
,周産期に発生した病態,False,１６　周産期に発生した病態,total,male,a55_59,55-59歳,55.0,59.0,False,False,2023,,4143.0,
,周産期に発生した病態,False,１６　周産期に発生した病態,total,male,a60_64,60-64歳,60.0,64.0,False,False,2023,,3719.0,
,周産期に発生した病態,False,１６　周産期に発生した病態,total,male,a65_69,65-69歳,65.0,69.0,False,False,2023,,3569.0,
,周産期に発生した病態,False,１６　周産期に発生した病態,total,male,r65p,65歳以上(再掲),65.0,,True,False,2023,,,
,周産期に発生した病態,False,１６　周産期に発生した病態,total,male,a70_74,70-74歳,70.0,74.0,False,False,2023,,4161.0,
,周産期に発生した病態,False,１６　周産期に発生した病態,total,male,r70p,70歳以上(再掲),70.0,,True,False,2023,,,
,周産期に発生した病態,False,１６　周産期に発生した病態,total,male,a75_79,75-79歳,75.0,79.0,False,False,2023,,3365.0,
,周産期に発生した病態,False,１６　周産期に発生した病態,total,male,r75p,75歳以上(再掲),75.0,,True,False,2023,,,
,周産期に発生した病態,False,１６　周産期に発生した病態,total,male,a80_84,80-84歳,80.0,84.0,False,False,2023,,2458.0,
,周産期に発生した病態,False,１６　周産期に発生した病態,total,male,a85_89,85-89歳,85.0,89.0,False,False,2023,,1448.0,
,周産期に発生した病態,False,１６　周産期に発生した病態,total,male,a90p,90歳以上,90.0,,False,False,2023,,,
,周産期に発生した病態,False,１６　周産期に発生した病態,total,male,total,総数,,,False,True,2023,9.0,60492.0,5.44428
,周産期に発生した病態,False,１６　周産期に発生した病態,total,total,a00,0歳,0.0,0.0,False,False,2023,1053.0,,
,周産期に発生した病態,False,１６　周産期に発生した病態,total,total,a01_04,1-4歳,1.0,4.0,False,False,2023,35.0,,
,周産期に発生した病態,False,１６　周産期に発生した病態,total,total,a05_09,5-9歳,5.0,9.0,False,False,2023,8.0,4838.0,0.38704
,周産期に発生した病態,False,１６　周産期に発生した病態,total,total,a10_14,10-14歳,10.0,14.0,False,False,2023,5.0,5248.0,0.2624
,周産期に発生した病態,False,１６　周産期に発生した病態,total,total,a15_19,15-19歳,15.0,19.0,False,False,2023,1.0,5494.0,0.05494
,周産期に発生した病態,False,１６　周産期に発生した病態,total,total,a20_24,20-24歳,20.0,24.0,False,False,2023,,6236.0,
,周産期に発生した病態,False,１６　周産期に発生した病態,total,total,a25_29,25-29歳,25.0,29.0,False,False,2023,,6479.0,
,周産期に発生した病態,False,１６　周産期に発生した病態,total,total,a30_34,30-34歳,30.0,34.0,False,False,2023,,6380.0,
,周産期に発生した病態,False,１６　周産期に発生した病態,total,total,a35_39,35-39歳,35.0,39.0,False,False,2023,,7047.0,
,周産期に発生した病態,False,１６　周産期に発生した病態,total,total,a40_44,40-44歳,40.0,44.0,False,False,2023,,7765.0,
,周産期に発生した病態,False,１６　周産期に発生した病態,total,total,a45_49,45-49歳,45.0,49.0,False,False,2023,,9115.0,
,周産期に発生した病態,False,１６　周産期に発生した病態,total,total,a50_54,50-54歳,50.0,54.0,False,False,2023,,9650.0,
,周産期に発生した病態,False,１６　周産期に発生した病態,total,total,a55_59,55-59歳,55.0,59.0,False,False,2023,,8279.0,
,周産期に発生した病態,False,１６　周産期に発生した病態,total,total,a60_64,60-64歳,60.0,64.0,False,False,2023,,7507.0,
,周産期に発生した病態,False,１６　周産期に発生した病態,total,total,a65_69,65-69歳,65.0,69.0,False,False,2023,,7332.0,
,周産期に発生した病態,False,１６　周産期に発生した病態,total,total,r65p,65歳以上(再掲),65.0,,True,False,2023,,36227.0,
,周産期に発生した病態,False,１６　周産期に発生した病態,total,total,a70_74,70-74歳,70.0,74.0,False,False,2023,,8817.0,
,周産期に発生した病態,False,１６　周産期に発生した病態,total,total,r70p,70歳以上(再掲),70.0,,True,False,2023,,,
,周産期に発生した病態,False,１６　周産期に発生した病態,total,total,a75_79,75-79歳,75.0,79.0,False,False,2023,,7474.0,
,周産期に発生した病態,False,１６　周産期に発生した病態,total,total,r75p,75歳以上(再掲),75.0,,True,False,2023,,20078.0,
,周産期に発生した病態,False,１６　周産期に発生した病態,total,total,a80_84,80-84歳,80.0,84.0,False,False,2023,,5895.0,
,周産期に発生した病態,False,１６　周産期に発生した病態,total,total,a85_89,85-89歳,85.0,89.0,False,False,2023,,3979.0,
,周産期に発生した病態,False,１６　周産期に発生した病態,total,total,a90p,90歳以上,90.0,,False,False,2023,,,
,周産期に発生した病態,False,１６　周産期に発生した病態,total,total,total,総数,,,False,True,2023,8.0,124352.0,9.94816
,呼吸器系の疾患,False,１０　呼吸器系の疾患,total,female,a00,0歳,0.0,0.0,False,False,2023,1697.0,,
,呼吸器系の疾患,False,１０　呼吸器系の疾患,total,female,a01_04,1-4歳,1.0,4.0,False,False,2023,2864.0,,
,呼吸器系の疾患,False,１０　呼吸器系の疾患,total,female,a05_09,5-9歳,5.0,9.0,False,False,2023,1920.0,,
,呼吸器系の疾患,False,１０　呼吸器系の疾患,total,female,a10_14,10-14歳,10.0,14.0,False,False,2023,975.0,,
,呼吸器系の疾患,False,１０　呼吸器系の疾患,total,female,a15_19,15-19歳,15.0,19.0,False,False,2023,541.0,,
,呼吸器系の疾患,False,１０　呼吸器系の疾患,total,female,a20_24,20-24歳,20.0,24.0,False,False,2023,438.0,,
,呼吸器系の疾患,False,１０　呼吸器系の疾患,total,female,a25_29,25-29歳,25.0,29.0,False,False,2023,430.0,,
,呼吸器系の疾患,False,１０　呼吸器系の疾患,total,female,a30_34,30-34歳,30.0,34.0,False,False,2023,526.0,,
,呼吸器系の疾患,False,１０　呼吸器系の疾患,total,female,a35_39,35-39歳,35.0,39.0,False,False,2023,574.0,,
,呼吸器系の疾患,False,１０　呼吸器系の疾患,total,female,a40_44,40-44歳,40.0,44.0,False,False,2023,490.0,,
,呼吸器系の疾患,False,１０　呼吸器系の疾患,total,female,a45_49,45-49歳,45.0,49.0,False,False,2023,420.0,,
,呼吸器系の疾患,False,１０　呼吸器系の疾患,total,female,a50_54,50-54歳,50.0,54.0,False,False,2023,310.0,,
,呼吸器系の疾患,False,１０　呼吸器系の疾患,total,female,a55_59,55-59歳,55.0,59.0,False,False,2023,317.0,,
,呼吸器系の疾患,False,１０　呼吸器系の疾患,total,female,a60_64,60-64歳,60.0,64.0,False,False,2023,335.0,,
,呼吸器系の疾患,False,１０　呼吸器系の疾患,total,female,a65_69,65-69歳,65.0,69.0,False,False,2023,322.0,,
,呼吸器系の疾患,False,１０　呼吸器系の疾患,total,female,r65p,65歳以上(再掲),65.0,,True,False,2023,424.0,,
,呼吸器系の疾患,False,１０　呼吸器系の疾患,total,female,a70_74,70-74歳,70.0,74.0,False,False,2023,325.0,,
,呼吸器系の疾患,False,１０　呼吸器系の疾患,total,female,r70p,70歳以上(再掲),70.0,,True,False,2023,446.0,,
,呼吸器系の疾患,False,１０　呼吸器系の疾患,total,female,a75_79,75-79歳,75.0,79.0,False,False,2023,372.0,,
,呼吸器系の疾患,False,１０　呼吸器系の疾患,total,female,r75p,75歳以上(再掲),75.0,,True,False,2023,493.0,,
,呼吸器系の疾患,False,１０　呼吸器系の疾患,total,female,a80_84,80-84歳,80.0,84.0,False,False,2023,411.0,,
,呼吸器系の疾患,False,１０　呼吸器系の疾患,total,female,a85_89,85-89歳,85.0,89.0,False,False,2023,540.0,,
,呼吸器系の疾患,False,１０　呼吸器系の疾患,total,female,a90p,90歳以上,90.0,,False,False,2023,823.0,,
,呼吸器系の疾患,False,１０　呼吸器系の疾患,total,female,total,総数,,,False,True,2023,573.0,,
,呼吸器系の疾患,False,１０　呼吸器系の疾患,total,male,a00,0歳,0.0,0.0,False,False,2023,1954.0,,
,呼吸器系の疾患,False,１０　呼吸器系の疾患,total,male,a01_04,1-4歳,1.0,4.0,False,False,2023,2935.0,,
,呼吸器系の疾患,False,１０　呼吸器系の疾患,total,male,a05_09,5-9歳,5.0,9.0,False,False,2023,2037.0,2478.0,50.47686
,呼吸器系の疾患,False,１０　呼吸器系の疾患,total,male,a10_14,10-14歳,10.0,14.0,False,False,2023,1328.0,2689.0,35.70992
,呼吸器系の疾患,False,１０　呼吸器系の疾患,total,male,a15_19,15-19歳,15.0,19.0,False,False,2023,637.0,2818.0,17.95066
,呼吸器系の疾患,False,１０　呼吸器系の疾患,total,male,a20_24,20-24歳,20.0,24.0,False,False,2023,273.0,3212.0,8.76876
,呼吸器系の疾患,False,１０　呼吸器系の疾患,total,male,a25_29,25-29歳,25.0,29.0,False,False,2023,293.0,3333.0,9.76569
,呼吸器系の疾患,False,１０　呼吸器系の疾患,total,male,a30_34,30-34歳,30.0,34.0,False,False,2023,349.0,3273.0,11.42277
,呼吸器系の疾患,False,１０　呼吸器系の疾患,total,male,a35_39,35-39歳,35.0,39.0,False,False,2023,329.0,3593.0,11.82097
,呼吸器系の疾患,False,１０　呼吸器系の疾患,total,male,a40_44,40-44歳,40.0,44.0,False,False,2023,273.0,3938.0,10.75074
,呼吸器系の疾患,False,１０　呼吸器系の疾患,total,male,a45_49,45-49歳,45.0,49.0,False,False,2023,239.0,4620.0,11.0418
,呼吸器系の疾患,False,１０　呼吸器系の疾患,total,male,a50_54,50-54歳,50.0,54.0,False,False,2023,235.0,4868.0,11.4398
,呼吸器系の疾患,False,１０　呼吸器系の疾患,total,male,a55_59,55-59歳,55.0,59.0,False,False,2023,223.0,4143.0,9.23889
,呼吸器系の疾患,False,１０　呼吸器系の疾患,total,male,a60_64,60-64歳,60.0,64.0,False,False,2023,241.0,3719.0,8.96279
,呼吸器系の疾患,False,１０　呼吸器系の疾患,total,male,a65_69,65-69歳,65.0,69.0,False,False,2023,286.0,3569.0,10.20734
,呼吸器系の疾患,False,１０　呼吸器系の疾患,total,male,r65p,65歳以上(再掲),65.0,,True,False,2023,554.0,,
,呼吸器系の疾患,False,１０　呼吸器系の疾患,total,male,a70_74,70-74歳,70.0,74.0,False,False,2023,389.0,4161.0,16.18629
,呼吸器系の疾患,False,１０　呼吸器系の疾患,total,male,r70p,70歳以上(再掲),70.0,,True,False,2023,633.0,,
,呼吸器系の疾患,False,１０　呼吸器系の疾患,total,male,a75_79,75-79歳,75.0,79.0,False,False,2023,519.0,3365.0,17.46435
,呼吸器系の疾患,False,１０　呼吸器系の疾患,total,male,r75p,75歳以上(再掲),75.0,,True,False,2023,760.0,,
,呼吸器系の疾患,False,１０　呼吸器系の疾患,total,male,a80_84,80-84歳,80.0,84.0,False,False,2023,704.0,2458.0,17.30432
,呼吸器系の疾患,False,１０　呼吸器系の疾患,total,male,a85_89,85-89歳,85.0,89.0,False,False,2023,1037.0,1448.0,15.01576
,呼吸器系の疾患,False,１０　呼吸器系の疾患,total,male,a90p,90歳以上,90.0,,False,False,2023,1526.0,,
,呼吸器系の疾患,False,１０　呼吸器系の疾患,total,male,total,総数,,,False,True,2023,566.0,60492.0,342.38472
,呼吸器系の疾患,False,１０　呼吸器系の疾患,total,total,a00,0歳,0.0,0.0,False,False,2023,1829.0,,
,呼吸器系の疾患,False,１０　呼吸器系の疾患,total,total,a01_04,1-4歳,1.0,4.0,False,False,2023,2900.0,,
,呼吸器系の疾患,False,１０　呼吸器系の疾患,total,total,a05_09,5-9歳,5.0,9.0,False,False,2023,1980.0,4838.0,95.7924
,呼吸器系の疾患,False,１０　呼吸器系の疾患,total,total,a10_14,10-14歳,10.0,14.0,False,False,2023,1156.0,5248.0,60.66688
,呼吸器系の疾患,False,１０　呼吸器系の疾患,total,total,a15_19,15-19歳,15.0,19.0,False,False,2023,590.0,5494.0,32.4146
,呼吸器系の疾患,False,１０　呼吸器系の疾患,total,total,a20_24,20-24歳,20.0,24.0,False,False,2023,353.0,6236.0,22.01308
,呼吸器系の疾患,False,１０　呼吸器系の疾患,total,total,a25_29,25-29歳,25.0,29.0,False,False,2023,360.0,6479.0,23.3244
,呼吸器系の疾患,False,１０　呼吸器系の疾患,total,total,a30_34,30-34歳,30.0,34.0,False,False,2023,435.0,6380.0,27.753
,呼吸器系の疾患,False,１０　呼吸器系の疾患,total,total,a35_39,35-39歳,35.0,39.0,False,False,2023,449.0,7047.0,31.64103
,呼吸器系の疾患,False,１０　呼吸器系の疾患,total,total,a40_44,40-44歳,40.0,44.0,False,False,2023,380.0,7765.0,29.507
,呼吸器系の疾患,False,１０　呼吸器系の疾患,total,total,a45_49,45-49歳,45.0,49.0,False,False,2023,328.0,9115.0,29.8972
,呼吸器系の疾患,False,１０　呼吸器系の疾患,total,total,a50_54,50-54歳,50.0,54.0,False,False,2023,273.0,9650.0,26.3445
,呼吸器系の疾患,False,１０　呼吸器系の疾患,total,total,a55_59,55-59歳,55.0,59.0,False,False,2023,270.0,8279.0,22.3533
,呼吸器系の疾患,False,１０　呼吸器系の疾患,total,total,a60_64,60-64歳,60.0,64.0,False,False,2023,288.0,7507.0,21.62016
,呼吸器系の疾患,False,１０　呼吸器系の疾患,total,total,a65_69,65-69歳,65.0,69.0,False,False,2023,304.0,7332.0,22.28928
,呼吸器系の疾患,False,１０　呼吸器系の疾患,total,total,r65p,65歳以上(再掲),65.0,,True,False,2023,480.0,36227.0,173.8896
,呼吸器系の疾患,False,１０　呼吸器系の疾患,total,total,a70_74,70-74歳,70.0,74.0,False,False,2023,355.0,8817.0,31.30035
,呼吸器系の疾患,False,１０　呼吸器系の疾患,total,total,r70p,70歳以上(再掲),70.0,,True,False,2023,525.0,,
,呼吸器系の疾患,False,１０　呼吸器系の疾患,total,total,a75_79,75-79歳,75.0,79.0,False,False,2023,438.0,7474.0,32.73612
,呼吸器系の疾患,False,１０　呼吸器系の疾患,total,total,r75p,75歳以上(再掲),75.0,,True,False,2023,599.0,20078.0,120.26722
,呼吸器系の疾患,False,１０　呼吸器系の疾患,total,total,a80_84,80-84歳,80.0,84.0,False,False,2023,533.0,5895.0,31.42035
,呼吸器系の疾患,False,１０　呼吸器系の疾患,total,total,a85_89,85-89歳,85.0,89.0,False,False,2023,721.0,3979.0,28.68859
,呼吸器系の疾患,False,１０　呼吸器系の疾患,total,total,a90p,90歳以上,90.0,,False,False,2023,1007.0,,
,呼吸器系の疾患,False,１０　呼吸器系の疾患,total,total,total,総数,,,False,True,2023,570.0,124352.0,708.8064
,喘息,True,１０　呼吸器系の疾患(喘息（再掲）),total,female,a00,0歳,0.0,0.0,False,False,2023,153.0,,
,喘息,True,１０　呼吸器系の疾患(喘息（再掲）),total,female,a01_04,1-4歳,1.0,4.0,False,False,2023,456.0,,
,喘息,True,１０　呼吸器系の疾患(喘息（再掲）),total,female,a05_09,5-9歳,5.0,9.0,False,False,2023,276.0,,
,喘息,True,１０　呼吸器系の疾患(喘息（再掲）),total,female,a10_14,10-14歳,10.0,14.0,False,False,2023,89.0,,
,喘息,True,１０　呼吸器系の疾患(喘息（再掲）),total,female,a15_19,15-19歳,15.0,19.0,False,False,2023,51.0,,
,喘息,True,１０　呼吸器系の疾患(喘息（再掲）),total,female,a20_24,20-24歳,20.0,24.0,False,False,2023,40.0,,
,喘息,True,１０　呼吸器系の疾患(喘息（再掲）),total,female,a25_29,25-29歳,25.0,29.0,False,False,2023,50.0,,
,喘息,True,１０　呼吸器系の疾患(喘息（再掲）),total,female,a30_34,30-34歳,30.0,34.0,False,False,2023,73.0,,
,喘息,True,１０　呼吸器系の疾患(喘息（再掲）),total,female,a35_39,35-39歳,35.0,39.0,False,False,2023,75.0,,
,喘息,True,１０　呼吸器系の疾患(喘息（再掲）),total,female,a40_44,40-44歳,40.0,44.0,False,False,2023,72.0,,
,喘息,True,１０　呼吸器系の疾患(喘息（再掲）),total,female,a45_49,45-49歳,45.0,49.0,False,False,2023,82.0,,
,喘息,True,１０　呼吸器系の疾患(喘息（再掲）),total,female,a50_54,50-54歳,50.0,54.0,False,False,2023,68.0,,
,喘息,True,１０　呼吸器系の疾患(喘息（再掲）),total,female,a55_59,55-59歳,55.0,59.0,False,False,2023,77.0,,
,喘息,True,１０　呼吸器系の疾患(喘息（再掲）),total,female,a60_64,60-64歳,60.0,64.0,False,False,2023,73.0,,
,喘息,True,１０　呼吸器系の疾患(喘息（再掲）),total,female,a65_69,65-69歳,65.0,69.0,False,False,2023,71.0,,
,喘息,True,１０　呼吸器系の疾患(喘息（再掲）),total,female,r65p,65歳以上(再掲),65.0,,True,False,2023,73.0,,
,喘息,True,１０　呼吸器系の疾患(喘息（再掲）),total,female,a70_74,70-74歳,70.0,74.0,False,False,2023,77.0,,
,喘息,True,１０　呼吸器系の疾患(喘息（再掲）),total,female,r70p,70歳以上(再掲),70.0,,True,False,2023,73.0,,
,喘息,True,１０　呼吸器系の疾患(喘息（再掲）),total,female,a75_79,75-79歳,75.0,79.0,False,False,2023,79.0,,
,喘息,True,１０　呼吸器系の疾患(喘息（再掲）),total,female,r75p,75歳以上(再掲),75.0,,True,False,2023,72.0,,
,喘息,True,１０　呼吸器系の疾患(喘息（再掲）),total,female,a80_84,80-84歳,80.0,84.0,False,False,2023,66.0,,
,喘息,True,１０　呼吸器系の疾患(喘息（再掲）),total,female,a85_89,85-89歳,85.0,89.0,False,False,2023,69.0,,
,喘息,True,１０　呼吸器系の疾患(喘息（再掲）),total,female,a90p,90歳以上,90.0,,False,False,2023,69.0,,
,喘息,True,１０　呼吸器系の疾患(喘息（再掲）),total,female,total,総数,,,False,True,2023,88.0,,
,喘息,True,１０　呼吸器系の疾患(喘息（再掲）),total,male,a00,0歳,0.0,0.0,False,False,2023,142.0,,
,喘息,True,１０　呼吸器系の疾患(喘息（再掲）),total,male,a01_04,1-4歳,1.0,4.0,False,False,2023,565.0,,
,喘息,True,１０　呼吸器系の疾患(喘息（再掲）),total,male,a05_09,5-9歳,5.0,9.0,False,False,2023,358.0,2478.0,8.87124
,喘息,True,１０　呼吸器系の疾患(喘息（再掲）),total,male,a10_14,10-14歳,10.0,14.0,False,False,2023,145.0,2689.0,3.89905
,喘息,True,１０　呼吸器系の疾患(喘息（再掲）),total,male,a15_19,15-19歳,15.0,19.0,False,False,2023,53.0,2818.0,1.49354
,喘息,True,１０　呼吸器系の疾患(喘息（再掲）),total,male,a20_24,20-24歳,20.0,24.0,False,False,2023,22.0,3212.0,0.70664
,喘息,True,１０　呼吸器系の疾患(喘息（再掲）),total,male,a25_29,25-29歳,25.0,29.0,False,False,2023,30.0,3333.0,0.9999
,喘息,True,１０　呼吸器系の疾患(喘息（再掲）),total,male,a30_34,30-34歳,30.0,34.0,False,False,2023,40.0,3273.0,1.3092
,喘息,True,１０　呼吸器系の疾患(喘息（再掲）),total,male,a35_39,35-39歳,35.0,39.0,False,False,2023,45.0,3593.0,1.61685
,喘息,True,１０　呼吸器系の疾患(喘息（再掲）),total,male,a40_44,40-44歳,40.0,44.0,False,False,2023,26.0,3938.0,1.02388
,喘息,True,１０　呼吸器系の疾患(喘息（再掲）),total,male,a45_49,45-49歳,45.0,49.0,False,False,2023,35.0,4620.0,1.617
,喘息,True,１０　呼吸器系の疾患(喘息（再掲）),total,male,a50_54,50-54歳,50.0,54.0,False,False,2023,40.0,4868.0,1.9472
,喘息,True,１０　呼吸器系の疾患(喘息（再掲）),total,male,a55_59,55-59歳,55.0,59.0,False,False,2023,41.0,4143.0,1.69863
,喘息,True,１０　呼吸器系の疾患(喘息（再掲）),total,male,a60_64,60-64歳,60.0,64.0,False,False,2023,35.0,3719.0,1.30165
,喘息,True,１０　呼吸器系の疾患(喘息（再掲）),total,male,a65_69,65-69歳,65.0,69.0,False,False,2023,40.0,3569.0,1.4276
,喘息,True,１０　呼吸器系の疾患(喘息（再掲）),total,male,r65p,65歳以上(再掲),65.0,,True,False,2023,46.0,,
,喘息,True,１０　呼吸器系の疾患(喘息（再掲）),total,male,a70_74,70-74歳,70.0,74.0,False,False,2023,44.0,4161.0,1.83084
,喘息,True,１０　呼吸器系の疾患(喘息（再掲）),total,male,r70p,70歳以上(再掲),70.0,,True,False,2023,48.0,,
,喘息,True,１０　呼吸器系の疾患(喘息（再掲）),total,male,a75_79,75-79歳,75.0,79.0,False,False,2023,46.0,3365.0,1.5479
,喘息,True,１０　呼吸器系の疾患(喘息（再掲）),total,male,r75p,75歳以上(再掲),75.0,,True,False,2023,50.0,,
,喘息,True,１０　呼吸器系の疾患(喘息（再掲）),total,male,a80_84,80-84歳,80.0,84.0,False,False,2023,54.0,2458.0,1.32732
,喘息,True,１０　呼吸器系の疾患(喘息（再掲）),total,male,a85_89,85-89歳,85.0,89.0,False,False,2023,52.0,1448.0,0.75296
,喘息,True,１０　呼吸器系の疾患(喘息（再掲）),total,male,a90p,90歳以上,90.0,,False,False,2023,45.0,,
,喘息,True,１０　呼吸器系の疾患(喘息（再掲）),total,male,total,総数,,,False,True,2023,73.0,60492.0,44.15916
,喘息,True,１０　呼吸器系の疾患(喘息（再掲）),total,total,a00,0歳,0.0,0.0,False,False,2023,148.0,,
,喘息,True,１０　呼吸器系の疾患(喘息（再掲）),total,total,a01_04,1-4歳,1.0,4.0,False,False,2023,512.0,,
,喘息,True,１０　呼吸器系の疾患(喘息（再掲）),total,total,a05_09,5-9歳,5.0,9.0,False,False,2023,318.0,4838.0,15.38484
,喘息,True,１０　呼吸器系の疾患(喘息（再掲）),total,total,a10_14,10-14歳,10.0,14.0,False,False,2023,118.0,5248.0,6.19264
,喘息,True,１０　呼吸器系の疾患(喘息（再掲）),total,total,a15_19,15-19歳,15.0,19.0,False,False,2023,52.0,5494.0,2.85688
,喘息,True,１０　呼吸器系の疾患(喘息（再掲）),total,total,a20_24,20-24歳,20.0,24.0,False,False,2023,30.0,6236.0,1.8708
,喘息,True,１０　呼吸器系の疾患(喘息（再掲）),total,total,a25_29,25-29歳,25.0,29.0,False,False,2023,39.0,6479.0,2.52681
,喘息,True,１０　呼吸器系の疾患(喘息（再掲）),total,total,a30_34,30-34歳,30.0,34.0,False,False,2023,56.0,6380.0,3.5728
,喘息,True,１０　呼吸器系の疾患(喘息（再掲）),total,total,a35_39,35-39歳,35.0,39.0,False,False,2023,60.0,7047.0,4.2282
,喘息,True,１０　呼吸器系の疾患(喘息（再掲）),total,total,a40_44,40-44歳,40.0,44.0,False,False,2023,49.0,7765.0,3.80485
,喘息,True,１０　呼吸器系の疾患(喘息（再掲）),total,total,a45_49,45-49歳,45.0,49.0,False,False,2023,58.0,9115.0,5.2867
,喘息,True,１０　呼吸器系の疾患(喘息（再掲）),total,total,a50_54,50-54歳,50.0,54.0,False,False,2023,54.0,9650.0,5.211
,喘息,True,１０　呼吸器系の疾患(喘息（再掲）),total,total,a55_59,55-59歳,55.0,59.0,False,False,2023,59.0,8279.0,4.88461
,喘息,True,１０　呼吸器系の疾患(喘息（再掲）),total,total,a60_64,60-64歳,60.0,64.0,False,False,2023,54.0,7507.0,4.05378
,喘息,True,１０　呼吸器系の疾患(喘息（再掲）),total,total,a65_69,65-69歳,65.0,69.0,False,False,2023,55.0,7332.0,4.0326
,喘息,True,１０　呼吸器系の疾患(喘息（再掲）),total,total,r65p,65歳以上(再掲),65.0,,True,False,2023,61.0,36227.0,22.09847
,喘息,True,１０　呼吸器系の疾患(喘息（再掲）),total,total,a70_74,70-74歳,70.0,74.0,False,False,2023,62.0,8817.0,5.46654
,喘息,True,１０　呼吸器系の疾患(喘息（再掲）),total,total,r70p,70歳以上(再掲),70.0,,True,False,2023,63.0,,
,喘息,True,１０　呼吸器系の疾患(喘息（再掲）),total,total,a75_79,75-79歳,75.0,79.0,False,False,2023,64.0,7474.0,4.78336
,喘息,True,１０　呼吸器系の疾患(喘息（再掲）),total,total,r75p,75歳以上(再掲),75.0,,True,False,2023,63.0,20078.0,12.64914
,喘息,True,１０　呼吸器系の疾患(喘息（再掲）),total,total,a80_84,80-84歳,80.0,84.0,False,False,2023,61.0,5895.0,3.59595
,喘息,True,１０　呼吸器系の疾患(喘息（再掲）),total,total,a85_89,85-89歳,85.0,89.0,False,False,2023,63.0,3979.0,2.50677
,喘息,True,１０　呼吸器系の疾患(喘息（再掲）),total,total,a90p,90歳以上,90.0,,False,False,2023,63.0,,
,喘息,True,１０　呼吸器系の疾患(喘息（再掲）),total,total,total,総数,,,False,True,2023,81.0,124352.0,100.72512
,"妊娠,分娩及び産じょく",False,１５　妊娠，分娩及び産じょく,total,female,a00,0歳,0.0,0.0,False,False,2023,,,
,"妊娠,分娩及び産じょく",False,１５　妊娠，分娩及び産じょく,total,female,a01_04,1-4歳,1.0,4.0,False,False,2023,,,
,"妊娠,分娩及び産じょく",False,１５　妊娠，分娩及び産じょく,total,female,a05_09,5-9歳,5.0,9.0,False,False,2023,,,
,"妊娠,分娩及び産じょく",False,１５　妊娠，分娩及び産じょく,total,female,a10_14,10-14歳,10.0,14.0,False,False,2023,2.0,,
,"妊娠,分娩及び産じょく",False,１５　妊娠，分娩及び産じょく,total,female,a15_19,15-19歳,15.0,19.0,False,False,2023,10.0,,
,"妊娠,分娩及び産じょく",False,１５　妊娠，分娩及び産じょく,total,female,a20_24,20-24歳,20.0,24.0,False,False,2023,61.0,,
,"妊娠,分娩及び産じょく",False,１５　妊娠，分娩及び産じょく,total,female,a25_29,25-29歳,25.0,29.0,False,False,2023,202.0,,
,"妊娠,分娩及び産じょく",False,１５　妊娠，分娩及び産じょく,total,female,a30_34,30-34歳,30.0,34.0,False,False,2023,272.0,,
,"妊娠,分娩及び産じょく",False,１５　妊娠，分娩及び産じょく,total,female,a35_39,35-39歳,35.0,39.0,False,False,2023,189.0,,
,"妊娠,分娩及び産じょく",False,１５　妊娠，分娩及び産じょく,total,female,a40_44,40-44歳,40.0,44.0,False,False,2023,61.0,,
,"妊娠,分娩及び産じょく",False,１５　妊娠，分娩及び産じょく,total,female,a45_49,45-49歳,45.0,49.0,False,False,2023,3.0,,
,"妊娠,分娩及び産じょく",False,１５　妊娠，分娩及び産じょく,total,female,a50_54,50-54歳,50.0,54.0,False,False,2023,1.0,,
,"妊娠,分娩及び産じょく",False,１５　妊娠，分娩及び産じょく,total,female,a55_59,55-59歳,55.0,59.0,False,False,2023,,,
,"妊娠,分娩及び産じょく",False,１５　妊娠，分娩及び産じょく,total,female,a60_64,60-64歳,60.0,64.0,False,False,2023,,,
,"妊娠,分娩及び産じょく",False,１５　妊娠，分娩及び産じょく,total,female,a65_69,65-69歳,65.0,69.0,False,False,2023,,,
,"妊娠,分娩及び産じょく",False,１５　妊娠，分娩及び産じょく,total,female,r65p,65歳以上(再掲),65.0,,True,False,2023,,,
,"妊娠,分娩及び産じょく",False,１５　妊娠，分娩及び産じょく,total,female,a70_74,70-74歳,70.0,74.0,False,False,2023,,,
,"妊娠,分娩及び産じょく",False,１５　妊娠，分娩及び産じょく,total,female,r70p,70歳以上(再掲),70.0,,True,False,2023,,,
,"妊娠,分娩及び産じょく",False,１５　妊娠，分娩及び産じょく,total,female,a75_79,75-79歳,75.0,79.0,False,False,2023,,,
,"妊娠,分娩及び産じょく",False,１５　妊娠，分娩及び産じょく,total,female,r75p,75歳以上(再掲),75.0,,True,False,2023,,,
,"妊娠,分娩及び産じょく",False,１５　妊娠，分娩及び産じょく,total,female,a80_84,80-84歳,80.0,84.0,False,False,2023,,,
,"妊娠,分娩及び産じょく",False,１５　妊娠，分娩及び産じょく,total,female,a85_89,85-89歳,85.0,89.0,False,False,2023,,,
,"妊娠,分娩及び産じょく",False,１５　妊娠，分娩及び産じょく,total,female,a90p,90歳以上,90.0,,False,False,2023,,,
,"妊娠,分娩及び産じょく",False,１５　妊娠，分娩及び産じょく,total,female,total,総数,,,False,True,2023,41.0,,
,"妊娠,分娩及び産じょく",False,１５　妊娠，分娩及び産じょく,total,male,a00,0歳,0.0,0.0,False,False,2023,,,
,"妊娠,分娩及び産じょく",False,１５　妊娠，分娩及び産じょく,total,male,a01_04,1-4歳,1.0,4.0,False,False,2023,,,
,"妊娠,分娩及び産じょく",False,１５　妊娠，分娩及び産じょく,total,male,a05_09,5-9歳,5.0,9.0,False,False,2023,,2478.0,
,"妊娠,分娩及び産じょく",False,１５　妊娠，分娩及び産じょく,total,male,a10_14,10-14歳,10.0,14.0,False,False,2023,,2689.0,
,"妊娠,分娩及び産じょく",False,１５　妊娠，分娩及び産じょく,total,male,a15_19,15-19歳,15.0,19.0,False,False,2023,,2818.0,
,"妊娠,分娩及び産じょく",False,１５　妊娠，分娩及び産じょく,total,male,a20_24,20-24歳,20.0,24.0,False,False,2023,,3212.0,
,"妊娠,分娩及び産じょく",False,１５　妊娠，分娩及び産じょく,total,male,a25_29,25-29歳,25.0,29.0,False,False,2023,,3333.0,
,"妊娠,分娩及び産じょく",False,１５　妊娠，分娩及び産じょく,total,male,a30_34,30-34歳,30.0,34.0,False,False,2023,,3273.0,
,"妊娠,分娩及び産じょく",False,１５　妊娠，分娩及び産じょく,total,male,a35_39,35-39歳,35.0,39.0,False,False,2023,,3593.0,
,"妊娠,分娩及び産じょく",False,１５　妊娠，分娩及び産じょく,total,male,a40_44,40-44歳,40.0,44.0,False,False,2023,,3938.0,
,"妊娠,分娩及び産じょく",False,１５　妊娠，分娩及び産じょく,total,male,a45_49,45-49歳,45.0,49.0,False,False,2023,,4620.0,
,"妊娠,分娩及び産じょく",False,１５　妊娠，分娩及び産じょく,total,male,a50_54,50-54歳,50.0,54.0,False,False,2023,,4868.0,
,"妊娠,分娩及び産じょく",False,１５　妊娠，分娩及び産じょく,total,male,a55_59,55-59歳,55.0,59.0,False,False,2023,,4143.0,
,"妊娠,分娩及び産じょく",False,１５　妊娠，分娩及び産じょく,total,male,a60_64,60-64歳,60.0,64.0,False,False,2023,,3719.0,
,"妊娠,分娩及び産じょく",False,１５　妊娠，分娩及び産じょく,total,male,a65_69,65-69歳,65.0,69.0,False,False,2023,,3569.0,
,"妊娠,分娩及び産じょく",False,１５　妊娠，分娩及び産じょく,total,male,r65p,65歳以上(再掲),65.0,,True,False,2023,,,
,"妊娠,分娩及び産じょく",False,１５　妊娠，分娩及び産じょく,total,male,a70_74,70-74歳,70.0,74.0,False,False,2023,,4161.0,
,"妊娠,分娩及び産じょく",False,１５　妊娠，分娩及び産じょく,total,male,r70p,70歳以上(再掲),70.0,,True,False,2023,,,
,"妊娠,分娩及び産じょく",False,１５　妊娠，分娩及び産じょく,total,male,a75_79,75-79歳,75.0,79.0,False,False,2023,,3365.0,
,"妊娠,分娩及び産じょく",False,１５　妊娠，分娩及び産じょく,total,male,r75p,75歳以上(再掲),75.0,,True,False,2023,,,
,"妊娠,分娩及び産じょく",False,１５　妊娠，分娩及び産じょく,total,male,a80_84,80-84歳,80.0,84.0,False,False,2023,,2458.0,
,"妊娠,分娩及び産じょく",False,１５　妊娠，分娩及び産じょく,total,male,a85_89,85-89歳,85.0,89.0,False,False,2023,,1448.0,
,"妊娠,分娩及び産じょく",False,１５　妊娠，分娩及び産じょく,total,male,a90p,90歳以上,90.0,,False,False,2023,,,
,"妊娠,分娩及び産じょく",False,１５　妊娠，分娩及び産じょく,total,male,total,総数,,,False,True,2023,,60492.0,
,"妊娠,分娩及び産じょく",False,１５　妊娠，分娩及び産じょく,total,total,a00,0歳,0.0,0.0,False,False,2023,,,
,"妊娠,分娩及び産じょく",False,１５　妊娠，分娩及び産じょく,total,total,a01_04,1-4歳,1.0,4.0,False,False,2023,,,
,"妊娠,分娩及び産じょく",False,１５　妊娠，分娩及び産じょく,total,total,a05_09,5-9歳,5.0,9.0,False,False,2023,,4838.0,
,"妊娠,分娩及び産じょく",False,１５　妊娠，分娩及び産じょく,total,total,a10_14,10-14歳,10.0,14.0,False,False,2023,1.0,5248.0,0.05248
,"妊娠,分娩及び産じょく",False,１５　妊娠，分娩及び産じょく,total,total,a15_19,15-19歳,15.0,19.0,False,False,2023,5.0,5494.0,0.2747
,"妊娠,分娩及び産じょく",False,１５　妊娠，分娩及び産じょく,total,total,a20_24,20-24歳,20.0,24.0,False,False,2023,30.0,6236.0,1.8708
,"妊娠,分娩及び産じょく",False,１５　妊娠，分娩及び産じょく,total,total,a25_29,25-29歳,25.0,29.0,False,False,2023,98.0,6479.0,6.34942
,"妊娠,分娩及び産じょく",False,１５　妊娠，分娩及び産じょく,total,total,a30_34,30-34歳,30.0,34.0,False,False,2023,133.0,6380.0,8.4854
,"妊娠,分娩及び産じょく",False,１５　妊娠，分娩及び産じょく,total,total,a35_39,35-39歳,35.0,39.0,False,False,2023,93.0,7047.0,6.55371
,"妊娠,分娩及び産じょく",False,１５　妊娠，分娩及び産じょく,total,total,a40_44,40-44歳,40.0,44.0,False,False,2023,30.0,7765.0,2.3295
,"妊娠,分娩及び産じょく",False,１５　妊娠，分娩及び産じょく,total,total,a45_49,45-49歳,45.0,49.0,False,False,2023,2.0,9115.0,0.1823
,"妊娠,分娩及び産じょく",False,１５　妊娠，分娩及び産じょく,total,total,a50_54,50-54歳,50.0,54.0,False,False,2023,0.0,9650.0,0.0
,"妊娠,分娩及び産じょく",False,１５　妊娠，分娩及び産じょく,total,total,a55_59,55-59歳,55.0,59.0,False,False,2023,,8279.0,
,"妊娠,分娩及び産じょく",False,１５　妊娠，分娩及び産じょく,total,total,a60_64,60-64歳,60.0,64.0,False,False,2023,,7507.0,
,"妊娠,分娩及び産じょく",False,１５　妊娠，分娩及び産じょく,total,total,a65_69,65-69歳,65.0,69.0,False,False,2023,,7332.0,
,"妊娠,分娩及び産じょく",False,１５　妊娠，分娩及び産じょく,total,total,r65p,65歳以上(再掲),65.0,,True,False,2023,,36227.0,
,"妊娠,分娩及び産じょく",False,１５　妊娠，分娩及び産じょく,total,total,a70_74,70-74歳,70.0,74.0,False,False,2023,,8817.0,
,"妊娠,分娩及び産じょく",False,１５　妊娠，分娩及び産じょく,total,total,r70p,70歳以上(再掲),70.0,,True,False,2023,,,
,"妊娠,分娩及び産じょく",False,１５　妊娠，分娩及び産じょく,total,total,a75_79,75-79歳,75.0,79.0,False,False,2023,,7474.0,
,"妊娠,分娩及び産じょく",False,１５　妊娠，分娩及び産じょく,total,total,r75p,75歳以上(再掲),75.0,,True,False,2023,,20078.0,
,"妊娠,分娩及び産じょく",False,１５　妊娠，分娩及び産じょく,total,total,a80_84,80-84歳,80.0,84.0,False,False,2023,,5895.0,
,"妊娠,分娩及び産じょく",False,１５　妊娠，分娩及び産じょく,total,total,a85_89,85-89歳,85.0,89.0,False,False,2023,,3979.0,
,"妊娠,分娩及び産じょく",False,１５　妊娠，分娩及び産じょく,total,total,a90p,90歳以上,90.0,,False,False,2023,,,
,"妊娠,分娩及び産じょく",False,１５　妊娠，分娩及び産じょく,total,total,total,総数,,,False,True,2023,21.0,124352.0,26.11392
,妊娠高血圧症候群,True,１５　妊娠，分娩及び産じょく(妊娠高血圧症候群（再掲）),total,female,a00,0歳,0.0,0.0,False,False,2023,,,
,妊娠高血圧症候群,True,１５　妊娠，分娩及び産じょく(妊娠高血圧症候群（再掲）),total,female,a01_04,1-4歳,1.0,4.0,False,False,2023,,,
,妊娠高血圧症候群,True,１５　妊娠，分娩及び産じょく(妊娠高血圧症候群（再掲）),total,female,a05_09,5-9歳,5.0,9.0,False,False,2023,,,
,妊娠高血圧症候群,True,１５　妊娠，分娩及び産じょく(妊娠高血圧症候群（再掲）),total,female,a10_14,10-14歳,10.0,14.0,False,False,2023,,,
,妊娠高血圧症候群,True,１５　妊娠，分娩及び産じょく(妊娠高血圧症候群（再掲）),total,female,a15_19,15-19歳,15.0,19.0,False,False,2023,,,
,妊娠高血圧症候群,True,１５　妊娠，分娩及び産じょく(妊娠高血圧症候群（再掲）),total,female,a20_24,20-24歳,20.0,24.0,False,False,2023,1.0,,
,妊娠高血圧症候群,True,１５　妊娠，分娩及び産じょく(妊娠高血圧症候群（再掲）),total,female,a25_29,25-29歳,25.0,29.0,False,False,2023,4.0,,
,妊娠高血圧症候群,True,１５　妊娠，分娩及び産じょく(妊娠高血圧症候群（再掲）),total,female,a30_34,30-34歳,30.0,34.0,False,False,2023,9.0,,
,妊娠高血圧症候群,True,１５　妊娠，分娩及び産じょく(妊娠高血圧症候群（再掲）),total,female,a35_39,35-39歳,35.0,39.0,False,False,2023,7.0,,
,妊娠高血圧症候群,True,１５　妊娠，分娩及び産じょく(妊娠高血圧症候群（再掲）),total,female,a40_44,40-44歳,40.0,44.0,False,False,2023,3.0,,
,妊娠高血圧症候群,True,１５　妊娠，分娩及び産じょく(妊娠高血圧症候群（再掲）),total,female,a45_49,45-49歳,45.0,49.0,False,False,2023,0.0,,
,妊娠高血圧症候群,True,１５　妊娠，分娩及び産じょく(妊娠高血圧症候群（再掲）),total,female,a50_54,50-54歳,50.0,54.0,False,False,2023,0.0,,
,妊娠高血圧症候群,True,１５　妊娠，分娩及び産じょく(妊娠高血圧症候群（再掲）),total,female,a55_59,55-59歳,55.0,59.0,False,False,2023,,,
,妊娠高血圧症候群,True,１５　妊娠，分娩及び産じょく(妊娠高血圧症候群（再掲）),total,female,a60_64,60-64歳,60.0,64.0,False,False,2023,,,
,妊娠高血圧症候群,True,１５　妊娠，分娩及び産じょく(妊娠高血圧症候群（再掲）),total,female,a65_69,65-69歳,65.0,69.0,False,False,2023,,,
,妊娠高血圧症候群,True,１５　妊娠，分娩及び産じょく(妊娠高血圧症候群（再掲）),total,female,r65p,65歳以上(再掲),65.0,,True,False,2023,,,
,妊娠高血圧症候群,True,１５　妊娠，分娩及び産じょく(妊娠高血圧症候群（再掲）),total,female,a70_74,70-74歳,70.0,74.0,False,False,2023,,,
,妊娠高血圧症候群,True,１５　妊娠，分娩及び産じょく(妊娠高血圧症候群（再掲）),total,female,r70p,70歳以上(再掲),70.0,,True,False,2023,,,
,妊娠高血圧症候群,True,１５　妊娠，分娩及び産じょく(妊娠高血圧症候群（再掲）),total,female,a75_79,75-79歳,75.0,79.0,False,False,2023,,,
,妊娠高血圧症候群,True,１５　妊娠，分娩及び産じょく(妊娠高血圧症候群（再掲）),total,female,r75p,75歳以上(再掲),75.0,,True,False,2023,,,
,妊娠高血圧症候群,True,１５　妊娠，分娩及び産じょく(妊娠高血圧症候群（再掲）),total,female,a80_84,80-84歳,80.0,84.0,False,False,2023,,,
,妊娠高血圧症候群,True,１５　妊娠，分娩及び産じょく(妊娠高血圧症候群（再掲）),total,female,a85_89,85-89歳,85.0,89.0,False,False,2023,,,
,妊娠高血圧症候群,True,１５　妊娠，分娩及び産じょく(妊娠高血圧症候群（再掲）),total,female,a90p,90歳以上,90.0,,False,False,2023,,,
,妊娠高血圧症候群,True,１５　妊娠，分娩及び産じょく(妊娠高血圧症候群（再掲）),total,female,total,総数,,,False,True,2023,1.0,,
,妊娠高血圧症候群,True,１５　妊娠，分娩及び産じょく(妊娠高血圧症候群（再掲）),total,male,a00,0歳,0.0,0.0,False,False,2023,,,
,妊娠高血圧症候群,True,１５　妊娠，分娩及び産じょく(妊娠高血圧症候群（再掲）),total,male,a01_04,1-4歳,1.0,4.0,False,False,2023,,,
,妊娠高血圧症候群,True,１５　妊娠，分娩及び産じょく(妊娠高血圧症候群（再掲）),total,male,a05_09,5-9歳,5.0,9.0,False,False,2023,,2478.0,
,妊娠高血圧症候群,True,１５　妊娠，分娩及び産じょく(妊娠高血圧症候群（再掲）),total,male,a10_14,10-14歳,10.0,14.0,False,False,2023,,2689.0,
,妊娠高血圧症候群,True,１５　妊娠，分娩及び産じょく(妊娠高血圧症候群（再掲）),total,male,a15_19,15-19歳,15.0,19.0,False,False,2023,,2818.0,
,妊娠高血圧症候群,True,１５　妊娠，分娩及び産じょく(妊娠高血圧症候群（再掲）),total,male,a20_24,20-24歳,20.0,24.0,False,False,2023,,3212.0,
,妊娠高血圧症候群,True,１５　妊娠，分娩及び産じょく(妊娠高血圧症候群（再掲）),total,male,a25_29,25-29歳,25.0,29.0,False,False,2023,,3333.0,
,妊娠高血圧症候群,True,１５　妊娠，分娩及び産じょく(妊娠高血圧症候群（再掲）),total,male,a30_34,30-34歳,30.0,34.0,False,False,2023,,3273.0,
,妊娠高血圧症候群,True,１５　妊娠，分娩及び産じょく(妊娠高血圧症候群（再掲）),total,male,a35_39,35-39歳,35.0,39.0,False,False,2023,,3593.0,
,妊娠高血圧症候群,True,１５　妊娠，分娩及び産じょく(妊娠高血圧症候群（再掲）),total,male,a40_44,40-44歳,40.0,44.0,False,False,2023,,3938.0,
,妊娠高血圧症候群,True,１５　妊娠，分娩及び産じょく(妊娠高血圧症候群（再掲）),total,male,a45_49,45-49歳,45.0,49.0,False,False,2023,,4620.0,
,妊娠高血圧症候群,True,１５　妊娠，分娩及び産じょく(妊娠高血圧症候群（再掲）),total,male,a50_54,50-54歳,50.0,54.0,False,False,2023,,4868.0,
,妊娠高血圧症候群,True,１５　妊娠，分娩及び産じょく(妊娠高血圧症候群（再掲）),total,male,a55_59,55-59歳,55.0,59.0,False,False,2023,,4143.0,
,妊娠高血圧症候群,True,１５　妊娠，分娩及び産じょく(妊娠高血圧症候群（再掲）),total,male,a60_64,60-64歳,60.0,64.0,False,False,2023,,3719.0,
,妊娠高血圧症候群,True,１５　妊娠，分娩及び産じょく(妊娠高血圧症候群（再掲）),total,male,a65_69,65-69歳,65.0,69.0,False,False,2023,,3569.0,
,妊娠高血圧症候群,True,１５　妊娠，分娩及び産じょく(妊娠高血圧症候群（再掲）),total,male,r65p,65歳以上(再掲),65.0,,True,False,2023,,,
,妊娠高血圧症候群,True,１５　妊娠，分娩及び産じょく(妊娠高血圧症候群（再掲）),total,male,a70_74,70-74歳,70.0,74.0,False,False,2023,,4161.0,
,妊娠高血圧症候群,True,１５　妊娠，分娩及び産じょく(妊娠高血圧症候群（再掲）),total,male,r70p,70歳以上(再掲),70.0,,True,False,2023,,,
,妊娠高血圧症候群,True,１５　妊娠，分娩及び産じょく(妊娠高血圧症候群（再掲）),total,male,a75_79,75-79歳,75.0,79.0,False,False,2023,,3365.0,
,妊娠高血圧症候群,True,１５　妊娠，分娩及び産じょく(妊娠高血圧症候群（再掲）),total,male,r75p,75歳以上(再掲),75.0,,True,False,2023,,,
,妊娠高血圧症候群,True,１５　妊娠，分娩及び産じょく(妊娠高血圧症候群（再掲）),total,male,a80_84,80-84歳,80.0,84.0,False,False,2023,,2458.0,
,妊娠高血圧症候群,True,１５　妊娠，分娩及び産じょく(妊娠高血圧症候群（再掲）),total,male,a85_89,85-89歳,85.0,89.0,False,False,2023,,1448.0,
,妊娠高血圧症候群,True,１５　妊娠，分娩及び産じょく(妊娠高血圧症候群（再掲）),total,male,a90p,90歳以上,90.0,,False,False,2023,,,
,妊娠高血圧症候群,True,１５　妊娠，分娩及び産じょく(妊娠高血圧症候群（再掲）),total,male,total,総数,,,False,True,2023,,60492.0,
,妊娠高血圧症候群,True,１５　妊娠，分娩及び産じょく(妊娠高血圧症候群（再掲）),total,total,a00,0歳,0.0,0.0,False,False,2023,,,
,妊娠高血圧症候群,True,１５　妊娠，分娩及び産じょく(妊娠高血圧症候群（再掲）),total,total,a01_04,1-4歳,1.0,4.0,False,False,2023,,,
,妊娠高血圧症候群,True,１５　妊娠，分娩及び産じょく(妊娠高血圧症候群（再掲）),total,total,a05_09,5-9歳,5.0,9.0,False,False,2023,,4838.0,
,妊娠高血圧症候群,True,１５　妊娠，分娩及び産じょく(妊娠高血圧症候群（再掲）),total,total,a10_14,10-14歳,10.0,14.0,False,False,2023,,5248.0,
,妊娠高血圧症候群,True,１５　妊娠，分娩及び産じょく(妊娠高血圧症候群（再掲）),total,total,a15_19,15-19歳,15.0,19.0,False,False,2023,,5494.0,
,妊娠高血圧症候群,True,１５　妊娠，分娩及び産じょく(妊娠高血圧症候群（再掲）),total,total,a20_24,20-24歳,20.0,24.0,False,False,2023,0.0,6236.0,0.0
,妊娠高血圧症候群,True,１５　妊娠，分娩及び産じょく(妊娠高血圧症候群（再掲）),total,total,a25_29,25-29歳,25.0,29.0,False,False,2023,2.0,6479.0,0.12958
,妊娠高血圧症候群,True,１５　妊娠，分娩及び産じょく(妊娠高血圧症候群（再掲）),total,total,a30_34,30-34歳,30.0,34.0,False,False,2023,4.0,6380.0,0.2552
,妊娠高血圧症候群,True,１５　妊娠，分娩及び産じょく(妊娠高血圧症候群（再掲）),total,total,a35_39,35-39歳,35.0,39.0,False,False,2023,4.0,7047.0,0.28188
,妊娠高血圧症候群,True,１５　妊娠，分娩及び産じょく(妊娠高血圧症候群（再掲）),total,total,a40_44,40-44歳,40.0,44.0,False,False,2023,2.0,7765.0,0.1553
,妊娠高血圧症候群,True,１５　妊娠，分娩及び産じょく(妊娠高血圧症候群（再掲）),total,total,a45_49,45-49歳,45.0,49.0,False,False,2023,0.0,9115.0,0.0
,妊娠高血圧症候群,True,１５　妊娠，分娩及び産じょく(妊娠高血圧症候群（再掲）),total,total,a50_54,50-54歳,50.0,54.0,False,False,2023,0.0,9650.0,0.0
,妊娠高血圧症候群,True,１５　妊娠，分娩及び産じょく(妊娠高血圧症候群（再掲）),total,total,a55_59,55-59歳,55.0,59.0,False,False,2023,,8279.0,
,妊娠高血圧症候群,True,１５　妊娠，分娩及び産じょく(妊娠高血圧症候群（再掲）),total,total,a60_64,60-64歳,60.0,64.0,False,False,2023,,7507.0,
,妊娠高血圧症候群,True,１５　妊娠，分娩及び産じょく(妊娠高血圧症候群（再掲）),total,total,a65_69,65-69歳,65.0,69.0,False,False,2023,,7332.0,
,妊娠高血圧症候群,True,１５　妊娠，分娩及び産じょく(妊娠高血圧症候群（再掲）),total,total,r65p,65歳以上(再掲),65.0,,True,False,2023,,36227.0,
,妊娠高血圧症候群,True,１５　妊娠，分娩及び産じょく(妊娠高血圧症候群（再掲）),total,total,a70_74,70-74歳,70.0,74.0,False,False,2023,,8817.0,
,妊娠高血圧症候群,True,１５　妊娠，分娩及び産じょく(妊娠高血圧症候群（再掲）),total,total,r70p,70歳以上(再掲),70.0,,True,False,2023,,,
,妊娠高血圧症候群,True,１５　妊娠，分娩及び産じょく(妊娠高血圧症候群（再掲）),total,total,a75_79,75-79歳,75.0,79.0,False,False,2023,,7474.0,
,妊娠高血圧症候群,True,１５　妊娠，分娩及び産じょく(妊娠高血圧症候群（再掲）),total,total,r75p,75歳以上(再掲),75.0,,True,False,2023,,20078.0,
,妊娠高血圧症候群,True,１５　妊娠，分娩及び産じょく(妊娠高血圧症候群（再掲）),total,total,a80_84,80-84歳,80.0,84.0,False,False,2023,,5895.0,
,妊娠高血圧症候群,True,１５　妊娠，分娩及び産じょく(妊娠高血圧症候群（再掲）),total,total,a85_89,85-89歳,85.0,89.0,False,False,2023,,3979.0,
,妊娠高血圧症候群,True,１５　妊娠，分娩及び産じょく(妊娠高血圧症候群（再掲）),total,total,a90p,90歳以上,90.0,,False,False,2023,,,
,妊娠高血圧症候群,True,１５　妊娠，分娩及び産じょく(妊娠高血圧症候群（再掲）),total,total,total,総数,,,False,True,2023,1.0,124352.0,1.24352
cardiovascular_all,循環器系の疾患,False,９　循環器系の疾患,total,female,a00,0歳,0.0,0.0,False,False,2023,17.0,,
cardiovascular_all,循環器系の疾患,False,９　循環器系の疾患,total,female,a01_04,1-4歳,1.0,4.0,False,False,2023,11.0,,
cardiovascular_all,循環器系の疾患,False,９　循環器系の疾患,total,female,a05_09,5-9歳,5.0,9.0,False,False,2023,15.0,,
cardiovascular_all,循環器系の疾患,False,９　循環器系の疾患,total,female,a10_14,10-14歳,10.0,14.0,False,False,2023,25.0,,
cardiovascular_all,循環器系の疾患,False,９　循環器系の疾患,total,female,a15_19,15-19歳,15.0,19.0,False,False,2023,25.0,,
cardiovascular_all,循環器系の疾患,False,９　循環器系の疾患,total,female,a20_24,20-24歳,20.0,24.0,False,False,2023,30.0,,
cardiovascular_all,循環器系の疾患,False,９　循環器系の疾患,total,female,a25_29,25-29歳,25.0,29.0,False,False,2023,35.0,,
cardiovascular_all,循環器系の疾患,False,９　循環器系の疾患,total,female,a30_34,30-34歳,30.0,34.0,False,False,2023,31.0,,
cardiovascular_all,循環器系の疾患,False,９　循環器系の疾患,total,female,a35_39,35-39歳,35.0,39.0,False,False,2023,60.0,,
cardiovascular_all,循環器系の疾患,False,９　循環器系の疾患,total,female,a40_44,40-44歳,40.0,44.0,False,False,2023,94.0,,
cardiovascular_all,循環器系の疾患,False,９　循環器系の疾患,total,female,a45_49,45-49歳,45.0,49.0,False,False,2023,191.0,,
cardiovascular_all,循環器系の疾患,False,９　循環器系の疾患,total,female,a50_54,50-54歳,50.0,54.0,False,False,2023,339.0,,
cardiovascular_all,循環器系の疾患,False,９　循環器系の疾患,total,female,a55_59,55-59歳,55.0,59.0,False,False,2023,527.0,,
cardiovascular_all,循環器系の疾患,False,９　循環器系の疾患,total,female,a60_64,60-64歳,60.0,64.0,False,False,2023,767.0,,
cardiovascular_all,循環器系の疾患,False,９　循環器系の疾患,total,female,a65_69,65-69歳,65.0,69.0,False,False,2023,1120.0,,
cardiovascular_all,循環器系の疾患,False,９　循環器系の疾患,total,female,r65p,65歳以上(再掲),65.0,,True,False,2023,2251.0,,
cardiovascular_all,循環器系の疾患,False,９　循環器系の疾患,total,female,a70_74,70-74歳,70.0,74.0,False,False,2023,1543.0,,
cardiovascular_all,循環器系の疾患,False,９　循環器系の疾患,total,female,r70p,70歳以上(再掲),70.0,,True,False,2023,2506.0,,
cardiovascular_all,循環器系の疾患,False,９　循環器系の疾患,total,female,a75_79,75-79歳,75.0,79.0,False,False,2023,2114.0,,
cardiovascular_all,循環器系の疾患,False,９　循環器系の疾患,total,female,r75p,75歳以上(再掲),75.0,,True,False,2023,2876.0,,
cardiovascular_all,循環器系の疾患,False,９　循環器系の疾患,total,female,a80_84,80-84歳,80.0,84.0,False,False,2023,2756.0,,
cardiovascular_all,循環器系の疾患,False,９　循環器系の疾患,total,female,a85_89,85-89歳,85.0,89.0,False,False,2023,3207.0,,
cardiovascular_all,循環器系の疾患,False,９　循環器系の疾患,total,female,a90p,90歳以上,90.0,,False,False,2023,4221.0,,
cardiovascular_all,循環器系の疾患,False,９　循環器系の疾患,total,female,total,総数,,,False,True,2023,859.0,,
cardiovascular_all,循環器系の疾患,False,９　循環器系の疾患,total,male,a00,0歳,0.0,0.0,False,False,2023,35.0,,
cardiovascular_all,循環器系の疾患,False,９　循環器系の疾患,total,male,a01_04,1-4歳,1.0,4.0,False,False,2023,13.0,,
cardiovascular_all,循環器系の疾患,False,９　循環器系の疾患,total,male,a05_09,5-9歳,5.0,9.0,False,False,2023,11.0,2478.0,0.27258
cardiovascular_all,循環器系の疾患,False,９　循環器系の疾患,total,male,a10_14,10-14歳,10.0,14.0,False,False,2023,21.0,2689.0,0.56469
cardiovascular_all,循環器系の疾患,False,９　循環器系の疾患,total,male,a15_19,15-19歳,15.0,19.0,False,False,2023,19.0,2818.0,0.53542
cardiovascular_all,循環器系の疾患,False,９　循環器系の疾患,total,male,a20_24,20-24歳,20.0,24.0,False,False,2023,23.0,3212.0,0.73876
cardiovascular_all,循環器系の疾患,False,９　循環器系の疾患,total,male,a25_29,25-29歳,25.0,29.0,False,False,2023,15.0,3333.0,0.49995
cardiovascular_all,循環器系の疾患,False,９　循環器系の疾患,total,male,a30_34,30-34歳,30.0,34.0,False,False,2023,42.0,3273.0,1.37466
cardiovascular_all,循環器系の疾患,False,９　循環器系の疾患,total,male,a35_39,35-39歳,35.0,39.0,False,False,2023,75.0,3593.0,2.69475
cardiovascular_all,循環器系の疾患,False,９　循環器系の疾患,total,male,a40_44,40-44歳,40.0,44.0,False,False,2023,156.0,3938.0,6.14328
cardiovascular_all,循環器系の疾患,False,９　循環器系の疾患,total,male,a45_49,45-49歳,45.0,49.0,False,False,2023,271.0,4620.0,12.5202
cardiovascular_all,循環器系の疾患,False,９　循環器系の疾患,total,male,a50_54,50-54歳,50.0,54.0,False,False,2023,477.0,4868.0,23.22036
cardiovascular_all,循環器系の疾患,False,９　循環器系の疾患,total,male,a55_59,55-59歳,55.0,59.0,False,False,2023,693.0,4143.0,28.71099
cardiovascular_all,循環器系の疾患,False,９　循環器系の疾患,total,male,a60_64,60-64歳,60.0,64.0,False,False,2023,1021.0,3719.0,37.97099
cardiovascular_all,循環器系の疾患,False,９　循環器系の疾患,total,male,a65_69,65-69歳,65.0,69.0,False,False,2023,1499.0,3569.0,53.49931
cardiovascular_all,循環器系の疾患,False,９　循環器系の疾患,total,male,r65p,65歳以上(再掲),65.0,,True,False,2023,2290.0,,
cardiovascular_all,循環器系の疾患,False,９　循環器系の疾患,total,male,a70_74,70-74歳,70.0,74.0,False,False,2023,1943.0,4161.0,80.84823
cardiovascular_all,循環器系の疾患,False,９　循環器系の疾患,total,male,r70p,70歳以上(再掲),70.0,,True,False,2023,2523.0,,
cardiovascular_all,循環器系の疾患,False,９　循環器系の疾患,total,male,a75_79,75-79歳,75.0,79.0,False,False,2023,2374.0,3365.0,79.8851
cardiovascular_all,循環器系の疾患,False,９　循環器系の疾患,total,male,r75p,75歳以上(再掲),75.0,,True,False,2023,2825.0,,
cardiovascular_all,循環器系の疾患,False,９　循環器系の疾患,total,male,a80_84,80-84歳,80.0,84.0,False,False,2023,2851.0,2458.0,70.07758
cardiovascular_all,循環器系の疾患,False,９　循環器系の疾患,total,male,a85_89,85-89歳,85.0,89.0,False,False,2023,3295.0,1448.0,47.7116
cardiovascular_all,循環器系の疾患,False,９　循環器系の疾患,total,male,a90p,90歳以上,90.0,,False,False,2023,3900.0,,
cardiovascular_all,循環器系の疾患,False,９　循環器系の疾患,total,male,total,総数,,,False,True,2023,787.0,60492.0,476.07204
cardiovascular_all,循環器系の疾患,False,９　循環器系の疾患,total,total,a00,0歳,0.0,0.0,False,False,2023,26.0,,
cardiovascular_all,循環器系の疾患,False,９　循環器系の疾患,total,total,a01_04,1-4歳,1.0,4.0,False,False,2023,12.0,,
cardiovascular_all,循環器系の疾患,False,９　循環器系の疾患,total,total,a05_09,5-9歳,5.0,9.0,False,False,2023,13.0,4838.0,0.62894
cardiovascular_all,循環器系の疾患,False,９　循環器系の疾患,total,total,a10_14,10-14歳,10.0,14.0,False,False,2023,23.0,5248.0,1.20704
cardiovascular_all,循環器系の疾患,False,９　循環器系の疾患,total,total,a15_19,15-19歳,15.0,19.0,False,False,2023,22.0,5494.0,1.20868
cardiovascular_all,循環器系の疾患,False,９　循環器系の疾患,total,total,a20_24,20-24歳,20.0,24.0,False,False,2023,27.0,6236.0,1.68372
cardiovascular_all,循環器系の疾患,False,９　循環器系の疾患,total,total,a25_29,25-29歳,25.0,29.0,False,False,2023,25.0,6479.0,1.61975
cardiovascular_all,循環器系の疾患,False,９　循環器系の疾患,total,total,a30_34,30-34歳,30.0,34.0,False,False,2023,37.0,6380.0,2.3606
cardiovascular_all,循環器系の疾患,False,９　循環器系の疾患,total,total,a35_39,35-39歳,35.0,39.0,False,False,2023,67.0,7047.0,4.72149
cardiovascular_all,循環器系の疾患,False,９　循環器系の疾患,total,total,a40_44,40-44歳,40.0,44.0,False,False,2023,126.0,7765.0,9.7839
cardiovascular_all,循環器系の疾患,False,９　循環器系の疾患,total,total,a45_49,45-49歳,45.0,49.0,False,False,2023,232.0,9115.0,21.1468
cardiovascular_all,循環器系の疾患,False,９　循環器系の疾患,total,total,a50_54,50-54歳,50.0,54.0,False,False,2023,408.0,9650.0,39.372
cardiovascular_all,循環器系の疾患,False,９　循環器系の疾患,total,total,a55_59,55-59歳,55.0,59.0,False,False,2023,610.0,8279.0,50.5019
cardiovascular_all,循環器系の疾患,False,９　循環器系の疾患,total,total,a60_64,60-64歳,60.0,64.0,False,False,2023,893.0,7507.0,67.03751
cardiovascular_all,循環器系の疾患,False,９　循環器系の疾患,total,total,a65_69,65-69歳,65.0,69.0,False,False,2023,1304.0,7332.0,95.60928
cardiovascular_all,循環器系の疾患,False,９　循環器系の疾患,total,total,r65p,65歳以上(再掲),65.0,,True,False,2023,2268.0,36227.0,821.62836
cardiovascular_all,循環器系の疾患,False,９　循環器系の疾患,total,total,a70_74,70-74歳,70.0,74.0,False,False,2023,1732.0,8817.0,152.71044
cardiovascular_all,循環器系の疾患,False,９　循環器系の疾患,total,total,r70p,70歳以上(再掲),70.0,,True,False,2023,2513.0,,
cardiovascular_all,循環器系の疾患,False,９　循環器系の疾患,total,total,a75_79,75-79歳,75.0,79.0,False,False,2023,2231.0,7474.0,166.74494
cardiovascular_all,循環器系の疾患,False,９　循環器系の疾患,total,total,r75p,75歳以上(再掲),75.0,,True,False,2023,2856.0,20078.0,573.42768
cardiovascular_all,循環器系の疾患,False,９　循環器系の疾患,total,total,a80_84,80-84歳,80.0,84.0,False,False,2023,2796.0,5895.0,164.8242
cardiovascular_all,循環器系の疾患,False,９　循環器系の疾患,total,total,a85_89,85-89歳,85.0,89.0,False,False,2023,3239.0,3979.0,128.87981
cardiovascular_all,循環器系の疾患,False,９　循環器系の疾患,total,total,a90p,90歳以上,90.0,,False,False,2023,4137.0,,
cardiovascular_all,循環器系の疾患,False,９　循環器系の疾患,total,total,total,総数,,,False,True,2023,824.0,124352.0,1024.66048
heart_disease,心疾患(高血圧性のものを除く),True,９　循環器系の疾患(（心疾患（高血圧性のものを除く））（再掲）),total,female,a00,0歳,0.0,0.0,False,False,2023,13.0,,
heart_disease,心疾患(高血圧性のものを除く),True,９　循環器系の疾患(（心疾患（高血圧性のものを除く））（再掲）),total,female,a01_04,1-4歳,1.0,4.0,False,False,2023,7.0,,
heart_disease,心疾患(高血圧性のものを除く),True,９　循環器系の疾患(（心疾患（高血圧性のものを除く））（再掲）),total,female,a05_09,5-9歳,5.0,9.0,False,False,2023,5.0,,
heart_disease,心疾患(高血圧性のものを除く),True,９　循環器系の疾患(（心疾患（高血圧性のものを除く））（再掲）),total,female,a10_14,10-14歳,10.0,14.0,False,False,2023,4.0,,
heart_disease,心疾患(高血圧性のものを除く),True,９　循環器系の疾患(（心疾患（高血圧性のものを除く））（再掲）),total,female,a15_19,15-19歳,15.0,19.0,False,False,2023,5.0,,
heart_disease,心疾患(高血圧性のものを除く),True,９　循環器系の疾患(（心疾患（高血圧性のものを除く））（再掲）),total,female,a20_24,20-24歳,20.0,24.0,False,False,2023,16.0,,
heart_disease,心疾患(高血圧性のものを除く),True,９　循環器系の疾患(（心疾患（高血圧性のものを除く））（再掲）),total,female,a25_29,25-29歳,25.0,29.0,False,False,2023,19.0,,
heart_disease,心疾患(高血圧性のものを除く),True,９　循環器系の疾患(（心疾患（高血圧性のものを除く））（再掲）),total,female,a30_34,30-34歳,30.0,34.0,False,False,2023,11.0,,
heart_disease,心疾患(高血圧性のものを除く),True,９　循環器系の疾患(（心疾患（高血圧性のものを除く））（再掲）),total,female,a35_39,35-39歳,35.0,39.0,False,False,2023,15.0,,
heart_disease,心疾患(高血圧性のものを除く),True,９　循環器系の疾患(（心疾患（高血圧性のものを除く））（再掲）),total,female,a40_44,40-44歳,40.0,44.0,False,False,2023,27.0,,
heart_disease,心疾患(高血圧性のものを除く),True,９　循環器系の疾患(（心疾患（高血圧性のものを除く））（再掲）),total,female,a45_49,45-49歳,45.0,49.0,False,False,2023,29.0,,
heart_disease,心疾患(高血圧性のものを除く),True,９　循環器系の疾患(（心疾患（高血圧性のものを除く））（再掲）),total,female,a50_54,50-54歳,50.0,54.0,False,False,2023,46.0,,
heart_disease,心疾患(高血圧性のものを除く),True,９　循環器系の疾患(（心疾患（高血圧性のものを除く））（再掲）),total,female,a55_59,55-59歳,55.0,59.0,False,False,2023,63.0,,
heart_disease,心疾患(高血圧性のものを除く),True,９　循環器系の疾患(（心疾患（高血圧性のものを除く））（再掲）),total,female,a60_64,60-64歳,60.0,64.0,False,False,2023,86.0,,
heart_disease,心疾患(高血圧性のものを除く),True,９　循環器系の疾患(（心疾患（高血圧性のものを除く））（再掲）),total,female,a65_69,65-69歳,65.0,69.0,False,False,2023,131.0,,
heart_disease,心疾患(高血圧性のものを除く),True,９　循環器系の疾患(（心疾患（高血圧性のものを除く））（再掲）),total,female,r65p,65歳以上(再掲),65.0,,True,False,2023,396.0,,
heart_disease,心疾患(高血圧性のものを除く),True,９　循環器系の疾患(（心疾患（高血圧性のものを除く））（再掲）),total,female,a70_74,70-74歳,70.0,74.0,False,False,2023,182.0,,
heart_disease,心疾患(高血圧性のものを除く),True,９　循環器系の疾患(（心疾患（高血圧性のものを除く））（再掲）),total,female,r70p,70歳以上(再掲),70.0,,True,False,2023,455.0,,
heart_disease,心疾患(高血圧性のものを除く),True,９　循環器系の疾患(（心疾患（高血圧性のものを除く））（再掲）),total,female,a75_79,75-79歳,75.0,79.0,False,False,2023,278.0,,
heart_disease,心疾患(高血圧性のものを除く),True,９　循環器系の疾患(（心疾患（高血圧性のものを除く））（再掲）),total,female,r75p,75歳以上(再掲),75.0,,True,False,2023,560.0,,
heart_disease,心疾患(高血圧性のものを除く),True,９　循環器系の疾患(（心疾患（高血圧性のものを除く））（再掲）),total,female,a80_84,80-84歳,80.0,84.0,False,False,2023,442.0,,
heart_disease,心疾患(高血圧性のものを除く),True,９　循環器系の疾患(（心疾患（高血圧性のものを除く））（再掲）),total,female,a85_89,85-89歳,85.0,89.0,False,False,2023,656.0,,
heart_disease,心疾患(高血圧性のものを除く),True,９　循環器系の疾患(（心疾患（高血圧性のものを除く））（再掲）),total,female,a90p,90歳以上,90.0,,False,False,2023,1216.0,,
heart_disease,心疾患(高血圧性のものを除く),True,９　循環器系の疾患(（心疾患（高血圧性のものを除く））（再掲）),total,female,total,総数,,,False,True,2023,147.0,,
heart_disease,心疾患(高血圧性のものを除く),True,９　循環器系の疾患(（心疾患（高血圧性のものを除く））（再掲）),total,male,a00,0歳,0.0,0.0,False,False,2023,32.0,,
heart_disease,心疾患(高血圧性のものを除く),True,９　循環器系の疾患(（心疾患（高血圧性のものを除く））（再掲）),total,male,a01_04,1-4歳,1.0,4.0,False,False,2023,3.0,,
heart_disease,心疾患(高血圧性のものを除く),True,９　循環器系の疾患(（心疾患（高血圧性のものを除く））（再掲）),total,male,a05_09,5-9歳,5.0,9.0,False,False,2023,5.0,2478.0,0.1239
heart_disease,心疾患(高血圧性のものを除く),True,９　循環器系の疾患(（心疾患（高血圧性のものを除く））（再掲）),total,male,a10_14,10-14歳,10.0,14.0,False,False,2023,7.0,2689.0,0.18823
heart_disease,心疾患(高血圧性のものを除く),True,９　循環器系の疾患(（心疾患（高血圧性のものを除く））（再掲）),total,male,a15_19,15-19歳,15.0,19.0,False,False,2023,7.0,2818.0,0.19726
heart_disease,心疾患(高血圧性のものを除く),True,９　循環器系の疾患(（心疾患（高血圧性のものを除く））（再掲）),total,male,a20_24,20-24歳,20.0,24.0,False,False,2023,10.0,3212.0,0.3212
heart_disease,心疾患(高血圧性のものを除く),True,９　循環器系の疾患(（心疾患（高血圧性のものを除く））（再掲）),total,male,a25_29,25-29歳,25.0,29.0,False,False,2023,6.0,3333.0,0.19998
heart_disease,心疾患(高血圧性のものを除く),True,９　循環器系の疾患(（心疾患（高血圧性のものを除く））（再掲）),total,male,a30_34,30-34歳,30.0,34.0,False,False,2023,11.0,3273.0,0.36003
heart_disease,心疾患(高血圧性のものを除く),True,９　循環器系の疾患(（心疾患（高血圧性のものを除く））（再掲）),total,male,a35_39,35-39歳,35.0,39.0,False,False,2023,18.0,3593.0,0.64674
heart_disease,心疾患(高血圧性のものを除く),True,９　循環器系の疾患(（心疾患（高血圧性のものを除く））（再掲）),total,male,a40_44,40-44歳,40.0,44.0,False,False,2023,29.0,3938.0,1.14202
heart_disease,心疾患(高血圧性のものを除く),True,９　循環器系の疾患(（心疾患（高血圧性のものを除く））（再掲）),total,male,a45_49,45-49歳,45.0,49.0,False,False,2023,43.0,4620.0,1.9866
heart_disease,心疾患(高血圧性のものを除く),True,９　循環器系の疾患(（心疾患（高血圧性のものを除く））（再掲）),total,male,a50_54,50-54歳,50.0,54.0,False,False,2023,71.0,4868.0,3.45628
heart_disease,心疾患(高血圧性のものを除く),True,９　循環器系の疾患(（心疾患（高血圧性のものを除く））（再掲）),total,male,a55_59,55-59歳,55.0,59.0,False,False,2023,114.0,4143.0,4.72302
heart_disease,心疾患(高血圧性のものを除く),True,９　循環器系の疾患(（心疾患（高血圧性のものを除く））（再掲）),total,male,a60_64,60-64歳,60.0,64.0,False,False,2023,201.0,3719.0,7.47519
heart_disease,心疾患(高血圧性のものを除く),True,９　循環器系の疾患(（心疾患（高血圧性のものを除く））（再掲）),total,male,a65_69,65-69歳,65.0,69.0,False,False,2023,264.0,3569.0,9.42216
heart_disease,心疾患(高血圧性のものを除く),True,９　循環器系の疾患(（心疾患（高血圧性のものを除く））（再掲）),total,male,r65p,65歳以上(再掲),65.0,,True,False,2023,515.0,,
heart_disease,心疾患(高血圧性のものを除く),True,９　循環器系の疾患(（心疾患（高血圧性のものを除く））（再掲）),total,male,a70_74,70-74歳,70.0,74.0,False,False,2023,384.0,4161.0,15.97824
heart_disease,心疾患(高血圧性のものを除く),True,９　循環器系の疾患(（心疾患（高血圧性のものを除く））（再掲）),total,male,r70p,70歳以上(再掲),70.0,,True,False,2023,589.0,,
heart_disease,心疾患(高血圧性のものを除く),True,９　循環器系の疾患(（心疾患（高血圧性のものを除く））（再掲）),total,male,a75_79,75-79歳,75.0,79.0,False,False,2023,491.0,3365.0,16.52215
heart_disease,心疾患(高血圧性のものを除く),True,９　循環器系の疾患(（心疾患（高血圧性のものを除く））（再掲）),total,male,r75p,75歳以上(再掲),75.0,,True,False,2023,695.0,,
heart_disease,心疾患(高血圧性のものを除く),True,９　循環器系の疾患(（心疾患（高血圧性のものを除く））（再掲）),total,male,a80_84,80-84歳,80.0,84.0,False,False,2023,683.0,2458.0,16.78814
heart_disease,心疾患(高血圧性のものを除く),True,９　循環器系の疾患(（心疾患（高血圧性のものを除く））（再掲）),total,male,a85_89,85-89歳,85.0,89.0,False,False,2023,889.0,1448.0,12.87272
heart_disease,心疾患(高血圧性のものを除く),True,９　循環器系の疾患(（心疾患（高血圧性のものを除く））（再掲）),total,male,a90p,90歳以上,90.0,,False,False,2023,1307.0,,
heart_disease,心疾患(高血圧性のものを除く),True,９　循環器系の疾患(（心疾患（高血圧性のものを除く））（再掲）),total,male,total,総数,,,False,True,2023,169.0,60492.0,102.23148
heart_disease,心疾患(高血圧性のものを除く),True,９　循環器系の疾患(（心疾患（高血圧性のものを除く））（再掲）),total,total,a00,0歳,0.0,0.0,False,False,2023,23.0,,
heart_disease,心疾患(高血圧性のものを除く),True,９　循環器系の疾患(（心疾患（高血圧性のものを除く））（再掲）),total,total,a01_04,1-4歳,1.0,4.0,False,False,2023,5.0,,
heart_disease,心疾患(高血圧性のものを除く),True,９　循環器系の疾患(（心疾患（高血圧性のものを除く））（再掲）),total,total,a05_09,5-9歳,5.0,9.0,False,False,2023,5.0,4838.0,0.2419
heart_disease,心疾患(高血圧性のものを除く),True,９　循環器系の疾患(（心疾患（高血圧性のものを除く））（再掲）),total,total,a10_14,10-14歳,10.0,14.0,False,False,2023,5.0,5248.0,0.2624
heart_disease,心疾患(高血圧性のものを除く),True,９　循環器系の疾患(（心疾患（高血圧性のものを除く））（再掲）),total,total,a15_19,15-19歳,15.0,19.0,False,False,2023,6.0,5494.0,0.32964
heart_disease,心疾患(高血圧性のものを除く),True,９　循環器系の疾患(（心疾患（高血圧性のものを除く））（再掲）),total,total,a20_24,20-24歳,20.0,24.0,False,False,2023,13.0,6236.0,0.81068
heart_disease,心疾患(高血圧性のものを除く),True,９　循環器系の疾患(（心疾患（高血圧性のものを除く））（再掲）),total,total,a25_29,25-29歳,25.0,29.0,False,False,2023,12.0,6479.0,0.77748
heart_disease,心疾患(高血圧性のものを除く),True,９　循環器系の疾患(（心疾患（高血圧性のものを除く））（再掲）),total,total,a30_34,30-34歳,30.0,34.0,False,False,2023,11.0,6380.0,0.7018
heart_disease,心疾患(高血圧性のものを除く),True,９　循環器系の疾患(（心疾患（高血圧性のものを除く））（再掲）),total,total,a35_39,35-39歳,35.0,39.0,False,False,2023,16.0,7047.0,1.12752
heart_disease,心疾患(高血圧性のものを除く),True,９　循環器系の疾患(（心疾患（高血圧性のものを除く））（再掲）),total,total,a40_44,40-44歳,40.0,44.0,False,False,2023,28.0,7765.0,2.1742
heart_disease,心疾患(高血圧性のものを除く),True,９　循環器系の疾患(（心疾患（高血圧性のものを除く））（再掲）),total,total,a45_49,45-49歳,45.0,49.0,False,False,2023,36.0,9115.0,3.2814
heart_disease,心疾患(高血圧性のものを除く),True,９　循環器系の疾患(（心疾患（高血圧性のものを除く））（再掲）),total,total,a50_54,50-54歳,50.0,54.0,False,False,2023,59.0,9650.0,5.6935
heart_disease,心疾患(高血圧性のものを除く),True,９　循環器系の疾患(（心疾患（高血圧性のものを除く））（再掲）),total,total,a55_59,55-59歳,55.0,59.0,False,False,2023,88.0,8279.0,7.28552
heart_disease,心疾患(高血圧性のものを除く),True,９　循環器系の疾患(（心疾患（高血圧性のものを除く））（再掲）),total,total,a60_64,60-64歳,60.0,64.0,False,False,2023,143.0,7507.0,10.73501
heart_disease,心疾患(高血圧性のものを除く),True,９　循環器系の疾患(（心疾患（高血圧性のものを除く））（再掲）),total,total,a65_69,65-69歳,65.0,69.0,False,False,2023,196.0,7332.0,14.37072
heart_disease,心疾患(高血圧性のものを除く),True,９　循環器系の疾患(（心疾患（高血圧性のものを除く））（再掲）),total,total,r65p,65歳以上(再掲),65.0,,True,False,2023,447.0,36227.0,161.93469
heart_disease,心疾患(高血圧性のものを除く),True,９　循環器系の疾患(（心疾患（高血圧性のものを除く））（再掲）),total,total,a70_74,70-74歳,70.0,74.0,False,False,2023,278.0,8817.0,24.51126
heart_disease,心疾患(高血圧性のものを除く),True,９　循環器系の疾患(（心疾患（高血圧性のものを除く））（再掲）),total,total,r70p,70歳以上(再掲),70.0,,True,False,2023,511.0,,
heart_disease,心疾患(高血圧性のものを除く),True,９　循環器系の疾患(（心疾患（高血圧性のものを除く））（再掲）),total,total,a75_79,75-79歳,75.0,79.0,False,False,2023,374.0,7474.0,27.95276
heart_disease,心疾患(高血圧性のものを除く),True,９　循環器系の疾患(（心疾患（高血圧性のものを除く））（再掲）),total,total,r75p,75歳以上(再掲),75.0,,True,False,2023,614.0,20078.0,123.27892
heart_disease,心疾患(高血圧性のものを除く),True,９　循環器系の疾患(（心疾患（高血圧性のものを除く））（再掲）),total,total,a80_84,80-84歳,80.0,84.0,False,False,2023,542.0,5895.0,31.9509
heart_disease,心疾患(高血圧性のものを除く),True,９　循環器系の疾患(（心疾患（高血圧性のものを除く））（再掲）),total,total,a85_89,85-89歳,85.0,89.0,False,False,2023,741.0,3979.0,29.48439
heart_disease,心疾患(高血圧性のものを除く),True,９　循環器系の疾患(（心疾患（高血圧性のものを除く））（再掲）),total,total,a90p,90歳以上,90.0,,False,False,2023,1240.0,,
heart_disease,心疾患(高血圧性のものを除く),True,９　循環器系の疾患(（心疾患（高血圧性のものを除く））（再掲）),total,total,total,総数,,,False,True,2023,158.0,124352.0,196.47616
,急性上気道感染症,True,１０　呼吸器系の疾患(急性上気道感染症（再掲）),total,female,a00,0歳,0.0,0.0,False,False,2023,1041.0,,
,急性上気道感染症,True,１０　呼吸器系の疾患(急性上気道感染症（再掲）),total,female,a01_04,1-4歳,1.0,4.0,False,False,2023,1316.0,,
,急性上気道感染症,True,１０　呼吸器系の疾患(急性上気道感染症（再掲）),total,female,a05_09,5-9歳,5.0,9.0,False,False,2023,751.0,,
,急性上気道感染症,True,１０　呼吸器系の疾患(急性上気道感染症（再掲）),total,female,a10_14,10-14歳,10.0,14.0,False,False,2023,358.0,,
,急性上気道感染症,True,１０　呼吸器系の疾患(急性上気道感染症（再掲）),total,female,a15_19,15-19歳,15.0,19.0,False,False,2023,194.0,,
,急性上気道感染症,True,１０　呼吸器系の疾患(急性上気道感染症（再掲）),total,female,a20_24,20-24歳,20.0,24.0,False,False,2023,179.0,,
,急性上気道感染症,True,１０　呼吸器系の疾患(急性上気道感染症（再掲）),total,female,a25_29,25-29歳,25.0,29.0,False,False,2023,189.0,,
,急性上気道感染症,True,１０　呼吸器系の疾患(急性上気道感染症（再掲）),total,female,a30_34,30-34歳,30.0,34.0,False,False,2023,190.0,,
,急性上気道感染症,True,１０　呼吸器系の疾患(急性上気道感染症（再掲）),total,female,a35_39,35-39歳,35.0,39.0,False,False,2023,232.0,,
,急性上気道感染症,True,１０　呼吸器系の疾患(急性上気道感染症（再掲）),total,female,a40_44,40-44歳,40.0,44.0,False,False,2023,178.0,,
,急性上気道感染症,True,１０　呼吸器系の疾患(急性上気道感染症（再掲）),total,female,a45_49,45-49歳,45.0,49.0,False,False,2023,127.0,,
,急性上気道感染症,True,１０　呼吸器系の疾患(急性上気道感染症（再掲）),total,female,a50_54,50-54歳,50.0,54.0,False,False,2023,87.0,,
,急性上気道感染症,True,１０　呼吸器系の疾患(急性上気道感染症（再掲）),total,female,a55_59,55-59歳,55.0,59.0,False,False,2023,72.0,,
,急性上気道感染症,True,１０　呼吸器系の疾患(急性上気道感染症（再掲）),total,female,a60_64,60-64歳,60.0,64.0,False,False,2023,96.0,,
,急性上気道感染症,True,１０　呼吸器系の疾患(急性上気道感染症（再掲）),total,female,a65_69,65-69歳,65.0,69.0,False,False,2023,75.0,,
,急性上気道感染症,True,１０　呼吸器系の疾患(急性上気道感染症（再掲）),total,female,r65p,65歳以上(再掲),65.0,,True,False,2023,52.0,,
,急性上気道感染症,True,１０　呼吸器系の疾患(急性上気道感染症（再掲）),total,female,a70_74,70-74歳,70.0,74.0,False,False,2023,59.0,,
,急性上気道感染症,True,１０　呼吸器系の疾患(急性上気道感染症（再掲）),total,female,r70p,70歳以上(再掲),70.0,,True,False,2023,47.0,,
,急性上気道感染症,True,１０　呼吸器系の疾患(急性上気道感染症（再掲）),total,female,a75_79,75-79歳,75.0,79.0,False,False,2023,63.0,,
,急性上気道感染症,True,１０　呼吸器系の疾患(急性上気道感染症（再掲）),total,female,r75p,75歳以上(再掲),75.0,,True,False,2023,43.0,,
,急性上気道感染症,True,１０　呼吸器系の疾患(急性上気道感染症（再掲）),total,female,a80_84,80-84歳,80.0,84.0,False,False,2023,41.0,,
,急性上気道感染症,True,１０　呼吸器系の疾患(急性上気道感染症（再掲）),total,female,a85_89,85-89歳,85.0,89.0,False,False,2023,34.0,,
,急性上気道感染症,True,１０　呼吸器系の疾患(急性上気道感染症（再掲）),total,female,a90p,90歳以上,90.0,,False,False,2023,16.0,,
,急性上気道感染症,True,１０　呼吸器系の疾患(急性上気道感染症（再掲）),total,female,total,総数,,,False,True,2023,183.0,,
,急性上気道感染症,True,１０　呼吸器系の疾患(急性上気道感染症（再掲）),total,male,a00,0歳,0.0,0.0,False,False,2023,1189.0,,
,急性上気道感染症,True,１０　呼吸器系の疾患(急性上気道感染症（再掲）),total,male,a01_04,1-4歳,1.0,4.0,False,False,2023,1286.0,,
,急性上気道感染症,True,１０　呼吸器系の疾患(急性上気道感染症（再掲）),total,male,a05_09,5-9歳,5.0,9.0,False,False,2023,713.0,2478.0,17.66814
,急性上気道感染症,True,１０　呼吸器系の疾患(急性上気道感染症（再掲）),total,male,a10_14,10-14歳,10.0,14.0,False,False,2023,420.0,2689.0,11.2938
,急性上気道感染症,True,１０　呼吸器系の疾患(急性上気道感染症（再掲）),total,male,a15_19,15-19歳,15.0,19.0,False,False,2023,253.0,2818.0,7.12954
,急性上気道感染症,True,１０　呼吸器系の疾患(急性上気道感染症（再掲）),total,male,a20_24,20-24歳,20.0,24.0,False,False,2023,116.0,3212.0,3.72592
,急性上気道感染症,True,１０　呼吸器系の疾患(急性上気道感染症（再掲）),total,male,a25_29,25-29歳,25.0,29.0,False,False,2023,117.0,3333.0,3.89961
,急性上気道感染症,True,１０　呼吸器系の疾患(急性上気道感染症（再掲）),total,male,a30_34,30-34歳,30.0,34.0,False,False,2023,148.0,3273.0,4.84404
,急性上気道感染症,True,１０　呼吸器系の疾患(急性上気道感染症（再掲）),total,male,a35_39,35-39歳,35.0,39.0,False,False,2023,126.0,3593.0,4.52718
,急性上気道感染症,True,１０　呼吸器系の疾患(急性上気道感染症（再掲）),total,male,a40_44,40-44歳,40.0,44.0,False,False,2023,103.0,3938.0,4.05614
,急性上気道感染症,True,１０　呼吸器系の疾患(急性上気道感染症（再掲）),total,male,a45_49,45-49歳,45.0,49.0,False,False,2023,69.0,4620.0,3.1878
,急性上気道感染症,True,１０　呼吸器系の疾患(急性上気道感染症（再掲）),total,male,a50_54,50-54歳,50.0,54.0,False,False,2023,74.0,4868.0,3.60232
,急性上気道感染症,True,１０　呼吸器系の疾患(急性上気道感染症（再掲）),total,male,a55_59,55-59歳,55.0,59.0,False,False,2023,54.0,4143.0,2.23722
,急性上気道感染症,True,１０　呼吸器系の疾患(急性上気道感染症（再掲）),total,male,a60_64,60-64歳,60.0,64.0,False,False,2023,45.0,3719.0,1.67355
,急性上気道感染症,True,１０　呼吸器系の疾患(急性上気道感染症（再掲）),total,male,a65_69,65-69歳,65.0,69.0,False,False,2023,48.0,3569.0,1.71312
,急性上気道感染症,True,１０　呼吸器系の疾患(急性上気道感染症（再掲）),total,male,r65p,65歳以上(再掲),65.0,,True,False,2023,46.0,,
,急性上気道感染症,True,１０　呼吸器系の疾患(急性上気道感染症（再掲）),total,male,a70_74,70-74歳,70.0,74.0,False,False,2023,55.0,4161.0,2.28855
,急性上気道感染症,True,１０　呼吸器系の疾患(急性上気道感染症（再掲）),total,male,r70p,70歳以上(再掲),70.0,,True,False,2023,46.0,,
,急性上気道感染症,True,１０　呼吸器系の疾患(急性上気道感染症（再掲）),total,male,a75_79,75-79歳,75.0,79.0,False,False,2023,44.0,3365.0,1.4806
,急性上気道感染症,True,１０　呼吸器系の疾患(急性上気道感染症（再掲）),total,male,r75p,75歳以上(再掲),75.0,,True,False,2023,41.0,,
,急性上気道感染症,True,１０　呼吸器系の疾患(急性上気道感染症（再掲）),total,male,a80_84,80-84歳,80.0,84.0,False,False,2023,34.0,2458.0,0.83572
,急性上気道感染症,True,１０　呼吸器系の疾患(急性上気道感染症（再掲）),total,male,a85_89,85-89歳,85.0,89.0,False,False,2023,44.0,1448.0,0.63712
,急性上気道感染症,True,１０　呼吸器系の疾患(急性上気道感染症（再掲）),total,male,a90p,90歳以上,90.0,,False,False,2023,48.0,,
,急性上気道感染症,True,１０　呼吸器系の疾患(急性上気道感染症（再掲）),total,male,total,総数,,,False,True,2023,168.0,60492.0,101.62656
,急性上気道感染症,True,１０　呼吸器系の疾患(急性上気道感染症（再掲）),total,total,a00,0歳,0.0,0.0,False,False,2023,1117.0,,
,急性上気道感染症,True,１０　呼吸器系の疾患(急性上気道感染症（再掲）),total,total,a01_04,1-4歳,1.0,4.0,False,False,2023,1301.0,,
,急性上気道感染症,True,１０　呼吸器系の疾患(急性上気道感染症（再掲）),total,total,a05_09,5-9歳,5.0,9.0,False,False,2023,732.0,4838.0,35.41416
,急性上気道感染症,True,１０　呼吸器系の疾患(急性上気道感染症（再掲）),total,total,a10_14,10-14歳,10.0,14.0,False,False,2023,390.0,5248.0,20.4672
,急性上気道感染症,True,１０　呼吸器系の疾患(急性上気道感染症（再掲）),total,total,a15_19,15-19歳,15.0,19.0,False,False,2023,224.0,5494.0,12.30656
,急性上気道感染症,True,１０　呼吸器系の疾患(急性上気道感染症（再掲）),total,total,a20_24,20-24歳,20.0,24.0,False,False,2023,147.0,6236.0,9.16692
,急性上気道感染症,True,１０　呼吸器系の疾患(急性上気道感染症（再掲）),total,total,a25_29,25-29歳,25.0,29.0,False,False,2023,152.0,6479.0,9.84808
,急性上気道感染症,True,１０　呼吸器系の疾患(急性上気道感染症（再掲）),total,total,a30_34,30-34歳,30.0,34.0,False,False,2023,168.0,6380.0,10.7184
,急性上気道感染症,True,１０　呼吸器系の疾患(急性上気道感染症（再掲）),total,total,a35_39,35-39歳,35.0,39.0,False,False,2023,178.0,7047.0,12.54366
,急性上気道感染症,True,１０　呼吸器系の疾患(急性上気道感染症（再掲）),total,total,a40_44,40-44歳,40.0,44.0,False,False,2023,140.0,7765.0,10.871
,急性上気道感染症,True,１０　呼吸器系の疾患(急性上気道感染症（再掲）),total,total,a45_49,45-49歳,45.0,49.0,False,False,2023,98.0,9115.0,8.9327
,急性上気道感染症,True,１０　呼吸器系の疾患(急性上気道感染症（再掲）),total,total,a50_54,50-54歳,50.0,54.0,False,False,2023,81.0,9650.0,7.8165
,急性上気道感染症,True,１０　呼吸器系の疾患(急性上気道感染症（再掲）),total,total,a55_59,55-59歳,55.0,59.0,False,False,2023,63.0,8279.0,5.21577
,急性上気道感染症,True,１０　呼吸器系の疾患(急性上気道感染症（再掲）),total,total,a60_64,60-64歳,60.0,64.0,False,False,2023,71.0,7507.0,5.32997
,急性上気道感染症,True,１０　呼吸器系の疾患(急性上気道感染症（再掲）),total,total,a65_69,65-69歳,65.0,69.0,False,False,2023,62.0,7332.0,4.54584
,急性上気道感染症,True,１０　呼吸器系の疾患(急性上気道感染症（再掲）),total,total,r65p,65歳以上(再掲),65.0,,True,False,2023,50.0,36227.0,18.1135
,急性上気道感染症,True,１０　呼吸器系の疾患(急性上気道感染症（再掲）),total,total,a70_74,70-74歳,70.0,74.0,False,False,2023,57.0,8817.0,5.02569
,急性上気道感染症,True,１０　呼吸器系の疾患(急性上気道感染症（再掲）),total,total,r70p,70歳以上(再掲),70.0,,True,False,2023,47.0,,
,急性上気道感染症,True,１０　呼吸器系の疾患(急性上気道感染症（再掲）),total,total,a75_79,75-79歳,75.0,79.0,False,False,2023,54.0,7474.0,4.03596
,急性上気道感染症,True,１０　呼吸器系の疾患(急性上気道感染症（再掲）),total,total,r75p,75歳以上(再掲),75.0,,True,False,2023,42.0,20078.0,8.43276
,急性上気道感染症,True,１０　呼吸器系の疾患(急性上気道感染症（再掲）),total,total,a80_84,80-84歳,80.0,84.0,False,False,2023,38.0,5895.0,2.2401
,急性上気道感染症,True,１０　呼吸器系の疾患(急性上気道感染症（再掲）),total,total,a85_89,85-89歳,85.0,89.0,False,False,2023,37.0,3979.0,1.47223
,急性上気道感染症,True,１０　呼吸器系の疾患(急性上気道感染症（再掲）),total,total,a90p,90歳以上,90.0,,False,False,2023,24.0,,
,急性上気道感染症,True,１０　呼吸器系の疾患(急性上気道感染症（再掲）),total,total,total,総数,,,False,True,2023,176.0,124352.0,218.85952
,急性気管支炎及び急性細気管支炎,True,１０　呼吸器系の疾患(急性気管支炎及び急性細気管支炎（再掲）),total,female,a00,0歳,0.0,0.0,False,False,2023,378.0,,
,急性気管支炎及び急性細気管支炎,True,１０　呼吸器系の疾患(急性気管支炎及び急性細気管支炎（再掲）),total,female,a01_04,1-4歳,1.0,4.0,False,False,2023,649.0,,
,急性気管支炎及び急性細気管支炎,True,１０　呼吸器系の疾患(急性気管支炎及び急性細気管支炎（再掲）),total,female,a05_09,5-9歳,5.0,9.0,False,False,2023,350.0,,
,急性気管支炎及び急性細気管支炎,True,１０　呼吸器系の疾患(急性気管支炎及び急性細気管支炎（再掲）),total,female,a10_14,10-14歳,10.0,14.0,False,False,2023,112.0,,
,急性気管支炎及び急性細気管支炎,True,１０　呼吸器系の疾患(急性気管支炎及び急性細気管支炎（再掲）),total,female,a15_19,15-19歳,15.0,19.0,False,False,2023,61.0,,
,急性気管支炎及び急性細気管支炎,True,１０　呼吸器系の疾患(急性気管支炎及び急性細気管支炎（再掲）),total,female,a20_24,20-24歳,20.0,24.0,False,False,2023,48.0,,
,急性気管支炎及び急性細気管支炎,True,１０　呼吸器系の疾患(急性気管支炎及び急性細気管支炎（再掲）),total,female,a25_29,25-29歳,25.0,29.0,False,False,2023,36.0,,
,急性気管支炎及び急性細気管支炎,True,１０　呼吸器系の疾患(急性気管支炎及び急性細気管支炎（再掲）),total,female,a30_34,30-34歳,30.0,34.0,False,False,2023,50.0,,
,急性気管支炎及び急性細気管支炎,True,１０　呼吸器系の疾患(急性気管支炎及び急性細気管支炎（再掲）),total,female,a35_39,35-39歳,35.0,39.0,False,False,2023,52.0,,
,急性気管支炎及び急性細気管支炎,True,１０　呼吸器系の疾患(急性気管支炎及び急性細気管支炎（再掲）),total,female,a40_44,40-44歳,40.0,44.0,False,False,2023,41.0,,
,急性気管支炎及び急性細気管支炎,True,１０　呼吸器系の疾患(急性気管支炎及び急性細気管支炎（再掲）),total,female,a45_49,45-49歳,45.0,49.0,False,False,2023,26.0,,
,急性気管支炎及び急性細気管支炎,True,１０　呼吸器系の疾患(急性気管支炎及び急性細気管支炎（再掲）),total,female,a50_54,50-54歳,50.0,54.0,False,False,2023,17.0,,
,急性気管支炎及び急性細気管支炎,True,１０　呼吸器系の疾患(急性気管支炎及び急性細気管支炎（再掲）),total,female,a55_59,55-59歳,55.0,59.0,False,False,2023,24.0,,
,急性気管支炎及び急性細気管支炎,True,１０　呼吸器系の疾患(急性気管支炎及び急性細気管支炎（再掲）),total,female,a60_64,60-64歳,60.0,64.0,False,False,2023,23.0,,
,急性気管支炎及び急性細気管支炎,True,１０　呼吸器系の疾患(急性気管支炎及び急性細気管支炎（再掲）),total,female,a65_69,65-69歳,65.0,69.0,False,False,2023,19.0,,
,急性気管支炎及び急性細気管支炎,True,１０　呼吸器系の疾患(急性気管支炎及び急性細気管支炎（再掲）),total,female,r65p,65歳以上(再掲),65.0,,True,False,2023,17.0,,
,急性気管支炎及び急性細気管支炎,True,１０　呼吸器系の疾患(急性気管支炎及び急性細気管支炎（再掲）),total,female,a70_74,70-74歳,70.0,74.0,False,False,2023,16.0,,
,急性気管支炎及び急性細気管支炎,True,１０　呼吸器系の疾患(急性気管支炎及び急性細気管支炎（再掲）),total,female,r70p,70歳以上(再掲),70.0,,True,False,2023,16.0,,
,急性気管支炎及び急性細気管支炎,True,１０　呼吸器系の疾患(急性気管支炎及び急性細気管支炎（再掲）),total,female,a75_79,75-79歳,75.0,79.0,False,False,2023,22.0,,
,急性気管支炎及び急性細気管支炎,True,１０　呼吸器系の疾患(急性気管支炎及び急性細気管支炎（再掲）),total,female,r75p,75歳以上(再掲),75.0,,True,False,2023,17.0,,
,急性気管支炎及び急性細気管支炎,True,１０　呼吸器系の疾患(急性気管支炎及び急性細気管支炎（再掲）),total,female,a80_84,80-84歳,80.0,84.0,False,False,2023,8.0,,
,急性気管支炎及び急性細気管支炎,True,１０　呼吸器系の疾患(急性気管支炎及び急性細気管支炎（再掲）),total,female,a85_89,85-89歳,85.0,89.0,False,False,2023,21.0,,
,急性気管支炎及び急性細気管支炎,True,１０　呼吸器系の疾患(急性気管支炎及び急性細気管支炎（再掲）),total,female,a90p,90歳以上,90.0,,False,False,2023,15.0,,
,急性気管支炎及び急性細気管支炎,True,１０　呼吸器系の疾患(急性気管支炎及び急性細気管支炎（再掲）),total,female,total,総数,,,False,True,2023,62.0,,
,急性気管支炎及び急性細気管支炎,True,１０　呼吸器系の疾患(急性気管支炎及び急性細気管支炎（再掲）),total,male,a00,0歳,0.0,0.0,False,False,2023,482.0,,
,急性気管支炎及び急性細気管支炎,True,１０　呼吸器系の疾患(急性気管支炎及び急性細気管支炎（再掲）),total,male,a01_04,1-4歳,1.0,4.0,False,False,2023,662.0,,
,急性気管支炎及び急性細気管支炎,True,１０　呼吸器系の疾患(急性気管支炎及び急性細気管支炎（再掲）),total,male,a05_09,5-9歳,5.0,9.0,False,False,2023,335.0,2478.0,8.3013
,急性気管支炎及び急性細気管支炎,True,１０　呼吸器系の疾患(急性気管支炎及び急性細気管支炎（再掲）),total,male,a10_14,10-14歳,10.0,14.0,False,False,2023,163.0,2689.0,4.38307
,急性気管支炎及び急性細気管支炎,True,１０　呼吸器系の疾患(急性気管支炎及び急性細気管支炎（再掲）),total,male,a15_19,15-19歳,15.0,19.0,False,False,2023,64.0,2818.0,1.80352
,急性気管支炎及び急性細気管支炎,True,１０　呼吸器系の疾患(急性気管支炎及び急性細気管支炎（再掲）),total,male,a20_24,20-24歳,20.0,24.0,False,False,2023,22.0,3212.0,0.70664
,急性気管支炎及び急性細気管支炎,True,１０　呼吸器系の疾患(急性気管支炎及び急性細気管支炎（再掲）),total,male,a25_29,25-29歳,25.0,29.0,False,False,2023,22.0,3333.0,0.73326
,急性気管支炎及び急性細気管支炎,True,１０　呼吸器系の疾患(急性気管支炎及び急性細気管支炎（再掲）),total,male,a30_34,30-34歳,30.0,34.0,False,False,2023,33.0,3273.0,1.08009
,急性気管支炎及び急性細気管支炎,True,１０　呼吸器系の疾患(急性気管支炎及び急性細気管支炎（再掲）),total,male,a35_39,35-39歳,35.0,39.0,False,False,2023,30.0,3593.0,1.0779
,急性気管支炎及び急性細気管支炎,True,１０　呼吸器系の疾患(急性気管支炎及び急性細気管支炎（再掲）),total,male,a40_44,40-44歳,40.0,44.0,False,False,2023,23.0,3938.0,0.90574
,急性気管支炎及び急性細気管支炎,True,１０　呼吸器系の疾患(急性気管支炎及び急性細気管支炎（再掲）),total,male,a45_49,45-49歳,45.0,49.0,False,False,2023,22.0,4620.0,1.0164
,急性気管支炎及び急性細気管支炎,True,１０　呼吸器系の疾患(急性気管支炎及び急性細気管支炎（再掲）),total,male,a50_54,50-54歳,50.0,54.0,False,False,2023,18.0,4868.0,0.87624
,急性気管支炎及び急性細気管支炎,True,１０　呼吸器系の疾患(急性気管支炎及び急性細気管支炎（再掲）),total,male,a55_59,55-59歳,55.0,59.0,False,False,2023,21.0,4143.0,0.87003
,急性気管支炎及び急性細気管支炎,True,１０　呼吸器系の疾患(急性気管支炎及び急性細気管支炎（再掲）),total,male,a60_64,60-64歳,60.0,64.0,False,False,2023,21.0,3719.0,0.78099
,急性気管支炎及び急性細気管支炎,True,１０　呼吸器系の疾患(急性気管支炎及び急性細気管支炎（再掲）),total,male,a65_69,65-69歳,65.0,69.0,False,False,2023,23.0,3569.0,0.82087
,急性気管支炎及び急性細気管支炎,True,１０　呼吸器系の疾患(急性気管支炎及び急性細気管支炎（再掲）),total,male,r65p,65歳以上(再掲),65.0,,True,False,2023,16.0,,
,急性気管支炎及び急性細気管支炎,True,１０　呼吸器系の疾患(急性気管支炎及び急性細気管支炎（再掲）),total,male,a70_74,70-74歳,70.0,74.0,False,False,2023,12.0,4161.0,0.49932
,急性気管支炎及び急性細気管支炎,True,１０　呼吸器系の疾患(急性気管支炎及び急性細気管支炎（再掲）),total,male,r70p,70歳以上(再掲),70.0,,True,False,2023,14.0,,
,急性気管支炎及び急性細気管支炎,True,１０　呼吸器系の疾患(急性気管支炎及び急性細気管支炎（再掲）),total,male,a75_79,75-79歳,75.0,79.0,False,False,2023,17.0,3365.0,0.57205
,急性気管支炎及び急性細気管支炎,True,１０　呼吸器系の疾患(急性気管支炎及び急性細気管支炎（再掲）),total,male,r75p,75歳以上(再掲),75.0,,True,False,2023,15.0,,
,急性気管支炎及び急性細気管支炎,True,１０　呼吸器系の疾患(急性気管支炎及び急性細気管支炎（再掲）),total,male,a80_84,80-84歳,80.0,84.0,False,False,2023,11.0,2458.0,0.27038
,急性気管支炎及び急性細気管支炎,True,１０　呼吸器系の疾患(急性気管支炎及び急性細気管支炎（再掲）),total,male,a85_89,85-89歳,85.0,89.0,False,False,2023,15.0,1448.0,0.2172
,急性気管支炎及び急性細気管支炎,True,１０　呼吸器系の疾患(急性気管支炎及び急性細気管支炎（再掲）),total,male,a90p,90歳以上,90.0,,False,False,2023,15.0,,
,急性気管支炎及び急性細気管支炎,True,１０　呼吸器系の疾患(急性気管支炎及び急性細気管支炎（再掲）),total,male,total,総数,,,False,True,2023,63.0,60492.0,38.10996
,急性気管支炎及び急性細気管支炎,True,１０　呼吸器系の疾患(急性気管支炎及び急性細気管支炎（再掲）),total,total,a00,0歳,0.0,0.0,False,False,2023,431.0,,
,急性気管支炎及び急性細気管支炎,True,１０　呼吸器系の疾患(急性気管支炎及び急性細気管支炎（再掲）),total,total,a01_04,1-4歳,1.0,4.0,False,False,2023,656.0,,
,急性気管支炎及び急性細気管支炎,True,１０　呼吸器系の疾患(急性気管支炎及び急性細気管支炎（再掲）),total,total,a05_09,5-9歳,5.0,9.0,False,False,2023,342.0,4838.0,16.54596
,急性気管支炎及び急性細気管支炎,True,１０　呼吸器系の疾患(急性気管支炎及び急性細気管支炎（再掲）),total,total,a10_14,10-14歳,10.0,14.0,False,False,2023,138.0,5248.0,7.24224
,急性気管支炎及び急性細気管支炎,True,１０　呼吸器系の疾患(急性気管支炎及び急性細気管支炎（再掲）),total,total,a15_19,15-19歳,15.0,19.0,False,False,2023,63.0,5494.0,3.46122
,急性気管支炎及び急性細気管支炎,True,１０　呼吸器系の疾患(急性気管支炎及び急性細気管支炎（再掲）),total,total,a20_24,20-24歳,20.0,24.0,False,False,2023,35.0,6236.0,2.1826
,急性気管支炎及び急性細気管支炎,True,１０　呼吸器系の疾患(急性気管支炎及び急性細気管支炎（再掲）),total,total,a25_29,25-29歳,25.0,29.0,False,False,2023,29.0,6479.0,1.87891
,急性気管支炎及び急性細気管支炎,True,１０　呼吸器系の疾患(急性気管支炎及び急性細気管支炎（再掲）),total,total,a30_34,30-34歳,30.0,34.0,False,False,2023,41.0,6380.0,2.6158
,急性気管支炎及び急性細気管支炎,True,１０　呼吸器系の疾患(急性気管支炎及び急性細気管支炎（再掲）),total,total,a35_39,35-39歳,35.0,39.0,False,False,2023,41.0,7047.0,2.88927
,急性気管支炎及び急性細気管支炎,True,１０　呼吸器系の疾患(急性気管支炎及び急性細気管支炎（再掲）),total,total,a40_44,40-44歳,40.0,44.0,False,False,2023,32.0,7765.0,2.4848
,急性気管支炎及び急性細気管支炎,True,１０　呼吸器系の疾患(急性気管支炎及び急性細気管支炎（再掲）),total,total,a45_49,45-49歳,45.0,49.0,False,False,2023,24.0,9115.0,2.1876
,急性気管支炎及び急性細気管支炎,True,１０　呼吸器系の疾患(急性気管支炎及び急性細気管支炎（再掲）),total,total,a50_54,50-54歳,50.0,54.0,False,False,2023,17.0,9650.0,1.6405
,急性気管支炎及び急性細気管支炎,True,１０　呼吸器系の疾患(急性気管支炎及び急性細気管支炎（再掲）),total,total,a55_59,55-59歳,55.0,59.0,False,False,2023,22.0,8279.0,1.82138
,急性気管支炎及び急性細気管支炎,True,１０　呼吸器系の疾患(急性気管支炎及び急性細気管支炎（再掲）),total,total,a60_64,60-64歳,60.0,64.0,False,False,2023,22.0,7507.0,1.65154
,急性気管支炎及び急性細気管支炎,True,１０　呼吸器系の疾患(急性気管支炎及び急性細気管支炎（再掲）),total,total,a65_69,65-69歳,65.0,69.0,False,False,2023,21.0,7332.0,1.53972
,急性気管支炎及び急性細気管支炎,True,１０　呼吸器系の疾患(急性気管支炎及び急性細気管支炎（再掲）),total,total,r65p,65歳以上(再掲),65.0,,True,False,2023,16.0,36227.0,5.79632
,急性気管支炎及び急性細気管支炎,True,１０　呼吸器系の疾患(急性気管支炎及び急性細気管支炎（再掲）),total,total,a70_74,70-74歳,70.0,74.0,False,False,2023,14.0,8817.0,1.23438
,急性気管支炎及び急性細気管支炎,True,１０　呼吸器系の疾患(急性気管支炎及び急性細気管支炎（再掲）),total,total,r70p,70歳以上(再掲),70.0,,True,False,2023,15.0,,
,急性気管支炎及び急性細気管支炎,True,１０　呼吸器系の疾患(急性気管支炎及び急性細気管支炎（再掲）),total,total,a75_79,75-79歳,75.0,79.0,False,False,2023,20.0,7474.0,1.4948
,急性気管支炎及び急性細気管支炎,True,１０　呼吸器系の疾患(急性気管支炎及び急性細気管支炎（再掲）),total,total,r75p,75歳以上(再掲),75.0,,True,False,2023,16.0,20078.0,3.21248
,急性気管支炎及び急性細気管支炎,True,１０　呼吸器系の疾患(急性気管支炎及び急性細気管支炎（再掲）),total,total,a80_84,80-84歳,80.0,84.0,False,False,2023,9.0,5895.0,0.53055
,急性気管支炎及び急性細気管支炎,True,１０　呼吸器系の疾患(急性気管支炎及び急性細気管支炎（再掲）),total,total,a85_89,85-89歳,85.0,89.0,False,False,2023,19.0,3979.0,0.75601
,急性気管支炎及び急性細気管支炎,True,１０　呼吸器系の疾患(急性気管支炎及び急性細気管支炎（再掲）),total,total,a90p,90歳以上,90.0,,False,False,2023,15.0,,
,急性気管支炎及び急性細気管支炎,True,１０　呼吸器系の疾患(急性気管支炎及び急性細気管支炎（再掲）),total,total,total,総数,,,False,True,2023,62.0,124352.0,77.09824
cancer,悪性新生物<腫瘍>,True,２　新生物＜腫瘍＞(（悪性新生物＜腫瘍＞）（再掲）),total,female,a00,0歳,0.0,0.0,False,False,2023,7.0,,
cancer,悪性新生物<腫瘍>,True,２　新生物＜腫瘍＞(（悪性新生物＜腫瘍＞）（再掲）),total,female,a01_04,1-4歳,1.0,4.0,False,False,2023,13.0,,
cancer,悪性新生物<腫瘍>,True,２　新生物＜腫瘍＞(（悪性新生物＜腫瘍＞）（再掲）),total,female,a05_09,5-9歳,5.0,9.0,False,False,2023,8.0,,
cancer,悪性新生物<腫瘍>,True,２　新生物＜腫瘍＞(（悪性新生物＜腫瘍＞）（再掲）),total,female,a10_14,10-14歳,10.0,14.0,False,False,2023,11.0,,
cancer,悪性新生物<腫瘍>,True,２　新生物＜腫瘍＞(（悪性新生物＜腫瘍＞）（再掲）),total,female,a15_19,15-19歳,15.0,19.0,False,False,2023,6.0,,
cancer,悪性新生物<腫瘍>,True,２　新生物＜腫瘍＞(（悪性新生物＜腫瘍＞）（再掲）),total,female,a20_24,20-24歳,20.0,24.0,False,False,2023,7.0,,
cancer,悪性新生物<腫瘍>,True,２　新生物＜腫瘍＞(（悪性新生物＜腫瘍＞）（再掲）),total,female,a25_29,25-29歳,25.0,29.0,False,False,2023,17.0,,
cancer,悪性新生物<腫瘍>,True,２　新生物＜腫瘍＞(（悪性新生物＜腫瘍＞）（再掲）),total,female,a30_34,30-34歳,30.0,34.0,False,False,2023,31.0,,
cancer,悪性新生物<腫瘍>,True,２　新生物＜腫瘍＞(（悪性新生物＜腫瘍＞）（再掲）),total,female,a35_39,35-39歳,35.0,39.0,False,False,2023,64.0,,
cancer,悪性新生物<腫瘍>,True,２　新生物＜腫瘍＞(（悪性新生物＜腫瘍＞）（再掲）),total,female,a40_44,40-44歳,40.0,44.0,False,False,2023,112.0,,
cancer,悪性新生物<腫瘍>,True,２　新生物＜腫瘍＞(（悪性新生物＜腫瘍＞）（再掲）),total,female,a45_49,45-49歳,45.0,49.0,False,False,2023,163.0,,
cancer,悪性新生物<腫瘍>,True,２　新生物＜腫瘍＞(（悪性新生物＜腫瘍＞）（再掲）),total,female,a50_54,50-54歳,50.0,54.0,False,False,2023,220.0,,
cancer,悪性新生物<腫瘍>,True,２　新生物＜腫瘍＞(（悪性新生物＜腫瘍＞）（再掲）),total,female,a55_59,55-59歳,55.0,59.0,False,False,2023,263.0,,
cancer,悪性新生物<腫瘍>,True,２　新生物＜腫瘍＞(（悪性新生物＜腫瘍＞）（再掲）),total,female,a60_64,60-64歳,60.0,64.0,False,False,2023,296.0,,
cancer,悪性新生物<腫瘍>,True,２　新生物＜腫瘍＞(（悪性新生物＜腫瘍＞）（再掲）),total,female,a65_69,65-69歳,65.0,69.0,False,False,2023,376.0,,
cancer,悪性新生物<腫瘍>,True,２　新生物＜腫瘍＞(（悪性新生物＜腫瘍＞）（再掲）),total,female,r65p,65歳以上(再掲),65.0,,True,False,2023,424.0,,
cancer,悪性新生物<腫瘍>,True,２　新生物＜腫瘍＞(（悪性新生物＜腫瘍＞）（再掲）),total,female,a70_74,70-74歳,70.0,74.0,False,False,2023,425.0,,
cancer,悪性新生物<腫瘍>,True,２　新生物＜腫瘍＞(（悪性新生物＜腫瘍＞）（再掲）),total,female,r70p,70歳以上(再掲),70.0,,True,False,2023,435.0,,
cancer,悪性新生物<腫瘍>,True,２　新生物＜腫瘍＞(（悪性新生物＜腫瘍＞）（再掲）),total,female,a75_79,75-79歳,75.0,79.0,False,False,2023,495.0,,
cancer,悪性新生物<腫瘍>,True,２　新生物＜腫瘍＞(（悪性新生物＜腫瘍＞）（再掲）),total,female,r75p,75歳以上(再掲),75.0,,True,False,2023,439.0,,
cancer,悪性新生物<腫瘍>,True,２　新生物＜腫瘍＞(（悪性新生物＜腫瘍＞）（再掲）),total,female,a80_84,80-84歳,80.0,84.0,False,False,2023,463.0,,
cancer,悪性新生物<腫瘍>,True,２　新生物＜腫瘍＞(（悪性新生物＜腫瘍＞）（再掲）),total,female,a85_89,85-89歳,85.0,89.0,False,False,2023,401.0,,
cancer,悪性新生物<腫瘍>,True,２　新生物＜腫瘍＞(（悪性新生物＜腫瘍＞）（再掲）),total,female,a90p,90歳以上,90.0,,False,False,2023,330.0,,
cancer,悪性新生物<腫瘍>,True,２　新生物＜腫瘍＞(（悪性新生物＜腫瘍＞）（再掲）),total,female,total,総数,,,False,True,2023,213.0,,
cancer,悪性新生物<腫瘍>,True,２　新生物＜腫瘍＞(（悪性新生物＜腫瘍＞）（再掲）),total,male,a00,0歳,0.0,0.0,False,False,2023,14.0,,
cancer,悪性新生物<腫瘍>,True,２　新生物＜腫瘍＞(（悪性新生物＜腫瘍＞）（再掲）),total,male,a01_04,1-4歳,1.0,4.0,False,False,2023,18.0,,
cancer,悪性新生物<腫瘍>,True,２　新生物＜腫瘍＞(（悪性新生物＜腫瘍＞）（再掲）),total,male,a05_09,5-9歳,5.0,9.0,False,False,2023,12.0,2478.0,0.29736
cancer,悪性新生物<腫瘍>,True,２　新生物＜腫瘍＞(（悪性新生物＜腫瘍＞）（再掲）),total,male,a10_14,10-14歳,10.0,14.0,False,False,2023,10.0,2689.0,0.2689
cancer,悪性新生物<腫瘍>,True,２　新生物＜腫瘍＞(（悪性新生物＜腫瘍＞）（再掲）),total,male,a15_19,15-19歳,15.0,19.0,False,False,2023,8.0,2818.0,0.22544
cancer,悪性新生物<腫瘍>,True,２　新生物＜腫瘍＞(（悪性新生物＜腫瘍＞）（再掲）),total,male,a20_24,20-24歳,20.0,24.0,False,False,2023,9.0,3212.0,0.28908
cancer,悪性新生物<腫瘍>,True,２　新生物＜腫瘍＞(（悪性新生物＜腫瘍＞）（再掲）),total,male,a25_29,25-29歳,25.0,29.0,False,False,2023,11.0,3333.0,0.36663
cancer,悪性新生物<腫瘍>,True,２　新生物＜腫瘍＞(（悪性新生物＜腫瘍＞）（再掲）),total,male,a30_34,30-34歳,30.0,34.0,False,False,2023,14.0,3273.0,0.45822
cancer,悪性新生物<腫瘍>,True,２　新生物＜腫瘍＞(（悪性新生物＜腫瘍＞）（再掲）),total,male,a35_39,35-39歳,35.0,39.0,False,False,2023,22.0,3593.0,0.79046
cancer,悪性新生物<腫瘍>,True,２　新生物＜腫瘍＞(（悪性新生物＜腫瘍＞）（再掲）),total,male,a40_44,40-44歳,40.0,44.0,False,False,2023,39.0,3938.0,1.53582
cancer,悪性新生物<腫瘍>,True,２　新生物＜腫瘍＞(（悪性新生物＜腫瘍＞）（再掲）),total,male,a45_49,45-49歳,45.0,49.0,False,False,2023,57.0,4620.0,2.6334
cancer,悪性新生物<腫瘍>,True,２　新生物＜腫瘍＞(（悪性新生物＜腫瘍＞）（再掲）),total,male,a50_54,50-54歳,50.0,54.0,False,False,2023,102.0,4868.0,4.96536
cancer,悪性新生物<腫瘍>,True,２　新生物＜腫瘍＞(（悪性新生物＜腫瘍＞）（再掲）),total,male,a55_59,55-59歳,55.0,59.0,False,False,2023,166.0,4143.0,6.87738
cancer,悪性新生物<腫瘍>,True,２　新生物＜腫瘍＞(（悪性新生物＜腫瘍＞）（再掲）),total,male,a60_64,60-64歳,60.0,64.0,False,False,2023,304.0,3719.0,11.30576
cancer,悪性新生物<腫瘍>,True,２　新生物＜腫瘍＞(（悪性新生物＜腫瘍＞）（再掲）),total,male,a65_69,65-69歳,65.0,69.0,False,False,2023,503.0,3569.0,17.95207
cancer,悪性新生物<腫瘍>,True,２　新生物＜腫瘍＞(（悪性新生物＜腫瘍＞）（再掲）),total,male,r65p,65歳以上(再掲),65.0,,True,False,2023,802.0,,
cancer,悪性新生物<腫瘍>,True,２　新生物＜腫瘍＞(（悪性新生物＜腫瘍＞）（再掲）),total,male,a70_74,70-74歳,70.0,74.0,False,False,2023,758.0,4161.0,31.54038
cancer,悪性新生物<腫瘍>,True,２　新生物＜腫瘍＞(（悪性新生物＜腫瘍＞）（再掲）),total,male,r70p,70歳以上(再掲),70.0,,True,False,2023,890.0,,
cancer,悪性新生物<腫瘍>,True,２　新生物＜腫瘍＞(（悪性新生物＜腫瘍＞）（再掲）),total,male,a75_79,75-79歳,75.0,79.0,False,False,2023,982.0,3365.0,33.0443
cancer,悪性新生物<腫瘍>,True,２　新生物＜腫瘍＞(（悪性新生物＜腫瘍＞）（再掲）),total,male,r75p,75歳以上(再掲),75.0,,True,False,2023,959.0,,
cancer,悪性新生物<腫瘍>,True,２　新生物＜腫瘍＞(（悪性新生物＜腫瘍＞）（再掲）),total,male,a80_84,80-84歳,80.0,84.0,False,False,2023,1019.0,2458.0,25.04702
cancer,悪性新生物<腫瘍>,True,２　新生物＜腫瘍＞(（悪性新生物＜腫瘍＞）（再掲）),total,male,a85_89,85-89歳,85.0,89.0,False,False,2023,883.0,1448.0,12.78584
cancer,悪性新生物<腫瘍>,True,２　新生物＜腫瘍＞(（悪性新生物＜腫瘍＞）（再掲）),total,male,a90p,90歳以上,90.0,,False,False,2023,796.0,,
cancer,悪性新生物<腫瘍>,True,２　新生物＜腫瘍＞(（悪性新生物＜腫瘍＞）（再掲）),total,male,total,総数,,,False,True,2023,259.0,60492.0,156.67428
cancer,悪性新生物<腫瘍>,True,２　新生物＜腫瘍＞(（悪性新生物＜腫瘍＞）（再掲）),total,total,a00,0歳,0.0,0.0,False,False,2023,11.0,,
cancer,悪性新生物<腫瘍>,True,２　新生物＜腫瘍＞(（悪性新生物＜腫瘍＞）（再掲）),total,total,a01_04,1-4歳,1.0,4.0,False,False,2023,15.0,,
cancer,悪性新生物<腫瘍>,True,２　新生物＜腫瘍＞(（悪性新生物＜腫瘍＞）（再掲）),total,total,a05_09,5-9歳,5.0,9.0,False,False,2023,10.0,4838.0,0.4838
cancer,悪性新生物<腫瘍>,True,２　新生物＜腫瘍＞(（悪性新生物＜腫瘍＞）（再掲）),total,total,a10_14,10-14歳,10.0,14.0,False,False,2023,10.0,5248.0,0.5248
cancer,悪性新生物<腫瘍>,True,２　新生物＜腫瘍＞(（悪性新生物＜腫瘍＞）（再掲）),total,total,a15_19,15-19歳,15.0,19.0,False,False,2023,7.0,5494.0,0.38458
cancer,悪性新生物<腫瘍>,True,２　新生物＜腫瘍＞(（悪性新生物＜腫瘍＞）（再掲）),total,total,a20_24,20-24歳,20.0,24.0,False,False,2023,8.0,6236.0,0.49888
cancer,悪性新生物<腫瘍>,True,２　新生物＜腫瘍＞(（悪性新生物＜腫瘍＞）（再掲）),total,total,a25_29,25-29歳,25.0,29.0,False,False,2023,14.0,6479.0,0.90706
cancer,悪性新生物<腫瘍>,True,２　新生物＜腫瘍＞(（悪性新生物＜腫瘍＞）（再掲）),total,total,a30_34,30-34歳,30.0,34.0,False,False,2023,22.0,6380.0,1.4036
cancer,悪性新生物<腫瘍>,True,２　新生物＜腫瘍＞(（悪性新生物＜腫瘍＞）（再掲）),total,total,a35_39,35-39歳,35.0,39.0,False,False,2023,42.0,7047.0,2.95974
cancer,悪性新生物<腫瘍>,True,２　新生物＜腫瘍＞(（悪性新生物＜腫瘍＞）（再掲）),total,total,a40_44,40-44歳,40.0,44.0,False,False,2023,75.0,7765.0,5.82375
cancer,悪性新生物<腫瘍>,True,２　新生物＜腫瘍＞(（悪性新生物＜腫瘍＞）（再掲）),total,total,a45_49,45-49歳,45.0,49.0,False,False,2023,109.0,9115.0,9.93535
cancer,悪性新生物<腫瘍>,True,２　新生物＜腫瘍＞(（悪性新生物＜腫瘍＞）（再掲）),total,total,a50_54,50-54歳,50.0,54.0,False,False,2023,161.0,9650.0,15.5365
cancer,悪性新生物<腫瘍>,True,２　新生物＜腫瘍＞(（悪性新生物＜腫瘍＞）（再掲）),total,total,a55_59,55-59歳,55.0,59.0,False,False,2023,215.0,8279.0,17.79985
cancer,悪性新生物<腫瘍>,True,２　新生物＜腫瘍＞(（悪性新生物＜腫瘍＞）（再掲）),total,total,a60_64,60-64歳,60.0,64.0,False,False,2023,300.0,7507.0,22.521
cancer,悪性新生物<腫瘍>,True,２　新生物＜腫瘍＞(（悪性新生物＜腫瘍＞）（再掲）),total,total,a65_69,65-69歳,65.0,69.0,False,False,2023,438.0,7332.0,32.11416
cancer,悪性新生物<腫瘍>,True,２　新生物＜腫瘍＞(（悪性新生物＜腫瘍＞）（再掲）),total,total,r65p,65歳以上(再掲),65.0,,True,False,2023,588.0,36227.0,213.01476
cancer,悪性新生物<腫瘍>,True,２　新生物＜腫瘍＞(（悪性新生物＜腫瘍＞）（再掲）),total,total,a70_74,70-74歳,70.0,74.0,False,False,2023,582.0,8817.0,51.31494
cancer,悪性新生物<腫瘍>,True,２　新生物＜腫瘍＞(（悪性新生物＜腫瘍＞）（再掲）),total,total,r70p,70歳以上(再掲),70.0,,True,False,2023,626.0,,
cancer,悪性新生物<腫瘍>,True,２　新生物＜腫瘍＞(（悪性新生物＜腫瘍＞）（再掲）),total,total,a75_79,75-79歳,75.0,79.0,False,False,2023,714.0,7474.0,53.36436
cancer,悪性新生物<腫瘍>,True,２　新生物＜腫瘍＞(（悪性新生物＜腫瘍＞）（再掲）),total,total,r75p,75歳以上(再掲),75.0,,True,False,2023,646.0,20078.0,129.70388
cancer,悪性新生物<腫瘍>,True,２　新生物＜腫瘍＞(（悪性新生物＜腫瘍＞）（再掲）),total,total,a80_84,80-84歳,80.0,84.0,False,False,2023,694.0,5895.0,40.9113
cancer,悪性新生物<腫瘍>,True,２　新生物＜腫瘍＞(（悪性新生物＜腫瘍＞）（再掲）),total,total,a85_89,85-89歳,85.0,89.0,False,False,2023,577.0,3979.0,22.95883
cancer,悪性新生物<腫瘍>,True,２　新生物＜腫瘍＞(（悪性新生物＜腫瘍＞）（再掲）),total,total,a90p,90歳以上,90.0,,False,False,2023,452.0,,
cancer,悪性新生物<腫瘍>,True,２　新生物＜腫瘍＞(（悪性新生物＜腫瘍＞）（再掲）),total,total,total,総数,,,False,True,2023,235.0,124352.0,292.2272
,感染症及び寄生虫症,False,１　感染症及び寄生虫症,total,female,a00,0歳,0.0,0.0,False,False,2023,301.0,,
,感染症及び寄生虫症,False,１　感染症及び寄生虫症,total,female,a01_04,1-4歳,1.0,4.0,False,False,2023,336.0,,
,感染症及び寄生虫症,False,１　感染症及び寄生虫症,total,female,a05_09,5-9歳,5.0,9.0,False,False,2023,218.0,,
,感染症及び寄生虫症,False,１　感染症及び寄生虫症,total,female,a10_14,10-14歳,10.0,14.0,False,False,2023,140.0,,
,感染症及び寄生虫症,False,１　感染症及び寄生虫症,total,female,a15_19,15-19歳,15.0,19.0,False,False,2023,86.0,,
,感染症及び寄生虫症,False,１　感染症及び寄生虫症,total,female,a20_24,20-24歳,20.0,24.0,False,False,2023,97.0,,
,感染症及び寄生虫症,False,１　感染症及び寄生虫症,total,female,a25_29,25-29歳,25.0,29.0,False,False,2023,122.0,,
,感染症及び寄生虫症,False,１　感染症及び寄生虫症,total,female,a30_34,30-34歳,30.0,34.0,False,False,2023,100.0,,
,感染症及び寄生虫症,False,１　感染症及び寄生虫症,total,female,a35_39,35-39歳,35.0,39.0,False,False,2023,98.0,,
,感染症及び寄生虫症,False,１　感染症及び寄生虫症,total,female,a40_44,40-44歳,40.0,44.0,False,False,2023,88.0,,
,感染症及び寄生虫症,False,１　感染症及び寄生虫症,total,female,a45_49,45-49歳,45.0,49.0,False,False,2023,87.0,,
,感染症及び寄生虫症,False,１　感染症及び寄生虫症,total,female,a50_54,50-54歳,50.0,54.0,False,False,2023,93.0,,
,感染症及び寄生虫症,False,１　感染症及び寄生虫症,total,female,a55_59,55-59歳,55.0,59.0,False,False,2023,91.0,,
,感染症及び寄生虫症,False,１　感染症及び寄生虫症,total,female,a60_64,60-64歳,60.0,64.0,False,False,2023,138.0,,
,感染症及び寄生虫症,False,１　感染症及び寄生虫症,total,female,a65_69,65-69歳,65.0,69.0,False,False,2023,150.0,,
,感染症及び寄生虫症,False,１　感染症及び寄生虫症,total,female,r65p,65歳以上(再掲),65.0,,True,False,2023,173.0,,
,感染症及び寄生虫症,False,１　感染症及び寄生虫症,total,female,a70_74,70-74歳,70.0,74.0,False,False,2023,155.0,,
,感染症及び寄生虫症,False,１　感染症及び寄生虫症,total,female,r70p,70歳以上(再掲),70.0,,True,False,2023,178.0,,
,感染症及び寄生虫症,False,１　感染症及び寄生虫症,total,female,a75_79,75-79歳,75.0,79.0,False,False,2023,186.0,,
,感染症及び寄生虫症,False,１　感染症及び寄生虫症,total,female,r75p,75歳以上(再掲),75.0,,True,False,2023,187.0,,
,感染症及び寄生虫症,False,１　感染症及び寄生虫症,total,female,a80_84,80-84歳,80.0,84.0,False,False,2023,193.0,,
,感染症及び寄生虫症,False,１　感染症及び寄生虫症,total,female,a85_89,85-89歳,85.0,89.0,False,False,2023,190.0,,
,感染症及び寄生虫症,False,１　感染症及び寄生虫症,total,female,a90p,90歳以上,90.0,,False,False,2023,174.0,,
,感染症及び寄生虫症,False,１　感染症及び寄生虫症,total,female,total,総数,,,False,True,2023,137.0,,
,感染症及び寄生虫症,False,１　感染症及び寄生虫症,total,male,a00,0歳,0.0,0.0,False,False,2023,292.0,,
,感染症及び寄生虫症,False,１　感染症及び寄生虫症,total,male,a01_04,1-4歳,1.0,4.0,False,False,2023,343.0,,
,感染症及び寄生虫症,False,１　感染症及び寄生虫症,total,male,a05_09,5-9歳,5.0,9.0,False,False,2023,310.0,2478.0,7.6818
,感染症及び寄生虫症,False,１　感染症及び寄生虫症,total,male,a10_14,10-14歳,10.0,14.0,False,False,2023,173.0,2689.0,4.65197
,感染症及び寄生虫症,False,１　感染症及び寄生虫症,total,male,a15_19,15-19歳,15.0,19.0,False,False,2023,78.0,2818.0,2.19804
,感染症及び寄生虫症,False,１　感染症及び寄生虫症,total,male,a20_24,20-24歳,20.0,24.0,False,False,2023,77.0,3212.0,2.47324
,感染症及び寄生虫症,False,１　感染症及び寄生虫症,total,male,a25_29,25-29歳,25.0,29.0,False,False,2023,83.0,3333.0,2.76639
,感染症及び寄生虫症,False,１　感染症及び寄生虫症,total,male,a30_34,30-34歳,30.0,34.0,False,False,2023,70.0,3273.0,2.2911
,感染症及び寄生虫症,False,１　感染症及び寄生虫症,total,male,a35_39,35-39歳,35.0,39.0,False,False,2023,62.0,3593.0,2.22766
,感染症及び寄生虫症,False,１　感染症及び寄生虫症,total,male,a40_44,40-44歳,40.0,44.0,False,False,2023,79.0,3938.0,3.11102
,感染症及び寄生虫症,False,１　感染症及び寄生虫症,total,male,a45_49,45-49歳,45.0,49.0,False,False,2023,63.0,4620.0,2.9106
,感染症及び寄生虫症,False,１　感染症及び寄生虫症,total,male,a50_54,50-54歳,50.0,54.0,False,False,2023,76.0,4868.0,3.69968
,感染症及び寄生虫症,False,１　感染症及び寄生虫症,total,male,a55_59,55-59歳,55.0,59.0,False,False,2023,94.0,4143.0,3.89442
,感染症及び寄生虫症,False,１　感染症及び寄生虫症,total,male,a60_64,60-64歳,60.0,64.0,False,False,2023,101.0,3719.0,3.75619
,感染症及び寄生虫症,False,１　感染症及び寄生虫症,total,male,a65_69,65-69歳,65.0,69.0,False,False,2023,150.0,3569.0,5.3535
,感染症及び寄生虫症,False,１　感染症及び寄生虫症,total,male,r65p,65歳以上(再掲),65.0,,True,False,2023,178.0,,
,感染症及び寄生虫症,False,１　感染症及び寄生虫症,total,male,a70_74,70-74歳,70.0,74.0,False,False,2023,140.0,4161.0,5.8254
,感染症及び寄生虫症,False,１　感染症及び寄生虫症,total,male,r70p,70歳以上(再掲),70.0,,True,False,2023,186.0,,
,感染症及び寄生虫症,False,１　感染症及び寄生虫症,total,male,a75_79,75-79歳,75.0,79.0,False,False,2023,189.0,3365.0,6.35985
,感染症及び寄生虫症,False,１　感染症及び寄生虫症,total,male,r75p,75歳以上(再掲),75.0,,True,False,2023,210.0,,
,感染症及び寄生虫症,False,１　感染症及び寄生虫症,total,male,a80_84,80-84歳,80.0,84.0,False,False,2023,195.0,2458.0,4.7931
,感染症及び寄生虫症,False,１　感染症及び寄生虫症,total,male,a85_89,85-89歳,85.0,89.0,False,False,2023,245.0,1448.0,3.5476
,感染症及び寄生虫症,False,１　感染症及び寄生虫症,total,male,a90p,90歳以上,90.0,,False,False,2023,287.0,,
,感染症及び寄生虫症,False,１　感染症及び寄生虫症,total,male,total,総数,,,False,True,2023,127.0,60492.0,76.82484
,感染症及び寄生虫症,False,１　感染症及び寄生虫症,total,total,a00,0歳,0.0,0.0,False,False,2023,296.0,,
,感染症及び寄生虫症,False,１　感染症及び寄生虫症,total,total,a01_04,1-4歳,1.0,4.0,False,False,2023,339.0,,
,感染症及び寄生虫症,False,１　感染症及び寄生虫症,total,total,a05_09,5-9歳,5.0,9.0,False,False,2023,265.0,4838.0,12.8207
,感染症及び寄生虫症,False,１　感染症及び寄生虫症,total,total,a10_14,10-14歳,10.0,14.0,False,False,2023,157.0,5248.0,8.23936
,感染症及び寄生虫症,False,１　感染症及び寄生虫症,total,total,a15_19,15-19歳,15.0,19.0,False,False,2023,82.0,5494.0,4.50508
,感染症及び寄生虫症,False,１　感染症及び寄生虫症,total,total,a20_24,20-24歳,20.0,24.0,False,False,2023,87.0,6236.0,5.42532
,感染症及び寄生虫症,False,１　感染症及び寄生虫症,total,total,a25_29,25-29歳,25.0,29.0,False,False,2023,102.0,6479.0,6.60858
,感染症及び寄生虫症,False,１　感染症及び寄生虫症,total,total,a30_34,30-34歳,30.0,34.0,False,False,2023,84.0,6380.0,5.3592
,感染症及び寄生虫症,False,１　感染症及び寄生虫症,total,total,a35_39,35-39歳,35.0,39.0,False,False,2023,80.0,7047.0,5.6376
,感染症及び寄生虫症,False,１　感染症及び寄生虫症,total,total,a40_44,40-44歳,40.0,44.0,False,False,2023,84.0,7765.0,6.5226
,感染症及び寄生虫症,False,１　感染症及び寄生虫症,total,total,a45_49,45-49歳,45.0,49.0,False,False,2023,75.0,9115.0,6.83625
,感染症及び寄生虫症,False,１　感染症及び寄生虫症,total,total,a50_54,50-54歳,50.0,54.0,False,False,2023,85.0,9650.0,8.2025
,感染症及び寄生虫症,False,１　感染症及び寄生虫症,total,total,a55_59,55-59歳,55.0,59.0,False,False,2023,92.0,8279.0,7.61668
,感染症及び寄生虫症,False,１　感染症及び寄生虫症,total,total,a60_64,60-64歳,60.0,64.0,False,False,2023,120.0,7507.0,9.0084
,感染症及び寄生虫症,False,１　感染症及び寄生虫症,total,total,a65_69,65-69歳,65.0,69.0,False,False,2023,150.0,7332.0,10.998
,感染症及び寄生虫症,False,１　感染症及び寄生虫症,total,total,r65p,65歳以上(再掲),65.0,,True,False,2023,175.0,36227.0,63.39725
,感染症及び寄生虫症,False,１　感染症及び寄生虫症,total,total,a70_74,70-74歳,70.0,74.0,False,False,2023,148.0,8817.0,13.04916
,感染症及び寄生虫症,False,１　感染症及び寄生虫症,total,total,r70p,70歳以上(再掲),70.0,,True,False,2023,181.0,,
,感染症及び寄生虫症,False,１　感染症及び寄生虫症,total,total,a75_79,75-79歳,75.0,79.0,False,False,2023,187.0,7474.0,13.97638
,感染症及び寄生虫症,False,１　感染症及び寄生虫症,total,total,r75p,75歳以上(再掲),75.0,,True,False,2023,196.0,20078.0,39.35288
,感染症及び寄生虫症,False,１　感染症及び寄生虫症,total,total,a80_84,80-84歳,80.0,84.0,False,False,2023,194.0,5895.0,11.4363
,感染症及び寄生虫症,False,１　感染症及び寄生虫症,total,total,a85_89,85-89歳,85.0,89.0,False,False,2023,210.0,3979.0,8.3559
,感染症及び寄生虫症,False,１　感染症及び寄生虫症,total,total,a90p,90歳以上,90.0,,False,False,2023,204.0,,
,感染症及び寄生虫症,False,１　感染症及び寄生虫症,total,total,total,総数,,,False,True,2023,132.0,124352.0,164.14464
,"損傷,中毒及びその他の外因の影響",False,１９　損傷，中毒及びその他の外因の影響,total,female,a00,0歳,0.0,0.0,False,False,2023,165.0,,
,"損傷,中毒及びその他の外因の影響",False,１９　損傷，中毒及びその他の外因の影響,total,female,a01_04,1-4歳,1.0,4.0,False,False,2023,146.0,,
,"損傷,中毒及びその他の外因の影響",False,１９　損傷，中毒及びその他の外因の影響,total,female,a05_09,5-9歳,5.0,9.0,False,False,2023,197.0,,
,"損傷,中毒及びその他の外因の影響",False,１９　損傷，中毒及びその他の外因の影響,total,female,a10_14,10-14歳,10.0,14.0,False,False,2023,260.0,,
,"損傷,中毒及びその他の外因の影響",False,１９　損傷，中毒及びその他の外因の影響,total,female,a15_19,15-19歳,15.0,19.0,False,False,2023,184.0,,
,"損傷,中毒及びその他の外因の影響",False,１９　損傷，中毒及びその他の外因の影響,total,female,a20_24,20-24歳,20.0,24.0,False,False,2023,111.0,,
,"損傷,中毒及びその他の外因の影響",False,１９　損傷，中毒及びその他の外因の影響,total,female,a25_29,25-29歳,25.0,29.0,False,False,2023,122.0,,
,"損傷,中毒及びその他の外因の影響",False,１９　損傷，中毒及びその他の外因の影響,total,female,a30_34,30-34歳,30.0,34.0,False,False,2023,132.0,,
,"損傷,中毒及びその他の外因の影響",False,１９　損傷，中毒及びその他の外因の影響,total,female,a35_39,35-39歳,35.0,39.0,False,False,2023,153.0,,
,"損傷,中毒及びその他の外因の影響",False,１９　損傷，中毒及びその他の外因の影響,total,female,a40_44,40-44歳,40.0,44.0,False,False,2023,171.0,,
,"損傷,中毒及びその他の外因の影響",False,１９　損傷，中毒及びその他の外因の影響,total,female,a45_49,45-49歳,45.0,49.0,False,False,2023,188.0,,
,"損傷,中毒及びその他の外因の影響",False,１９　損傷，中毒及びその他の外因の影響,total,female,a50_54,50-54歳,50.0,54.0,False,False,2023,242.0,,
,"損傷,中毒及びその他の外因の影響",False,１９　損傷，中毒及びその他の外因の影響,total,female,a55_59,55-59歳,55.0,59.0,False,False,2023,276.0,,
,"損傷,中毒及びその他の外因の影響",False,１９　損傷，中毒及びその他の外因の影響,total,female,a60_64,60-64歳,60.0,64.0,False,False,2023,294.0,,
,"損傷,中毒及びその他の外因の影響",False,１９　損傷，中毒及びその他の外因の影響,total,female,a65_69,65-69歳,65.0,69.0,False,False,2023,357.0,,
,"損傷,中毒及びその他の外因の影響",False,１９　損傷，中毒及びその他の外因の影響,total,female,r65p,65歳以上(再掲),65.0,,True,False,2023,708.0,,
,"損傷,中毒及びその他の外因の影響",False,１９　損傷，中毒及びその他の外因の影響,total,female,a70_74,70-74歳,70.0,74.0,False,False,2023,428.0,,
,"損傷,中毒及びその他の外因の影響",False,１９　損傷，中毒及びその他の外因の影響,total,female,r70p,70歳以上(再掲),70.0,,True,False,2023,786.0,,
,"損傷,中毒及びその他の外因の影響",False,１９　損傷，中毒及びその他の外因の影響,total,female,a75_79,75-79歳,75.0,79.0,False,False,2023,579.0,,
,"損傷,中毒及びその他の外因の影響",False,１９　損傷，中毒及びその他の外因の影響,total,female,r75p,75歳以上(再掲),75.0,,True,False,2023,924.0,,
,"損傷,中毒及びその他の外因の影響",False,１９　損傷，中毒及びその他の外因の影響,total,female,a80_84,80-84歳,80.0,84.0,False,False,2023,858.0,,
,"損傷,中毒及びその他の外因の影響",False,１９　損傷，中毒及びその他の外因の影響,total,female,a85_89,85-89歳,85.0,89.0,False,False,2023,1167.0,,
,"損傷,中毒及びその他の外因の影響",False,１９　損傷，中毒及びその他の外因の影響,total,female,a90p,90歳以上,90.0,,False,False,2023,1435.0,,
,"損傷,中毒及びその他の外因の影響",False,１９　損傷，中毒及びその他の外因の影響,total,female,total,総数,,,False,True,2023,361.0,,
,"損傷,中毒及びその他の外因の影響",False,１９　損傷，中毒及びその他の外因の影響,total,male,a00,0歳,0.0,0.0,False,False,2023,163.0,,
,"損傷,中毒及びその他の外因の影響",False,１９　損傷，中毒及びその他の外因の影響,total,male,a01_04,1-4歳,1.0,4.0,False,False,2023,221.0,,
,"損傷,中毒及びその他の外因の影響",False,１９　損傷，中毒及びその他の外因の影響,total,male,a05_09,5-9歳,5.0,9.0,False,False,2023,299.0,2478.0,7.40922
,"損傷,中毒及びその他の外因の影響",False,１９　損傷，中毒及びその他の外因の影響,total,male,a10_14,10-14歳,10.0,14.0,False,False,2023,438.0,2689.0,11.77782
,"損傷,中毒及びその他の外因の影響",False,１９　損傷，中毒及びその他の外因の影響,total,male,a15_19,15-19歳,15.0,19.0,False,False,2023,310.0,2818.0,8.7358
,"損傷,中毒及びその他の外因の影響",False,１９　損傷，中毒及びその他の外因の影響,total,male,a20_24,20-24歳,20.0,24.0,False,False,2023,177.0,3212.0,5.68524
,"損傷,中毒及びその他の外因の影響",False,１９　損傷，中毒及びその他の外因の影響,total,male,a25_29,25-29歳,25.0,29.0,False,False,2023,146.0,3333.0,4.86618
,"損傷,中毒及びその他の外因の影響",False,１９　損傷，中毒及びその他の外因の影響,total,male,a30_34,30-34歳,30.0,34.0,False,False,2023,165.0,3273.0,5.40045
,"損傷,中毒及びその他の外因の影響",False,１９　損傷，中毒及びその他の外因の影響,total,male,a35_39,35-39歳,35.0,39.0,False,False,2023,197.0,3593.0,7.07821
,"損傷,中毒及びその他の外因の影響",False,１９　損傷，中毒及びその他の外因の影響,total,male,a40_44,40-44歳,40.0,44.0,False,False,2023,204.0,3938.0,8.03352
,"損傷,中毒及びその他の外因の影響",False,１９　損傷，中毒及びその他の外因の影響,total,male,a45_49,45-49歳,45.0,49.0,False,False,2023,217.0,4620.0,10.0254
,"損傷,中毒及びその他の外因の影響",False,１９　損傷，中毒及びその他の外因の影響,total,male,a50_54,50-54歳,50.0,54.0,False,False,2023,259.0,4868.0,12.60812
,"損傷,中毒及びその他の外因の影響",False,１９　損傷，中毒及びその他の外因の影響,total,male,a55_59,55-59歳,55.0,59.0,False,False,2023,282.0,4143.0,11.68326
,"損傷,中毒及びその他の外因の影響",False,１９　損傷，中毒及びその他の外因の影響,total,male,a60_64,60-64歳,60.0,64.0,False,False,2023,285.0,3719.0,10.59915
,"損傷,中毒及びその他の外因の影響",False,１９　損傷，中毒及びその他の外因の影響,total,male,a65_69,65-69歳,65.0,69.0,False,False,2023,325.0,3569.0,11.59925
,"損傷,中毒及びその他の外因の影響",False,１９　損傷，中毒及びその他の外因の影響,total,male,r65p,65歳以上(再掲),65.0,,True,False,2023,487.0,,
,"損傷,中毒及びその他の外因の影響",False,１９　損傷，中毒及びその他の外因の影響,total,male,a70_74,70-74歳,70.0,74.0,False,False,2023,351.0,4161.0,14.60511
,"損傷,中毒及びその他の外因の影響",False,１９　損傷，中毒及びその他の外因の影響,total,male,r70p,70歳以上(再掲),70.0,,True,False,2023,534.0,,
,"損傷,中毒及びその他の外因の影響",False,１９　損傷，中毒及びその他の外因の影響,total,male,a75_79,75-79歳,75.0,79.0,False,False,2023,454.0,3365.0,15.2771
,"損傷,中毒及びその他の外因の影響",False,１９　損傷，中毒及びその他の外因の影響,total,male,r75p,75歳以上(再掲),75.0,,True,False,2023,630.0,,
,"損傷,中毒及びその他の外因の影響",False,１９　損傷，中毒及びその他の外因の影響,total,male,a80_84,80-84歳,80.0,84.0,False,False,2023,594.0,2458.0,14.60052
,"損傷,中毒及びその他の外因の影響",False,１９　損傷，中毒及びその他の外因の影響,total,male,a85_89,85-89歳,85.0,89.0,False,False,2023,855.0,1448.0,12.3804
,"損傷,中毒及びその他の外因の影響",False,１９　損傷，中毒及びその他の外因の影響,total,male,a90p,90歳以上,90.0,,False,False,2023,1122.0,,
,"損傷,中毒及びその他の外因の影響",False,１９　損傷，中毒及びその他の外因の影響,total,male,total,総数,,,False,True,2023,306.0,60492.0,185.10552
,"損傷,中毒及びその他の外因の影響",False,１９　損傷，中毒及びその他の外因の影響,total,total,a00,0歳,0.0,0.0,False,False,2023,164.0,,
,"損傷,中毒及びその他の外因の影響",False,１９　損傷，中毒及びその他の外因の影響,total,total,a01_04,1-4歳,1.0,4.0,False,False,2023,184.0,,
,"損傷,中毒及びその他の外因の影響",False,１９　損傷，中毒及びその他の外因の影響,total,total,a05_09,5-9歳,5.0,9.0,False,False,2023,249.0,4838.0,12.04662
,"損傷,中毒及びその他の外因の影響",False,１９　損傷，中毒及びその他の外因の影響,total,total,a10_14,10-14歳,10.0,14.0,False,False,2023,351.0,5248.0,18.42048
,"損傷,中毒及びその他の外因の影響",False,１９　損傷，中毒及びその他の外因の影響,total,total,a15_19,15-19歳,15.0,19.0,False,False,2023,248.0,5494.0,13.62512
,"損傷,中毒及びその他の外因の影響",False,１９　損傷，中毒及びその他の外因の影響,total,total,a20_24,20-24歳,20.0,24.0,False,False,2023,145.0,6236.0,9.0422
,"損傷,中毒及びその他の外因の影響",False,１９　損傷，中毒及びその他の外因の影響,total,total,a25_29,25-29歳,25.0,29.0,False,False,2023,134.0,6479.0,8.68186
,"損傷,中毒及びその他の外因の影響",False,１９　損傷，中毒及びその他の外因の影響,total,total,a30_34,30-34歳,30.0,34.0,False,False,2023,149.0,6380.0,9.5062
,"損傷,中毒及びその他の外因の影響",False,１９　損傷，中毒及びその他の外因の影響,total,total,a35_39,35-39歳,35.0,39.0,False,False,2023,176.0,7047.0,12.40272
,"損傷,中毒及びその他の外因の影響",False,１９　損傷，中毒及びその他の外因の影響,total,total,a40_44,40-44歳,40.0,44.0,False,False,2023,188.0,7765.0,14.5982
,"損傷,中毒及びその他の外因の影響",False,１９　損傷，中毒及びその他の外因の影響,total,total,a45_49,45-49歳,45.0,49.0,False,False,2023,203.0,9115.0,18.50345
,"損傷,中毒及びその他の外因の影響",False,１９　損傷，中毒及びその他の外因の影響,total,total,a50_54,50-54歳,50.0,54.0,False,False,2023,251.0,9650.0,24.2215
,"損傷,中毒及びその他の外因の影響",False,１９　損傷，中毒及びその他の外因の影響,total,total,a55_59,55-59歳,55.0,59.0,False,False,2023,279.0,8279.0,23.09841
,"損傷,中毒及びその他の外因の影響",False,１９　損傷，中毒及びその他の外因の影響,total,total,a60_64,60-64歳,60.0,64.0,False,False,2023,290.0,7507.0,21.7703
,"損傷,中毒及びその他の外因の影響",False,１９　損傷，中毒及びその他の外因の影響,total,total,a65_69,65-69歳,65.0,69.0,False,False,2023,342.0,7332.0,25.07544
,"損傷,中毒及びその他の外因の影響",False,１９　損傷，中毒及びその他の外因の影響,total,total,r65p,65歳以上(再掲),65.0,,True,False,2023,612.0,36227.0,221.70924
,"損傷,中毒及びその他の外因の影響",False,１９　損傷，中毒及びその他の外因の影響,total,total,a70_74,70-74歳,70.0,74.0,False,False,2023,392.0,8817.0,34.56264
,"損傷,中毒及びその他の外因の影響",False,１９　損傷，中毒及びその他の外因の影響,total,total,r70p,70歳以上(再掲),70.0,,True,False,2023,680.0,,
,"損傷,中毒及びその他の外因の影響",False,１９　損傷，中毒及びその他の外因の影響,total,total,a75_79,75-79歳,75.0,79.0,False,False,2023,523.0,7474.0,39.08902
,"損傷,中毒及びその他の外因の影響",False,１９　損傷，中毒及びその他の外因の影響,total,total,r75p,75歳以上(再掲),75.0,,True,False,2023,807.0,20078.0,162.02946
,"損傷,中毒及びその他の外因の影響",False,１９　損傷，中毒及びその他の外因の影響,total,total,a80_84,80-84歳,80.0,84.0,False,False,2023,748.0,5895.0,44.0946
,"損傷,中毒及びその他の外因の影響",False,１９　損傷，中毒及びその他の外因の影響,total,total,a85_89,85-89歳,85.0,89.0,False,False,2023,1054.0,3979.0,41.93866
,"損傷,中毒及びその他の外因の影響",False,１９　損傷，中毒及びその他の外因の影響,total,total,a90p,90歳以上,90.0,,False,False,2023,1353.0,,
,"損傷,中毒及びその他の外因の影響",False,１９　損傷，中毒及びその他の外因の影響,total,total,total,総数,,,False,True,2023,334.0,124352.0,415.33568
neoplasm_all,新生物<腫瘍>,False,２　新生物＜腫瘍＞,total,female,a00,0歳,0.0,0.0,False,False,2023,66.0,,
neoplasm_all,新生物<腫瘍>,False,２　新生物＜腫瘍＞,total,female,a01_04,1-4歳,1.0,4.0,False,False,2023,27.0,,
neoplasm_all,新生物<腫瘍>,False,２　新生物＜腫瘍＞,total,female,a05_09,5-9歳,5.0,9.0,False,False,2023,19.0,,
neoplasm_all,新生物<腫瘍>,False,２　新生物＜腫瘍＞,total,female,a10_14,10-14歳,10.0,14.0,False,False,2023,21.0,,
neoplasm_all,新生物<腫瘍>,False,２　新生物＜腫瘍＞,total,female,a15_19,15-19歳,15.0,19.0,False,False,2023,26.0,,
neoplasm_all,新生物<腫瘍>,False,２　新生物＜腫瘍＞,total,female,a20_24,20-24歳,20.0,24.0,False,False,2023,42.0,,
neoplasm_all,新生物<腫瘍>,False,２　新生物＜腫瘍＞,total,female,a25_29,25-29歳,25.0,29.0,False,False,2023,74.0,,
neoplasm_all,新生物<腫瘍>,False,２　新生物＜腫瘍＞,total,female,a30_34,30-34歳,30.0,34.0,False,False,2023,116.0,,
neoplasm_all,新生物<腫瘍>,False,２　新生物＜腫瘍＞,total,female,a35_39,35-39歳,35.0,39.0,False,False,2023,150.0,,
neoplasm_all,新生物<腫瘍>,False,２　新生物＜腫瘍＞,total,female,a40_44,40-44歳,40.0,44.0,False,False,2023,244.0,,
neoplasm_all,新生物<腫瘍>,False,２　新生物＜腫瘍＞,total,female,a45_49,45-49歳,45.0,49.0,False,False,2023,335.0,,
neoplasm_all,新生物<腫瘍>,False,２　新生物＜腫瘍＞,total,female,a50_54,50-54歳,50.0,54.0,False,False,2023,376.0,,
neoplasm_all,新生物<腫瘍>,False,２　新生物＜腫瘍＞,total,female,a55_59,55-59歳,55.0,59.0,False,False,2023,393.0,,
neoplasm_all,新生物<腫瘍>,False,２　新生物＜腫瘍＞,total,female,a60_64,60-64歳,60.0,64.0,False,False,2023,409.0,,
neoplasm_all,新生物<腫瘍>,False,２　新生物＜腫瘍＞,total,female,a65_69,65-69歳,65.0,69.0,False,False,2023,471.0,,
neoplasm_all,新生物<腫瘍>,False,２　新生物＜腫瘍＞,total,female,r65p,65歳以上(再掲),65.0,,True,False,2023,516.0,,
neoplasm_all,新生物<腫瘍>,False,２　新生物＜腫瘍＞,total,female,a70_74,70-74歳,70.0,74.0,False,False,2023,524.0,,
neoplasm_all,新生物<腫瘍>,False,２　新生物＜腫瘍＞,total,female,r70p,70歳以上(再掲),70.0,,True,False,2023,526.0,,
neoplasm_all,新生物<腫瘍>,False,２　新生物＜腫瘍＞,total,female,a75_79,75-79歳,75.0,79.0,False,False,2023,597.0,,
neoplasm_all,新生物<腫瘍>,False,２　新生物＜腫瘍＞,total,female,r75p,75歳以上(再掲),75.0,,True,False,2023,527.0,,
neoplasm_all,新生物<腫瘍>,False,２　新生物＜腫瘍＞,total,female,a80_84,80-84歳,80.0,84.0,False,False,2023,558.0,,
neoplasm_all,新生物<腫瘍>,False,２　新生物＜腫瘍＞,total,female,a85_89,85-89歳,85.0,89.0,False,False,2023,492.0,,
neoplasm_all,新生物<腫瘍>,False,２　新生物＜腫瘍＞,total,female,a90p,90歳以上,90.0,,False,False,2023,375.0,,
neoplasm_all,新生物<腫瘍>,False,２　新生物＜腫瘍＞,total,female,total,総数,,,False,True,2023,305.0,,
neoplasm_all,新生物<腫瘍>,False,２　新生物＜腫瘍＞,total,male,a00,0歳,0.0,0.0,False,False,2023,64.0,,
neoplasm_all,新生物<腫瘍>,False,２　新生物＜腫瘍＞,total,male,a01_04,1-4歳,1.0,4.0,False,False,2023,36.0,,
neoplasm_all,新生物<腫瘍>,False,２　新生物＜腫瘍＞,total,male,a05_09,5-9歳,5.0,9.0,False,False,2023,21.0,2478.0,0.52038
neoplasm_all,新生物<腫瘍>,False,２　新生物＜腫瘍＞,total,male,a10_14,10-14歳,10.0,14.0,False,False,2023,20.0,2689.0,0.5378
neoplasm_all,新生物<腫瘍>,False,２　新生物＜腫瘍＞,total,male,a15_19,15-19歳,15.0,19.0,False,False,2023,17.0,2818.0,0.47906
neoplasm_all,新生物<腫瘍>,False,２　新生物＜腫瘍＞,total,male,a20_24,20-24歳,20.0,24.0,False,False,2023,23.0,3212.0,0.73876
neoplasm_all,新生物<腫瘍>,False,２　新生物＜腫瘍＞,total,male,a25_29,25-29歳,25.0,29.0,False,False,2023,22.0,3333.0,0.73326
neoplasm_all,新生物<腫瘍>,False,２　新生物＜腫瘍＞,total,male,a30_34,30-34歳,30.0,34.0,False,False,2023,39.0,3273.0,1.27647
neoplasm_all,新生物<腫瘍>,False,２　新生物＜腫瘍＞,total,male,a35_39,35-39歳,35.0,39.0,False,False,2023,43.0,3593.0,1.54499
neoplasm_all,新生物<腫瘍>,False,２　新生物＜腫瘍＞,total,male,a40_44,40-44歳,40.0,44.0,False,False,2023,63.0,3938.0,2.48094
neoplasm_all,新生物<腫瘍>,False,２　新生物＜腫瘍＞,total,male,a45_49,45-49歳,45.0,49.0,False,False,2023,87.0,4620.0,4.0194
neoplasm_all,新生物<腫瘍>,False,２　新生物＜腫瘍＞,total,male,a50_54,50-54歳,50.0,54.0,False,False,2023,137.0,4868.0,6.66916
neoplasm_all,新生物<腫瘍>,False,２　新生物＜腫瘍＞,total,male,a55_59,55-59歳,55.0,59.0,False,False,2023,212.0,4143.0,8.78316
neoplasm_all,新生物<腫瘍>,False,２　新生物＜腫瘍＞,total,male,a60_64,60-64歳,60.0,64.0,False,False,2023,361.0,3719.0,13.42559
neoplasm_all,新生物<腫瘍>,False,２　新生物＜腫瘍＞,total,male,a65_69,65-69歳,65.0,69.0,False,False,2023,570.0,3569.0,20.3433
neoplasm_all,新生物<腫瘍>,False,２　新生物＜腫瘍＞,total,male,r65p,65歳以上(再掲),65.0,,True,False,2023,891.0,,
neoplasm_all,新生物<腫瘍>,False,２　新生物＜腫瘍＞,total,male,a70_74,70-74歳,70.0,74.0,False,False,2023,848.0,4161.0,35.28528
neoplasm_all,新生物<腫瘍>,False,２　新生物＜腫瘍＞,total,male,r70p,70歳以上(再掲),70.0,,True,False,2023,986.0,,
neoplasm_all,新生物<腫瘍>,False,２　新生物＜腫瘍＞,total,male,a75_79,75-79歳,75.0,79.0,False,False,2023,1085.0,3365.0,36.51025
neoplasm_all,新生物<腫瘍>,False,２　新生物＜腫瘍＞,total,male,r75p,75歳以上(再掲),75.0,,True,False,2023,1058.0,,
neoplasm_all,新生物<腫瘍>,False,２　新生物＜腫瘍＞,total,male,a80_84,80-84歳,80.0,84.0,False,False,2023,1117.0,2458.0,27.45586
neoplasm_all,新生物<腫瘍>,False,２　新生物＜腫瘍＞,total,male,a85_89,85-89歳,85.0,89.0,False,False,2023,986.0,1448.0,14.27728
neoplasm_all,新生物<腫瘍>,False,２　新生物＜腫瘍＞,total,male,a90p,90歳以上,90.0,,False,False,2023,873.0,,
neoplasm_all,新生物<腫瘍>,False,２　新生物＜腫瘍＞,total,male,total,総数,,,False,True,2023,301.0,60492.0,182.08092
neoplasm_all,新生物<腫瘍>,False,２　新生物＜腫瘍＞,total,total,a00,0歳,0.0,0.0,False,False,2023,65.0,,
neoplasm_all,新生物<腫瘍>,False,２　新生物＜腫瘍＞,total,total,a01_04,1-4歳,1.0,4.0,False,False,2023,31.0,,
neoplasm_all,新生物<腫瘍>,False,２　新生物＜腫瘍＞,total,total,a05_09,5-9歳,5.0,9.0,False,False,2023,20.0,4838.0,0.9676
neoplasm_all,新生物<腫瘍>,False,２　新生物＜腫瘍＞,total,total,a10_14,10-14歳,10.0,14.0,False,False,2023,21.0,5248.0,1.10208
neoplasm_all,新生物<腫瘍>,False,２　新生物＜腫瘍＞,total,total,a15_19,15-19歳,15.0,19.0,False,False,2023,21.0,5494.0,1.15374
neoplasm_all,新生物<腫瘍>,False,２　新生物＜腫瘍＞,total,total,a20_24,20-24歳,20.0,24.0,False,False,2023,32.0,6236.0,1.99552
neoplasm_all,新生物<腫瘍>,False,２　新生物＜腫瘍＞,total,total,a25_29,25-29歳,25.0,29.0,False,False,2023,47.0,6479.0,3.04513
neoplasm_all,新生物<腫瘍>,False,２　新生物＜腫瘍＞,total,total,a30_34,30-34歳,30.0,34.0,False,False,2023,76.0,6380.0,4.8488
neoplasm_all,新生物<腫瘍>,False,２　新生物＜腫瘍＞,total,total,a35_39,35-39歳,35.0,39.0,False,False,2023,95.0,7047.0,6.69465
neoplasm_all,新生物<腫瘍>,False,２　新生物＜腫瘍＞,total,total,a40_44,40-44歳,40.0,44.0,False,False,2023,152.0,7765.0,11.8028
neoplasm_all,新生物<腫瘍>,False,２　新生物＜腫瘍＞,total,total,a45_49,45-49歳,45.0,49.0,False,False,2023,209.0,9115.0,19.05035
neoplasm_all,新生物<腫瘍>,False,２　新生物＜腫瘍＞,total,total,a50_54,50-54歳,50.0,54.0,False,False,2023,255.0,9650.0,24.6075
neoplasm_all,新生物<腫瘍>,False,２　新生物＜腫瘍＞,total,total,a55_59,55-59歳,55.0,59.0,False,False,2023,303.0,8279.0,25.08537
neoplasm_all,新生物<腫瘍>,False,２　新生物＜腫瘍＞,total,total,a60_64,60-64歳,60.0,64.0,False,False,2023,385.0,7507.0,28.90195
neoplasm_all,新生物<腫瘍>,False,２　新生物＜腫瘍＞,total,total,a65_69,65-69歳,65.0,69.0,False,False,2023,519.0,7332.0,38.05308
neoplasm_all,新生物<腫瘍>,False,２　新生物＜腫瘍＞,total,total,r65p,65歳以上(再掲),65.0,,True,False,2023,679.0,36227.0,245.98133
neoplasm_all,新生物<腫瘍>,False,２　新生物＜腫瘍＞,total,total,a70_74,70-74歳,70.0,74.0,False,False,2023,677.0,8817.0,59.69109
neoplasm_all,新生物<腫瘍>,False,２　新生物＜腫瘍＞,total,total,r70p,70歳以上(再掲),70.0,,True,False,2023,719.0,,
neoplasm_all,新生物<腫瘍>,False,２　新生物＜腫瘍＞,total,total,a75_79,75-79歳,75.0,79.0,False,False,2023,816.0,7474.0,60.98784
neoplasm_all,新生物<腫瘍>,False,２　新生物＜腫瘍＞,total,total,r75p,75歳以上(再掲),75.0,,True,False,2023,738.0,20078.0,148.17564
neoplasm_all,新生物<腫瘍>,False,２　新生物＜腫瘍＞,total,total,a80_84,80-84歳,80.0,84.0,False,False,2023,791.0,5895.0,46.62945
neoplasm_all,新生物<腫瘍>,False,２　新生物＜腫瘍＞,total,total,a85_89,85-89歳,85.0,89.0,False,False,2023,672.0,3979.0,26.73888
neoplasm_all,新生物<腫瘍>,False,２　新生物＜腫瘍＞,total,total,a90p,90歳以上,90.0,,False,False,2023,505.0,,
neoplasm_all,新生物<腫瘍>,False,２　新生物＜腫瘍＞,total,total,total,総数,,,False,True,2023,303.0,124352.0,376.78656
,歯の補てつ,True,２１　健康状態に影響を及ぼす要因及び保健サービスの利用(歯の補てつ（再掲）),total,female,a00,0歳,0.0,0.0,False,False,2023,,,
,歯の補てつ,True,２１　健康状態に影響を及ぼす要因及び保健サービスの利用(歯の補てつ（再掲）),total,female,a01_04,1-4歳,1.0,4.0,False,False,2023,2.0,,
,歯の補てつ,True,２１　健康状態に影響を及ぼす要因及び保健サービスの利用(歯の補てつ（再掲）),total,female,a05_09,5-9歳,5.0,9.0,False,False,2023,1.0,,
,歯の補てつ,True,２１　健康状態に影響を及ぼす要因及び保健サービスの利用(歯の補てつ（再掲）),total,female,a10_14,10-14歳,10.0,14.0,False,False,2023,3.0,,
,歯の補てつ,True,２１　健康状態に影響を及ぼす要因及び保健サービスの利用(歯の補てつ（再掲）),total,female,a15_19,15-19歳,15.0,19.0,False,False,2023,20.0,,
,歯の補てつ,True,２１　健康状態に影響を及ぼす要因及び保健サービスの利用(歯の補てつ（再掲）),total,female,a20_24,20-24歳,20.0,24.0,False,False,2023,17.0,,
,歯の補てつ,True,２１　健康状態に影響を及ぼす要因及び保健サービスの利用(歯の補てつ（再掲）),total,female,a25_29,25-29歳,25.0,29.0,False,False,2023,35.0,,
,歯の補てつ,True,２１　健康状態に影響を及ぼす要因及び保健サービスの利用(歯の補てつ（再掲）),total,female,a30_34,30-34歳,30.0,34.0,False,False,2023,44.0,,
,歯の補てつ,True,２１　健康状態に影響を及ぼす要因及び保健サービスの利用(歯の補てつ（再掲）),total,female,a35_39,35-39歳,35.0,39.0,False,False,2023,81.0,,
,歯の補てつ,True,２１　健康状態に影響を及ぼす要因及び保健サービスの利用(歯の補てつ（再掲）),total,female,a40_44,40-44歳,40.0,44.0,False,False,2023,82.0,,
,歯の補てつ,True,２１　健康状態に影響を及ぼす要因及び保健サービスの利用(歯の補てつ（再掲）),total,female,a45_49,45-49歳,45.0,49.0,False,False,2023,124.0,,
,歯の補てつ,True,２１　健康状態に影響を及ぼす要因及び保健サービスの利用(歯の補てつ（再掲）),total,female,a50_54,50-54歳,50.0,54.0,False,False,2023,132.0,,
,歯の補てつ,True,２１　健康状態に影響を及ぼす要因及び保健サービスの利用(歯の補てつ（再掲）),total,female,a55_59,55-59歳,55.0,59.0,False,False,2023,167.0,,
,歯の補てつ,True,２１　健康状態に影響を及ぼす要因及び保健サービスの利用(歯の補てつ（再掲）),total,female,a60_64,60-64歳,60.0,64.0,False,False,2023,278.0,,
,歯の補てつ,True,２１　健康状態に影響を及ぼす要因及び保健サービスの利用(歯の補てつ（再掲）),total,female,a65_69,65-69歳,65.0,69.0,False,False,2023,321.0,,
,歯の補てつ,True,２１　健康状態に影響を及ぼす要因及び保健サービスの利用(歯の補てつ（再掲）),total,female,r65p,65歳以上(再掲),65.0,,True,False,2023,411.0,,
,歯の補てつ,True,２１　健康状態に影響を及ぼす要因及び保健サービスの利用(歯の補てつ（再掲）),total,female,a70_74,70-74歳,70.0,74.0,False,False,2023,385.0,,
,歯の補てつ,True,２１　健康状態に影響を及ぼす要因及び保健サービスの利用(歯の補てつ（再掲）),total,female,r70p,70歳以上(再掲),70.0,,True,False,2023,431.0,,
,歯の補てつ,True,２１　健康状態に影響を及ぼす要因及び保健サービスの利用(歯の補てつ（再掲）),total,female,a75_79,75-79歳,75.0,79.0,False,False,2023,403.0,,
,歯の補てつ,True,２１　健康状態に影響を及ぼす要因及び保健サービスの利用(歯の補てつ（再掲）),total,female,r75p,75歳以上(再掲),75.0,,True,False,2023,449.0,,
,歯の補てつ,True,２１　健康状態に影響を及ぼす要因及び保健サービスの利用(歯の補てつ（再掲）),total,female,a80_84,80-84歳,80.0,84.0,False,False,2023,529.0,,
,歯の補てつ,True,２１　健康状態に影響を及ぼす要因及び保健サービスの利用(歯の補てつ（再掲）),total,female,a85_89,85-89歳,85.0,89.0,False,False,2023,474.0,,
,歯の補てつ,True,２１　健康状態に影響を及ぼす要因及び保健サービスの利用(歯の補てつ（再掲）),total,female,a90p,90歳以上,90.0,,False,False,2023,375.0,,
,歯の補てつ,True,２１　健康状態に影響を及ぼす要因及び保健サービスの利用(歯の補てつ（再掲）),total,female,total,総数,,,False,True,2023,193.0,,
,歯の補てつ,True,２１　健康状態に影響を及ぼす要因及び保健サービスの利用(歯の補てつ（再掲）),total,male,a00,0歳,0.0,0.0,False,False,2023,,,
,歯の補てつ,True,２１　健康状態に影響を及ぼす要因及び保健サービスの利用(歯の補てつ（再掲）),total,male,a01_04,1-4歳,1.0,4.0,False,False,2023,,,
,歯の補てつ,True,２１　健康状態に影響を及ぼす要因及び保健サービスの利用(歯の補てつ（再掲）),total,male,a05_09,5-9歳,5.0,9.0,False,False,2023,1.0,2478.0,0.02478
,歯の補てつ,True,２１　健康状態に影響を及ぼす要因及び保健サービスの利用(歯の補てつ（再掲）),total,male,a10_14,10-14歳,10.0,14.0,False,False,2023,3.0,2689.0,0.08067
,歯の補てつ,True,２１　健康状態に影響を及ぼす要因及び保健サービスの利用(歯の補てつ（再掲）),total,male,a15_19,15-19歳,15.0,19.0,False,False,2023,14.0,2818.0,0.39452
,歯の補てつ,True,２１　健康状態に影響を及ぼす要因及び保健サービスの利用(歯の補てつ（再掲）),total,male,a20_24,20-24歳,20.0,24.0,False,False,2023,25.0,3212.0,0.803
,歯の補てつ,True,２１　健康状態に影響を及ぼす要因及び保健サービスの利用(歯の補てつ（再掲）),total,male,a25_29,25-29歳,25.0,29.0,False,False,2023,24.0,3333.0,0.79992
,歯の補てつ,True,２１　健康状態に影響を及ぼす要因及び保健サービスの利用(歯の補てつ（再掲）),total,male,a30_34,30-34歳,30.0,34.0,False,False,2023,32.0,3273.0,1.04736
,歯の補てつ,True,２１　健康状態に影響を及ぼす要因及び保健サービスの利用(歯の補てつ（再掲）),total,male,a35_39,35-39歳,35.0,39.0,False,False,2023,55.0,3593.0,1.97615
,歯の補てつ,True,２１　健康状態に影響を及ぼす要因及び保健サービスの利用(歯の補てつ（再掲）),total,male,a40_44,40-44歳,40.0,44.0,False,False,2023,68.0,3938.0,2.67784
,歯の補てつ,True,２１　健康状態に影響を及ぼす要因及び保健サービスの利用(歯の補てつ（再掲）),total,male,a45_49,45-49歳,45.0,49.0,False,False,2023,121.0,4620.0,5.5902
,歯の補てつ,True,２１　健康状態に影響を及ぼす要因及び保健サービスの利用(歯の補てつ（再掲）),total,male,a50_54,50-54歳,50.0,54.0,False,False,2023,77.0,4868.0,3.74836
,歯の補てつ,True,２１　健康状態に影響を及ぼす要因及び保健サービスの利用(歯の補てつ（再掲）),total,male,a55_59,55-59歳,55.0,59.0,False,False,2023,144.0,4143.0,5.96592
,歯の補てつ,True,２１　健康状態に影響を及ぼす要因及び保健サービスの利用(歯の補てつ（再掲）),total,male,a60_64,60-64歳,60.0,64.0,False,False,2023,212.0,3719.0,7.88428
,歯の補てつ,True,２１　健康状態に影響を及ぼす要因及び保健サービスの利用(歯の補てつ（再掲）),total,male,a65_69,65-69歳,65.0,69.0,False,False,2023,327.0,3569.0,11.67063
,歯の補てつ,True,２１　健康状態に影響を及ぼす要因及び保健サービスの利用(歯の補てつ（再掲）),total,male,r65p,65歳以上(再掲),65.0,,True,False,2023,420.0,,
,歯の補てつ,True,２１　健康状態に影響を及ぼす要因及び保健サービスの利用(歯の補てつ（再掲）),total,male,a70_74,70-74歳,70.0,74.0,False,False,2023,391.0,4161.0,16.26951
,歯の補てつ,True,２１　健康状態に影響を及ぼす要因及び保健サービスの利用(歯の補てつ（再掲）),total,male,r70p,70歳以上(再掲),70.0,,True,False,2023,447.0,,
,歯の補てつ,True,２１　健康状態に影響を及ぼす要因及び保健サービスの利用(歯の補てつ（再掲）),total,male,a75_79,75-79歳,75.0,79.0,False,False,2023,436.0,3365.0,14.6714
,歯の補てつ,True,２１　健康状態に影響を及ぼす要因及び保健サービスの利用(歯の補てつ（再掲）),total,male,r75p,75歳以上(再掲),75.0,,True,False,2023,476.0,,
,歯の補てつ,True,２１　健康状態に影響を及ぼす要因及び保健サービスの利用(歯の補てつ（再掲）),total,male,a80_84,80-84歳,80.0,84.0,False,False,2023,505.0,2458.0,12.4129
,歯の補てつ,True,２１　健康状態に影響を及ぼす要因及び保健サービスの利用(歯の補てつ（再掲）),total,male,a85_89,85-89歳,85.0,89.0,False,False,2023,540.0,1448.0,7.8192
,歯の補てつ,True,２１　健康状態に影響を及ぼす要因及び保健サービスの利用(歯の補てつ（再掲）),total,male,a90p,90歳以上,90.0,,False,False,2023,434.0,,
,歯の補てつ,True,２１　健康状態に影響を及ぼす要因及び保健サービスの利用(歯の補てつ（再掲）),total,male,total,総数,,,False,True,2023,160.0,60492.0,96.7872
,歯の補てつ,True,２１　健康状態に影響を及ぼす要因及び保健サービスの利用(歯の補てつ（再掲）),total,total,a00,0歳,0.0,0.0,False,False,2023,,,
,歯の補てつ,True,２１　健康状態に影響を及ぼす要因及び保健サービスの利用(歯の補てつ（再掲）),total,total,a01_04,1-4歳,1.0,4.0,False,False,2023,1.0,,
,歯の補てつ,True,２１　健康状態に影響を及ぼす要因及び保健サービスの利用(歯の補てつ（再掲）),total,total,a05_09,5-9歳,5.0,9.0,False,False,2023,1.0,4838.0,0.04838
,歯の補てつ,True,２１　健康状態に影響を及ぼす要因及び保健サービスの利用(歯の補てつ（再掲）),total,total,a10_14,10-14歳,10.0,14.0,False,False,2023,3.0,5248.0,0.15744
,歯の補てつ,True,２１　健康状態に影響を及ぼす要因及び保健サービスの利用(歯の補てつ（再掲）),total,total,a15_19,15-19歳,15.0,19.0,False,False,2023,17.0,5494.0,0.93398
,歯の補てつ,True,２１　健康状態に影響を及ぼす要因及び保健サービスの利用(歯の補てつ（再掲）),total,total,a20_24,20-24歳,20.0,24.0,False,False,2023,21.0,6236.0,1.30956
,歯の補てつ,True,２１　健康状態に影響を及ぼす要因及び保健サービスの利用(歯の補てつ（再掲）),total,total,a25_29,25-29歳,25.0,29.0,False,False,2023,29.0,6479.0,1.87891
,歯の補てつ,True,２１　健康状態に影響を及ぼす要因及び保健サービスの利用(歯の補てつ（再掲）),total,total,a30_34,30-34歳,30.0,34.0,False,False,2023,38.0,6380.0,2.4244
,歯の補てつ,True,２１　健康状態に影響を及ぼす要因及び保健サービスの利用(歯の補てつ（再掲）),total,total,a35_39,35-39歳,35.0,39.0,False,False,2023,68.0,7047.0,4.79196
,歯の補てつ,True,２１　健康状態に影響を及ぼす要因及び保健サービスの利用(歯の補てつ（再掲）),total,total,a40_44,40-44歳,40.0,44.0,False,False,2023,75.0,7765.0,5.82375
,歯の補てつ,True,２１　健康状態に影響を及ぼす要因及び保健サービスの利用(歯の補てつ（再掲）),total,total,a45_49,45-49歳,45.0,49.0,False,False,2023,123.0,9115.0,11.21145
,歯の補てつ,True,２１　健康状態に影響を及ぼす要因及び保健サービスの利用(歯の補てつ（再掲）),total,total,a50_54,50-54歳,50.0,54.0,False,False,2023,104.0,9650.0,10.036
,歯の補てつ,True,２１　健康状態に影響を及ぼす要因及び保健サービスの利用(歯の補てつ（再掲）),total,total,a55_59,55-59歳,55.0,59.0,False,False,2023,156.0,8279.0,12.91524
,歯の補てつ,True,２１　健康状態に影響を及ぼす要因及び保健サービスの利用(歯の補てつ（再掲）),total,total,a60_64,60-64歳,60.0,64.0,False,False,2023,245.0,7507.0,18.39215
,歯の補てつ,True,２１　健康状態に影響を及ぼす要因及び保健サービスの利用(歯の補てつ（再掲）),total,total,a65_69,65-69歳,65.0,69.0,False,False,2023,324.0,7332.0,23.75568
,歯の補てつ,True,２１　健康状態に影響を及ぼす要因及び保健サービスの利用(歯の補てつ（再掲）),total,total,r65p,65歳以上(再掲),65.0,,True,False,2023,415.0,36227.0,150.34205
,歯の補てつ,True,２１　健康状態に影響を及ぼす要因及び保健サービスの利用(歯の補てつ（再掲）),total,total,a70_74,70-74歳,70.0,74.0,False,False,2023,388.0,8817.0,34.20996
,歯の補てつ,True,２１　健康状態に影響を及ぼす要因及び保健サービスの利用(歯の補てつ（再掲）),total,total,r70p,70歳以上(再掲),70.0,,True,False,2023,438.0,,
,歯の補てつ,True,２１　健康状態に影響を及ぼす要因及び保健サービスの利用(歯の補てつ（再掲）),total,total,a75_79,75-79歳,75.0,79.0,False,False,2023,418.0,7474.0,31.24132
,歯の補てつ,True,２１　健康状態に影響を及ぼす要因及び保健サービスの利用(歯の補てつ（再掲）),total,total,r75p,75歳以上(再掲),75.0,,True,False,2023,460.0,20078.0,92.3588
,歯の補てつ,True,２１　健康状態に影響を及ぼす要因及び保健サービスの利用(歯の補てつ（再掲）),total,total,a80_84,80-84歳,80.0,84.0,False,False,2023,519.0,5895.0,30.59505
,歯の補てつ,True,２１　健康状態に影響を及ぼす要因及び保健サービスの利用(歯の補てつ（再掲）),total,total,a85_89,85-89歳,85.0,89.0,False,False,2023,498.0,3979.0,19.81542
,歯の補てつ,True,２１　健康状態に影響を及ぼす要因及び保健サービスの利用(歯の補てつ（再掲）),total,total,a90p,90歳以上,90.0,,False,False,2023,391.0,,
,歯の補てつ,True,２１　健康状態に影響を及ぼす要因及び保健サービスの利用(歯の補てつ（再掲）),total,total,total,総数,,,False,True,2023,177.0,124352.0,220.10304
,歯肉炎及び歯周疾患,True,１１　消化器系の疾患(歯肉炎及び歯周疾患（再掲）),total,female,a00,0歳,0.0,0.0,False,False,2023,13.0,,
,歯肉炎及び歯周疾患,True,１１　消化器系の疾患(歯肉炎及び歯周疾患（再掲）),total,female,a01_04,1-4歳,1.0,4.0,False,False,2023,211.0,,
,歯肉炎及び歯周疾患,True,１１　消化器系の疾患(歯肉炎及び歯周疾患（再掲）),total,female,a05_09,5-9歳,5.0,9.0,False,False,2023,332.0,,
,歯肉炎及び歯周疾患,True,１１　消化器系の疾患(歯肉炎及び歯周疾患（再掲）),total,female,a10_14,10-14歳,10.0,14.0,False,False,2023,303.0,,
,歯肉炎及び歯周疾患,True,１１　消化器系の疾患(歯肉炎及び歯周疾患（再掲）),total,female,a15_19,15-19歳,15.0,19.0,False,False,2023,130.0,,
,歯肉炎及び歯周疾患,True,１１　消化器系の疾患(歯肉炎及び歯周疾患（再掲）),total,female,a20_24,20-24歳,20.0,24.0,False,False,2023,180.0,,
,歯肉炎及び歯周疾患,True,１１　消化器系の疾患(歯肉炎及び歯周疾患（再掲）),total,female,a25_29,25-29歳,25.0,29.0,False,False,2023,294.0,,
,歯肉炎及び歯周疾患,True,１１　消化器系の疾患(歯肉炎及び歯周疾患（再掲）),total,female,a30_34,30-34歳,30.0,34.0,False,False,2023,274.0,,
,歯肉炎及び歯周疾患,True,１１　消化器系の疾患(歯肉炎及び歯周疾患（再掲）),total,female,a35_39,35-39歳,35.0,39.0,False,False,2023,342.0,,
,歯肉炎及び歯周疾患,True,１１　消化器系の疾患(歯肉炎及び歯周疾患（再掲）),total,female,a40_44,40-44歳,40.0,44.0,False,False,2023,412.0,,
,歯肉炎及び歯周疾患,True,１１　消化器系の疾患(歯肉炎及び歯周疾患（再掲）),total,female,a45_49,45-49歳,45.0,49.0,False,False,2023,406.0,,
,歯肉炎及び歯周疾患,True,１１　消化器系の疾患(歯肉炎及び歯周疾患（再掲）),total,female,a50_54,50-54歳,50.0,54.0,False,False,2023,503.0,,
,歯肉炎及び歯周疾患,True,１１　消化器系の疾患(歯肉炎及び歯周疾患（再掲）),total,female,a55_59,55-59歳,55.0,59.0,False,False,2023,524.0,,
,歯肉炎及び歯周疾患,True,１１　消化器系の疾患(歯肉炎及び歯周疾患（再掲）),total,female,a60_64,60-64歳,60.0,64.0,False,False,2023,644.0,,
,歯肉炎及び歯周疾患,True,１１　消化器系の疾患(歯肉炎及び歯周疾患（再掲）),total,female,a65_69,65-69歳,65.0,69.0,False,False,2023,699.0,,
,歯肉炎及び歯周疾患,True,１１　消化器系の疾患(歯肉炎及び歯周疾患（再掲）),total,female,r65p,65歳以上(再掲),65.0,,True,False,2023,864.0,,
,歯肉炎及び歯周疾患,True,１１　消化器系の疾患(歯肉炎及び歯周疾患（再掲）),total,female,a70_74,70-74歳,70.0,74.0,False,False,2023,699.0,,
,歯肉炎及び歯周疾患,True,１１　消化器系の疾患(歯肉炎及び歯周疾患（再掲）),total,female,r70p,70歳以上(再掲),70.0,,True,False,2023,901.0,,
,歯肉炎及び歯周疾患,True,１１　消化器系の疾患(歯肉炎及び歯周疾患（再掲）),total,female,a75_79,75-79歳,75.0,79.0,False,False,2023,829.0,,
,歯肉炎及び歯周疾患,True,１１　消化器系の疾患(歯肉炎及び歯周疾患（再掲）),total,female,r75p,75歳以上(再掲),75.0,,True,False,2023,979.0,,
,歯肉炎及び歯周疾患,True,１１　消化器系の疾患(歯肉炎及び歯周疾患（再掲）),total,female,a80_84,80-84歳,80.0,84.0,False,False,2023,875.0,,
,歯肉炎及び歯周疾患,True,１１　消化器系の疾患(歯肉炎及び歯周疾患（再掲）),total,female,a85_89,85-89歳,85.0,89.0,False,False,2023,1084.0,,
,歯肉炎及び歯周疾患,True,１１　消化器系の疾患(歯肉炎及び歯周疾患（再掲）),total,female,a90p,90歳以上,90.0,,False,False,2023,1334.0,,
,歯肉炎及び歯周疾患,True,１１　消化器系の疾患(歯肉炎及び歯周疾患（再掲）),total,female,total,総数,,,False,True,2023,531.0,,
,歯肉炎及び歯周疾患,True,１１　消化器系の疾患(歯肉炎及び歯周疾患（再掲）),total,male,a00,0歳,0.0,0.0,False,False,2023,,,
,歯肉炎及び歯周疾患,True,１１　消化器系の疾患(歯肉炎及び歯周疾患（再掲）),total,male,a01_04,1-4歳,1.0,4.0,False,False,2023,215.0,,
,歯肉炎及び歯周疾患,True,１１　消化器系の疾患(歯肉炎及び歯周疾患（再掲）),total,male,a05_09,5-9歳,5.0,9.0,False,False,2023,400.0,2478.0,9.912
,歯肉炎及び歯周疾患,True,１１　消化器系の疾患(歯肉炎及び歯周疾患（再掲）),total,male,a10_14,10-14歳,10.0,14.0,False,False,2023,206.0,2689.0,5.53934
,歯肉炎及び歯周疾患,True,１１　消化器系の疾患(歯肉炎及び歯周疾患（再掲）),total,male,a15_19,15-19歳,15.0,19.0,False,False,2023,98.0,2818.0,2.76164
,歯肉炎及び歯周疾患,True,１１　消化器系の疾患(歯肉炎及び歯周疾患（再掲）),total,male,a20_24,20-24歳,20.0,24.0,False,False,2023,172.0,3212.0,5.52464
,歯肉炎及び歯周疾患,True,１１　消化器系の疾患(歯肉炎及び歯周疾患（再掲）),total,male,a25_29,25-29歳,25.0,29.0,False,False,2023,195.0,3333.0,6.49935
,歯肉炎及び歯周疾患,True,１１　消化器系の疾患(歯肉炎及び歯周疾患（再掲）),total,male,a30_34,30-34歳,30.0,34.0,False,False,2023,214.0,3273.0,7.00422
,歯肉炎及び歯周疾患,True,１１　消化器系の疾患(歯肉炎及び歯周疾患（再掲）),total,male,a35_39,35-39歳,35.0,39.0,False,False,2023,202.0,3593.0,7.25786
,歯肉炎及び歯周疾患,True,１１　消化器系の疾患(歯肉炎及び歯周疾患（再掲）),total,male,a40_44,40-44歳,40.0,44.0,False,False,2023,220.0,3938.0,8.6636
,歯肉炎及び歯周疾患,True,１１　消化器系の疾患(歯肉炎及び歯周疾患（再掲）),total,male,a45_49,45-49歳,45.0,49.0,False,False,2023,246.0,4620.0,11.3652
,歯肉炎及び歯周疾患,True,１１　消化器系の疾患(歯肉炎及び歯周疾患（再掲）),total,male,a50_54,50-54歳,50.0,54.0,False,False,2023,296.0,4868.0,14.40928
,歯肉炎及び歯周疾患,True,１１　消化器系の疾患(歯肉炎及び歯周疾患（再掲）),total,male,a55_59,55-59歳,55.0,59.0,False,False,2023,338.0,4143.0,14.00334
,歯肉炎及び歯周疾患,True,１１　消化器系の疾患(歯肉炎及び歯周疾患（再掲）),total,male,a60_64,60-64歳,60.0,64.0,False,False,2023,451.0,3719.0,16.77269
,歯肉炎及び歯周疾患,True,１１　消化器系の疾患(歯肉炎及び歯周疾患（再掲）),total,male,a65_69,65-69歳,65.0,69.0,False,False,2023,641.0,3569.0,22.87729
,歯肉炎及び歯周疾患,True,１１　消化器系の疾患(歯肉炎及び歯周疾患（再掲）),total,male,r65p,65歳以上(再掲),65.0,,True,False,2023,622.0,,
,歯肉炎及び歯周疾患,True,１１　消化器系の疾患(歯肉炎及び歯周疾患（再掲）),total,male,a70_74,70-74歳,70.0,74.0,False,False,2023,561.0,4161.0,23.34321
,歯肉炎及び歯周疾患,True,１１　消化器系の疾患(歯肉炎及び歯周疾患（再掲）),total,male,r70p,70歳以上(再掲),70.0,,True,False,2023,616.0,,
,歯肉炎及び歯周疾患,True,１１　消化器系の疾患(歯肉炎及び歯周疾患（再掲）),total,male,a75_79,75-79歳,75.0,79.0,False,False,2023,606.0,3365.0,20.3919
,歯肉炎及び歯周疾患,True,１１　消化器系の疾患(歯肉炎及び歯周疾患（再掲）),total,male,r75p,75歳以上(再掲),75.0,,True,False,2023,645.0,,
,歯肉炎及び歯周疾患,True,１１　消化器系の疾患(歯肉炎及び歯周疾患（再掲）),total,male,a80_84,80-84歳,80.0,84.0,False,False,2023,631.0,2458.0,15.50998
,歯肉炎及び歯周疾患,True,１１　消化器系の疾患(歯肉炎及び歯周疾患（再掲）),total,male,a85_89,85-89歳,85.0,89.0,False,False,2023,795.0,1448.0,11.5116
,歯肉炎及び歯周疾患,True,１１　消化器系の疾患(歯肉炎及び歯周疾患（再掲）),total,male,a90p,90歳以上,90.0,,False,False,2023,575.0,,
,歯肉炎及び歯周疾患,True,１１　消化器系の疾患(歯肉炎及び歯周疾患（再掲）),total,male,total,総数,,,False,True,2023,350.0,60492.0,211.722
,歯肉炎及び歯周疾患,True,１１　消化器系の疾患(歯肉炎及び歯周疾患（再掲）),total,total,a00,0歳,0.0,0.0,False,False,2023,6.0,,
,歯肉炎及び歯周疾患,True,１１　消化器系の疾患(歯肉炎及び歯周疾患（再掲）),total,total,a01_04,1-4歳,1.0,4.0,False,False,2023,213.0,,
,歯肉炎及び歯周疾患,True,１１　消化器系の疾患(歯肉炎及び歯周疾患（再掲）),total,total,a05_09,5-9歳,5.0,9.0,False,False,2023,367.0,4838.0,17.75546
,歯肉炎及び歯周疾患,True,１１　消化器系の疾患(歯肉炎及び歯周疾患（再掲）),total,total,a10_14,10-14歳,10.0,14.0,False,False,2023,254.0,5248.0,13.32992
,歯肉炎及び歯周疾患,True,１１　消化器系の疾患(歯肉炎及び歯周疾患（再掲）),total,total,a15_19,15-19歳,15.0,19.0,False,False,2023,114.0,5494.0,6.26316
,歯肉炎及び歯周疾患,True,１１　消化器系の疾患(歯肉炎及び歯周疾患（再掲）),total,total,a20_24,20-24歳,20.0,24.0,False,False,2023,176.0,6236.0,10.97536
,歯肉炎及び歯周疾患,True,１１　消化器系の疾患(歯肉炎及び歯周疾患（再掲）),total,total,a25_29,25-29歳,25.0,29.0,False,False,2023,243.0,6479.0,15.74397
,歯肉炎及び歯周疾患,True,１１　消化器系の疾患(歯肉炎及び歯周疾患（再掲）),total,total,a30_34,30-34歳,30.0,34.0,False,False,2023,243.0,6380.0,15.5034
,歯肉炎及び歯周疾患,True,１１　消化器系の疾患(歯肉炎及び歯周疾患（再掲）),total,total,a35_39,35-39歳,35.0,39.0,False,False,2023,270.0,7047.0,19.0269
,歯肉炎及び歯周疾患,True,１１　消化器系の疾患(歯肉炎及び歯周疾患（再掲）),total,total,a40_44,40-44歳,40.0,44.0,False,False,2023,315.0,7765.0,24.45975
,歯肉炎及び歯周疾患,True,１１　消化器系の疾患(歯肉炎及び歯周疾患（再掲）),total,total,a45_49,45-49歳,45.0,49.0,False,False,2023,325.0,9115.0,29.62375
,歯肉炎及び歯周疾患,True,１１　消化器系の疾患(歯肉炎及び歯周疾患（再掲）),total,total,a50_54,50-54歳,50.0,54.0,False,False,2023,398.0,9650.0,38.407
,歯肉炎及び歯周疾患,True,１１　消化器系の疾患(歯肉炎及び歯周疾患（再掲）),total,total,a55_59,55-59歳,55.0,59.0,False,False,2023,431.0,8279.0,35.68249
,歯肉炎及び歯周疾患,True,１１　消化器系の疾患(歯肉炎及び歯周疾患（再掲）),total,total,a60_64,60-64歳,60.0,64.0,False,False,2023,549.0,7507.0,41.21343
,歯肉炎及び歯周疾患,True,１１　消化器系の疾患(歯肉炎及び歯周疾患（再掲）),total,total,a65_69,65-69歳,65.0,69.0,False,False,2023,671.0,7332.0,49.19772
,歯肉炎及び歯周疾患,True,１１　消化器系の疾患(歯肉炎及び歯周疾患（再掲）),total,total,r65p,65歳以上(再掲),65.0,,True,False,2023,759.0,36227.0,274.96293
,歯肉炎及び歯周疾患,True,１１　消化器系の疾患(歯肉炎及び歯周疾患（再掲）),total,total,a70_74,70-74歳,70.0,74.0,False,False,2023,634.0,8817.0,55.89978
,歯肉炎及び歯周疾患,True,１１　消化器系の疾患(歯肉炎及び歯周疾患（再掲）),total,total,r70p,70歳以上(再掲),70.0,,True,False,2023,782.0,,
,歯肉炎及び歯周疾患,True,１１　消化器系の疾患(歯肉炎及び歯周疾患（再掲）),total,total,a75_79,75-79歳,75.0,79.0,False,False,2023,728.0,7474.0,54.41072
,歯肉炎及び歯周疾患,True,１１　消化器系の疾患(歯肉炎及び歯周疾患（再掲）),total,total,r75p,75歳以上(再掲),75.0,,True,False,2023,846.0,20078.0,169.85988
,歯肉炎及び歯周疾患,True,１１　消化器系の疾患(歯肉炎及び歯周疾患（再掲）),total,total,a80_84,80-84歳,80.0,84.0,False,False,2023,773.0,5895.0,45.56835
,歯肉炎及び歯周疾患,True,１１　消化器系の疾患(歯肉炎及び歯周疾患（再掲）),total,total,a85_89,85-89歳,85.0,89.0,False,False,2023,979.0,3979.0,38.95441
,歯肉炎及び歯周疾患,True,１１　消化器系の疾患(歯肉炎及び歯周疾患（再掲）),total,total,a90p,90歳以上,90.0,,False,False,2023,1135.0,,
,歯肉炎及び歯周疾患,True,１１　消化器系の疾患(歯肉炎及び歯周疾患（再掲）),total,total,total,総数,,,False,True,2023,443.0,124352.0,550.87936
,気分[感情]障害(躁うつ病を含む),True,５　精神及び行動の障害(気分［感情］障害（躁うつ病を含む）（再掲）),total,female,a00,0歳,0.0,0.0,False,False,2023,1.0,,
,気分[感情]障害(躁うつ病を含む),True,５　精神及び行動の障害(気分［感情］障害（躁うつ病を含む）（再掲）),total,female,a01_04,1-4歳,1.0,4.0,False,False,2023,0.0,,
,気分[感情]障害(躁うつ病を含む),True,５　精神及び行動の障害(気分［感情］障害（躁うつ病を含む）（再掲）),total,female,a05_09,5-9歳,5.0,9.0,False,False,2023,1.0,,
,気分[感情]障害(躁うつ病を含む),True,５　精神及び行動の障害(気分［感情］障害（躁うつ病を含む）（再掲）),total,female,a10_14,10-14歳,10.0,14.0,False,False,2023,9.0,,
,気分[感情]障害(躁うつ病を含む),True,５　精神及び行動の障害(気分［感情］障害（躁うつ病を含む）（再掲）),total,female,a15_19,15-19歳,15.0,19.0,False,False,2023,47.0,,
,気分[感情]障害(躁うつ病を含む),True,５　精神及び行動の障害(気分［感情］障害（躁うつ病を含む）（再掲）),total,female,a20_24,20-24歳,20.0,24.0,False,False,2023,74.0,,
,気分[感情]障害(躁うつ病を含む),True,５　精神及び行動の障害(気分［感情］障害（躁うつ病を含む）（再掲）),total,female,a25_29,25-29歳,25.0,29.0,False,False,2023,107.0,,
,気分[感情]障害(躁うつ病を含む),True,５　精神及び行動の障害(気分［感情］障害（躁うつ病を含む）（再掲）),total,female,a30_34,30-34歳,30.0,34.0,False,False,2023,84.0,,
,気分[感情]障害(躁うつ病を含む),True,５　精神及び行動の障害(気分［感情］障害（躁うつ病を含む）（再掲）),total,female,a35_39,35-39歳,35.0,39.0,False,False,2023,109.0,,
,気分[感情]障害(躁うつ病を含む),True,５　精神及び行動の障害(気分［感情］障害（躁うつ病を含む）（再掲）),total,female,a40_44,40-44歳,40.0,44.0,False,False,2023,111.0,,
,気分[感情]障害(躁うつ病を含む),True,５　精神及び行動の障害(気分［感情］障害（躁うつ病を含む）（再掲）),total,female,a45_49,45-49歳,45.0,49.0,False,False,2023,110.0,,
,気分[感情]障害(躁うつ病を含む),True,５　精神及び行動の障害(気分［感情］障害（躁うつ病を含む）（再掲）),total,female,a50_54,50-54歳,50.0,54.0,False,False,2023,126.0,,
,気分[感情]障害(躁うつ病を含む),True,５　精神及び行動の障害(気分［感情］障害（躁うつ病を含む）（再掲）),total,female,a55_59,55-59歳,55.0,59.0,False,False,2023,126.0,,
,気分[感情]障害(躁うつ病を含む),True,５　精神及び行動の障害(気分［感情］障害（躁うつ病を含む）（再掲）),total,female,a60_64,60-64歳,60.0,64.0,False,False,2023,113.0,,
,気分[感情]障害(躁うつ病を含む),True,５　精神及び行動の障害(気分［感情］障害（躁うつ病を含む）（再掲）),total,female,a65_69,65-69歳,65.0,69.0,False,False,2023,126.0,,
,気分[感情]障害(躁うつ病を含む),True,５　精神及び行動の障害(気分［感情］障害（躁うつ病を含む）（再掲）),total,female,r65p,65歳以上(再掲),65.0,,True,False,2023,125.0,,
,気分[感情]障害(躁うつ病を含む),True,５　精神及び行動の障害(気分［感情］障害（躁うつ病を含む）（再掲）),total,female,a70_74,70-74歳,70.0,74.0,False,False,2023,116.0,,
,気分[感情]障害(躁うつ病を含む),True,５　精神及び行動の障害(気分［感情］障害（躁うつ病を含む）（再掲）),total,female,r70p,70歳以上(再掲),70.0,,True,False,2023,124.0,,
,気分[感情]障害(躁うつ病を含む),True,５　精神及び行動の障害(気分［感情］障害（躁うつ病を含む）（再掲）),total,female,a75_79,75-79歳,75.0,79.0,False,False,2023,143.0,,
,気分[感情]障害(躁うつ病を含む),True,５　精神及び行動の障害(気分［感情］障害（躁うつ病を含む）（再掲）),total,female,r75p,75歳以上(再掲),75.0,,True,False,2023,128.0,,
,気分[感情]障害(躁うつ病を含む),True,５　精神及び行動の障害(気分［感情］障害（躁うつ病を含む）（再掲）),total,female,a80_84,80-84歳,80.0,84.0,False,False,2023,142.0,,
,気分[感情]障害(躁うつ病を含む),True,５　精神及び行動の障害(気分［感情］障害（躁うつ病を含む）（再掲）),total,female,a85_89,85-89歳,85.0,89.0,False,False,2023,119.0,,
,気分[感情]障害(躁うつ病を含む),True,５　精神及び行動の障害(気分［感情］障害（躁うつ病を含む）（再掲）),total,female,a90p,90歳以上,90.0,,False,False,2023,84.0,,
,気分[感情]障害(躁うつ病を含む),True,５　精神及び行動の障害(気分［感情］障害（躁うつ病を含む）（再掲）),total,female,total,総数,,,False,True,2023,100.0,,
,気分[感情]障害(躁うつ病を含む),True,５　精神及び行動の障害(気分［感情］障害（躁うつ病を含む）（再掲）),total,male,a00,0歳,0.0,0.0,False,False,2023,,,
,気分[感情]障害(躁うつ病を含む),True,５　精神及び行動の障害(気分［感情］障害（躁うつ病を含む）（再掲）),total,male,a01_04,1-4歳,1.0,4.0,False,False,2023,,,
,気分[感情]障害(躁うつ病を含む),True,５　精神及び行動の障害(気分［感情］障害（躁うつ病を含む）（再掲）),total,male,a05_09,5-9歳,5.0,9.0,False,False,2023,1.0,2478.0,0.02478
,気分[感情]障害(躁うつ病を含む),True,５　精神及び行動の障害(気分［感情］障害（躁うつ病を含む）（再掲）),total,male,a10_14,10-14歳,10.0,14.0,False,False,2023,3.0,2689.0,0.08067
,気分[感情]障害(躁うつ病を含む),True,５　精神及び行動の障害(気分［感情］障害（躁うつ病を含む）（再掲）),total,male,a15_19,15-19歳,15.0,19.0,False,False,2023,16.0,2818.0,0.45088
,気分[感情]障害(躁うつ病を含む),True,５　精神及び行動の障害(気分［感情］障害（躁うつ病を含む）（再掲）),total,male,a20_24,20-24歳,20.0,24.0,False,False,2023,31.0,3212.0,0.99572
,気分[感情]障害(躁うつ病を含む),True,５　精神及び行動の障害(気分［感情］障害（躁うつ病を含む）（再掲）),total,male,a25_29,25-29歳,25.0,29.0,False,False,2023,48.0,3333.0,1.59984
,気分[感情]障害(躁うつ病を含む),True,５　精神及び行動の障害(気分［感情］障害（躁うつ病を含む）（再掲）),total,male,a30_34,30-34歳,30.0,34.0,False,False,2023,48.0,3273.0,1.57104
,気分[感情]障害(躁うつ病を含む),True,５　精神及び行動の障害(気分［感情］障害（躁うつ病を含む）（再掲）),total,male,a35_39,35-39歳,35.0,39.0,False,False,2023,70.0,3593.0,2.5151
,気分[感情]障害(躁うつ病を含む),True,５　精神及び行動の障害(気分［感情］障害（躁うつ病を含む）（再掲）),total,male,a40_44,40-44歳,40.0,44.0,False,False,2023,88.0,3938.0,3.46544
,気分[感情]障害(躁うつ病を含む),True,５　精神及び行動の障害(気分［感情］障害（躁うつ病を含む）（再掲）),total,male,a45_49,45-49歳,45.0,49.0,False,False,2023,104.0,4620.0,4.8048
,気分[感情]障害(躁うつ病を含む),True,５　精神及び行動の障害(気分［感情］障害（躁うつ病を含む）（再掲）),total,male,a50_54,50-54歳,50.0,54.0,False,False,2023,97.0,4868.0,4.72196
,気分[感情]障害(躁うつ病を含む),True,５　精神及び行動の障害(気分［感情］障害（躁うつ病を含む）（再掲）),total,male,a55_59,55-59歳,55.0,59.0,False,False,2023,114.0,4143.0,4.72302
,気分[感情]障害(躁うつ病を含む),True,５　精神及び行動の障害(気分［感情］障害（躁うつ病を含む）（再掲）),total,male,a60_64,60-64歳,60.0,64.0,False,False,2023,99.0,3719.0,3.68181
,気分[感情]障害(躁うつ病を含む),True,５　精神及び行動の障害(気分［感情］障害（躁うつ病を含む）（再掲）),total,male,a65_69,65-69歳,65.0,69.0,False,False,2023,87.0,3569.0,3.10503
,気分[感情]障害(躁うつ病を含む),True,５　精神及び行動の障害(気分［感情］障害（躁うつ病を含む）（再掲）),total,male,r65p,65歳以上(再掲),65.0,,True,False,2023,70.0,,
,気分[感情]障害(躁うつ病を含む),True,５　精神及び行動の障害(気分［感情］障害（躁うつ病を含む）（再掲）),total,male,a70_74,70-74歳,70.0,74.0,False,False,2023,78.0,4161.0,3.24558
,気分[感情]障害(躁うつ病を含む),True,５　精神及び行動の障害(気分［感情］障害（躁うつ病を含む）（再掲）),total,male,r70p,70歳以上(再掲),70.0,,True,False,2023,65.0,,
,気分[感情]障害(躁うつ病を含む),True,５　精神及び行動の障害(気分［感情］障害（躁うつ病を含む）（再掲）),total,male,a75_79,75-79歳,75.0,79.0,False,False,2023,65.0,3365.0,2.18725
,気分[感情]障害(躁うつ病を含む),True,５　精神及び行動の障害(気分［感情］障害（躁うつ病を含む）（再掲）),total,male,r75p,75歳以上(再掲),75.0,,True,False,2023,59.0,,
,気分[感情]障害(躁うつ病を含む),True,５　精神及び行動の障害(気分［感情］障害（躁うつ病を含む）（再掲）),total,male,a80_84,80-84歳,80.0,84.0,False,False,2023,60.0,2458.0,1.4748
,気分[感情]障害(躁うつ病を含む),True,５　精神及び行動の障害(気分［感情］障害（躁うつ病を含む）（再掲）),total,male,a85_89,85-89歳,85.0,89.0,False,False,2023,46.0,1448.0,0.66608
,気分[感情]障害(躁うつ病を含む),True,５　精神及び行動の障害(気分［感情］障害（躁うつ病を含む）（再掲）),total,male,a90p,90歳以上,90.0,,False,False,2023,48.0,,
,気分[感情]障害(躁うつ病を含む),True,５　精神及び行動の障害(気分［感情］障害（躁うつ病を含む）（再掲）),total,male,total,総数,,,False,True,2023,66.0,60492.0,39.92472
,気分[感情]障害(躁うつ病を含む),True,５　精神及び行動の障害(気分［感情］障害（躁うつ病を含む）（再掲）),total,total,a00,0歳,0.0,0.0,False,False,2023,0.0,,
,気分[感情]障害(躁うつ病を含む),True,５　精神及び行動の障害(気分［感情］障害（躁うつ病を含む）（再掲）),total,total,a01_04,1-4歳,1.0,4.0,False,False,2023,0.0,,
,気分[感情]障害(躁うつ病を含む),True,５　精神及び行動の障害(気分［感情］障害（躁うつ病を含む）（再掲）),total,total,a05_09,5-9歳,5.0,9.0,False,False,2023,1.0,4838.0,0.04838
,気分[感情]障害(躁うつ病を含む),True,５　精神及び行動の障害(気分［感情］障害（躁うつ病を含む）（再掲）),total,total,a10_14,10-14歳,10.0,14.0,False,False,2023,6.0,5248.0,0.31488
,気分[感情]障害(躁うつ病を含む),True,５　精神及び行動の障害(気分［感情］障害（躁うつ病を含む）（再掲）),total,total,a15_19,15-19歳,15.0,19.0,False,False,2023,31.0,5494.0,1.70314
,気分[感情]障害(躁うつ病を含む),True,５　精神及び行動の障害(気分［感情］障害（躁うつ病を含む）（再掲）),total,total,a20_24,20-24歳,20.0,24.0,False,False,2023,52.0,6236.0,3.24272
,気分[感情]障害(躁うつ病を含む),True,５　精神及び行動の障害(気分［感情］障害（躁うつ病を含む）（再掲）),total,total,a25_29,25-29歳,25.0,29.0,False,False,2023,77.0,6479.0,4.98883
,気分[感情]障害(躁うつ病を含む),True,５　精神及び行動の障害(気分［感情］障害（躁うつ病を含む）（再掲）),total,total,a30_34,30-34歳,30.0,34.0,False,False,2023,66.0,6380.0,4.2108
,気分[感情]障害(躁うつ病を含む),True,５　精神及び行動の障害(気分［感情］障害（躁うつ病を含む）（再掲）),total,total,a35_39,35-39歳,35.0,39.0,False,False,2023,89.0,7047.0,6.27183
,気分[感情]障害(躁うつ病を含む),True,５　精神及び行動の障害(気分［感情］障害（躁うつ病を含む）（再掲）),total,total,a40_44,40-44歳,40.0,44.0,False,False,2023,99.0,7765.0,7.68735
,気分[感情]障害(躁うつ病を含む),True,５　精神及び行動の障害(気分［感情］障害（躁うつ病を含む）（再掲）),total,total,a45_49,45-49歳,45.0,49.0,False,False,2023,107.0,9115.0,9.75305
,気分[感情]障害(躁うつ病を含む),True,５　精神及び行動の障害(気分［感情］障害（躁うつ病を含む）（再掲）),total,total,a50_54,50-54歳,50.0,54.0,False,False,2023,111.0,9650.0,10.7115
,気分[感情]障害(躁うつ病を含む),True,５　精神及び行動の障害(気分［感情］障害（躁うつ病を含む）（再掲）),total,total,a55_59,55-59歳,55.0,59.0,False,False,2023,120.0,8279.0,9.9348
,気分[感情]障害(躁うつ病を含む),True,５　精神及び行動の障害(気分［感情］障害（躁うつ病を含む）（再掲）),total,total,a60_64,60-64歳,60.0,64.0,False,False,2023,106.0,7507.0,7.95742
,気分[感情]障害(躁うつ病を含む),True,５　精神及び行動の障害(気分［感情］障害（躁うつ病を含む）（再掲）),total,total,a65_69,65-69歳,65.0,69.0,False,False,2023,107.0,7332.0,7.84524
,気分[感情]障害(躁うつ病を含む),True,５　精神及び行動の障害(気分［感情］障害（躁うつ病を含む）（再掲）),total,total,r65p,65歳以上(再掲),65.0,,True,False,2023,101.0,36227.0,36.58927
,気分[感情]障害(躁うつ病を含む),True,５　精神及び行動の障害(気分［感情］障害（躁うつ病を含む）（再掲）),total,total,a70_74,70-74歳,70.0,74.0,False,False,2023,98.0,8817.0,8.64066
,気分[感情]障害(躁うつ病を含む),True,５　精神及び行動の障害(気分［感情］障害（躁うつ病を含む）（再掲）),total,total,r70p,70歳以上(再掲),70.0,,True,False,2023,100.0,,
,気分[感情]障害(躁うつ病を含む),True,５　精神及び行動の障害(気分［感情］障害（躁うつ病を含む）（再掲）),total,total,a75_79,75-79歳,75.0,79.0,False,False,2023,108.0,7474.0,8.07192
,気分[感情]障害(躁うつ病を含む),True,５　精神及び行動の障害(気分［感情］障害（躁うつ病を含む）（再掲）),total,total,r75p,75歳以上(再掲),75.0,,True,False,2023,100.0,20078.0,20.078
,気分[感情]障害(躁うつ病を含む),True,５　精神及び行動の障害(気分［感情］障害（躁うつ病を含む）（再掲）),total,total,a80_84,80-84歳,80.0,84.0,False,False,2023,108.0,5895.0,6.3666
,気分[感情]障害(躁うつ病を含む),True,５　精神及び行動の障害(気分［感情］障害（躁うつ病を含む）（再掲）),total,total,a85_89,85-89歳,85.0,89.0,False,False,2023,92.0,3979.0,3.66068
,気分[感情]障害(躁うつ病を含む),True,５　精神及び行動の障害(気分［感情］障害（躁うつ病を含む）（再掲）),total,total,a90p,90歳以上,90.0,,False,False,2023,75.0,,
,気分[感情]障害(躁うつ病を含む),True,５　精神及び行動の障害(気分［感情］障害（躁うつ病を含む）（再掲）),total,total,total,総数,,,False,True,2023,83.0,124352.0,103.21216
,"気管,気管支及び肺の悪性新生物<腫瘍>",True,２　新生物＜腫瘍＞(気管，気管支及び肺の悪性新生物＜腫瘍＞（再掲）),total,female,a00,0歳,0.0,0.0,False,False,2023,1.0,,
,"気管,気管支及び肺の悪性新生物<腫瘍>",True,２　新生物＜腫瘍＞(気管，気管支及び肺の悪性新生物＜腫瘍＞（再掲）),total,female,a01_04,1-4歳,1.0,4.0,False,False,2023,,,
,"気管,気管支及び肺の悪性新生物<腫瘍>",True,２　新生物＜腫瘍＞(気管，気管支及び肺の悪性新生物＜腫瘍＞（再掲）),total,female,a05_09,5-9歳,5.0,9.0,False,False,2023,0.0,,
,"気管,気管支及び肺の悪性新生物<腫瘍>",True,２　新生物＜腫瘍＞(気管，気管支及び肺の悪性新生物＜腫瘍＞（再掲）),total,female,a10_14,10-14歳,10.0,14.0,False,False,2023,,,
,"気管,気管支及び肺の悪性新生物<腫瘍>",True,２　新生物＜腫瘍＞(気管，気管支及び肺の悪性新生物＜腫瘍＞（再掲）),total,female,a15_19,15-19歳,15.0,19.0,False,False,2023,0.0,,
,"気管,気管支及び肺の悪性新生物<腫瘍>",True,２　新生物＜腫瘍＞(気管，気管支及び肺の悪性新生物＜腫瘍＞（再掲）),total,female,a20_24,20-24歳,20.0,24.0,False,False,2023,,,
,"気管,気管支及び肺の悪性新生物<腫瘍>",True,２　新生物＜腫瘍＞(気管，気管支及び肺の悪性新生物＜腫瘍＞（再掲）),total,female,a25_29,25-29歳,25.0,29.0,False,False,2023,2.0,,
,"気管,気管支及び肺の悪性新生物<腫瘍>",True,２　新生物＜腫瘍＞(気管，気管支及び肺の悪性新生物＜腫瘍＞（再掲）),total,female,a30_34,30-34歳,30.0,34.0,False,False,2023,1.0,,
,"気管,気管支及び肺の悪性新生物<腫瘍>",True,２　新生物＜腫瘍＞(気管，気管支及び肺の悪性新生物＜腫瘍＞（再掲）),total,female,a35_39,35-39歳,35.0,39.0,False,False,2023,1.0,,
,"気管,気管支及び肺の悪性新生物<腫瘍>",True,２　新生物＜腫瘍＞(気管，気管支及び肺の悪性新生物＜腫瘍＞（再掲）),total,female,a40_44,40-44歳,40.0,44.0,False,False,2023,4.0,,
,"気管,気管支及び肺の悪性新生物<腫瘍>",True,２　新生物＜腫瘍＞(気管，気管支及び肺の悪性新生物＜腫瘍＞（再掲）),total,female,a45_49,45-49歳,45.0,49.0,False,False,2023,5.0,,
,"気管,気管支及び肺の悪性新生物<腫瘍>",True,２　新生物＜腫瘍＞(気管，気管支及び肺の悪性新生物＜腫瘍＞（再掲）),total,female,a50_54,50-54歳,50.0,54.0,False,False,2023,9.0,,
,"気管,気管支及び肺の悪性新生物<腫瘍>",True,２　新生物＜腫瘍＞(気管，気管支及び肺の悪性新生物＜腫瘍＞（再掲）),total,female,a55_59,55-59歳,55.0,59.0,False,False,2023,15.0,,
,"気管,気管支及び肺の悪性新生物<腫瘍>",True,２　新生物＜腫瘍＞(気管，気管支及び肺の悪性新生物＜腫瘍＞（再掲）),total,female,a60_64,60-64歳,60.0,64.0,False,False,2023,23.0,,
,"気管,気管支及び肺の悪性新生物<腫瘍>",True,２　新生物＜腫瘍＞(気管，気管支及び肺の悪性新生物＜腫瘍＞（再掲）),total,female,a65_69,65-69歳,65.0,69.0,False,False,2023,33.0,,
,"気管,気管支及び肺の悪性新生物<腫瘍>",True,２　新生物＜腫瘍＞(気管，気管支及び肺の悪性新生物＜腫瘍＞（再掲）),total,female,r65p,65歳以上(再掲),65.0,,True,False,2023,47.0,,
,"気管,気管支及び肺の悪性新生物<腫瘍>",True,２　新生物＜腫瘍＞(気管，気管支及び肺の悪性新生物＜腫瘍＞（再掲）),total,female,a70_74,70-74歳,70.0,74.0,False,False,2023,45.0,,
,"気管,気管支及び肺の悪性新生物<腫瘍>",True,２　新生物＜腫瘍＞(気管，気管支及び肺の悪性新生物＜腫瘍＞（再掲）),total,female,r70p,70歳以上(再掲),70.0,,True,False,2023,50.0,,
,"気管,気管支及び肺の悪性新生物<腫瘍>",True,２　新生物＜腫瘍＞(気管，気管支及び肺の悪性新生物＜腫瘍＞（再掲）),total,female,a75_79,75-79歳,75.0,79.0,False,False,2023,63.0,,
,"気管,気管支及び肺の悪性新生物<腫瘍>",True,２　新生物＜腫瘍＞(気管，気管支及び肺の悪性新生物＜腫瘍＞（再掲）),total,female,r75p,75歳以上(再掲),75.0,,True,False,2023,52.0,,
,"気管,気管支及び肺の悪性新生物<腫瘍>",True,２　新生物＜腫瘍＞(気管，気管支及び肺の悪性新生物＜腫瘍＞（再掲）),total,female,a80_84,80-84歳,80.0,84.0,False,False,2023,56.0,,
,"気管,気管支及び肺の悪性新生物<腫瘍>",True,２　新生物＜腫瘍＞(気管，気管支及び肺の悪性新生物＜腫瘍＞（再掲）),total,female,a85_89,85-89歳,85.0,89.0,False,False,2023,46.0,,
,"気管,気管支及び肺の悪性新生物<腫瘍>",True,２　新生物＜腫瘍＞(気管，気管支及び肺の悪性新生物＜腫瘍＞（再掲）),total,female,a90p,90歳以上,90.0,,False,False,2023,31.0,,
,"気管,気管支及び肺の悪性新生物<腫瘍>",True,２　新生物＜腫瘍＞(気管，気管支及び肺の悪性新生物＜腫瘍＞（再掲）),total,female,total,総数,,,False,True,2023,19.0,,
,"気管,気管支及び肺の悪性新生物<腫瘍>",True,２　新生物＜腫瘍＞(気管，気管支及び肺の悪性新生物＜腫瘍＞（再掲）),total,male,a00,0歳,0.0,0.0,False,False,2023,,,
,"気管,気管支及び肺の悪性新生物<腫瘍>",True,２　新生物＜腫瘍＞(気管，気管支及び肺の悪性新生物＜腫瘍＞（再掲）),total,male,a01_04,1-4歳,1.0,4.0,False,False,2023,,,
,"気管,気管支及び肺の悪性新生物<腫瘍>",True,２　新生物＜腫瘍＞(気管，気管支及び肺の悪性新生物＜腫瘍＞（再掲）),total,male,a05_09,5-9歳,5.0,9.0,False,False,2023,0.0,2478.0,0.0
,"気管,気管支及び肺の悪性新生物<腫瘍>",True,２　新生物＜腫瘍＞(気管，気管支及び肺の悪性新生物＜腫瘍＞（再掲）),total,male,a10_14,10-14歳,10.0,14.0,False,False,2023,,2689.0,
,"気管,気管支及び肺の悪性新生物<腫瘍>",True,２　新生物＜腫瘍＞(気管，気管支及び肺の悪性新生物＜腫瘍＞（再掲）),total,male,a15_19,15-19歳,15.0,19.0,False,False,2023,0.0,2818.0,0.0
,"気管,気管支及び肺の悪性新生物<腫瘍>",True,２　新生物＜腫瘍＞(気管，気管支及び肺の悪性新生物＜腫瘍＞（再掲）),total,male,a20_24,20-24歳,20.0,24.0,False,False,2023,,3212.0,
,"気管,気管支及び肺の悪性新生物<腫瘍>",True,２　新生物＜腫瘍＞(気管，気管支及び肺の悪性新生物＜腫瘍＞（再掲）),total,male,a25_29,25-29歳,25.0,29.0,False,False,2023,0.0,3333.0,0.0
,"気管,気管支及び肺の悪性新生物<腫瘍>",True,２　新生物＜腫瘍＞(気管，気管支及び肺の悪性新生物＜腫瘍＞（再掲）),total,male,a30_34,30-34歳,30.0,34.0,False,False,2023,0.0,3273.0,0.0
,"気管,気管支及び肺の悪性新生物<腫瘍>",True,２　新生物＜腫瘍＞(気管，気管支及び肺の悪性新生物＜腫瘍＞（再掲）),total,male,a35_39,35-39歳,35.0,39.0,False,False,2023,2.0,3593.0,0.07186
,"気管,気管支及び肺の悪性新生物<腫瘍>",True,２　新生物＜腫瘍＞(気管，気管支及び肺の悪性新生物＜腫瘍＞（再掲）),total,male,a40_44,40-44歳,40.0,44.0,False,False,2023,4.0,3938.0,0.15752
,"気管,気管支及び肺の悪性新生物<腫瘍>",True,２　新生物＜腫瘍＞(気管，気管支及び肺の悪性新生物＜腫瘍＞（再掲）),total,male,a45_49,45-49歳,45.0,49.0,False,False,2023,6.0,4620.0,0.2772
,"気管,気管支及び肺の悪性新生物<腫瘍>",True,２　新生物＜腫瘍＞(気管，気管支及び肺の悪性新生物＜腫瘍＞（再掲）),total,male,a50_54,50-54歳,50.0,54.0,False,False,2023,12.0,4868.0,0.58416
,"気管,気管支及び肺の悪性新生物<腫瘍>",True,２　新生物＜腫瘍＞(気管，気管支及び肺の悪性新生物＜腫瘍＞（再掲）),total,male,a55_59,55-59歳,55.0,59.0,False,False,2023,17.0,4143.0,0.70431
,"気管,気管支及び肺の悪性新生物<腫瘍>",True,２　新生物＜腫瘍＞(気管，気管支及び肺の悪性新生物＜腫瘍＞（再掲）),total,male,a60_64,60-64歳,60.0,64.0,False,False,2023,39.0,3719.0,1.45041
,"気管,気管支及び肺の悪性新生物<腫瘍>",True,２　新生物＜腫瘍＞(気管，気管支及び肺の悪性新生物＜腫瘍＞（再掲）),total,male,a65_69,65-69歳,65.0,69.0,False,False,2023,77.0,3569.0,2.74813
,"気管,気管支及び肺の悪性新生物<腫瘍>",True,２　新生物＜腫瘍＞(気管，気管支及び肺の悪性新生物＜腫瘍＞（再掲）),total,male,r65p,65歳以上(再掲),65.0,,True,False,2023,112.0,,
,"気管,気管支及び肺の悪性新生物<腫瘍>",True,２　新生物＜腫瘍＞(気管，気管支及び肺の悪性新生物＜腫瘍＞（再掲）),total,male,a70_74,70-74歳,70.0,74.0,False,False,2023,117.0,4161.0,4.86837
,"気管,気管支及び肺の悪性新生物<腫瘍>",True,２　新生物＜腫瘍＞(気管，気管支及び肺の悪性新生物＜腫瘍＞（再掲）),total,male,r70p,70歳以上(再掲),70.0,,True,False,2023,122.0,,
,"気管,気管支及び肺の悪性新生物<腫瘍>",True,２　新生物＜腫瘍＞(気管，気管支及び肺の悪性新生物＜腫瘍＞（再掲）),total,male,a75_79,75-79歳,75.0,79.0,False,False,2023,142.0,3365.0,4.7783
,"気管,気管支及び肺の悪性新生物<腫瘍>",True,２　新生物＜腫瘍＞(気管，気管支及び肺の悪性新生物＜腫瘍＞（再掲）),total,male,r75p,75歳以上(再掲),75.0,,True,False,2023,125.0,,
,"気管,気管支及び肺の悪性新生物<腫瘍>",True,２　新生物＜腫瘍＞(気管，気管支及び肺の悪性新生物＜腫瘍＞（再掲）),total,male,a80_84,80-84歳,80.0,84.0,False,False,2023,129.0,2458.0,3.17082
,"気管,気管支及び肺の悪性新生物<腫瘍>",True,２　新生物＜腫瘍＞(気管，気管支及び肺の悪性新生物＜腫瘍＞（再掲）),total,male,a85_89,85-89歳,85.0,89.0,False,False,2023,99.0,1448.0,1.43352
,"気管,気管支及び肺の悪性新生物<腫瘍>",True,２　新生物＜腫瘍＞(気管，気管支及び肺の悪性新生物＜腫瘍＞（再掲）),total,male,a90p,90歳以上,90.0,,False,False,2023,78.0,,
,"気管,気管支及び肺の悪性新生物<腫瘍>",True,２　新生物＜腫瘍＞(気管，気管支及び肺の悪性新生物＜腫瘍＞（再掲）),total,male,total,総数,,,False,True,2023,34.0,60492.0,20.56728
,"気管,気管支及び肺の悪性新生物<腫瘍>",True,２　新生物＜腫瘍＞(気管，気管支及び肺の悪性新生物＜腫瘍＞（再掲）),total,total,a00,0歳,0.0,0.0,False,False,2023,0.0,,
,"気管,気管支及び肺の悪性新生物<腫瘍>",True,２　新生物＜腫瘍＞(気管，気管支及び肺の悪性新生物＜腫瘍＞（再掲）),total,total,a01_04,1-4歳,1.0,4.0,False,False,2023,,,
,"気管,気管支及び肺の悪性新生物<腫瘍>",True,２　新生物＜腫瘍＞(気管，気管支及び肺の悪性新生物＜腫瘍＞（再掲）),total,total,a05_09,5-9歳,5.0,9.0,False,False,2023,0.0,4838.0,0.0
,"気管,気管支及び肺の悪性新生物<腫瘍>",True,２　新生物＜腫瘍＞(気管，気管支及び肺の悪性新生物＜腫瘍＞（再掲）),total,total,a10_14,10-14歳,10.0,14.0,False,False,2023,,5248.0,
,"気管,気管支及び肺の悪性新生物<腫瘍>",True,２　新生物＜腫瘍＞(気管，気管支及び肺の悪性新生物＜腫瘍＞（再掲）),total,total,a15_19,15-19歳,15.0,19.0,False,False,2023,0.0,5494.0,0.0
,"気管,気管支及び肺の悪性新生物<腫瘍>",True,２　新生物＜腫瘍＞(気管，気管支及び肺の悪性新生物＜腫瘍＞（再掲）),total,total,a20_24,20-24歳,20.0,24.0,False,False,2023,,6236.0,
,"気管,気管支及び肺の悪性新生物<腫瘍>",True,２　新生物＜腫瘍＞(気管，気管支及び肺の悪性新生物＜腫瘍＞（再掲）),total,total,a25_29,25-29歳,25.0,29.0,False,False,2023,1.0,6479.0,0.06479
,"気管,気管支及び肺の悪性新生物<腫瘍>",True,２　新生物＜腫瘍＞(気管，気管支及び肺の悪性新生物＜腫瘍＞（再掲）),total,total,a30_34,30-34歳,30.0,34.0,False,False,2023,1.0,6380.0,0.0638
,"気管,気管支及び肺の悪性新生物<腫瘍>",True,２　新生物＜腫瘍＞(気管，気管支及び肺の悪性新生物＜腫瘍＞（再掲）),total,total,a35_39,35-39歳,35.0,39.0,False,False,2023,1.0,7047.0,0.07047
,"気管,気管支及び肺の悪性新生物<腫瘍>",True,２　新生物＜腫瘍＞(気管，気管支及び肺の悪性新生物＜腫瘍＞（再掲）),total,total,a40_44,40-44歳,40.0,44.0,False,False,2023,4.0,7765.0,0.3106
,"気管,気管支及び肺の悪性新生物<腫瘍>",True,２　新生物＜腫瘍＞(気管，気管支及び肺の悪性新生物＜腫瘍＞（再掲）),total,total,a45_49,45-49歳,45.0,49.0,False,False,2023,6.0,9115.0,0.5469
,"気管,気管支及び肺の悪性新生物<腫瘍>",True,２　新生物＜腫瘍＞(気管，気管支及び肺の悪性新生物＜腫瘍＞（再掲）),total,total,a50_54,50-54歳,50.0,54.0,False,False,2023,11.0,9650.0,1.0615
,"気管,気管支及び肺の悪性新生物<腫瘍>",True,２　新生物＜腫瘍＞(気管，気管支及び肺の悪性新生物＜腫瘍＞（再掲）),total,total,a55_59,55-59歳,55.0,59.0,False,False,2023,16.0,8279.0,1.32464
,"気管,気管支及び肺の悪性新生物<腫瘍>",True,２　新生物＜腫瘍＞(気管，気管支及び肺の悪性新生物＜腫瘍＞（再掲）),total,total,a60_64,60-64歳,60.0,64.0,False,False,2023,31.0,7507.0,2.32717
,"気管,気管支及び肺の悪性新生物<腫瘍>",True,２　新生物＜腫瘍＞(気管，気管支及び肺の悪性新生物＜腫瘍＞（再掲）),total,total,a65_69,65-69歳,65.0,69.0,False,False,2023,54.0,7332.0,3.95928
,"気管,気管支及び肺の悪性新生物<腫瘍>",True,２　新生物＜腫瘍＞(気管，気管支及び肺の悪性新生物＜腫瘍＞（再掲）),total,total,r65p,65歳以上(再掲),65.0,,True,False,2023,75.0,36227.0,27.17025
,"気管,気管支及び肺の悪性新生物<腫瘍>",True,２　新生物＜腫瘍＞(気管，気管支及び肺の悪性新生物＜腫瘍＞（再掲）),total,total,a70_74,70-74歳,70.0,74.0,False,False,2023,79.0,8817.0,6.96543
,"気管,気管支及び肺の悪性新生物<腫瘍>",True,２　新生物＜腫瘍＞(気管，気管支及び肺の悪性新生物＜腫瘍＞（再掲）),total,total,r70p,70歳以上(再掲),70.0,,True,False,2023,80.0,,
,"気管,気管支及び肺の悪性新生物<腫瘍>",True,２　新生物＜腫瘍＞(気管，気管支及び肺の悪性新生物＜腫瘍＞（再掲）),total,total,a75_79,75-79歳,75.0,79.0,False,False,2023,99.0,7474.0,7.39926
,"気管,気管支及び肺の悪性新生物<腫瘍>",True,２　新生物＜腫瘍＞(気管，気管支及び肺の悪性新生物＜腫瘍＞（再掲）),total,total,r75p,75歳以上(再掲),75.0,,True,False,2023,81.0,20078.0,16.26318
,"気管,気管支及び肺の悪性新生物<腫瘍>",True,２　新生物＜腫瘍＞(気管，気管支及び肺の悪性新生物＜腫瘍＞（再掲）),total,total,a80_84,80-84歳,80.0,84.0,False,False,2023,86.0,5895.0,5.0697
,"気管,気管支及び肺の悪性新生物<腫瘍>",True,２　新生物＜腫瘍＞(気管，気管支及び肺の悪性新生物＜腫瘍＞（再掲）),total,total,a85_89,85-89歳,85.0,89.0,False,False,2023,66.0,3979.0,2.62614
,"気管,気管支及び肺の悪性新生物<腫瘍>",True,２　新生物＜腫瘍＞(気管，気管支及び肺の悪性新生物＜腫瘍＞（再掲）),total,total,a90p,90歳以上,90.0,,False,False,2023,43.0,,
,"気管,気管支及び肺の悪性新生物<腫瘍>",True,２　新生物＜腫瘍＞(気管，気管支及び肺の悪性新生物＜腫瘍＞（再掲）),total,total,total,総数,,,False,True,2023,26.0,124352.0,32.33152
,気管支炎及び慢性閉塞性肺疾患,True,１０　呼吸器系の疾患(気管支炎及び慢性閉塞性肺疾患（再掲）),total,female,a00,0歳,0.0,0.0,False,False,2023,1.0,,
,気管支炎及び慢性閉塞性肺疾患,True,１０　呼吸器系の疾患(気管支炎及び慢性閉塞性肺疾患（再掲）),total,female,a01_04,1-4歳,1.0,4.0,False,False,2023,2.0,,
,気管支炎及び慢性閉塞性肺疾患,True,１０　呼吸器系の疾患(気管支炎及び慢性閉塞性肺疾患（再掲）),total,female,a05_09,5-9歳,5.0,9.0,False,False,2023,4.0,,
,気管支炎及び慢性閉塞性肺疾患,True,１０　呼吸器系の疾患(気管支炎及び慢性閉塞性肺疾患（再掲）),total,female,a10_14,10-14歳,10.0,14.0,False,False,2023,0.0,,
,気管支炎及び慢性閉塞性肺疾患,True,１０　呼吸器系の疾患(気管支炎及び慢性閉塞性肺疾患（再掲）),total,female,a15_19,15-19歳,15.0,19.0,False,False,2023,10.0,,
,気管支炎及び慢性閉塞性肺疾患,True,１０　呼吸器系の疾患(気管支炎及び慢性閉塞性肺疾患（再掲）),total,female,a20_24,20-24歳,20.0,24.0,False,False,2023,6.0,,
,気管支炎及び慢性閉塞性肺疾患,True,１０　呼吸器系の疾患(気管支炎及び慢性閉塞性肺疾患（再掲）),total,female,a25_29,25-29歳,25.0,29.0,False,False,2023,7.0,,
,気管支炎及び慢性閉塞性肺疾患,True,１０　呼吸器系の疾患(気管支炎及び慢性閉塞性肺疾患（再掲）),total,female,a30_34,30-34歳,30.0,34.0,False,False,2023,16.0,,
,気管支炎及び慢性閉塞性肺疾患,True,１０　呼吸器系の疾患(気管支炎及び慢性閉塞性肺疾患（再掲）),total,female,a35_39,35-39歳,35.0,39.0,False,False,2023,10.0,,
,気管支炎及び慢性閉塞性肺疾患,True,１０　呼吸器系の疾患(気管支炎及び慢性閉塞性肺疾患（再掲）),total,female,a40_44,40-44歳,40.0,44.0,False,False,2023,5.0,,
,気管支炎及び慢性閉塞性肺疾患,True,１０　呼吸器系の疾患(気管支炎及び慢性閉塞性肺疾患（再掲）),total,female,a45_49,45-49歳,45.0,49.0,False,False,2023,7.0,,
,気管支炎及び慢性閉塞性肺疾患,True,１０　呼吸器系の疾患(気管支炎及び慢性閉塞性肺疾患（再掲）),total,female,a50_54,50-54歳,50.0,54.0,False,False,2023,6.0,,
,気管支炎及び慢性閉塞性肺疾患,True,１０　呼吸器系の疾患(気管支炎及び慢性閉塞性肺疾患（再掲）),total,female,a55_59,55-59歳,55.0,59.0,False,False,2023,7.0,,
,気管支炎及び慢性閉塞性肺疾患,True,１０　呼吸器系の疾患(気管支炎及び慢性閉塞性肺疾患（再掲）),total,female,a60_64,60-64歳,60.0,64.0,False,False,2023,14.0,,
,気管支炎及び慢性閉塞性肺疾患,True,１０　呼吸器系の疾患(気管支炎及び慢性閉塞性肺疾患（再掲）),total,female,a65_69,65-69歳,65.0,69.0,False,False,2023,16.0,,
,気管支炎及び慢性閉塞性肺疾患,True,１０　呼吸器系の疾患(気管支炎及び慢性閉塞性肺疾患（再掲）),total,female,r65p,65歳以上(再掲),65.0,,True,False,2023,28.0,,
,気管支炎及び慢性閉塞性肺疾患,True,１０　呼吸器系の疾患(気管支炎及び慢性閉塞性肺疾患（再掲）),total,female,a70_74,70-74歳,70.0,74.0,False,False,2023,21.0,,
,気管支炎及び慢性閉塞性肺疾患,True,１０　呼吸器系の疾患(気管支炎及び慢性閉塞性肺疾患（再掲）),total,female,r70p,70歳以上(再掲),70.0,,True,False,2023,31.0,,
,気管支炎及び慢性閉塞性肺疾患,True,１０　呼吸器系の疾患(気管支炎及び慢性閉塞性肺疾患（再掲）),total,female,a75_79,75-79歳,75.0,79.0,False,False,2023,21.0,,
,気管支炎及び慢性閉塞性肺疾患,True,１０　呼吸器系の疾患(気管支炎及び慢性閉塞性肺疾患（再掲）),total,female,r75p,75歳以上(再掲),75.0,,True,False,2023,35.0,,
,気管支炎及び慢性閉塞性肺疾患,True,１０　呼吸器系の疾患(気管支炎及び慢性閉塞性肺疾患（再掲）),total,female,a80_84,80-84歳,80.0,84.0,False,False,2023,37.0,,
,気管支炎及び慢性閉塞性肺疾患,True,１０　呼吸器系の疾患(気管支炎及び慢性閉塞性肺疾患（再掲）),total,female,a85_89,85-89歳,85.0,89.0,False,False,2023,42.0,,
,気管支炎及び慢性閉塞性肺疾患,True,１０　呼吸器系の疾患(気管支炎及び慢性閉塞性肺疾患（再掲）),total,female,a90p,90歳以上,90.0,,False,False,2023,52.0,,
,気管支炎及び慢性閉塞性肺疾患,True,１０　呼吸器系の疾患(気管支炎及び慢性閉塞性肺疾患（再掲）),total,female,total,総数,,,False,True,2023,14.0,,
,気管支炎及び慢性閉塞性肺疾患,True,１０　呼吸器系の疾患(気管支炎及び慢性閉塞性肺疾患（再掲）),total,male,a00,0歳,0.0,0.0,False,False,2023,2.0,,
,気管支炎及び慢性閉塞性肺疾患,True,１０　呼吸器系の疾患(気管支炎及び慢性閉塞性肺疾患（再掲）),total,male,a01_04,1-4歳,1.0,4.0,False,False,2023,3.0,,
,気管支炎及び慢性閉塞性肺疾患,True,１０　呼吸器系の疾患(気管支炎及び慢性閉塞性肺疾患（再掲）),total,male,a05_09,5-9歳,5.0,9.0,False,False,2023,11.0,2478.0,0.27258
,気管支炎及び慢性閉塞性肺疾患,True,１０　呼吸器系の疾患(気管支炎及び慢性閉塞性肺疾患（再掲）),total,male,a10_14,10-14歳,10.0,14.0,False,False,2023,1.0,2689.0,0.02689
,気管支炎及び慢性閉塞性肺疾患,True,１０　呼吸器系の疾患(気管支炎及び慢性閉塞性肺疾患（再掲）),total,male,a15_19,15-19歳,15.0,19.0,False,False,2023,7.0,2818.0,0.19726
,気管支炎及び慢性閉塞性肺疾患,True,１０　呼吸器系の疾患(気管支炎及び慢性閉塞性肺疾患（再掲）),total,male,a20_24,20-24歳,20.0,24.0,False,False,2023,3.0,3212.0,0.09636
,気管支炎及び慢性閉塞性肺疾患,True,１０　呼吸器系の疾患(気管支炎及び慢性閉塞性肺疾患（再掲）),total,male,a25_29,25-29歳,25.0,29.0,False,False,2023,6.0,3333.0,0.19998
,気管支炎及び慢性閉塞性肺疾患,True,１０　呼吸器系の疾患(気管支炎及び慢性閉塞性肺疾患（再掲）),total,male,a30_34,30-34歳,30.0,34.0,False,False,2023,7.0,3273.0,0.22911
,気管支炎及び慢性閉塞性肺疾患,True,１０　呼吸器系の疾患(気管支炎及び慢性閉塞性肺疾患（再掲）),total,male,a35_39,35-39歳,35.0,39.0,False,False,2023,8.0,3593.0,0.28744
,気管支炎及び慢性閉塞性肺疾患,True,１０　呼吸器系の疾患(気管支炎及び慢性閉塞性肺疾患（再掲）),total,male,a40_44,40-44歳,40.0,44.0,False,False,2023,4.0,3938.0,0.15752
,気管支炎及び慢性閉塞性肺疾患,True,１０　呼吸器系の疾患(気管支炎及び慢性閉塞性肺疾患（再掲）),total,male,a45_49,45-49歳,45.0,49.0,False,False,2023,4.0,4620.0,0.1848
,気管支炎及び慢性閉塞性肺疾患,True,１０　呼吸器系の疾患(気管支炎及び慢性閉塞性肺疾患（再掲）),total,male,a50_54,50-54歳,50.0,54.0,False,False,2023,7.0,4868.0,0.34076
,気管支炎及び慢性閉塞性肺疾患,True,１０　呼吸器系の疾患(気管支炎及び慢性閉塞性肺疾患（再掲）),total,male,a55_59,55-59歳,55.0,59.0,False,False,2023,11.0,4143.0,0.45573
,気管支炎及び慢性閉塞性肺疾患,True,１０　呼吸器系の疾患(気管支炎及び慢性閉塞性肺疾患（再掲）),total,male,a60_64,60-64歳,60.0,64.0,False,False,2023,18.0,3719.0,0.66942
,気管支炎及び慢性閉塞性肺疾患,True,１０　呼吸器系の疾患(気管支炎及び慢性閉塞性肺疾患（再掲）),total,male,a65_69,65-69歳,65.0,69.0,False,False,2023,27.0,3569.0,0.96363
,気管支炎及び慢性閉塞性肺疾患,True,１０　呼吸器系の疾患(気管支炎及び慢性閉塞性肺疾患（再掲）),total,male,r65p,65歳以上(再掲),65.0,,True,False,2023,84.0,,
,気管支炎及び慢性閉塞性肺疾患,True,１０　呼吸器系の疾患(気管支炎及び慢性閉塞性肺疾患（再掲）),total,male,a70_74,70-74歳,70.0,74.0,False,False,2023,55.0,4161.0,2.28855
,気管支炎及び慢性閉塞性肺疾患,True,１０　呼吸器系の疾患(気管支炎及び慢性閉塞性肺疾患（再掲）),total,male,r70p,70歳以上(再掲),70.0,,True,False,2023,101.0,,
,気管支炎及び慢性閉塞性肺疾患,True,１０　呼吸器系の疾患(気管支炎及び慢性閉塞性肺疾患（再掲）),total,male,a75_79,75-79歳,75.0,79.0,False,False,2023,85.0,3365.0,2.86025
,気管支炎及び慢性閉塞性肺疾患,True,１０　呼吸器系の疾患(気管支炎及び慢性閉塞性肺疾患（再掲）),total,male,r75p,75歳以上(再掲),75.0,,True,False,2023,125.0,,
,気管支炎及び慢性閉塞性肺疾患,True,１０　呼吸器系の疾患(気管支炎及び慢性閉塞性肺疾患（再掲）),total,male,a80_84,80-84歳,80.0,84.0,False,False,2023,120.0,2458.0,2.9496
,気管支炎及び慢性閉塞性肺疾患,True,１０　呼吸器系の疾患(気管支炎及び慢性閉塞性肺疾患（再掲）),total,male,a85_89,85-89歳,85.0,89.0,False,False,2023,168.0,1448.0,2.43264
,気管支炎及び慢性閉塞性肺疾患,True,１０　呼吸器系の疾患(気管支炎及び慢性閉塞性肺疾患（再掲）),total,male,a90p,90歳以上,90.0,,False,False,2023,249.0,,
,気管支炎及び慢性閉塞性肺疾患,True,１０　呼吸器系の疾患(気管支炎及び慢性閉塞性肺疾患（再掲）),total,male,total,総数,,,False,True,2023,27.0,60492.0,16.33284
,気管支炎及び慢性閉塞性肺疾患,True,１０　呼吸器系の疾患(気管支炎及び慢性閉塞性肺疾患（再掲）),total,total,a00,0歳,0.0,0.0,False,False,2023,1.0,,
,気管支炎及び慢性閉塞性肺疾患,True,１０　呼吸器系の疾患(気管支炎及び慢性閉塞性肺疾患（再掲）),total,total,a01_04,1-4歳,1.0,4.0,False,False,2023,2.0,,
,気管支炎及び慢性閉塞性肺疾患,True,１０　呼吸器系の疾患(気管支炎及び慢性閉塞性肺疾患（再掲）),total,total,a05_09,5-9歳,5.0,9.0,False,False,2023,7.0,4838.0,0.33866
,気管支炎及び慢性閉塞性肺疾患,True,１０　呼吸器系の疾患(気管支炎及び慢性閉塞性肺疾患（再掲）),total,total,a10_14,10-14歳,10.0,14.0,False,False,2023,0.0,5248.0,0.0
,気管支炎及び慢性閉塞性肺疾患,True,１０　呼吸器系の疾患(気管支炎及び慢性閉塞性肺疾患（再掲）),total,total,a15_19,15-19歳,15.0,19.0,False,False,2023,8.0,5494.0,0.43952
,気管支炎及び慢性閉塞性肺疾患,True,１０　呼吸器系の疾患(気管支炎及び慢性閉塞性肺疾患（再掲）),total,total,a20_24,20-24歳,20.0,24.0,False,False,2023,4.0,6236.0,0.24944
,気管支炎及び慢性閉塞性肺疾患,True,１０　呼吸器系の疾患(気管支炎及び慢性閉塞性肺疾患（再掲）),total,total,a25_29,25-29歳,25.0,29.0,False,False,2023,7.0,6479.0,0.45353
,気管支炎及び慢性閉塞性肺疾患,True,１０　呼吸器系の疾患(気管支炎及び慢性閉塞性肺疾患（再掲）),total,total,a30_34,30-34歳,30.0,34.0,False,False,2023,11.0,6380.0,0.7018
,気管支炎及び慢性閉塞性肺疾患,True,１０　呼吸器系の疾患(気管支炎及び慢性閉塞性肺疾患（再掲）),total,total,a35_39,35-39歳,35.0,39.0,False,False,2023,9.0,7047.0,0.63423
,気管支炎及び慢性閉塞性肺疾患,True,１０　呼吸器系の疾患(気管支炎及び慢性閉塞性肺疾患（再掲）),total,total,a40_44,40-44歳,40.0,44.0,False,False,2023,4.0,7765.0,0.3106
,気管支炎及び慢性閉塞性肺疾患,True,１０　呼吸器系の疾患(気管支炎及び慢性閉塞性肺疾患（再掲）),total,total,a45_49,45-49歳,45.0,49.0,False,False,2023,5.0,9115.0,0.45575
,気管支炎及び慢性閉塞性肺疾患,True,１０　呼吸器系の疾患(気管支炎及び慢性閉塞性肺疾患（再掲）),total,total,a50_54,50-54歳,50.0,54.0,False,False,2023,7.0,9650.0,0.6755
,気管支炎及び慢性閉塞性肺疾患,True,１０　呼吸器系の疾患(気管支炎及び慢性閉塞性肺疾患（再掲）),total,total,a55_59,55-59歳,55.0,59.0,False,False,2023,9.0,8279.0,0.74511
,気管支炎及び慢性閉塞性肺疾患,True,１０　呼吸器系の疾患(気管支炎及び慢性閉塞性肺疾患（再掲）),total,total,a60_64,60-64歳,60.0,64.0,False,False,2023,16.0,7507.0,1.20112
,気管支炎及び慢性閉塞性肺疾患,True,１０　呼吸器系の疾患(気管支炎及び慢性閉塞性肺疾患（再掲）),total,total,a65_69,65-69歳,65.0,69.0,False,False,2023,21.0,7332.0,1.53972
,気管支炎及び慢性閉塞性肺疾患,True,１０　呼吸器系の疾患(気管支炎及び慢性閉塞性肺疾患（再掲）),total,total,r65p,65歳以上(再掲),65.0,,True,False,2023,53.0,36227.0,19.20031
,気管支炎及び慢性閉塞性肺疾患,True,１０　呼吸器系の疾患(気管支炎及び慢性閉塞性肺疾患（再掲）),total,total,a70_74,70-74歳,70.0,74.0,False,False,2023,37.0,8817.0,3.26229
,気管支炎及び慢性閉塞性肺疾患,True,１０　呼吸器系の疾患(気管支炎及び慢性閉塞性肺疾患（再掲）),total,total,r70p,70歳以上(再掲),70.0,,True,False,2023,61.0,,
,気管支炎及び慢性閉塞性肺疾患,True,１０　呼吸器系の疾患(気管支炎及び慢性閉塞性肺疾患（再掲）),total,total,a75_79,75-79歳,75.0,79.0,False,False,2023,50.0,7474.0,3.737
,気管支炎及び慢性閉塞性肺疾患,True,１０　呼吸器系の疾患(気管支炎及び慢性閉塞性肺疾患（再掲）),total,total,r75p,75歳以上(再掲),75.0,,True,False,2023,71.0,20078.0,14.25538
,気管支炎及び慢性閉塞性肺疾患,True,１０　呼吸器系の疾患(気管支炎及び慢性閉塞性肺疾患（再掲）),total,total,a80_84,80-84歳,80.0,84.0,False,False,2023,71.0,5895.0,4.18545
,気管支炎及び慢性閉塞性肺疾患,True,１０　呼吸器系の疾患(気管支炎及び慢性閉塞性肺疾患（再掲）),total,total,a85_89,85-89歳,85.0,89.0,False,False,2023,88.0,3979.0,3.50152
,気管支炎及び慢性閉塞性肺疾患,True,１０　呼吸器系の疾患(気管支炎及び慢性閉塞性肺疾患（再掲）),total,total,a90p,90歳以上,90.0,,False,False,2023,104.0,,
,気管支炎及び慢性閉塞性肺疾患,True,１０　呼吸器系の疾患(気管支炎及び慢性閉塞性肺疾患（再掲）),total,total,total,総数,,,False,True,2023,21.0,124352.0,26.11392
,消化器系の疾患,False,１１　消化器系の疾患,total,female,a00,0歳,0.0,0.0,False,False,2023,188.0,,
,消化器系の疾患,False,１１　消化器系の疾患,total,female,a01_04,1-4歳,1.0,4.0,False,False,2023,488.0,,
,消化器系の疾患,False,１１　消化器系の疾患,total,female,a05_09,5-9歳,5.0,9.0,False,False,2023,929.0,,
,消化器系の疾患,False,１１　消化器系の疾患,total,female,a10_14,10-14歳,10.0,14.0,False,False,2023,584.0,,
,消化器系の疾患,False,１１　消化器系の疾患,total,female,a15_19,15-19歳,15.0,19.0,False,False,2023,358.0,,
,消化器系の疾患,False,１１　消化器系の疾患,total,female,a20_24,20-24歳,20.0,24.0,False,False,2023,497.0,,
,消化器系の疾患,False,１１　消化器系の疾患,total,female,a25_29,25-29歳,25.0,29.0,False,False,2023,724.0,,
,消化器系の疾患,False,１１　消化器系の疾患,total,female,a30_34,30-34歳,30.0,34.0,False,False,2023,794.0,,
,消化器系の疾患,False,１１　消化器系の疾患,total,female,a35_39,35-39歳,35.0,39.0,False,False,2023,915.0,,
,消化器系の疾患,False,１１　消化器系の疾患,total,female,a40_44,40-44歳,40.0,44.0,False,False,2023,1000.0,,
,消化器系の疾患,False,１１　消化器系の疾患,total,female,a45_49,45-49歳,45.0,49.0,False,False,2023,1063.0,,
,消化器系の疾患,False,１１　消化器系の疾患,total,female,a50_54,50-54歳,50.0,54.0,False,False,2023,1224.0,,
,消化器系の疾患,False,１１　消化器系の疾患,total,female,a55_59,55-59歳,55.0,59.0,False,False,2023,1221.0,,
,消化器系の疾患,False,１１　消化器系の疾患,total,female,a60_64,60-64歳,60.0,64.0,False,False,2023,1484.0,,
,消化器系の疾患,False,１１　消化器系の疾患,total,female,a65_69,65-69歳,65.0,69.0,False,False,2023,1499.0,,
,消化器系の疾患,False,１１　消化器系の疾患,total,female,r65p,65歳以上(再掲),65.0,,True,False,2023,1709.0,,
,消化器系の疾患,False,１１　消化器系の疾患,total,female,a70_74,70-74歳,70.0,74.0,False,False,2023,1489.0,,
,消化器系の疾患,False,１１　消化器系の疾患,total,female,r70p,70歳以上(再掲),70.0,,True,False,2023,1756.0,,
,消化器系の疾患,False,１１　消化器系の疾患,total,female,a75_79,75-79歳,75.0,79.0,False,False,2023,1772.0,,
,消化器系の疾患,False,１１　消化器系の疾患,total,female,r75p,75歳以上(再掲),75.0,,True,False,2023,1859.0,,
,消化器系の疾患,False,１１　消化器系の疾患,total,female,a80_84,80-84歳,80.0,84.0,False,False,2023,1765.0,,
,消化器系の疾患,False,１１　消化器系の疾患,total,female,a85_89,85-89歳,85.0,89.0,False,False,2023,1932.0,,
,消化器系の疾患,False,１１　消化器系の疾患,total,female,a90p,90歳以上,90.0,,False,False,2023,2107.0,,
,消化器系の疾患,False,１１　消化器系の疾患,total,female,total,総数,,,False,True,2023,1177.0,,
,消化器系の疾患,False,１１　消化器系の疾患,total,male,a00,0歳,0.0,0.0,False,False,2023,217.0,,
,消化器系の疾患,False,１１　消化器系の疾患,total,male,a01_04,1-4歳,1.0,4.0,False,False,2023,592.0,,
,消化器系の疾患,False,１１　消化器系の疾患,total,male,a05_09,5-9歳,5.0,9.0,False,False,2023,946.0,2478.0,23.44188
,消化器系の疾患,False,１１　消化器系の疾患,total,male,a10_14,10-14歳,10.0,14.0,False,False,2023,490.0,2689.0,13.1761
,消化器系の疾患,False,１１　消化器系の疾患,total,male,a15_19,15-19歳,15.0,19.0,False,False,2023,305.0,2818.0,8.5949
,消化器系の疾患,False,１１　消化器系の疾患,total,male,a20_24,20-24歳,20.0,24.0,False,False,2023,429.0,3212.0,13.77948
,消化器系の疾患,False,１１　消化器系の疾患,total,male,a25_29,25-29歳,25.0,29.0,False,False,2023,487.0,3333.0,16.23171
,消化器系の疾患,False,１１　消化器系の疾患,total,male,a30_34,30-34歳,30.0,34.0,False,False,2023,570.0,3273.0,18.6561
,消化器系の疾患,False,１１　消化器系の疾患,total,male,a35_39,35-39歳,35.0,39.0,False,False,2023,611.0,3593.0,21.95323
,消化器系の疾患,False,１１　消化器系の疾患,total,male,a40_44,40-44歳,40.0,44.0,False,False,2023,673.0,3938.0,26.50274
,消化器系の疾患,False,１１　消化器系の疾患,total,male,a45_49,45-49歳,45.0,49.0,False,False,2023,745.0,4620.0,34.419
,消化器系の疾患,False,１１　消化器系の疾患,total,male,a50_54,50-54歳,50.0,54.0,False,False,2023,745.0,4868.0,36.2666
,消化器系の疾患,False,１１　消化器系の疾患,total,male,a55_59,55-59歳,55.0,59.0,False,False,2023,915.0,4143.0,37.90845
,消化器系の疾患,False,１１　消化器系の疾患,total,male,a60_64,60-64歳,60.0,64.0,False,False,2023,1064.0,3719.0,39.57016
,消化器系の疾患,False,１１　消化器系の疾患,total,male,a65_69,65-69歳,65.0,69.0,False,False,2023,1416.0,3569.0,50.53704
,消化器系の疾患,False,１１　消化器系の疾患,total,male,r65p,65歳以上(再掲),65.0,,True,False,2023,1537.0,,
,消化器系の疾患,False,１１　消化器系の疾患,total,male,a70_74,70-74歳,70.0,74.0,False,False,2023,1460.0,4161.0,60.7506
,消化器系の疾患,False,１１　消化器系の疾患,total,male,r70p,70歳以上(再掲),70.0,,True,False,2023,1573.0,,
,消化器系の疾患,False,１１　消化器系の疾患,total,male,a75_79,75-79歳,75.0,79.0,False,False,2023,1573.0,3365.0,52.93145
,消化器系の疾患,False,１１　消化器系の疾患,total,male,r75p,75歳以上(再掲),75.0,,True,False,2023,1632.0,,
,消化器系の疾患,False,１１　消化器系の疾患,total,male,a80_84,80-84歳,80.0,84.0,False,False,2023,1679.0,2458.0,41.26982
,消化器系の疾患,False,１１　消化器系の疾患,total,male,a85_89,85-89歳,85.0,89.0,False,False,2023,1803.0,1448.0,26.10744
,消化器系の疾患,False,１１　消化器系の疾患,total,male,a90p,90歳以上,90.0,,False,False,2023,1396.0,,
,消化器系の疾患,False,１１　消化器系の疾患,total,male,total,総数,,,False,True,2023,900.0,60492.0,544.428
,消化器系の疾患,False,１１　消化器系の疾患,total,total,a00,0歳,0.0,0.0,False,False,2023,203.0,,
,消化器系の疾患,False,１１　消化器系の疾患,total,total,a01_04,1-4歳,1.0,4.0,False,False,2023,541.0,,
,消化器系の疾患,False,１１　消化器系の疾患,total,total,a05_09,5-9歳,5.0,9.0,False,False,2023,938.0,4838.0,45.38044
,消化器系の疾患,False,１１　消化器系の疾患,total,total,a10_14,10-14歳,10.0,14.0,False,False,2023,536.0,5248.0,28.12928
,消化器系の疾患,False,１１　消化器系の疾患,total,total,a15_19,15-19歳,15.0,19.0,False,False,2023,331.0,5494.0,18.18514
,消化器系の疾患,False,１１　消化器系の疾患,total,total,a20_24,20-24歳,20.0,24.0,False,False,2023,462.0,6236.0,28.81032
,消化器系の疾患,False,１１　消化器系の疾患,total,total,a25_29,25-29歳,25.0,29.0,False,False,2023,602.0,6479.0,39.00358
,消化器系の疾患,False,１１　消化器系の疾患,total,total,a30_34,30-34歳,30.0,34.0,False,False,2023,679.0,6380.0,43.3202
,消化器系の疾患,False,１１　消化器系の疾患,total,total,a35_39,35-39歳,35.0,39.0,False,False,2023,760.0,7047.0,53.5572
,消化器系の疾患,False,１１　消化器系の疾患,total,total,a40_44,40-44歳,40.0,44.0,False,False,2023,834.0,7765.0,64.7601
,消化器系の疾患,False,１１　消化器系の疾患,total,total,a45_49,45-49歳,45.0,49.0,False,False,2023,902.0,9115.0,82.2173
,消化器系の疾患,False,１１　消化器系の疾患,total,total,a50_54,50-54歳,50.0,54.0,False,False,2023,982.0,9650.0,94.763
,消化器系の疾患,False,１１　消化器系の疾患,total,total,a55_59,55-59歳,55.0,59.0,False,False,2023,1068.0,8279.0,88.41972
,消化器系の疾患,False,１１　消化器系の疾患,total,total,a60_64,60-64歳,60.0,64.0,False,False,2023,1276.0,7507.0,95.78932
,消化器系の疾患,False,１１　消化器系の疾患,total,total,a65_69,65-69歳,65.0,69.0,False,False,2023,1459.0,7332.0,106.97388
,消化器系の疾患,False,１１　消化器系の疾患,total,total,r65p,65歳以上(再掲),65.0,,True,False,2023,1635.0,36227.0,592.31145
,消化器系の疾患,False,１１　消化器系の疾患,total,total,a70_74,70-74歳,70.0,74.0,False,False,2023,1476.0,8817.0,130.13892
,消化器系の疾患,False,１１　消化器系の疾患,total,total,r70p,70歳以上(再掲),70.0,,True,False,2023,1679.0,,
,消化器系の疾患,False,１１　消化器系の疾患,total,total,a75_79,75-79歳,75.0,79.0,False,False,2023,1682.0,7474.0,125.71268
,消化器系の疾患,False,１１　消化器系の疾患,total,total,r75p,75歳以上(再掲),75.0,,True,False,2023,1769.0,20078.0,355.17982
,消化器系の疾患,False,１１　消化器系の疾患,total,total,a80_84,80-84歳,80.0,84.0,False,False,2023,1729.0,5895.0,101.92455
,消化器系の疾患,False,１１　消化器系の疾患,total,total,a85_89,85-89歳,85.0,89.0,False,False,2023,1885.0,3979.0,75.00415
,消化器系の疾患,False,１１　消化器系の疾患,total,total,a90p,90歳以上,90.0,,False,False,2023,1921.0,,
,消化器系の疾患,False,１１　消化器系の疾患,total,total,total,総数,,,False,True,2023,1042.0,124352.0,1295.74784
,炎症性多発性関節障害,True,１３　筋骨格系及び結合組織の疾患(炎症性多発性関節障害（再掲）),total,female,a00,0歳,0.0,0.0,False,False,2023,,,
,炎症性多発性関節障害,True,１３　筋骨格系及び結合組織の疾患(炎症性多発性関節障害（再掲）),total,female,a01_04,1-4歳,1.0,4.0,False,False,2023,1.0,,
,炎症性多発性関節障害,True,１３　筋骨格系及び結合組織の疾患(炎症性多発性関節障害（再掲）),total,female,a05_09,5-9歳,5.0,9.0,False,False,2023,9.0,,
,炎症性多発性関節障害,True,１３　筋骨格系及び結合組織の疾患(炎症性多発性関節障害（再掲）),total,female,a10_14,10-14歳,10.0,14.0,False,False,2023,12.0,,
,炎症性多発性関節障害,True,１３　筋骨格系及び結合組織の疾患(炎症性多発性関節障害（再掲）),total,female,a15_19,15-19歳,15.0,19.0,False,False,2023,5.0,,
,炎症性多発性関節障害,True,１３　筋骨格系及び結合組織の疾患(炎症性多発性関節障害（再掲）),total,female,a20_24,20-24歳,20.0,24.0,False,False,2023,3.0,,
,炎症性多発性関節障害,True,１３　筋骨格系及び結合組織の疾患(炎症性多発性関節障害（再掲）),total,female,a25_29,25-29歳,25.0,29.0,False,False,2023,9.0,,
,炎症性多発性関節障害,True,１３　筋骨格系及び結合組織の疾患(炎症性多発性関節障害（再掲）),total,female,a30_34,30-34歳,30.0,34.0,False,False,2023,7.0,,
,炎症性多発性関節障害,True,１３　筋骨格系及び結合組織の疾患(炎症性多発性関節障害（再掲）),total,female,a35_39,35-39歳,35.0,39.0,False,False,2023,16.0,,
,炎症性多発性関節障害,True,１３　筋骨格系及び結合組織の疾患(炎症性多発性関節障害（再掲）),total,female,a40_44,40-44歳,40.0,44.0,False,False,2023,26.0,,
,炎症性多発性関節障害,True,１３　筋骨格系及び結合組織の疾患(炎症性多発性関節障害（再掲）),total,female,a45_49,45-49歳,45.0,49.0,False,False,2023,29.0,,
,炎症性多発性関節障害,True,１３　筋骨格系及び結合組織の疾患(炎症性多発性関節障害（再掲）),total,female,a50_54,50-54歳,50.0,54.0,False,False,2023,39.0,,
,炎症性多発性関節障害,True,１３　筋骨格系及び結合組織の疾患(炎症性多発性関節障害（再掲）),total,female,a55_59,55-59歳,55.0,59.0,False,False,2023,59.0,,
,炎症性多発性関節障害,True,１３　筋骨格系及び結合組織の疾患(炎症性多発性関節障害（再掲）),total,female,a60_64,60-64歳,60.0,64.0,False,False,2023,64.0,,
,炎症性多発性関節障害,True,１３　筋骨格系及び結合組織の疾患(炎症性多発性関節障害（再掲）),total,female,a65_69,65-69歳,65.0,69.0,False,False,2023,96.0,,
,炎症性多発性関節障害,True,１３　筋骨格系及び結合組織の疾患(炎症性多発性関節障害（再掲）),total,female,r65p,65歳以上(再掲),65.0,,True,False,2023,102.0,,
,炎症性多発性関節障害,True,１３　筋骨格系及び結合組織の疾患(炎症性多発性関節障害（再掲）),total,female,a70_74,70-74歳,70.0,74.0,False,False,2023,93.0,,
,炎症性多発性関節障害,True,１３　筋骨格系及び結合組織の疾患(炎症性多発性関節障害（再掲）),total,female,r70p,70歳以上(再掲),70.0,,True,False,2023,104.0,,
,炎症性多発性関節障害,True,１３　筋骨格系及び結合組織の疾患(炎症性多発性関節障害（再掲）),total,female,a75_79,75-79歳,75.0,79.0,False,False,2023,116.0,,
,炎症性多発性関節障害,True,１３　筋骨格系及び結合組織の疾患(炎症性多発性関節障害（再掲）),total,female,r75p,75歳以上(再掲),75.0,,True,False,2023,108.0,,
,炎症性多発性関節障害,True,１３　筋骨格系及び結合組織の疾患(炎症性多発性関節障害（再掲）),total,female,a80_84,80-84歳,80.0,84.0,False,False,2023,123.0,,
,炎症性多発性関節障害,True,１３　筋骨格系及び結合組織の疾患(炎症性多発性関節障害（再掲）),total,female,a85_89,85-89歳,85.0,89.0,False,False,2023,98.0,,
,炎症性多発性関節障害,True,１３　筋骨格系及び結合組織の疾患(炎症性多発性関節障害（再掲）),total,female,a90p,90歳以上,90.0,,False,False,2023,75.0,,
,炎症性多発性関節障害,True,１３　筋骨格系及び結合組織の疾患(炎症性多発性関節障害（再掲）),total,female,total,総数,,,False,True,2023,50.0,,
,炎症性多発性関節障害,True,１３　筋骨格系及び結合組織の疾患(炎症性多発性関節障害（再掲）),total,male,a00,0歳,0.0,0.0,False,False,2023,,,
,炎症性多発性関節障害,True,１３　筋骨格系及び結合組織の疾患(炎症性多発性関節障害（再掲）),total,male,a01_04,1-4歳,1.0,4.0,False,False,2023,0.0,,
,炎症性多発性関節障害,True,１３　筋骨格系及び結合組織の疾患(炎症性多発性関節障害（再掲）),total,male,a05_09,5-9歳,5.0,9.0,False,False,2023,11.0,2478.0,0.27258
,炎症性多発性関節障害,True,１３　筋骨格系及び結合組織の疾患(炎症性多発性関節障害（再掲）),total,male,a10_14,10-14歳,10.0,14.0,False,False,2023,7.0,2689.0,0.18823
,炎症性多発性関節障害,True,１３　筋骨格系及び結合組織の疾患(炎症性多発性関節障害（再掲）),total,male,a15_19,15-19歳,15.0,19.0,False,False,2023,6.0,2818.0,0.16908
,炎症性多発性関節障害,True,１３　筋骨格系及び結合組織の疾患(炎症性多発性関節障害（再掲）),total,male,a20_24,20-24歳,20.0,24.0,False,False,2023,4.0,3212.0,0.12848
,炎症性多発性関節障害,True,１３　筋骨格系及び結合組織の疾患(炎症性多発性関節障害（再掲）),total,male,a25_29,25-29歳,25.0,29.0,False,False,2023,6.0,3333.0,0.19998
,炎症性多発性関節障害,True,１３　筋骨格系及び結合組織の疾患(炎症性多発性関節障害（再掲）),total,male,a30_34,30-34歳,30.0,34.0,False,False,2023,13.0,3273.0,0.42549
,炎症性多発性関節障害,True,１３　筋骨格系及び結合組織の疾患(炎症性多発性関節障害（再掲）),total,male,a35_39,35-39歳,35.0,39.0,False,False,2023,15.0,3593.0,0.53895
,炎症性多発性関節障害,True,１３　筋骨格系及び結合組織の疾患(炎症性多発性関節障害（再掲）),total,male,a40_44,40-44歳,40.0,44.0,False,False,2023,23.0,3938.0,0.90574
,炎症性多発性関節障害,True,１３　筋骨格系及び結合組織の疾患(炎症性多発性関節障害（再掲）),total,male,a45_49,45-49歳,45.0,49.0,False,False,2023,24.0,4620.0,1.1088
,炎症性多発性関節障害,True,１３　筋骨格系及び結合組織の疾患(炎症性多発性関節障害（再掲）),total,male,a50_54,50-54歳,50.0,54.0,False,False,2023,30.0,4868.0,1.4604
,炎症性多発性関節障害,True,１３　筋骨格系及び結合組織の疾患(炎症性多発性関節障害（再掲）),total,male,a55_59,55-59歳,55.0,59.0,False,False,2023,34.0,4143.0,1.40862
,炎症性多発性関節障害,True,１３　筋骨格系及び結合組織の疾患(炎症性多発性関節障害（再掲）),total,male,a60_64,60-64歳,60.0,64.0,False,False,2023,32.0,3719.0,1.19008
,炎症性多発性関節障害,True,１３　筋骨格系及び結合組織の疾患(炎症性多発性関節障害（再掲）),total,male,a65_69,65-69歳,65.0,69.0,False,False,2023,52.0,3569.0,1.85588
,炎症性多発性関節障害,True,１３　筋骨格系及び結合組織の疾患(炎症性多発性関節障害（再掲）),total,male,r65p,65歳以上(再掲),65.0,,True,False,2023,65.0,,
,炎症性多発性関節障害,True,１３　筋骨格系及び結合組織の疾患(炎症性多発性関節障害（再掲）),total,male,a70_74,70-74歳,70.0,74.0,False,False,2023,57.0,4161.0,2.37177
,炎症性多発性関節障害,True,１３　筋骨格系及び結合組織の疾患(炎症性多発性関節障害（再掲）),total,male,r70p,70歳以上(再掲),70.0,,True,False,2023,69.0,,
,炎症性多発性関節障害,True,１３　筋骨格系及び結合組織の疾患(炎症性多発性関節障害（再掲）),total,male,a75_79,75-79歳,75.0,79.0,False,False,2023,82.0,3365.0,2.7593
,炎症性多発性関節障害,True,１３　筋骨格系及び結合組織の疾患(炎症性多発性関節障害（再掲）),total,male,r75p,75歳以上(再掲),75.0,,True,False,2023,74.0,,
,炎症性多発性関節障害,True,１３　筋骨格系及び結合組織の疾患(炎症性多発性関節障害（再掲）),total,male,a80_84,80-84歳,80.0,84.0,False,False,2023,76.0,2458.0,1.86808
,炎症性多発性関節障害,True,１３　筋骨格系及び結合組織の疾患(炎症性多発性関節障害（再掲）),total,male,a85_89,85-89歳,85.0,89.0,False,False,2023,62.0,1448.0,0.89776
,炎症性多発性関節障害,True,１３　筋骨格系及び結合組織の疾患(炎症性多発性関節障害（再掲）),total,male,a90p,90歳以上,90.0,,False,False,2023,62.0,,
,炎症性多発性関節障害,True,１３　筋骨格系及び結合組織の疾患(炎症性多発性関節障害（再掲）),total,male,total,総数,,,False,True,2023,30.0,60492.0,18.1476
,炎症性多発性関節障害,True,１３　筋骨格系及び結合組織の疾患(炎症性多発性関節障害（再掲）),total,total,a00,0歳,0.0,0.0,False,False,2023,,,
,炎症性多発性関節障害,True,１３　筋骨格系及び結合組織の疾患(炎症性多発性関節障害（再掲）),total,total,a01_04,1-4歳,1.0,4.0,False,False,2023,1.0,,
,炎症性多発性関節障害,True,１３　筋骨格系及び結合組織の疾患(炎症性多発性関節障害（再掲）),total,total,a05_09,5-9歳,5.0,9.0,False,False,2023,10.0,4838.0,0.4838
,炎症性多発性関節障害,True,１３　筋骨格系及び結合組織の疾患(炎症性多発性関節障害（再掲）),total,total,a10_14,10-14歳,10.0,14.0,False,False,2023,9.0,5248.0,0.47232
,炎症性多発性関節障害,True,１３　筋骨格系及び結合組織の疾患(炎症性多発性関節障害（再掲）),total,total,a15_19,15-19歳,15.0,19.0,False,False,2023,5.0,5494.0,0.2747
,炎症性多発性関節障害,True,１３　筋骨格系及び結合組織の疾患(炎症性多発性関節障害（再掲）),total,total,a20_24,20-24歳,20.0,24.0,False,False,2023,3.0,6236.0,0.18708
,炎症性多発性関節障害,True,１３　筋骨格系及び結合組織の疾患(炎症性多発性関節障害（再掲）),total,total,a25_29,25-29歳,25.0,29.0,False,False,2023,7.0,6479.0,0.45353
,炎症性多発性関節障害,True,１３　筋骨格系及び結合組織の疾患(炎症性多発性関節障害（再掲）),total,total,a30_34,30-34歳,30.0,34.0,False,False,2023,10.0,6380.0,0.638
,炎症性多発性関節障害,True,１３　筋骨格系及び結合組織の疾患(炎症性多発性関節障害（再掲）),total,total,a35_39,35-39歳,35.0,39.0,False,False,2023,16.0,7047.0,1.12752
,炎症性多発性関節障害,True,１３　筋骨格系及び結合組織の疾患(炎症性多発性関節障害（再掲）),total,total,a40_44,40-44歳,40.0,44.0,False,False,2023,25.0,7765.0,1.94125
,炎症性多発性関節障害,True,１３　筋骨格系及び結合組織の疾患(炎症性多発性関節障害（再掲）),total,total,a45_49,45-49歳,45.0,49.0,False,False,2023,27.0,9115.0,2.46105
,炎症性多発性関節障害,True,１３　筋骨格系及び結合組織の疾患(炎症性多発性関節障害（再掲）),total,total,a50_54,50-54歳,50.0,54.0,False,False,2023,35.0,9650.0,3.3775
,炎症性多発性関節障害,True,１３　筋骨格系及び結合組織の疾患(炎症性多発性関節障害（再掲）),total,total,a55_59,55-59歳,55.0,59.0,False,False,2023,46.0,8279.0,3.80834
,炎症性多発性関節障害,True,１３　筋骨格系及び結合組織の疾患(炎症性多発性関節障害（再掲）),total,total,a60_64,60-64歳,60.0,64.0,False,False,2023,48.0,7507.0,3.60336
,炎症性多発性関節障害,True,１３　筋骨格系及び結合組織の疾患(炎症性多発性関節障害（再掲）),total,total,a65_69,65-69歳,65.0,69.0,False,False,2023,75.0,7332.0,5.499
,炎症性多発性関節障害,True,１３　筋骨格系及び結合組織の疾患(炎症性多発性関節障害（再掲）),total,total,r65p,65歳以上(再掲),65.0,,True,False,2023,86.0,36227.0,31.15522
,炎症性多発性関節障害,True,１３　筋骨格系及び結合組織の疾患(炎症性多発性関節障害（再掲）),total,total,a70_74,70-74歳,70.0,74.0,False,False,2023,76.0,8817.0,6.70092
,炎症性多発性関節障害,True,１３　筋骨格系及び結合組織の疾患(炎症性多発性関節障害（再掲）),total,total,r70p,70歳以上(再掲),70.0,,True,False,2023,89.0,,
,炎症性多発性関節障害,True,１３　筋骨格系及び結合組織の疾患(炎症性多発性関節障害（再掲）),total,total,a75_79,75-79歳,75.0,79.0,False,False,2023,101.0,7474.0,7.54874
,炎症性多発性関節障害,True,１３　筋骨格系及び結合組織の疾患(炎症性多発性関節障害（再掲）),total,total,r75p,75歳以上(再掲),75.0,,True,False,2023,94.0,20078.0,18.87332
,炎症性多発性関節障害,True,１３　筋骨格系及び結合組織の疾患(炎症性多発性関節障害（再掲）),total,total,a80_84,80-84歳,80.0,84.0,False,False,2023,103.0,5895.0,6.07185
,炎症性多発性関節障害,True,１３　筋骨格系及び結合組織の疾患(炎症性多発性関節障害（再掲）),total,total,a85_89,85-89歳,85.0,89.0,False,False,2023,85.0,3979.0,3.38215
,炎症性多発性関節障害,True,１３　筋骨格系及び結合組織の疾患(炎症性多発性関節障害（再掲）),total,total,a90p,90歳以上,90.0,,False,False,2023,71.0,,
,炎症性多発性関節障害,True,１３　筋骨格系及び結合組織の疾患(炎症性多発性関節障害（再掲）),total,total,total,総数,,,False,True,2023,40.0,124352.0,49.7408
,特殊目的用コード,False,２２　特殊目的用コード,total,female,a00,0歳,0.0,0.0,False,False,2023,46.0,,
,特殊目的用コード,False,２２　特殊目的用コード,total,female,a01_04,1-4歳,1.0,4.0,False,False,2023,99.0,,
,特殊目的用コード,False,２２　特殊目的用コード,total,female,a05_09,5-9歳,5.0,9.0,False,False,2023,31.0,,
,特殊目的用コード,False,２２　特殊目的用コード,total,female,a10_14,10-14歳,10.0,14.0,False,False,2023,30.0,,
,特殊目的用コード,False,２２　特殊目的用コード,total,female,a15_19,15-19歳,15.0,19.0,False,False,2023,34.0,,
,特殊目的用コード,False,２２　特殊目的用コード,total,female,a20_24,20-24歳,20.0,24.0,False,False,2023,24.0,,
,特殊目的用コード,False,２２　特殊目的用コード,total,female,a25_29,25-29歳,25.0,29.0,False,False,2023,20.0,,
,特殊目的用コード,False,２２　特殊目的用コード,total,female,a30_34,30-34歳,30.0,34.0,False,False,2023,33.0,,
,特殊目的用コード,False,２２　特殊目的用コード,total,female,a35_39,35-39歳,35.0,39.0,False,False,2023,17.0,,
,特殊目的用コード,False,２２　特殊目的用コード,total,female,a40_44,40-44歳,40.0,44.0,False,False,2023,26.0,,
,特殊目的用コード,False,２２　特殊目的用コード,total,female,a45_49,45-49歳,45.0,49.0,False,False,2023,26.0,,
,特殊目的用コード,False,２２　特殊目的用コード,total,female,a50_54,50-54歳,50.0,54.0,False,False,2023,16.0,,
,特殊目的用コード,False,２２　特殊目的用コード,total,female,a55_59,55-59歳,55.0,59.0,False,False,2023,26.0,,
,特殊目的用コード,False,２２　特殊目的用コード,total,female,a60_64,60-64歳,60.0,64.0,False,False,2023,26.0,,
,特殊目的用コード,False,２２　特殊目的用コード,total,female,a65_69,65-69歳,65.0,69.0,False,False,2023,16.0,,
,特殊目的用コード,False,２２　特殊目的用コード,total,female,r65p,65歳以上(再掲),65.0,,True,False,2023,45.0,,
,特殊目的用コード,False,２２　特殊目的用コード,total,female,a70_74,70-74歳,70.0,74.0,False,False,2023,19.0,,
,特殊目的用コード,False,２２　特殊目的用コード,total,female,r70p,70歳以上(再掲),70.0,,True,False,2023,52.0,,
,特殊目的用コード,False,２２　特殊目的用コード,total,female,a75_79,75-79歳,75.0,79.0,False,False,2023,27.0,,
,特殊目的用コード,False,２２　特殊目的用コード,total,female,r75p,75歳以上(再掲),75.0,,True,False,2023,65.0,,
,特殊目的用コード,False,２２　特殊目的用コード,total,female,a80_84,80-84歳,80.0,84.0,False,False,2023,56.0,,
,特殊目的用コード,False,２２　特殊目的用コード,total,female,a85_89,85-89歳,85.0,89.0,False,False,2023,79.0,,
,特殊目的用コード,False,２２　特殊目的用コード,total,female,a90p,90歳以上,90.0,,False,False,2023,138.0,,
,特殊目的用コード,False,２２　特殊目的用コード,total,female,total,総数,,,False,True,2023,34.0,,
,特殊目的用コード,False,２２　特殊目的用コード,total,male,a00,0歳,0.0,0.0,False,False,2023,48.0,,
,特殊目的用コード,False,２２　特殊目的用コード,total,male,a01_04,1-4歳,1.0,4.0,False,False,2023,75.0,,
,特殊目的用コード,False,２２　特殊目的用コード,total,male,a05_09,5-9歳,5.0,9.0,False,False,2023,55.0,2478.0,1.3629
,特殊目的用コード,False,２２　特殊目的用コード,total,male,a10_14,10-14歳,10.0,14.0,False,False,2023,37.0,2689.0,0.99493
,特殊目的用コード,False,２２　特殊目的用コード,total,male,a15_19,15-19歳,15.0,19.0,False,False,2023,25.0,2818.0,0.7045
,特殊目的用コード,False,２２　特殊目的用コード,total,male,a20_24,20-24歳,20.0,24.0,False,False,2023,18.0,3212.0,0.57816
,特殊目的用コード,False,２２　特殊目的用コード,total,male,a25_29,25-29歳,25.0,29.0,False,False,2023,25.0,3333.0,0.83325
,特殊目的用コード,False,２２　特殊目的用コード,total,male,a30_34,30-34歳,30.0,34.0,False,False,2023,30.0,3273.0,0.9819
,特殊目的用コード,False,２２　特殊目的用コード,total,male,a35_39,35-39歳,35.0,39.0,False,False,2023,25.0,3593.0,0.89825
,特殊目的用コード,False,２２　特殊目的用コード,total,male,a40_44,40-44歳,40.0,44.0,False,False,2023,19.0,3938.0,0.74822
,特殊目的用コード,False,２２　特殊目的用コード,total,male,a45_49,45-49歳,45.0,49.0,False,False,2023,21.0,4620.0,0.9702
,特殊目的用コード,False,２２　特殊目的用コード,total,male,a50_54,50-54歳,50.0,54.0,False,False,2023,15.0,4868.0,0.7302
,特殊目的用コード,False,２２　特殊目的用コード,total,male,a55_59,55-59歳,55.0,59.0,False,False,2023,24.0,4143.0,0.99432
,特殊目的用コード,False,２２　特殊目的用コード,total,male,a60_64,60-64歳,60.0,64.0,False,False,2023,38.0,3719.0,1.41322
,特殊目的用コード,False,２２　特殊目的用コード,total,male,a65_69,65-69歳,65.0,69.0,False,False,2023,23.0,3569.0,0.82087
,特殊目的用コード,False,２２　特殊目的用コード,total,male,r65p,65歳以上(再掲),65.0,,True,False,2023,62.0,,
,特殊目的用コード,False,２２　特殊目的用コード,total,male,a70_74,70-74歳,70.0,74.0,False,False,2023,35.0,4161.0,1.45635
,特殊目的用コード,False,２２　特殊目的用コード,total,male,r70p,70歳以上(再掲),70.0,,True,False,2023,74.0,,
,特殊目的用コード,False,２２　特殊目的用コード,total,male,a75_79,75-79歳,75.0,79.0,False,False,2023,47.0,3365.0,1.58155
,特殊目的用コード,False,２２　特殊目的用コード,total,male,r75p,75歳以上(再掲),75.0,,True,False,2023,94.0,,
,特殊目的用コード,False,２２　特殊目的用コード,total,male,a80_84,80-84歳,80.0,84.0,False,False,2023,84.0,2458.0,2.06472
,特殊目的用コード,False,２２　特殊目的用コード,total,male,a85_89,85-89歳,85.0,89.0,False,False,2023,146.0,1448.0,2.11408
,特殊目的用コード,False,２２　特殊目的用コード,total,male,a90p,90歳以上,90.0,,False,False,2023,250.0,,
,特殊目的用コード,False,２２　特殊目的用コード,total,male,total,総数,,,False,True,2023,37.0,60492.0,22.38204
,特殊目的用コード,False,２２　特殊目的用コード,total,total,a00,0歳,0.0,0.0,False,False,2023,47.0,,
,特殊目的用コード,False,２２　特殊目的用コード,total,total,a01_04,1-4歳,1.0,4.0,False,False,2023,87.0,,
,特殊目的用コード,False,２２　特殊目的用コード,total,total,a05_09,5-9歳,5.0,9.0,False,False,2023,43.0,4838.0,2.08034
,特殊目的用コード,False,２２　特殊目的用コード,total,total,a10_14,10-14歳,10.0,14.0,False,False,2023,34.0,5248.0,1.78432
,特殊目的用コード,False,２２　特殊目的用コード,total,total,a15_19,15-19歳,15.0,19.0,False,False,2023,29.0,5494.0,1.59326
,特殊目的用コード,False,２２　特殊目的用コード,total,total,a20_24,20-24歳,20.0,24.0,False,False,2023,21.0,6236.0,1.30956
,特殊目的用コード,False,２２　特殊目的用コード,total,total,a25_29,25-29歳,25.0,29.0,False,False,2023,22.0,6479.0,1.42538
,特殊目的用コード,False,２２　特殊目的用コード,total,total,a30_34,30-34歳,30.0,34.0,False,False,2023,32.0,6380.0,2.0416
,特殊目的用コード,False,２２　特殊目的用コード,total,total,a35_39,35-39歳,35.0,39.0,False,False,2023,21.0,7047.0,1.47987
,特殊目的用コード,False,２２　特殊目的用コード,total,total,a40_44,40-44歳,40.0,44.0,False,False,2023,22.0,7765.0,1.7083
,特殊目的用コード,False,２２　特殊目的用コード,total,total,a45_49,45-49歳,45.0,49.0,False,False,2023,24.0,9115.0,2.1876
,特殊目的用コード,False,２２　特殊目的用コード,total,total,a50_54,50-54歳,50.0,54.0,False,False,2023,16.0,9650.0,1.544
,特殊目的用コード,False,２２　特殊目的用コード,total,total,a55_59,55-59歳,55.0,59.0,False,False,2023,25.0,8279.0,2.06975
,特殊目的用コード,False,２２　特殊目的用コード,total,total,a60_64,60-64歳,60.0,64.0,False,False,2023,32.0,7507.0,2.40224
,特殊目的用コード,False,２２　特殊目的用コード,total,total,a65_69,65-69歳,65.0,69.0,False,False,2023,20.0,7332.0,1.4664
,特殊目的用コード,False,２２　特殊目的用コード,total,total,r65p,65歳以上(再掲),65.0,,True,False,2023,53.0,36227.0,19.20031
,特殊目的用コード,False,２２　特殊目的用コード,total,total,a70_74,70-74歳,70.0,74.0,False,False,2023,27.0,8817.0,2.38059
,特殊目的用コード,False,２２　特殊目的用コード,total,total,r70p,70歳以上(再掲),70.0,,True,False,2023,61.0,,
,特殊目的用コード,False,２２　特殊目的用コード,total,total,a75_79,75-79歳,75.0,79.0,False,False,2023,36.0,7474.0,2.69064
,特殊目的用コード,False,２２　特殊目的用コード,total,total,r75p,75歳以上(再掲),75.0,,True,False,2023,76.0,20078.0,15.25928
,特殊目的用コード,False,２２　特殊目的用コード,total,total,a80_84,80-84歳,80.0,84.0,False,False,2023,68.0,5895.0,4.0086
,特殊目的用コード,False,２２　特殊目的用コード,total,total,a85_89,85-89歳,85.0,89.0,False,False,2023,103.0,3979.0,4.09837
,特殊目的用コード,False,２２　特殊目的用コード,total,total,a90p,90歳以上,90.0,,False,False,2023,167.0,,
,特殊目的用コード,False,２２　特殊目的用コード,total,total,total,総数,,,False,True,2023,35.0,124352.0,43.5232
,甲状腺障害,True,４　内分泌，栄養及び代謝疾患(甲状腺障害（再掲）),total,female,a00,0歳,0.0,0.0,False,False,2023,15.0,,
,甲状腺障害,True,４　内分泌，栄養及び代謝疾患(甲状腺障害（再掲）),total,female,a01_04,1-4歳,1.0,4.0,False,False,2023,1.0,,
,甲状腺障害,True,４　内分泌，栄養及び代謝疾患(甲状腺障害（再掲）),total,female,a05_09,5-9歳,5.0,9.0,False,False,2023,5.0,,
,甲状腺障害,True,４　内分泌，栄養及び代謝疾患(甲状腺障害（再掲）),total,female,a10_14,10-14歳,10.0,14.0,False,False,2023,4.0,,
,甲状腺障害,True,４　内分泌，栄養及び代謝疾患(甲状腺障害（再掲）),total,female,a15_19,15-19歳,15.0,19.0,False,False,2023,6.0,,
,甲状腺障害,True,４　内分泌，栄養及び代謝疾患(甲状腺障害（再掲）),total,female,a20_24,20-24歳,20.0,24.0,False,False,2023,14.0,,
,甲状腺障害,True,４　内分泌，栄養及び代謝疾患(甲状腺障害（再掲）),total,female,a25_29,25-29歳,25.0,29.0,False,False,2023,19.0,,
,甲状腺障害,True,４　内分泌，栄養及び代謝疾患(甲状腺障害（再掲）),total,female,a30_34,30-34歳,30.0,34.0,False,False,2023,27.0,,
,甲状腺障害,True,４　内分泌，栄養及び代謝疾患(甲状腺障害（再掲）),total,female,a35_39,35-39歳,35.0,39.0,False,False,2023,37.0,,
,甲状腺障害,True,４　内分泌，栄養及び代謝疾患(甲状腺障害（再掲）),total,female,a40_44,40-44歳,40.0,44.0,False,False,2023,38.0,,
,甲状腺障害,True,４　内分泌，栄養及び代謝疾患(甲状腺障害（再掲）),total,female,a45_49,45-49歳,45.0,49.0,False,False,2023,44.0,,
,甲状腺障害,True,４　内分泌，栄養及び代謝疾患(甲状腺障害（再掲）),total,female,a50_54,50-54歳,50.0,54.0,False,False,2023,48.0,,
,甲状腺障害,True,４　内分泌，栄養及び代謝疾患(甲状腺障害（再掲）),total,female,a55_59,55-59歳,55.0,59.0,False,False,2023,46.0,,
,甲状腺障害,True,４　内分泌，栄養及び代謝疾患(甲状腺障害（再掲）),total,female,a60_64,60-64歳,60.0,64.0,False,False,2023,50.0,,
,甲状腺障害,True,４　内分泌，栄養及び代謝疾患(甲状腺障害（再掲）),total,female,a65_69,65-69歳,65.0,69.0,False,False,2023,58.0,,
,甲状腺障害,True,４　内分泌，栄養及び代謝疾患(甲状腺障害（再掲）),total,female,r65p,65歳以上(再掲),65.0,,True,False,2023,56.0,,
,甲状腺障害,True,４　内分泌，栄養及び代謝疾患(甲状腺障害（再掲）),total,female,a70_74,70-74歳,70.0,74.0,False,False,2023,61.0,,
,甲状腺障害,True,４　内分泌，栄養及び代謝疾患(甲状腺障害（再掲）),total,female,r70p,70歳以上(再掲),70.0,,True,False,2023,56.0,,
,甲状腺障害,True,４　内分泌，栄養及び代謝疾患(甲状腺障害（再掲）),total,female,a75_79,75-79歳,75.0,79.0,False,False,2023,64.0,,
,甲状腺障害,True,４　内分泌，栄養及び代謝疾患(甲状腺障害（再掲）),total,female,r75p,75歳以上(再掲),75.0,,True,False,2023,54.0,,
,甲状腺障害,True,４　内分泌，栄養及び代謝疾患(甲状腺障害（再掲）),total,female,a80_84,80-84歳,80.0,84.0,False,False,2023,55.0,,
,甲状腺障害,True,４　内分泌，栄養及び代謝疾患(甲状腺障害（再掲）),total,female,a85_89,85-89歳,85.0,89.0,False,False,2023,45.0,,
,甲状腺障害,True,４　内分泌，栄養及び代謝疾患(甲状腺障害（再掲）),total,female,a90p,90歳以上,90.0,,False,False,2023,44.0,,
,甲状腺障害,True,４　内分泌，栄養及び代謝疾患(甲状腺障害（再掲）),total,female,total,総数,,,False,True,2023,39.0,,
,甲状腺障害,True,４　内分泌，栄養及び代謝疾患(甲状腺障害（再掲）),total,male,a00,0歳,0.0,0.0,False,False,2023,5.0,,
,甲状腺障害,True,４　内分泌，栄養及び代謝疾患(甲状腺障害（再掲）),total,male,a01_04,1-4歳,1.0,4.0,False,False,2023,2.0,,
,甲状腺障害,True,４　内分泌，栄養及び代謝疾患(甲状腺障害（再掲）),total,male,a05_09,5-9歳,5.0,9.0,False,False,2023,4.0,2478.0,0.09912
,甲状腺障害,True,４　内分泌，栄養及び代謝疾患(甲状腺障害（再掲）),total,male,a10_14,10-14歳,10.0,14.0,False,False,2023,3.0,2689.0,0.08067
,甲状腺障害,True,４　内分泌，栄養及び代謝疾患(甲状腺障害（再掲）),total,male,a15_19,15-19歳,15.0,19.0,False,False,2023,1.0,2818.0,0.02818
,甲状腺障害,True,４　内分泌，栄養及び代謝疾患(甲状腺障害（再掲）),total,male,a20_24,20-24歳,20.0,24.0,False,False,2023,2.0,3212.0,0.06424
,甲状腺障害,True,４　内分泌，栄養及び代謝疾患(甲状腺障害（再掲）),total,male,a25_29,25-29歳,25.0,29.0,False,False,2023,3.0,3333.0,0.09999
,甲状腺障害,True,４　内分泌，栄養及び代謝疾患(甲状腺障害（再掲）),total,male,a30_34,30-34歳,30.0,34.0,False,False,2023,9.0,3273.0,0.29457
,甲状腺障害,True,４　内分泌，栄養及び代謝疾患(甲状腺障害（再掲）),total,male,a35_39,35-39歳,35.0,39.0,False,False,2023,5.0,3593.0,0.17965
,甲状腺障害,True,４　内分泌，栄養及び代謝疾患(甲状腺障害（再掲）),total,male,a40_44,40-44歳,40.0,44.0,False,False,2023,6.0,3938.0,0.23628
,甲状腺障害,True,４　内分泌，栄養及び代謝疾患(甲状腺障害（再掲）),total,male,a45_49,45-49歳,45.0,49.0,False,False,2023,7.0,4620.0,0.3234
,甲状腺障害,True,４　内分泌，栄養及び代謝疾患(甲状腺障害（再掲）),total,male,a50_54,50-54歳,50.0,54.0,False,False,2023,9.0,4868.0,0.43812
,甲状腺障害,True,４　内分泌，栄養及び代謝疾患(甲状腺障害（再掲）),total,male,a55_59,55-59歳,55.0,59.0,False,False,2023,10.0,4143.0,0.4143
,甲状腺障害,True,４　内分泌，栄養及び代謝疾患(甲状腺障害（再掲）),total,male,a60_64,60-64歳,60.0,64.0,False,False,2023,10.0,3719.0,0.3719
,甲状腺障害,True,４　内分泌，栄養及び代謝疾患(甲状腺障害（再掲）),total,male,a65_69,65-69歳,65.0,69.0,False,False,2023,17.0,3569.0,0.60673
,甲状腺障害,True,４　内分泌，栄養及び代謝疾患(甲状腺障害（再掲）),total,male,r65p,65歳以上(再掲),65.0,,True,False,2023,20.0,,
,甲状腺障害,True,４　内分泌，栄養及び代謝疾患(甲状腺障害（再掲）),total,male,a70_74,70-74歳,70.0,74.0,False,False,2023,19.0,4161.0,0.79059
,甲状腺障害,True,４　内分泌，栄養及び代謝疾患(甲状腺障害（再掲）),total,male,r70p,70歳以上(再掲),70.0,,True,False,2023,21.0,,
,甲状腺障害,True,４　内分泌，栄養及び代謝疾患(甲状腺障害（再掲）),total,male,a75_79,75-79歳,75.0,79.0,False,False,2023,19.0,3365.0,0.63935
,甲状腺障害,True,４　内分泌，栄養及び代謝疾患(甲状腺障害（再掲）),total,male,r75p,75歳以上(再掲),75.0,,True,False,2023,21.0,,
,甲状腺障害,True,４　内分泌，栄養及び代謝疾患(甲状腺障害（再掲）),total,male,a80_84,80-84歳,80.0,84.0,False,False,2023,20.0,2458.0,0.4916
,甲状腺障害,True,４　内分泌，栄養及び代謝疾患(甲状腺障害（再掲）),total,male,a85_89,85-89歳,85.0,89.0,False,False,2023,23.0,1448.0,0.33304
,甲状腺障害,True,４　内分泌，栄養及び代謝疾患(甲状腺障害（再掲）),total,male,a90p,90歳以上,90.0,,False,False,2023,32.0,,
,甲状腺障害,True,４　内分泌，栄養及び代謝疾患(甲状腺障害（再掲）),total,male,total,総数,,,False,True,2023,10.0,60492.0,6.0492
,甲状腺障害,True,４　内分泌，栄養及び代謝疾患(甲状腺障害（再掲）),total,total,a00,0歳,0.0,0.0,False,False,2023,10.0,,
,甲状腺障害,True,４　内分泌，栄養及び代謝疾患(甲状腺障害（再掲）),total,total,a01_04,1-4歳,1.0,4.0,False,False,2023,2.0,,
,甲状腺障害,True,４　内分泌，栄養及び代謝疾患(甲状腺障害（再掲）),total,total,a05_09,5-9歳,5.0,9.0,False,False,2023,5.0,4838.0,0.2419
,甲状腺障害,True,４　内分泌，栄養及び代謝疾患(甲状腺障害（再掲）),total,total,a10_14,10-14歳,10.0,14.0,False,False,2023,3.0,5248.0,0.15744
,甲状腺障害,True,４　内分泌，栄養及び代謝疾患(甲状腺障害（再掲）),total,total,a15_19,15-19歳,15.0,19.0,False,False,2023,4.0,5494.0,0.21976
,甲状腺障害,True,４　内分泌，栄養及び代謝疾患(甲状腺障害（再掲）),total,total,a20_24,20-24歳,20.0,24.0,False,False,2023,8.0,6236.0,0.49888
,甲状腺障害,True,４　内分泌，栄養及び代謝疾患(甲状腺障害（再掲）),total,total,a25_29,25-29歳,25.0,29.0,False,False,2023,10.0,6479.0,0.6479
,甲状腺障害,True,４　内分泌，栄養及び代謝疾患(甲状腺障害（再掲）),total,total,a30_34,30-34歳,30.0,34.0,False,False,2023,18.0,6380.0,1.1484
,甲状腺障害,True,４　内分泌，栄養及び代謝疾患(甲状腺障害（再掲）),total,total,a35_39,35-39歳,35.0,39.0,False,False,2023,21.0,7047.0,1.47987
,甲状腺障害,True,４　内分泌，栄養及び代謝疾患(甲状腺障害（再掲）),total,total,a40_44,40-44歳,40.0,44.0,False,False,2023,22.0,7765.0,1.7083
,甲状腺障害,True,４　内分泌，栄養及び代謝疾患(甲状腺障害（再掲）),total,total,a45_49,45-49歳,45.0,49.0,False,False,2023,26.0,9115.0,2.3699
,甲状腺障害,True,４　内分泌，栄養及び代謝疾患(甲状腺障害（再掲）),total,total,a50_54,50-54歳,50.0,54.0,False,False,2023,28.0,9650.0,2.702
,甲状腺障害,True,４　内分泌，栄養及び代謝疾患(甲状腺障害（再掲）),total,total,a55_59,55-59歳,55.0,59.0,False,False,2023,28.0,8279.0,2.31812
,甲状腺障害,True,４　内分泌，栄養及び代謝疾患(甲状腺障害（再掲）),total,total,a60_64,60-64歳,60.0,64.0,False,False,2023,30.0,7507.0,2.2521
,甲状腺障害,True,４　内分泌，栄養及び代謝疾患(甲状腺障害（再掲）),total,total,a65_69,65-69歳,65.0,69.0,False,False,2023,38.0,7332.0,2.78616
,甲状腺障害,True,４　内分泌，栄養及び代謝疾患(甲状腺障害（再掲）),total,total,r65p,65歳以上(再掲),65.0,,True,False,2023,40.0,36227.0,14.4908
,甲状腺障害,True,４　内分泌，栄養及び代謝疾患(甲状腺障害（再掲）),total,total,a70_74,70-74歳,70.0,74.0,False,False,2023,41.0,8817.0,3.61497
,甲状腺障害,True,４　内分泌，栄養及び代謝疾患(甲状腺障害（再掲）),total,total,r70p,70歳以上(再掲),70.0,,True,False,2023,41.0,,
,甲状腺障害,True,４　内分泌，栄養及び代謝疾患(甲状腺障害（再掲）),total,total,a75_79,75-79歳,75.0,79.0,False,False,2023,44.0,7474.0,3.28856
,甲状腺障害,True,４　内分泌，栄養及び代謝疾患(甲状腺障害（再掲）),total,total,r75p,75歳以上(再掲),75.0,,True,False,2023,41.0,20078.0,8.23198
,甲状腺障害,True,４　内分泌，栄養及び代謝疾患(甲状腺障害（再掲）),total,total,a80_84,80-84歳,80.0,84.0,False,False,2023,41.0,5895.0,2.41695
,甲状腺障害,True,４　内分泌，栄養及び代謝疾患(甲状腺障害（再掲）),total,total,a85_89,85-89歳,85.0,89.0,False,False,2023,37.0,3979.0,1.47223
,甲状腺障害,True,４　内分泌，栄養及び代謝疾患(甲状腺障害（再掲）),total,total,a90p,90歳以上,90.0,,False,False,2023,41.0,,
,甲状腺障害,True,４　内分泌，栄養及び代謝疾患(甲状腺障害（再掲）),total,total,total,総数,,,False,True,2023,24.0,124352.0,29.84448
,"症状,徴候及び異常臨床所見・異常検査所見で他に分類されないもの",False,１８　症状，徴候及び異常臨床所見・異常検査所見で他に分類されないもの,total,female,a00,0歳,0.0,0.0,False,False,2023,102.0,,
,"症状,徴候及び異常臨床所見・異常検査所見で他に分類されないもの",False,１８　症状，徴候及び異常臨床所見・異常検査所見で他に分類されないもの,total,female,a01_04,1-4歳,1.0,4.0,False,False,2023,63.0,,
,"症状,徴候及び異常臨床所見・異常検査所見で他に分類されないもの",False,１８　症状，徴候及び異常臨床所見・異常検査所見で他に分類されないもの,total,female,a05_09,5-9歳,5.0,9.0,False,False,2023,55.0,,
,"症状,徴候及び異常臨床所見・異常検査所見で他に分類されないもの",False,１８　症状，徴候及び異常臨床所見・異常検査所見で他に分類されないもの,total,female,a10_14,10-14歳,10.0,14.0,False,False,2023,63.0,,
,"症状,徴候及び異常臨床所見・異常検査所見で他に分類されないもの",False,１８　症状，徴候及び異常臨床所見・異常検査所見で他に分類されないもの,total,female,a15_19,15-19歳,15.0,19.0,False,False,2023,52.0,,
,"症状,徴候及び異常臨床所見・異常検査所見で他に分類されないもの",False,１８　症状，徴候及び異常臨床所見・異常検査所見で他に分類されないもの,total,female,a20_24,20-24歳,20.0,24.0,False,False,2023,55.0,,
,"症状,徴候及び異常臨床所見・異常検査所見で他に分類されないもの",False,１８　症状，徴候及び異常臨床所見・異常検査所見で他に分類されないもの,total,female,a25_29,25-29歳,25.0,29.0,False,False,2023,48.0,,
,"症状,徴候及び異常臨床所見・異常検査所見で他に分類されないもの",False,１８　症状，徴候及び異常臨床所見・異常検査所見で他に分類されないもの,total,female,a30_34,30-34歳,30.0,34.0,False,False,2023,73.0,,
,"症状,徴候及び異常臨床所見・異常検査所見で他に分類されないもの",False,１８　症状，徴候及び異常臨床所見・異常検査所見で他に分類されないもの,total,female,a35_39,35-39歳,35.0,39.0,False,False,2023,59.0,,
,"症状,徴候及び異常臨床所見・異常検査所見で他に分類されないもの",False,１８　症状，徴候及び異常臨床所見・異常検査所見で他に分類されないもの,total,female,a40_44,40-44歳,40.0,44.0,False,False,2023,63.0,,
,"症状,徴候及び異常臨床所見・異常検査所見で他に分類されないもの",False,１８　症状，徴候及び異常臨床所見・異常検査所見で他に分類されないもの,total,female,a45_49,45-49歳,45.0,49.0,False,False,2023,69.0,,
,"症状,徴候及び異常臨床所見・異常検査所見で他に分類されないもの",False,１８　症状，徴候及び異常臨床所見・異常検査所見で他に分類されないもの,total,female,a50_54,50-54歳,50.0,54.0,False,False,2023,88.0,,
,"症状,徴候及び異常臨床所見・異常検査所見で他に分類されないもの",False,１８　症状，徴候及び異常臨床所見・異常検査所見で他に分類されないもの,total,female,a55_59,55-59歳,55.0,59.0,False,False,2023,96.0,,
,"症状,徴候及び異常臨床所見・異常検査所見で他に分類されないもの",False,１８　症状，徴候及び異常臨床所見・異常検査所見で他に分類されないもの,total,female,a60_64,60-64歳,60.0,64.0,False,False,2023,114.0,,
,"症状,徴候及び異常臨床所見・異常検査所見で他に分類されないもの",False,１８　症状，徴候及び異常臨床所見・異常検査所見で他に分類されないもの,total,female,a65_69,65-69歳,65.0,69.0,False,False,2023,110.0,,
,"症状,徴候及び異常臨床所見・異常検査所見で他に分類されないもの",False,１８　症状，徴候及び異常臨床所見・異常検査所見で他に分類されないもの,total,female,r65p,65歳以上(再掲),65.0,,True,False,2023,166.0,,
,"症状,徴候及び異常臨床所見・異常検査所見で他に分類されないもの",False,１８　症状，徴候及び異常臨床所見・異常検査所見で他に分類されないもの,total,female,a70_74,70-74歳,70.0,74.0,False,False,2023,137.0,,
,"症状,徴候及び異常臨床所見・異常検査所見で他に分類されないもの",False,１８　症状，徴候及び異常臨床所見・異常検査所見で他に分類されないもの,total,female,r70p,70歳以上(再掲),70.0,,True,False,2023,179.0,,
,"症状,徴候及び異常臨床所見・異常検査所見で他に分類されないもの",False,１８　症状，徴候及び異常臨床所見・異常検査所見で他に分類されないもの,total,female,a75_79,75-79歳,75.0,79.0,False,False,2023,183.0,,
,"症状,徴候及び異常臨床所見・異常検査所見で他に分類されないもの",False,１８　症状，徴候及び異常臨床所見・異常検査所見で他に分類されないもの,total,female,r75p,75歳以上(再掲),75.0,,True,False,2023,195.0,,
,"症状,徴候及び異常臨床所見・異常検査所見で他に分類されないもの",False,１８　症状，徴候及び異常臨床所見・異常検査所見で他に分類されないもの,total,female,a80_84,80-84歳,80.0,84.0,False,False,2023,174.0,,
,"症状,徴候及び異常臨床所見・異常検査所見で他に分類されないもの",False,１８　症状，徴候及び異常臨床所見・異常検査所見で他に分類されないもの,total,female,a85_89,85-89歳,85.0,89.0,False,False,2023,195.0,,
,"症状,徴候及び異常臨床所見・異常検査所見で他に分類されないもの",False,１８　症状，徴候及び異常臨床所見・異常検査所見で他に分類されないもの,total,female,a90p,90歳以上,90.0,,False,False,2023,256.0,,
,"症状,徴候及び異常臨床所見・異常検査所見で他に分類されないもの",False,１８　症状，徴候及び異常臨床所見・異常検査所見で他に分類されないもの,total,female,total,総数,,,False,True,2023,103.0,,
,"症状,徴候及び異常臨床所見・異常検査所見で他に分類されないもの",False,１８　症状，徴候及び異常臨床所見・異常検査所見で他に分類されないもの,total,male,a00,0歳,0.0,0.0,False,False,2023,93.0,,
,"症状,徴候及び異常臨床所見・異常検査所見で他に分類されないもの",False,１８　症状，徴候及び異常臨床所見・異常検査所見で他に分類されないもの,total,male,a01_04,1-4歳,1.0,4.0,False,False,2023,74.0,,
,"症状,徴候及び異常臨床所見・異常検査所見で他に分類されないもの",False,１８　症状，徴候及び異常臨床所見・異常検査所見で他に分類されないもの,total,male,a05_09,5-9歳,5.0,9.0,False,False,2023,90.0,2478.0,2.2302
,"症状,徴候及び異常臨床所見・異常検査所見で他に分類されないもの",False,１８　症状，徴候及び異常臨床所見・異常検査所見で他に分類されないもの,total,male,a10_14,10-14歳,10.0,14.0,False,False,2023,53.0,2689.0,1.42517
,"症状,徴候及び異常臨床所見・異常検査所見で他に分類されないもの",False,１８　症状，徴候及び異常臨床所見・異常検査所見で他に分類されないもの,total,male,a15_19,15-19歳,15.0,19.0,False,False,2023,37.0,2818.0,1.04266
,"症状,徴候及び異常臨床所見・異常検査所見で他に分類されないもの",False,１８　症状，徴候及び異常臨床所見・異常検査所見で他に分類されないもの,total,male,a20_24,20-24歳,20.0,24.0,False,False,2023,32.0,3212.0,1.02784
,"症状,徴候及び異常臨床所見・異常検査所見で他に分類されないもの",False,１８　症状，徴候及び異常臨床所見・異常検査所見で他に分類されないもの,total,male,a25_29,25-29歳,25.0,29.0,False,False,2023,28.0,3333.0,0.93324
,"症状,徴候及び異常臨床所見・異常検査所見で他に分類されないもの",False,１８　症状，徴候及び異常臨床所見・異常検査所見で他に分類されないもの,total,male,a30_34,30-34歳,30.0,34.0,False,False,2023,31.0,3273.0,1.01463
,"症状,徴候及び異常臨床所見・異常検査所見で他に分類されないもの",False,１８　症状，徴候及び異常臨床所見・異常検査所見で他に分類されないもの,total,male,a35_39,35-39歳,35.0,39.0,False,False,2023,33.0,3593.0,1.18569
,"症状,徴候及び異常臨床所見・異常検査所見で他に分類されないもの",False,１８　症状，徴候及び異常臨床所見・異常検査所見で他に分類されないもの,total,male,a40_44,40-44歳,40.0,44.0,False,False,2023,25.0,3938.0,0.9845
,"症状,徴候及び異常臨床所見・異常検査所見で他に分類されないもの",False,１８　症状，徴候及び異常臨床所見・異常検査所見で他に分類されないもの,total,male,a45_49,45-49歳,45.0,49.0,False,False,2023,37.0,4620.0,1.7094
,"症状,徴候及び異常臨床所見・異常検査所見で他に分類されないもの",False,１８　症状，徴候及び異常臨床所見・異常検査所見で他に分類されないもの,total,male,a50_54,50-54歳,50.0,54.0,False,False,2023,48.0,4868.0,2.33664
,"症状,徴候及び異常臨床所見・異常検査所見で他に分類されないもの",False,１８　症状，徴候及び異常臨床所見・異常検査所見で他に分類されないもの,total,male,a55_59,55-59歳,55.0,59.0,False,False,2023,44.0,4143.0,1.82292
,"症状,徴候及び異常臨床所見・異常検査所見で他に分類されないもの",False,１８　症状，徴候及び異常臨床所見・異常検査所見で他に分類されないもの,total,male,a60_64,60-64歳,60.0,64.0,False,False,2023,66.0,3719.0,2.45454
,"症状,徴候及び異常臨床所見・異常検査所見で他に分類されないもの",False,１８　症状，徴候及び異常臨床所見・異常検査所見で他に分類されないもの,total,male,a65_69,65-69歳,65.0,69.0,False,False,2023,86.0,3569.0,3.06934
,"症状,徴候及び異常臨床所見・異常検査所見で他に分類されないもの",False,１８　症状，徴候及び異常臨床所見・異常検査所見で他に分類されないもの,total,male,r65p,65歳以上(再掲),65.0,,True,False,2023,140.0,,
,"症状,徴候及び異常臨床所見・異常検査所見で他に分類されないもの",False,１８　症状，徴候及び異常臨床所見・異常検査所見で他に分類されないもの,total,male,a70_74,70-74歳,70.0,74.0,False,False,2023,112.0,4161.0,4.66032
,"症状,徴候及び異常臨床所見・異常検査所見で他に分類されないもの",False,１８　症状，徴候及び異常臨床所見・異常検査所見で他に分類されないもの,total,male,r70p,70歳以上(再掲),70.0,,True,False,2023,156.0,,
,"症状,徴候及び異常臨床所見・異常検査所見で他に分類されないもの",False,１８　症状，徴候及び異常臨床所見・異常検査所見で他に分類されないもの,total,male,a75_79,75-79歳,75.0,79.0,False,False,2023,154.0,3365.0,5.1821
,"症状,徴候及び異常臨床所見・異常検査所見で他に分類されないもの",False,１８　症状，徴候及び異常臨床所見・異常検査所見で他に分類されないもの,total,male,r75p,75歳以上(再掲),75.0,,True,False,2023,179.0,,
,"症状,徴候及び異常臨床所見・異常検査所見で他に分類されないもの",False,１８　症状，徴候及び異常臨床所見・異常検査所見で他に分類されないもの,total,male,a80_84,80-84歳,80.0,84.0,False,False,2023,171.0,2458.0,4.20318
,"症状,徴候及び異常臨床所見・異常検査所見で他に分類されないもの",False,１８　症状，徴候及び異常臨床所見・異常検査所見で他に分類されないもの,total,male,a85_89,85-89歳,85.0,89.0,False,False,2023,198.0,1448.0,2.86704
,"症状,徴候及び異常臨床所見・異常検査所見で他に分類されないもの",False,１８　症状，徴候及び異常臨床所見・異常検査所見で他に分類されないもの,total,male,a90p,90歳以上,90.0,,False,False,2023,286.0,,
,"症状,徴候及び異常臨床所見・異常検査所見で他に分類されないもの",False,１８　症状，徴候及び異常臨床所見・異常検査所見で他に分類されないもの,total,male,total,総数,,,False,True,2023,69.0,60492.0,41.73948
,"症状,徴候及び異常臨床所見・異常検査所見で他に分類されないもの",False,１８　症状，徴候及び異常臨床所見・異常検査所見で他に分類されないもの,total,total,a00,0歳,0.0,0.0,False,False,2023,97.0,,
,"症状,徴候及び異常臨床所見・異常検査所見で他に分類されないもの",False,１８　症状，徴候及び異常臨床所見・異常検査所見で他に分類されないもの,total,total,a01_04,1-4歳,1.0,4.0,False,False,2023,69.0,,
,"症状,徴候及び異常臨床所見・異常検査所見で他に分類されないもの",False,１８　症状，徴候及び異常臨床所見・異常検査所見で他に分類されないもの,total,total,a05_09,5-9歳,5.0,9.0,False,False,2023,73.0,4838.0,3.53174
,"症状,徴候及び異常臨床所見・異常検査所見で他に分類されないもの",False,１８　症状，徴候及び異常臨床所見・異常検査所見で他に分類されないもの,total,total,a10_14,10-14歳,10.0,14.0,False,False,2023,58.0,5248.0,3.04384
,"症状,徴候及び異常臨床所見・異常検査所見で他に分類されないもの",False,１８　症状，徴候及び異常臨床所見・異常検査所見で他に分類されないもの,total,total,a15_19,15-19歳,15.0,19.0,False,False,2023,44.0,5494.0,2.41736
,"症状,徴候及び異常臨床所見・異常検査所見で他に分類されないもの",False,１８　症状，徴候及び異常臨床所見・異常検査所見で他に分類されないもの,total,total,a20_24,20-24歳,20.0,24.0,False,False,2023,43.0,6236.0,2.68148
,"症状,徴候及び異常臨床所見・異常検査所見で他に分類されないもの",False,１８　症状，徴候及び異常臨床所見・異常検査所見で他に分類されないもの,total,total,a25_29,25-29歳,25.0,29.0,False,False,2023,38.0,6479.0,2.46202
,"症状,徴候及び異常臨床所見・異常検査所見で他に分類されないもの",False,１８　症状，徴候及び異常臨床所見・異常検査所見で他に分類されないもの,total,total,a30_34,30-34歳,30.0,34.0,False,False,2023,51.0,6380.0,3.2538
,"症状,徴候及び異常臨床所見・異常検査所見で他に分類されないもの",False,１８　症状，徴候及び異常臨床所見・異常検査所見で他に分類されないもの,total,total,a35_39,35-39歳,35.0,39.0,False,False,2023,46.0,7047.0,3.24162
,"症状,徴候及び異常臨床所見・異常検査所見で他に分類されないもの",False,１８　症状，徴候及び異常臨床所見・異常検査所見で他に分類されないもの,total,total,a40_44,40-44歳,40.0,44.0,False,False,2023,44.0,7765.0,3.4166
,"症状,徴候及び異常臨床所見・異常検査所見で他に分類されないもの",False,１８　症状，徴候及び異常臨床所見・異常検査所見で他に分類されないもの,total,total,a45_49,45-49歳,45.0,49.0,False,False,2023,53.0,9115.0,4.83095
,"症状,徴候及び異常臨床所見・異常検査所見で他に分類されないもの",False,１８　症状，徴候及び異常臨床所見・異常検査所見で他に分類されないもの,total,total,a50_54,50-54歳,50.0,54.0,False,False,2023,68.0,9650.0,6.562
,"症状,徴候及び異常臨床所見・異常検査所見で他に分類されないもの",False,１８　症状，徴候及び異常臨床所見・異常検査所見で他に分類されないもの,total,total,a55_59,55-59歳,55.0,59.0,False,False,2023,70.0,8279.0,5.7953
,"症状,徴候及び異常臨床所見・異常検査所見で他に分類されないもの",False,１８　症状，徴候及び異常臨床所見・異常検査所見で他に分類されないもの,total,total,a60_64,60-64歳,60.0,64.0,False,False,2023,90.0,7507.0,6.7563
,"症状,徴候及び異常臨床所見・異常検査所見で他に分類されないもの",False,１８　症状，徴候及び異常臨床所見・異常検査所見で他に分類されないもの,total,total,a65_69,65-69歳,65.0,69.0,False,False,2023,98.0,7332.0,7.18536
,"症状,徴候及び異常臨床所見・異常検査所見で他に分類されないもの",False,１８　症状，徴候及び異常臨床所見・異常検査所見で他に分類されないもの,total,total,r65p,65歳以上(再掲),65.0,,True,False,2023,155.0,36227.0,56.15185
,"症状,徴候及び異常臨床所見・異常検査所見で他に分類されないもの",False,１８　症状，徴候及び異常臨床所見・異常検査所見で他に分類されないもの,total,total,a70_74,70-74歳,70.0,74.0,False,False,2023,125.0,8817.0,11.02125
,"症状,徴候及び異常臨床所見・異常検査所見で他に分類されないもの",False,１８　症状，徴候及び異常臨床所見・異常検査所見で他に分類されないもの,total,total,r70p,70歳以上(再掲),70.0,,True,False,2023,169.0,,
,"症状,徴候及び異常臨床所見・異常検査所見で他に分類されないもの",False,１８　症状，徴候及び異常臨床所見・異常検査所見で他に分類されないもの,total,total,a75_79,75-79歳,75.0,79.0,False,False,2023,170.0,7474.0,12.7058
,"症状,徴候及び異常臨床所見・異常検査所見で他に分類されないもの",False,１８　症状，徴候及び異常臨床所見・異常検査所見で他に分類されないもの,total,total,r75p,75歳以上(再掲),75.0,,True,False,2023,189.0,20078.0,37.94742
,"症状,徴候及び異常臨床所見・異常検査所見で他に分類されないもの",False,１８　症状，徴候及び異常臨床所見・異常検査所見で他に分類されないもの,total,total,a80_84,80-84歳,80.0,84.0,False,False,2023,173.0,5895.0,10.19835
,"症状,徴候及び異常臨床所見・異常検査所見で他に分類されないもの",False,１８　症状，徴候及び異常臨床所見・異常検査所見で他に分類されないもの,total,total,a85_89,85-89歳,85.0,89.0,False,False,2023,196.0,3979.0,7.79884
,"症状,徴候及び異常臨床所見・異常検査所見で他に分類されないもの",False,１８　症状，徴候及び異常臨床所見・異常検査所見で他に分類されないもの,total,total,a90p,90歳以上,90.0,,False,False,2023,264.0,,
,"症状,徴候及び異常臨床所見・異常検査所見で他に分類されないもの",False,１８　症状，徴候及び異常臨床所見・異常検査所見で他に分類されないもの,total,total,total,総数,,,False,True,2023,86.0,124352.0,106.94272
,白内障,True,７　眼及び付属器の疾患(白内障（再掲）),total,female,a00,0歳,0.0,0.0,False,False,2023,,,
,白内障,True,７　眼及び付属器の疾患(白内障（再掲）),total,female,a01_04,1-4歳,1.0,4.0,False,False,2023,,,
,白内障,True,７　眼及び付属器の疾患(白内障（再掲）),total,female,a05_09,5-9歳,5.0,9.0,False,False,2023,0.0,,
,白内障,True,７　眼及び付属器の疾患(白内障（再掲）),total,female,a10_14,10-14歳,10.0,14.0,False,False,2023,0.0,,
,白内障,True,７　眼及び付属器の疾患(白内障（再掲）),total,female,a15_19,15-19歳,15.0,19.0,False,False,2023,1.0,,
,白内障,True,７　眼及び付属器の疾患(白内障（再掲）),total,female,a20_24,20-24歳,20.0,24.0,False,False,2023,1.0,,
,白内障,True,７　眼及び付属器の疾患(白内障（再掲）),total,female,a25_29,25-29歳,25.0,29.0,False,False,2023,1.0,,
,白内障,True,７　眼及び付属器の疾患(白内障（再掲）),total,female,a30_34,30-34歳,30.0,34.0,False,False,2023,0.0,,
,白内障,True,７　眼及び付属器の疾患(白内障（再掲）),total,female,a35_39,35-39歳,35.0,39.0,False,False,2023,1.0,,
,白内障,True,７　眼及び付属器の疾患(白内障（再掲）),total,female,a40_44,40-44歳,40.0,44.0,False,False,2023,2.0,,
,白内障,True,７　眼及び付属器の疾患(白内障（再掲）),total,female,a45_49,45-49歳,45.0,49.0,False,False,2023,6.0,,
,白内障,True,７　眼及び付属器の疾患(白内障（再掲）),total,female,a50_54,50-54歳,50.0,54.0,False,False,2023,14.0,,
,白内障,True,７　眼及び付属器の疾患(白内障（再掲）),total,female,a55_59,55-59歳,55.0,59.0,False,False,2023,29.0,,
,白内障,True,７　眼及び付属器の疾患(白内障（再掲）),total,female,a60_64,60-64歳,60.0,64.0,False,False,2023,78.0,,
,白内障,True,７　眼及び付属器の疾患(白内障（再掲）),total,female,a65_69,65-69歳,65.0,69.0,False,False,2023,147.0,,
,白内障,True,７　眼及び付属器の疾患(白内障（再掲）),total,female,r65p,65歳以上(再掲),65.0,,True,False,2023,192.0,,
,白内障,True,７　眼及び付属器の疾患(白内障（再掲）),total,female,a70_74,70-74歳,70.0,74.0,False,False,2023,204.0,,
,白内障,True,７　眼及び付属器の疾患(白内障（再掲）),total,female,r70p,70歳以上(再掲),70.0,,True,False,2023,202.0,,
,白内障,True,７　眼及び付属器の疾患(白内障（再掲）),total,female,a75_79,75-79歳,75.0,79.0,False,False,2023,260.0,,
,白内障,True,７　眼及び付属器の疾患(白内障（再掲）),total,female,r75p,75歳以上(再掲),75.0,,True,False,2023,201.0,,
,白内障,True,７　眼及び付属器の疾患(白内障（再掲）),total,female,a80_84,80-84歳,80.0,84.0,False,False,2023,235.0,,
,白内障,True,７　眼及び付属器の疾患(白内障（再掲）),total,female,a85_89,85-89歳,85.0,89.0,False,False,2023,172.0,,
,白内障,True,７　眼及び付属器の疾患(白内障（再掲）),total,female,a90p,90歳以上,90.0,,False,False,2023,61.0,,
,白内障,True,７　眼及び付属器の疾患(白内障（再掲）),total,female,total,総数,,,False,True,2023,70.0,,
,白内障,True,７　眼及び付属器の疾患(白内障（再掲）),total,male,a00,0歳,0.0,0.0,False,False,2023,1.0,,
,白内障,True,７　眼及び付属器の疾患(白内障（再掲）),total,male,a01_04,1-4歳,1.0,4.0,False,False,2023,0.0,,
,白内障,True,７　眼及び付属器の疾患(白内障（再掲）),total,male,a05_09,5-9歳,5.0,9.0,False,False,2023,0.0,2478.0,0.0
,白内障,True,７　眼及び付属器の疾患(白内障（再掲）),total,male,a10_14,10-14歳,10.0,14.0,False,False,2023,0.0,2689.0,0.0
,白内障,True,７　眼及び付属器の疾患(白内障（再掲）),total,male,a15_19,15-19歳,15.0,19.0,False,False,2023,1.0,2818.0,0.02818
,白内障,True,７　眼及び付属器の疾患(白内障（再掲）),total,male,a20_24,20-24歳,20.0,24.0,False,False,2023,0.0,3212.0,0.0
,白内障,True,７　眼及び付属器の疾患(白内障（再掲）),total,male,a25_29,25-29歳,25.0,29.0,False,False,2023,1.0,3333.0,0.03333
,白内障,True,７　眼及び付属器の疾患(白内障（再掲）),total,male,a30_34,30-34歳,30.0,34.0,False,False,2023,0.0,3273.0,0.0
,白内障,True,７　眼及び付属器の疾患(白内障（再掲）),total,male,a35_39,35-39歳,35.0,39.0,False,False,2023,1.0,3593.0,0.03593
,白内障,True,７　眼及び付属器の疾患(白内障（再掲）),total,male,a40_44,40-44歳,40.0,44.0,False,False,2023,2.0,3938.0,0.07876
,白内障,True,７　眼及び付属器の疾患(白内障（再掲）),total,male,a45_49,45-49歳,45.0,49.0,False,False,2023,6.0,4620.0,0.2772
,白内障,True,７　眼及び付属器の疾患(白内障（再掲）),total,male,a50_54,50-54歳,50.0,54.0,False,False,2023,9.0,4868.0,0.43812
,白内障,True,７　眼及び付属器の疾患(白内障（再掲）),total,male,a55_59,55-59歳,55.0,59.0,False,False,2023,17.0,4143.0,0.70431
,白内障,True,７　眼及び付属器の疾患(白内障（再掲）),total,male,a60_64,60-64歳,60.0,64.0,False,False,2023,41.0,3719.0,1.52479
,白内障,True,７　眼及び付属器の疾患(白内障（再掲）),total,male,a65_69,65-69歳,65.0,69.0,False,False,2023,103.0,3569.0,3.67607
,白内障,True,７　眼及び付属器の疾患(白内障（再掲）),total,male,r65p,65歳以上(再掲),65.0,,True,False,2023,157.0,,
,白内障,True,７　眼及び付属器の疾患(白内障（再掲）),total,male,a70_74,70-74歳,70.0,74.0,False,False,2023,149.0,4161.0,6.19989
,白内障,True,７　眼及び付属器の疾患(白内障（再掲）),total,male,r70p,70歳以上(再掲),70.0,,True,False,2023,173.0,,
,白内障,True,７　眼及び付属器の疾患(白内障（再掲）),total,male,a75_79,75-79歳,75.0,79.0,False,False,2023,202.0,3365.0,6.7973
,白内障,True,７　眼及び付属器の疾患(白内障（再掲）),total,male,r75p,75歳以上(再掲),75.0,,True,False,2023,185.0,,
,白内障,True,７　眼及び付属器の疾患(白内障（再掲）),total,male,a80_84,80-84歳,80.0,84.0,False,False,2023,195.0,2458.0,4.7931
,白内障,True,７　眼及び付属器の疾患(白内障（再掲）),total,male,a85_89,85-89歳,85.0,89.0,False,False,2023,174.0,1448.0,2.51952
,白内障,True,７　眼及び付属器の疾患(白内障（再掲）),total,male,a90p,90歳以上,90.0,,False,False,2023,95.0,,
,白内障,True,７　眼及び付属器の疾患(白内障（再掲）),total,male,total,総数,,,False,True,2023,46.0,60492.0,27.82632
,白内障,True,７　眼及び付属器の疾患(白内障（再掲）),total,total,a00,0歳,0.0,0.0,False,False,2023,0.0,,
,白内障,True,７　眼及び付属器の疾患(白内障（再掲）),total,total,a01_04,1-4歳,1.0,4.0,False,False,2023,0.0,,
,白内障,True,７　眼及び付属器の疾患(白内障（再掲）),total,total,a05_09,5-9歳,5.0,9.0,False,False,2023,0.0,4838.0,0.0
,白内障,True,７　眼及び付属器の疾患(白内障（再掲）),total,total,a10_14,10-14歳,10.0,14.0,False,False,2023,0.0,5248.0,0.0
,白内障,True,７　眼及び付属器の疾患(白内障（再掲）),total,total,a15_19,15-19歳,15.0,19.0,False,False,2023,1.0,5494.0,0.05494
,白内障,True,７　眼及び付属器の疾患(白内障（再掲）),total,total,a20_24,20-24歳,20.0,24.0,False,False,2023,0.0,6236.0,0.0
,白内障,True,７　眼及び付属器の疾患(白内障（再掲）),total,total,a25_29,25-29歳,25.0,29.0,False,False,2023,1.0,6479.0,0.06479
,白内障,True,７　眼及び付属器の疾患(白内障（再掲）),total,total,a30_34,30-34歳,30.0,34.0,False,False,2023,0.0,6380.0,0.0
,白内障,True,７　眼及び付属器の疾患(白内障（再掲）),total,total,a35_39,35-39歳,35.0,39.0,False,False,2023,1.0,7047.0,0.07047
,白内障,True,７　眼及び付属器の疾患(白内障（再掲）),total,total,a40_44,40-44歳,40.0,44.0,False,False,2023,2.0,7765.0,0.1553
,白内障,True,７　眼及び付属器の疾患(白内障（再掲）),total,total,a45_49,45-49歳,45.0,49.0,False,False,2023,6.0,9115.0,0.5469
,白内障,True,７　眼及び付属器の疾患(白内障（再掲）),total,total,a50_54,50-54歳,50.0,54.0,False,False,2023,12.0,9650.0,1.158
,白内障,True,７　眼及び付属器の疾患(白内障（再掲）),total,total,a55_59,55-59歳,55.0,59.0,False,False,2023,23.0,8279.0,1.90417
,白内障,True,７　眼及び付属器の疾患(白内障（再掲）),total,total,a60_64,60-64歳,60.0,64.0,False,False,2023,60.0,7507.0,4.5042
,白内障,True,７　眼及び付属器の疾患(白内障（再掲）),total,total,a65_69,65-69歳,65.0,69.0,False,False,2023,126.0,7332.0,9.23832
,白内障,True,７　眼及び付属器の疾患(白内障（再掲）),total,total,r65p,65歳以上(再掲),65.0,,True,False,2023,177.0,36227.0,64.12179
,白内障,True,７　眼及び付属器の疾患(白内障（再掲）),total,total,a70_74,70-74歳,70.0,74.0,False,False,2023,178.0,8817.0,15.69426
,白内障,True,７　眼及び付属器の疾患(白内障（再掲）),total,total,r70p,70歳以上(再掲),70.0,,True,False,2023,190.0,,
,白内障,True,７　眼及び付属器の疾患(白内障（再掲）),total,total,a75_79,75-79歳,75.0,79.0,False,False,2023,234.0,7474.0,17.48916
,白内障,True,７　眼及び付属器の疾患(白内障（再掲）),total,total,r75p,75歳以上(再掲),75.0,,True,False,2023,195.0,20078.0,39.1521
,白内障,True,７　眼及び付属器の疾患(白内障（再掲）),total,total,a80_84,80-84歳,80.0,84.0,False,False,2023,218.0,5895.0,12.8511
,白内障,True,７　眼及び付属器の疾患(白内障（再掲）),total,total,a85_89,85-89歳,85.0,89.0,False,False,2023,173.0,3979.0,6.88367
,白内障,True,７　眼及び付属器の疾患(白内障（再掲）),total,total,a90p,90歳以上,90.0,,False,False,2023,70.0,,
,白内障,True,７　眼及び付属器の疾患(白内障（再掲）),total,total,total,総数,,,False,True,2023,58.0,124352.0,72.12416
,皮膚及び皮下組織の疾患,False,１２　皮膚及び皮下組織の疾患,total,female,a00,0歳,0.0,0.0,False,False,2023,987.0,,
,皮膚及び皮下組織の疾患,False,１２　皮膚及び皮下組織の疾患,total,female,a01_04,1-4歳,1.0,4.0,False,False,2023,468.0,,
,皮膚及び皮下組織の疾患,False,１２　皮膚及び皮下組織の疾患,total,female,a05_09,5-9歳,5.0,9.0,False,False,2023,293.0,,
,皮膚及び皮下組織の疾患,False,１２　皮膚及び皮下組織の疾患,total,female,a10_14,10-14歳,10.0,14.0,False,False,2023,313.0,,
,皮膚及び皮下組織の疾患,False,１２　皮膚及び皮下組織の疾患,total,female,a15_19,15-19歳,15.0,19.0,False,False,2023,341.0,,
,皮膚及び皮下組織の疾患,False,１２　皮膚及び皮下組織の疾患,total,female,a20_24,20-24歳,20.0,24.0,False,False,2023,315.0,,
,皮膚及び皮下組織の疾患,False,１２　皮膚及び皮下組織の疾患,total,female,a25_29,25-29歳,25.0,29.0,False,False,2023,305.0,,
,皮膚及び皮下組織の疾患,False,１２　皮膚及び皮下組織の疾患,total,female,a30_34,30-34歳,30.0,34.0,False,False,2023,287.0,,
,皮膚及び皮下組織の疾患,False,１２　皮膚及び皮下組織の疾患,total,female,a35_39,35-39歳,35.0,39.0,False,False,2023,269.0,,
,皮膚及び皮下組織の疾患,False,１２　皮膚及び皮下組織の疾患,total,female,a40_44,40-44歳,40.0,44.0,False,False,2023,269.0,,
,皮膚及び皮下組織の疾患,False,１２　皮膚及び皮下組織の疾患,total,female,a45_49,45-49歳,45.0,49.0,False,False,2023,282.0,,
,皮膚及び皮下組織の疾患,False,１２　皮膚及び皮下組織の疾患,total,female,a50_54,50-54歳,50.0,54.0,False,False,2023,279.0,,
,皮膚及び皮下組織の疾患,False,１２　皮膚及び皮下組織の疾患,total,female,a55_59,55-59歳,55.0,59.0,False,False,2023,260.0,,
,皮膚及び皮下組織の疾患,False,１２　皮膚及び皮下組織の疾患,total,female,a60_64,60-64歳,60.0,64.0,False,False,2023,245.0,,
,皮膚及び皮下組織の疾患,False,１２　皮膚及び皮下組織の疾患,total,female,a65_69,65-69歳,65.0,69.0,False,False,2023,270.0,,
,皮膚及び皮下組織の疾患,False,１２　皮膚及び皮下組織の疾患,total,female,r65p,65歳以上(再掲),65.0,,True,False,2023,290.0,,
,皮膚及び皮下組織の疾患,False,１２　皮膚及び皮下組織の疾患,total,female,a70_74,70-74歳,70.0,74.0,False,False,2023,271.0,,
,皮膚及び皮下組織の疾患,False,１２　皮膚及び皮下組織の疾患,total,female,r70p,70歳以上(再掲),70.0,,True,False,2023,294.0,,
,皮膚及び皮下組織の疾患,False,１２　皮膚及び皮下組織の疾患,total,female,a75_79,75-79歳,75.0,79.0,False,False,2023,296.0,,
,皮膚及び皮下組織の疾患,False,１２　皮膚及び皮下組織の疾患,total,female,r75p,75歳以上(再掲),75.0,,True,False,2023,303.0,,
,皮膚及び皮下組織の疾患,False,１２　皮膚及び皮下組織の疾患,total,female,a80_84,80-84歳,80.0,84.0,False,False,2023,320.0,,
,皮膚及び皮下組織の疾患,False,１２　皮膚及び皮下組織の疾患,total,female,a85_89,85-89歳,85.0,89.0,False,False,2023,313.0,,
,皮膚及び皮下組織の疾患,False,１２　皮膚及び皮下組織の疾患,total,female,a90p,90歳以上,90.0,,False,False,2023,274.0,,
,皮膚及び皮下組織の疾患,False,１２　皮膚及び皮下組織の疾患,total,female,total,総数,,,False,True,2023,295.0,,
,皮膚及び皮下組織の疾患,False,１２　皮膚及び皮下組織の疾患,total,male,a00,0歳,0.0,0.0,False,False,2023,1039.0,,
,皮膚及び皮下組織の疾患,False,１２　皮膚及び皮下組織の疾患,total,male,a01_04,1-4歳,1.0,4.0,False,False,2023,559.0,,
,皮膚及び皮下組織の疾患,False,１２　皮膚及び皮下組織の疾患,total,male,a05_09,5-9歳,5.0,9.0,False,False,2023,306.0,2478.0,7.58268
,皮膚及び皮下組織の疾患,False,１２　皮膚及び皮下組織の疾患,total,male,a10_14,10-14歳,10.0,14.0,False,False,2023,232.0,2689.0,6.23848
,皮膚及び皮下組織の疾患,False,１２　皮膚及び皮下組織の疾患,total,male,a15_19,15-19歳,15.0,19.0,False,False,2023,231.0,2818.0,6.50958
,皮膚及び皮下組織の疾患,False,１２　皮膚及び皮下組織の疾患,total,male,a20_24,20-24歳,20.0,24.0,False,False,2023,219.0,3212.0,7.03428
,皮膚及び皮下組織の疾患,False,１２　皮膚及び皮下組織の疾患,total,male,a25_29,25-29歳,25.0,29.0,False,False,2023,174.0,3333.0,5.79942
,皮膚及び皮下組織の疾患,False,１２　皮膚及び皮下組織の疾患,total,male,a30_34,30-34歳,30.0,34.0,False,False,2023,164.0,3273.0,5.36772
,皮膚及び皮下組織の疾患,False,１２　皮膚及び皮下組織の疾患,total,male,a35_39,35-39歳,35.0,39.0,False,False,2023,140.0,3593.0,5.0302
,皮膚及び皮下組織の疾患,False,１２　皮膚及び皮下組織の疾患,total,male,a40_44,40-44歳,40.0,44.0,False,False,2023,160.0,3938.0,6.3008
,皮膚及び皮下組織の疾患,False,１２　皮膚及び皮下組織の疾患,total,male,a45_49,45-49歳,45.0,49.0,False,False,2023,156.0,4620.0,7.2072
,皮膚及び皮下組織の疾患,False,１２　皮膚及び皮下組織の疾患,total,male,a50_54,50-54歳,50.0,54.0,False,False,2023,150.0,4868.0,7.302
,皮膚及び皮下組織の疾患,False,１２　皮膚及び皮下組織の疾患,total,male,a55_59,55-59歳,55.0,59.0,False,False,2023,156.0,4143.0,6.46308
,皮膚及び皮下組織の疾患,False,１２　皮膚及び皮下組織の疾患,total,male,a60_64,60-64歳,60.0,64.0,False,False,2023,170.0,3719.0,6.3223
,皮膚及び皮下組織の疾患,False,１２　皮膚及び皮下組織の疾患,total,male,a65_69,65-69歳,65.0,69.0,False,False,2023,220.0,3569.0,7.8518
,皮膚及び皮下組織の疾患,False,１２　皮膚及び皮下組織の疾患,total,male,r65p,65歳以上(再掲),65.0,,True,False,2023,299.0,,
,皮膚及び皮下組織の疾患,False,１２　皮膚及び皮下組織の疾患,total,male,a70_74,70-74歳,70.0,74.0,False,False,2023,274.0,4161.0,11.40114
,皮膚及び皮下組織の疾患,False,１２　皮膚及び皮下組織の疾患,total,male,r70p,70歳以上(再掲),70.0,,True,False,2023,322.0,,
,皮膚及び皮下組織の疾患,False,１２　皮膚及び皮下組織の疾患,total,male,a75_79,75-79歳,75.0,79.0,False,False,2023,336.0,3365.0,11.3064
,皮膚及び皮下組織の疾患,False,１２　皮膚及び皮下組織の疾患,total,male,r75p,75歳以上(再掲),75.0,,True,False,2023,348.0,,
,皮膚及び皮下組織の疾患,False,１２　皮膚及び皮下組織の疾患,total,male,a80_84,80-84歳,80.0,84.0,False,False,2023,356.0,2458.0,8.75048
,皮膚及び皮下組織の疾患,False,１２　皮膚及び皮下組織の疾患,total,male,a85_89,85-89歳,85.0,89.0,False,False,2023,348.0,1448.0,5.03904
,皮膚及び皮下組織の疾患,False,１２　皮膚及び皮下組織の疾患,total,male,a90p,90歳以上,90.0,,False,False,2023,370.0,,
,皮膚及び皮下組織の疾患,False,１２　皮膚及び皮下組織の疾患,total,male,total,総数,,,False,True,2023,228.0,60492.0,137.92176
,皮膚及び皮下組織の疾患,False,１２　皮膚及び皮下組織の疾患,total,total,a00,0歳,0.0,0.0,False,False,2023,1013.0,,
,皮膚及び皮下組織の疾患,False,１２　皮膚及び皮下組織の疾患,total,total,a01_04,1-4歳,1.0,4.0,False,False,2023,514.0,,
,皮膚及び皮下組織の疾患,False,１２　皮膚及び皮下組織の疾患,total,total,a05_09,5-9歳,5.0,9.0,False,False,2023,300.0,4838.0,14.514
,皮膚及び皮下組織の疾患,False,１２　皮膚及び皮下組織の疾患,total,total,a10_14,10-14歳,10.0,14.0,False,False,2023,272.0,5248.0,14.27456
,皮膚及び皮下組織の疾患,False,１２　皮膚及び皮下組織の疾患,total,total,a15_19,15-19歳,15.0,19.0,False,False,2023,285.0,5494.0,15.6579
,皮膚及び皮下組織の疾患,False,１２　皮膚及び皮下組織の疾患,total,total,a20_24,20-24歳,20.0,24.0,False,False,2023,266.0,6236.0,16.58776
,皮膚及び皮下組織の疾患,False,１２　皮膚及び皮下組織の疾患,total,total,a25_29,25-29歳,25.0,29.0,False,False,2023,237.0,6479.0,15.35523
,皮膚及び皮下組織の疾患,False,１２　皮膚及び皮下組織の疾患,total,total,a30_34,30-34歳,30.0,34.0,False,False,2023,223.0,6380.0,14.2274
,皮膚及び皮下組織の疾患,False,１２　皮膚及び皮下組織の疾患,total,total,a35_39,35-39歳,35.0,39.0,False,False,2023,203.0,7047.0,14.30541
,皮膚及び皮下組織の疾患,False,１２　皮膚及び皮下組織の疾患,total,total,a40_44,40-44歳,40.0,44.0,False,False,2023,214.0,7765.0,16.6171
,皮膚及び皮下組織の疾患,False,１２　皮膚及び皮下組織の疾患,total,total,a45_49,45-49歳,45.0,49.0,False,False,2023,218.0,9115.0,19.8707
,皮膚及び皮下組織の疾患,False,１２　皮膚及び皮下組織の疾患,total,total,a50_54,50-54歳,50.0,54.0,False,False,2023,214.0,9650.0,20.651
,皮膚及び皮下組織の疾患,False,１２　皮膚及び皮下組織の疾患,total,total,a55_59,55-59歳,55.0,59.0,False,False,2023,208.0,8279.0,17.22032
,皮膚及び皮下組織の疾患,False,１２　皮膚及び皮下組織の疾患,total,total,a60_64,60-64歳,60.0,64.0,False,False,2023,208.0,7507.0,15.61456
,皮膚及び皮下組織の疾患,False,１２　皮膚及び皮下組織の疾患,total,total,a65_69,65-69歳,65.0,69.0,False,False,2023,245.0,7332.0,17.9634
,皮膚及び皮下組織の疾患,False,１２　皮膚及び皮下組織の疾患,total,total,r65p,65歳以上(再掲),65.0,,True,False,2023,294.0,36227.0,106.50738
,皮膚及び皮下組織の疾患,False,１２　皮膚及び皮下組織の疾患,total,total,a70_74,70-74歳,70.0,74.0,False,False,2023,273.0,8817.0,24.07041
,皮膚及び皮下組織の疾患,False,１２　皮膚及び皮下組織の疾患,total,total,r70p,70歳以上(再掲),70.0,,True,False,2023,306.0,,
,皮膚及び皮下組織の疾患,False,１２　皮膚及び皮下組織の疾患,total,total,a75_79,75-79歳,75.0,79.0,False,False,2023,314.0,7474.0,23.46836
,皮膚及び皮下組織の疾患,False,１２　皮膚及び皮下組織の疾患,total,total,r75p,75歳以上(再掲),75.0,,True,False,2023,321.0,20078.0,64.45038
,皮膚及び皮下組織の疾患,False,１２　皮膚及び皮下組織の疾患,total,total,a80_84,80-84歳,80.0,84.0,False,False,2023,335.0,5895.0,19.74825
,皮膚及び皮下組織の疾患,False,１２　皮膚及び皮下組織の疾患,total,total,a85_89,85-89歳,85.0,89.0,False,False,2023,326.0,3979.0,12.97154
,皮膚及び皮下組織の疾患,False,１２　皮膚及び皮下組織の疾患,total,total,a90p,90歳以上,90.0,,False,False,2023,299.0,,
,皮膚及び皮下組織の疾患,False,１２　皮膚及び皮下組織の疾患,total,total,total,総数,,,False,True,2023,263.0,124352.0,327.04576
,皮膚及び粘膜の病変を伴うウイルス性疾患,True,１　感染症及び寄生虫症(皮膚及び粘膜の病変を伴うウイルス性疾患（再掲）),total,female,a00,0歳,0.0,0.0,False,False,2023,48.0,,
,皮膚及び粘膜の病変を伴うウイルス性疾患,True,１　感染症及び寄生虫症(皮膚及び粘膜の病変を伴うウイルス性疾患（再掲）),total,female,a01_04,1-4歳,1.0,4.0,False,False,2023,65.0,,
,皮膚及び粘膜の病変を伴うウイルス性疾患,True,１　感染症及び寄生虫症(皮膚及び粘膜の病変を伴うウイルス性疾患（再掲）),total,female,a05_09,5-9歳,5.0,9.0,False,False,2023,96.0,,
,皮膚及び粘膜の病変を伴うウイルス性疾患,True,１　感染症及び寄生虫症(皮膚及び粘膜の病変を伴うウイルス性疾患（再掲）),total,female,a10_14,10-14歳,10.0,14.0,False,False,2023,86.0,,
,皮膚及び粘膜の病変を伴うウイルス性疾患,True,１　感染症及び寄生虫症(皮膚及び粘膜の病変を伴うウイルス性疾患（再掲）),total,female,a15_19,15-19歳,15.0,19.0,False,False,2023,37.0,,
,皮膚及び粘膜の病変を伴うウイルス性疾患,True,１　感染症及び寄生虫症(皮膚及び粘膜の病変を伴うウイルス性疾患（再掲）),total,female,a20_24,20-24歳,20.0,24.0,False,False,2023,20.0,,
,皮膚及び粘膜の病変を伴うウイルス性疾患,True,１　感染症及び寄生虫症(皮膚及び粘膜の病変を伴うウイルス性疾患（再掲）),total,female,a25_29,25-29歳,25.0,29.0,False,False,2023,26.0,,
,皮膚及び粘膜の病変を伴うウイルス性疾患,True,１　感染症及び寄生虫症(皮膚及び粘膜の病変を伴うウイルス性疾患（再掲）),total,female,a30_34,30-34歳,30.0,34.0,False,False,2023,30.0,,
,皮膚及び粘膜の病変を伴うウイルス性疾患,True,１　感染症及び寄生虫症(皮膚及び粘膜の病変を伴うウイルス性疾患（再掲）),total,female,a35_39,35-39歳,35.0,39.0,False,False,2023,36.0,,
,皮膚及び粘膜の病変を伴うウイルス性疾患,True,１　感染症及び寄生虫症(皮膚及び粘膜の病変を伴うウイルス性疾患（再掲）),total,female,a40_44,40-44歳,40.0,44.0,False,False,2023,37.0,,
,皮膚及び粘膜の病変を伴うウイルス性疾患,True,１　感染症及び寄生虫症(皮膚及び粘膜の病変を伴うウイルス性疾患（再掲）),total,female,a45_49,45-49歳,45.0,49.0,False,False,2023,40.0,,
,皮膚及び粘膜の病変を伴うウイルス性疾患,True,１　感染症及び寄生虫症(皮膚及び粘膜の病変を伴うウイルス性疾患（再掲）),total,female,a50_54,50-54歳,50.0,54.0,False,False,2023,50.0,,
,皮膚及び粘膜の病変を伴うウイルス性疾患,True,１　感染症及び寄生虫症(皮膚及び粘膜の病変を伴うウイルス性疾患（再掲）),total,female,a55_59,55-59歳,55.0,59.0,False,False,2023,36.0,,
,皮膚及び粘膜の病変を伴うウイルス性疾患,True,１　感染症及び寄生虫症(皮膚及び粘膜の病変を伴うウイルス性疾患（再掲）),total,female,a60_64,60-64歳,60.0,64.0,False,False,2023,60.0,,
,皮膚及び粘膜の病変を伴うウイルス性疾患,True,１　感染症及び寄生虫症(皮膚及び粘膜の病変を伴うウイルス性疾患（再掲）),total,female,a65_69,65-69歳,65.0,69.0,False,False,2023,61.0,,
,皮膚及び粘膜の病変を伴うウイルス性疾患,True,１　感染症及び寄生虫症(皮膚及び粘膜の病変を伴うウイルス性疾患（再掲）),total,female,r65p,65歳以上(再掲),65.0,,True,False,2023,53.0,,
,皮膚及び粘膜の病変を伴うウイルス性疾患,True,１　感染症及び寄生虫症(皮膚及び粘膜の病変を伴うウイルス性疾患（再掲）),total,female,a70_74,70-74歳,70.0,74.0,False,False,2023,49.0,,
,皮膚及び粘膜の病変を伴うウイルス性疾患,True,１　感染症及び寄生虫症(皮膚及び粘膜の病変を伴うウイルス性疾患（再掲）),total,female,r70p,70歳以上(再掲),70.0,,True,False,2023,51.0,,
,皮膚及び粘膜の病変を伴うウイルス性疾患,True,１　感染症及び寄生虫症(皮膚及び粘膜の病変を伴うウイルス性疾患（再掲）),total,female,a75_79,75-79歳,75.0,79.0,False,False,2023,61.0,,
,皮膚及び粘膜の病変を伴うウイルス性疾患,True,１　感染症及び寄生虫症(皮膚及び粘膜の病変を伴うウイルス性疾患（再掲）),total,female,r75p,75歳以上(再掲),75.0,,True,False,2023,52.0,,
,皮膚及び粘膜の病変を伴うウイルス性疾患,True,１　感染症及び寄生虫症(皮膚及び粘膜の病変を伴うウイルス性疾患（再掲）),total,female,a80_84,80-84歳,80.0,84.0,False,False,2023,58.0,,
,皮膚及び粘膜の病変を伴うウイルス性疾患,True,１　感染症及び寄生虫症(皮膚及び粘膜の病変を伴うウイルス性疾患（再掲）),total,female,a85_89,85-89歳,85.0,89.0,False,False,2023,50.0,,
,皮膚及び粘膜の病変を伴うウイルス性疾患,True,１　感染症及び寄生虫症(皮膚及び粘膜の病変を伴うウイルス性疾患（再掲）),total,female,a90p,90歳以上,90.0,,False,False,2023,28.0,,
,皮膚及び粘膜の病変を伴うウイルス性疾患,True,１　感染症及び寄生虫症(皮膚及び粘膜の病変を伴うウイルス性疾患（再掲）),total,female,total,総数,,,False,True,2023,48.0,,
,皮膚及び粘膜の病変を伴うウイルス性疾患,True,１　感染症及び寄生虫症(皮膚及び粘膜の病変を伴うウイルス性疾患（再掲）),total,male,a00,0歳,0.0,0.0,False,False,2023,26.0,,
,皮膚及び粘膜の病変を伴うウイルス性疾患,True,１　感染症及び寄生虫症(皮膚及び粘膜の病変を伴うウイルス性疾患（再掲）),total,male,a01_04,1-4歳,1.0,4.0,False,False,2023,87.0,,
,皮膚及び粘膜の病変を伴うウイルス性疾患,True,１　感染症及び寄生虫症(皮膚及び粘膜の病変を伴うウイルス性疾患（再掲）),total,male,a05_09,5-9歳,5.0,9.0,False,False,2023,148.0,2478.0,3.66744
,皮膚及び粘膜の病変を伴うウイルス性疾患,True,１　感染症及び寄生虫症(皮膚及び粘膜の病変を伴うウイルス性疾患（再掲）),total,male,a10_14,10-14歳,10.0,14.0,False,False,2023,97.0,2689.0,2.60833
,皮膚及び粘膜の病変を伴うウイルス性疾患,True,１　感染症及び寄生虫症(皮膚及び粘膜の病変を伴うウイルス性疾患（再掲）),total,male,a15_19,15-19歳,15.0,19.0,False,False,2023,42.0,2818.0,1.18356
,皮膚及び粘膜の病変を伴うウイルス性疾患,True,１　感染症及び寄生虫症(皮膚及び粘膜の病変を伴うウイルス性疾患（再掲）),total,male,a20_24,20-24歳,20.0,24.0,False,False,2023,33.0,3212.0,1.05996
,皮膚及び粘膜の病変を伴うウイルス性疾患,True,１　感染症及び寄生虫症(皮膚及び粘膜の病変を伴うウイルス性疾患（再掲）),total,male,a25_29,25-29歳,25.0,29.0,False,False,2023,34.0,3333.0,1.13322
,皮膚及び粘膜の病変を伴うウイルス性疾患,True,１　感染症及び寄生虫症(皮膚及び粘膜の病変を伴うウイルス性疾患（再掲）),total,male,a30_34,30-34歳,30.0,34.0,False,False,2023,25.0,3273.0,0.81825
,皮膚及び粘膜の病変を伴うウイルス性疾患,True,１　感染症及び寄生虫症(皮膚及び粘膜の病変を伴うウイルス性疾患（再掲）),total,male,a35_39,35-39歳,35.0,39.0,False,False,2023,13.0,3593.0,0.46709
,皮膚及び粘膜の病変を伴うウイルス性疾患,True,１　感染症及び寄生虫症(皮膚及び粘膜の病変を伴うウイルス性疾患（再掲）),total,male,a40_44,40-44歳,40.0,44.0,False,False,2023,32.0,3938.0,1.26016
,皮膚及び粘膜の病変を伴うウイルス性疾患,True,１　感染症及び寄生虫症(皮膚及び粘膜の病変を伴うウイルス性疾患（再掲）),total,male,a45_49,45-49歳,45.0,49.0,False,False,2023,29.0,4620.0,1.3398
,皮膚及び粘膜の病変を伴うウイルス性疾患,True,１　感染症及び寄生虫症(皮膚及び粘膜の病変を伴うウイルス性疾患（再掲）),total,male,a50_54,50-54歳,50.0,54.0,False,False,2023,26.0,4868.0,1.26568
,皮膚及び粘膜の病変を伴うウイルス性疾患,True,１　感染症及び寄生虫症(皮膚及び粘膜の病変を伴うウイルス性疾患（再掲）),total,male,a55_59,55-59歳,55.0,59.0,False,False,2023,38.0,4143.0,1.57434
,皮膚及び粘膜の病変を伴うウイルス性疾患,True,１　感染症及び寄生虫症(皮膚及び粘膜の病変を伴うウイルス性疾患（再掲）),total,male,a60_64,60-64歳,60.0,64.0,False,False,2023,42.0,3719.0,1.56198
,皮膚及び粘膜の病変を伴うウイルス性疾患,True,１　感染症及び寄生虫症(皮膚及び粘膜の病変を伴うウイルス性疾患（再掲）),total,male,a65_69,65-69歳,65.0,69.0,False,False,2023,59.0,3569.0,2.10571
,皮膚及び粘膜の病変を伴うウイルス性疾患,True,１　感染症及び寄生虫症(皮膚及び粘膜の病変を伴うウイルス性疾患（再掲）),total,male,r65p,65歳以上(再掲),65.0,,True,False,2023,51.0,,
,皮膚及び粘膜の病変を伴うウイルス性疾患,True,１　感染症及び寄生虫症(皮膚及び粘膜の病変を伴うウイルス性疾患（再掲）),total,male,a70_74,70-74歳,70.0,74.0,False,False,2023,42.0,4161.0,1.74762
,皮膚及び粘膜の病変を伴うウイルス性疾患,True,１　感染症及び寄生虫症(皮膚及び粘膜の病変を伴うウイルス性疾患（再掲）),total,male,r70p,70歳以上(再掲),70.0,,True,False,2023,49.0,,
,皮膚及び粘膜の病変を伴うウイルス性疾患,True,１　感染症及び寄生虫症(皮膚及び粘膜の病変を伴うウイルス性疾患（再掲）),total,male,a75_79,75-79歳,75.0,79.0,False,False,2023,56.0,3365.0,1.8844
,皮膚及び粘膜の病変を伴うウイルス性疾患,True,１　感染症及び寄生虫症(皮膚及び粘膜の病変を伴うウイルス性疾患（再掲）),total,male,r75p,75歳以上(再掲),75.0,,True,False,2023,52.0,,
,皮膚及び粘膜の病変を伴うウイルス性疾患,True,１　感染症及び寄生虫症(皮膚及び粘膜の病変を伴うウイルス性疾患（再掲）),total,male,a80_84,80-84歳,80.0,84.0,False,False,2023,54.0,2458.0,1.32732
,皮膚及び粘膜の病変を伴うウイルス性疾患,True,１　感染症及び寄生虫症(皮膚及び粘膜の病変を伴うウイルス性疾患（再掲）),total,male,a85_89,85-89歳,85.0,89.0,False,False,2023,46.0,1448.0,0.66608
,皮膚及び粘膜の病変を伴うウイルス性疾患,True,１　感染症及び寄生虫症(皮膚及び粘膜の病変を伴うウイルス性疾患（再掲）),total,male,a90p,90歳以上,90.0,,False,False,2023,46.0,,
,皮膚及び粘膜の病変を伴うウイルス性疾患,True,１　感染症及び寄生虫症(皮膚及び粘膜の病変を伴うウイルス性疾患（再掲）),total,male,total,総数,,,False,True,2023,46.0,60492.0,27.82632
,皮膚及び粘膜の病変を伴うウイルス性疾患,True,１　感染症及び寄生虫症(皮膚及び粘膜の病変を伴うウイルス性疾患（再掲）),total,total,a00,0歳,0.0,0.0,False,False,2023,37.0,,
,皮膚及び粘膜の病変を伴うウイルス性疾患,True,１　感染症及び寄生虫症(皮膚及び粘膜の病変を伴うウイルス性疾患（再掲）),total,total,a01_04,1-4歳,1.0,4.0,False,False,2023,76.0,,
,皮膚及び粘膜の病変を伴うウイルス性疾患,True,１　感染症及び寄生虫症(皮膚及び粘膜の病変を伴うウイルス性疾患（再掲）),total,total,a05_09,5-9歳,5.0,9.0,False,False,2023,123.0,4838.0,5.95074
,皮膚及び粘膜の病変を伴うウイルス性疾患,True,１　感染症及び寄生虫症(皮膚及び粘膜の病変を伴うウイルス性疾患（再掲）),total,total,a10_14,10-14歳,10.0,14.0,False,False,2023,92.0,5248.0,4.82816
,皮膚及び粘膜の病変を伴うウイルス性疾患,True,１　感染症及び寄生虫症(皮膚及び粘膜の病変を伴うウイルス性疾患（再掲）),total,total,a15_19,15-19歳,15.0,19.0,False,False,2023,40.0,5494.0,2.1976
,皮膚及び粘膜の病変を伴うウイルス性疾患,True,１　感染症及び寄生虫症(皮膚及び粘膜の病変を伴うウイルス性疾患（再掲）),total,total,a20_24,20-24歳,20.0,24.0,False,False,2023,26.0,6236.0,1.62136
,皮膚及び粘膜の病変を伴うウイルス性疾患,True,１　感染症及び寄生虫症(皮膚及び粘膜の病変を伴うウイルス性疾患（再掲）),total,total,a25_29,25-29歳,25.0,29.0,False,False,2023,30.0,6479.0,1.9437
,皮膚及び粘膜の病変を伴うウイルス性疾患,True,１　感染症及び寄生虫症(皮膚及び粘膜の病変を伴うウイルス性疾患（再掲）),total,total,a30_34,30-34歳,30.0,34.0,False,False,2023,28.0,6380.0,1.7864
,皮膚及び粘膜の病変を伴うウイルス性疾患,True,１　感染症及び寄生虫症(皮膚及び粘膜の病変を伴うウイルス性疾患（再掲）),total,total,a35_39,35-39歳,35.0,39.0,False,False,2023,25.0,7047.0,1.76175
,皮膚及び粘膜の病変を伴うウイルス性疾患,True,１　感染症及び寄生虫症(皮膚及び粘膜の病変を伴うウイルス性疾患（再掲）),total,total,a40_44,40-44歳,40.0,44.0,False,False,2023,35.0,7765.0,2.71775
,皮膚及び粘膜の病変を伴うウイルス性疾患,True,１　感染症及び寄生虫症(皮膚及び粘膜の病変を伴うウイルス性疾患（再掲）),total,total,a45_49,45-49歳,45.0,49.0,False,False,2023,34.0,9115.0,3.0991
,皮膚及び粘膜の病変を伴うウイルス性疾患,True,１　感染症及び寄生虫症(皮膚及び粘膜の病変を伴うウイルス性疾患（再掲）),total,total,a50_54,50-54歳,50.0,54.0,False,False,2023,38.0,9650.0,3.667
,皮膚及び粘膜の病変を伴うウイルス性疾患,True,１　感染症及び寄生虫症(皮膚及び粘膜の病変を伴うウイルス性疾患（再掲）),total,total,a55_59,55-59歳,55.0,59.0,False,False,2023,37.0,8279.0,3.06323
,皮膚及び粘膜の病変を伴うウイルス性疾患,True,１　感染症及び寄生虫症(皮膚及び粘膜の病変を伴うウイルス性疾患（再掲）),total,total,a60_64,60-64歳,60.0,64.0,False,False,2023,51.0,7507.0,3.82857
,皮膚及び粘膜の病変を伴うウイルス性疾患,True,１　感染症及び寄生虫症(皮膚及び粘膜の病変を伴うウイルス性疾患（再掲）),total,total,a65_69,65-69歳,65.0,69.0,False,False,2023,60.0,7332.0,4.3992
,皮膚及び粘膜の病変を伴うウイルス性疾患,True,１　感染症及び寄生虫症(皮膚及び粘膜の病変を伴うウイルス性疾患（再掲）),total,total,r65p,65歳以上(再掲),65.0,,True,False,2023,52.0,36227.0,18.83804
,皮膚及び粘膜の病変を伴うウイルス性疾患,True,１　感染症及び寄生虫症(皮膚及び粘膜の病変を伴うウイルス性疾患（再掲）),total,total,a70_74,70-74歳,70.0,74.0,False,False,2023,46.0,8817.0,4.05582
,皮膚及び粘膜の病変を伴うウイルス性疾患,True,１　感染症及び寄生虫症(皮膚及び粘膜の病変を伴うウイルス性疾患（再掲）),total,total,r70p,70歳以上(再掲),70.0,,True,False,2023,50.0,,
,皮膚及び粘膜の病変を伴うウイルス性疾患,True,１　感染症及び寄生虫症(皮膚及び粘膜の病変を伴うウイルス性疾患（再掲）),total,total,a75_79,75-79歳,75.0,79.0,False,False,2023,58.0,7474.0,4.33492
,皮膚及び粘膜の病変を伴うウイルス性疾患,True,１　感染症及び寄生虫症(皮膚及び粘膜の病変を伴うウイルス性疾患（再掲）),total,total,r75p,75歳以上(再掲),75.0,,True,False,2023,52.0,20078.0,10.44056
,皮膚及び粘膜の病変を伴うウイルス性疾患,True,１　感染症及び寄生虫症(皮膚及び粘膜の病変を伴うウイルス性疾患（再掲）),total,total,a80_84,80-84歳,80.0,84.0,False,False,2023,57.0,5895.0,3.36015
,皮膚及び粘膜の病変を伴うウイルス性疾患,True,１　感染症及び寄生虫症(皮膚及び粘膜の病変を伴うウイルス性疾患（再掲）),total,total,a85_89,85-89歳,85.0,89.0,False,False,2023,49.0,3979.0,1.94971
,皮膚及び粘膜の病変を伴うウイルス性疾患,True,１　感染症及び寄生虫症(皮膚及び粘膜の病変を伴うウイルス性疾患（再掲）),total,total,a90p,90歳以上,90.0,,False,False,2023,33.0,,
,皮膚及び粘膜の病変を伴うウイルス性疾患,True,１　感染症及び寄生虫症(皮膚及び粘膜の病変を伴うウイルス性疾患（再掲）),total,total,total,総数,,,False,True,2023,47.0,124352.0,58.44544
,真菌症,True,１　感染症及び寄生虫症(真菌症（再掲）),total,female,a00,0歳,0.0,0.0,False,False,2023,17.0,,
,真菌症,True,１　感染症及び寄生虫症(真菌症（再掲）),total,female,a01_04,1-4歳,1.0,4.0,False,False,2023,4.0,,
,真菌症,True,１　感染症及び寄生虫症(真菌症（再掲）),total,female,a05_09,5-9歳,5.0,9.0,False,False,2023,1.0,,
,真菌症,True,１　感染症及び寄生虫症(真菌症（再掲）),total,female,a10_14,10-14歳,10.0,14.0,False,False,2023,4.0,,
,真菌症,True,１　感染症及び寄生虫症(真菌症（再掲）),total,female,a15_19,15-19歳,15.0,19.0,False,False,2023,9.0,,
,真菌症,True,１　感染症及び寄生虫症(真菌症（再掲）),total,female,a20_24,20-24歳,20.0,24.0,False,False,2023,28.0,,
,真菌症,True,１　感染症及び寄生虫症(真菌症（再掲）),total,female,a25_29,25-29歳,25.0,29.0,False,False,2023,37.0,,
,真菌症,True,１　感染症及び寄生虫症(真菌症（再掲）),total,female,a30_34,30-34歳,30.0,34.0,False,False,2023,20.0,,
,真菌症,True,１　感染症及び寄生虫症(真菌症（再掲）),total,female,a35_39,35-39歳,35.0,39.0,False,False,2023,25.0,,
,真菌症,True,１　感染症及び寄生虫症(真菌症（再掲）),total,female,a40_44,40-44歳,40.0,44.0,False,False,2023,21.0,,
,真菌症,True,１　感染症及び寄生虫症(真菌症（再掲）),total,female,a45_49,45-49歳,45.0,49.0,False,False,2023,19.0,,
,真菌症,True,１　感染症及び寄生虫症(真菌症（再掲）),total,female,a50_54,50-54歳,50.0,54.0,False,False,2023,15.0,,
,真菌症,True,１　感染症及び寄生虫症(真菌症（再掲）),total,female,a55_59,55-59歳,55.0,59.0,False,False,2023,16.0,,
,真菌症,True,１　感染症及び寄生虫症(真菌症（再掲）),total,female,a60_64,60-64歳,60.0,64.0,False,False,2023,37.0,,
,真菌症,True,１　感染症及び寄生虫症(真菌症（再掲）),total,female,a65_69,65-69歳,65.0,69.0,False,False,2023,37.0,,
,真菌症,True,１　感染症及び寄生虫症(真菌症（再掲）),total,female,r65p,65歳以上(再掲),65.0,,True,False,2023,48.0,,
,真菌症,True,１　感染症及び寄生虫症(真菌症（再掲）),total,female,a70_74,70-74歳,70.0,74.0,False,False,2023,45.0,,
,真菌症,True,１　感染症及び寄生虫症(真菌症（再掲）),total,female,r70p,70歳以上(再掲),70.0,,True,False,2023,50.0,,
,真菌症,True,１　感染症及び寄生虫症(真菌症（再掲）),total,female,a75_79,75-79歳,75.0,79.0,False,False,2023,58.0,,
,真菌症,True,１　感染症及び寄生虫症(真菌症（再掲）),total,female,r75p,75歳以上(再掲),75.0,,True,False,2023,52.0,,
,真菌症,True,１　感染症及び寄生虫症(真菌症（再掲）),total,female,a80_84,80-84歳,80.0,84.0,False,False,2023,63.0,,
,真菌症,True,１　感染症及び寄生虫症(真菌症（再掲）),total,female,a85_89,85-89歳,85.0,89.0,False,False,2023,44.0,,
,真菌症,True,１　感染症及び寄生虫症(真菌症（再掲）),total,female,a90p,90歳以上,90.0,,False,False,2023,32.0,,
,真菌症,True,１　感染症及び寄生虫症(真菌症（再掲）),total,female,total,総数,,,False,True,2023,29.0,,
,真菌症,True,１　感染症及び寄生虫症(真菌症（再掲）),total,male,a00,0歳,0.0,0.0,False,False,2023,2.0,,
,真菌症,True,１　感染症及び寄生虫症(真菌症（再掲）),total,male,a01_04,1-4歳,1.0,4.0,False,False,2023,1.0,,
,真菌症,True,１　感染症及び寄生虫症(真菌症（再掲）),total,male,a05_09,5-9歳,5.0,9.0,False,False,2023,3.0,2478.0,0.07434
,真菌症,True,１　感染症及び寄生虫症(真菌症（再掲）),total,male,a10_14,10-14歳,10.0,14.0,False,False,2023,3.0,2689.0,0.08067
,真菌症,True,１　感染症及び寄生虫症(真菌症（再掲）),total,male,a15_19,15-19歳,15.0,19.0,False,False,2023,3.0,2818.0,0.08454
,真菌症,True,１　感染症及び寄生虫症(真菌症（再掲）),total,male,a20_24,20-24歳,20.0,24.0,False,False,2023,7.0,3212.0,0.22484
,真菌症,True,１　感染症及び寄生虫症(真菌症（再掲）),total,male,a25_29,25-29歳,25.0,29.0,False,False,2023,6.0,3333.0,0.19998
,真菌症,True,１　感染症及び寄生虫症(真菌症（再掲）),total,male,a30_34,30-34歳,30.0,34.0,False,False,2023,5.0,3273.0,0.16365
,真菌症,True,１　感染症及び寄生虫症(真菌症（再掲）),total,male,a35_39,35-39歳,35.0,39.0,False,False,2023,11.0,3593.0,0.39523
,真菌症,True,１　感染症及び寄生虫症(真菌症（再掲）),total,male,a40_44,40-44歳,40.0,44.0,False,False,2023,16.0,3938.0,0.63008
,真菌症,True,１　感染症及び寄生虫症(真菌症（再掲）),total,male,a45_49,45-49歳,45.0,49.0,False,False,2023,9.0,4620.0,0.4158
,真菌症,True,１　感染症及び寄生虫症(真菌症（再掲）),total,male,a50_54,50-54歳,50.0,54.0,False,False,2023,15.0,4868.0,0.7302
,真菌症,True,１　感染症及び寄生虫症(真菌症（再掲）),total,male,a55_59,55-59歳,55.0,59.0,False,False,2023,23.0,4143.0,0.95289
,真菌症,True,１　感染症及び寄生虫症(真菌症（再掲）),total,male,a60_64,60-64歳,60.0,64.0,False,False,2023,22.0,3719.0,0.81818
,真菌症,True,１　感染症及び寄生虫症(真菌症（再掲）),total,male,a65_69,65-69歳,65.0,69.0,False,False,2023,45.0,3569.0,1.60605
,真菌症,True,１　感染症及び寄生虫症(真菌症（再掲）),total,male,r65p,65歳以上(再掲),65.0,,True,False,2023,57.0,,
,真菌症,True,１　感染症及び寄生虫症(真菌症（再掲）),total,male,a70_74,70-74歳,70.0,74.0,False,False,2023,48.0,4161.0,1.99728
,真菌症,True,１　感染症及び寄生虫症(真菌症（再掲）),total,male,r70p,70歳以上(再掲),70.0,,True,False,2023,61.0,,
,真菌症,True,１　感染症及び寄生虫症(真菌症（再掲）),total,male,a75_79,75-79歳,75.0,79.0,False,False,2023,63.0,3365.0,2.11995
,真菌症,True,１　感染症及び寄生虫症(真菌症（再掲）),total,male,r75p,75歳以上(再掲),75.0,,True,False,2023,67.0,,
,真菌症,True,１　感染症及び寄生虫症(真菌症（再掲）),total,male,a80_84,80-84歳,80.0,84.0,False,False,2023,62.0,2458.0,1.52396
,真菌症,True,１　感染症及び寄生虫症(真菌症（再掲）),total,male,a85_89,85-89歳,85.0,89.0,False,False,2023,84.0,1448.0,1.21632
,真菌症,True,１　感染症及び寄生虫症(真菌症（再掲）),total,male,a90p,90歳以上,90.0,,False,False,2023,70.0,,
,真菌症,True,１　感染症及び寄生虫症(真菌症（再掲）),total,male,total,総数,,,False,True,2023,23.0,60492.0,13.91316
,真菌症,True,１　感染症及び寄生虫症(真菌症（再掲）),total,total,a00,0歳,0.0,0.0,False,False,2023,9.0,,
,真菌症,True,１　感染症及び寄生虫症(真菌症（再掲）),total,total,a01_04,1-4歳,1.0,4.0,False,False,2023,2.0,,
,真菌症,True,１　感染症及び寄生虫症(真菌症（再掲）),total,total,a05_09,5-9歳,5.0,9.0,False,False,2023,2.0,4838.0,0.09676
,真菌症,True,１　感染症及び寄生虫症(真菌症（再掲）),total,total,a10_14,10-14歳,10.0,14.0,False,False,2023,3.0,5248.0,0.15744
,真菌症,True,１　感染症及び寄生虫症(真菌症（再掲）),total,total,a15_19,15-19歳,15.0,19.0,False,False,2023,6.0,5494.0,0.32964
,真菌症,True,１　感染症及び寄生虫症(真菌症（再掲）),total,total,a20_24,20-24歳,20.0,24.0,False,False,2023,17.0,6236.0,1.06012
,真菌症,True,１　感染症及び寄生虫症(真菌症（再掲）),total,total,a25_29,25-29歳,25.0,29.0,False,False,2023,21.0,6479.0,1.36059
,真菌症,True,１　感染症及び寄生虫症(真菌症（再掲）),total,total,a30_34,30-34歳,30.0,34.0,False,False,2023,12.0,6380.0,0.7656
,真菌症,True,１　感染症及び寄生虫症(真菌症（再掲）),total,total,a35_39,35-39歳,35.0,39.0,False,False,2023,18.0,7047.0,1.26846
,真菌症,True,１　感染症及び寄生虫症(真菌症（再掲）),total,total,a40_44,40-44歳,40.0,44.0,False,False,2023,18.0,7765.0,1.3977
,真菌症,True,１　感染症及び寄生虫症(真菌症（再掲）),total,total,a45_49,45-49歳,45.0,49.0,False,False,2023,14.0,9115.0,1.2761
,真菌症,True,１　感染症及び寄生虫症(真菌症（再掲）),total,total,a50_54,50-54歳,50.0,54.0,False,False,2023,15.0,9650.0,1.4475
,真菌症,True,１　感染症及び寄生虫症(真菌症（再掲）),total,total,a55_59,55-59歳,55.0,59.0,False,False,2023,19.0,8279.0,1.57301
,真菌症,True,１　感染症及び寄生虫症(真菌症（再掲）),total,total,a60_64,60-64歳,60.0,64.0,False,False,2023,30.0,7507.0,2.2521
,真菌症,True,１　感染症及び寄生虫症(真菌症（再掲）),total,total,a65_69,65-69歳,65.0,69.0,False,False,2023,41.0,7332.0,3.00612
,真菌症,True,１　感染症及び寄生虫症(真菌症（再掲）),total,total,r65p,65歳以上(再掲),65.0,,True,False,2023,52.0,36227.0,18.83804
,真菌症,True,１　感染症及び寄生虫症(真菌症（再掲）),total,total,a70_74,70-74歳,70.0,74.0,False,False,2023,46.0,8817.0,4.05582
,真菌症,True,１　感染症及び寄生虫症(真菌症（再掲）),total,total,r70p,70歳以上(再掲),70.0,,True,False,2023,54.0,,
,真菌症,True,１　感染症及び寄生虫症(真菌症（再掲）),total,total,a75_79,75-79歳,75.0,79.0,False,False,2023,60.0,7474.0,4.4844
,真菌症,True,１　感染症及び寄生虫症(真菌症（再掲）),total,total,r75p,75歳以上(再掲),75.0,,True,False,2023,58.0,20078.0,11.64524
,真菌症,True,１　感染症及び寄生虫症(真菌症（再掲）),total,total,a80_84,80-84歳,80.0,84.0,False,False,2023,63.0,5895.0,3.71385
,真菌症,True,１　感染症及び寄生虫症(真菌症（再掲）),total,total,a85_89,85-89歳,85.0,89.0,False,False,2023,58.0,3979.0,2.30782
,真菌症,True,１　感染症及び寄生虫症(真菌症（再掲）),total,total,a90p,90歳以上,90.0,,False,False,2023,42.0,,
,真菌症,True,１　感染症及び寄生虫症(真菌症（再掲）),total,total,total,総数,,,False,True,2023,26.0,124352.0,32.33152
,眼及び付属器の疾患,False,７　眼及び付属器の疾患,total,female,a00,0歳,0.0,0.0,False,False,2023,88.0,,
,眼及び付属器の疾患,False,７　眼及び付属器の疾患,total,female,a01_04,1-4歳,1.0,4.0,False,False,2023,170.0,,
,眼及び付属器の疾患,False,７　眼及び付属器の疾患,total,female,a05_09,5-9歳,5.0,9.0,False,False,2023,233.0,,
,眼及び付属器の疾患,False,７　眼及び付属器の疾患,total,female,a10_14,10-14歳,10.0,14.0,False,False,2023,166.0,,
,眼及び付属器の疾患,False,７　眼及び付属器の疾患,total,female,a15_19,15-19歳,15.0,19.0,False,False,2023,128.0,,
,眼及び付属器の疾患,False,７　眼及び付属器の疾患,total,female,a20_24,20-24歳,20.0,24.0,False,False,2023,125.0,,
,眼及び付属器の疾患,False,７　眼及び付属器の疾患,total,female,a25_29,25-29歳,25.0,29.0,False,False,2023,112.0,,
,眼及び付属器の疾患,False,７　眼及び付属器の疾患,total,female,a30_34,30-34歳,30.0,34.0,False,False,2023,125.0,,
,眼及び付属器の疾患,False,７　眼及び付属器の疾患,total,female,a35_39,35-39歳,35.0,39.0,False,False,2023,130.0,,
,眼及び付属器の疾患,False,７　眼及び付属器の疾患,total,female,a40_44,40-44歳,40.0,44.0,False,False,2023,154.0,,
,眼及び付属器の疾患,False,７　眼及び付属器の疾患,total,female,a45_49,45-49歳,45.0,49.0,False,False,2023,191.0,,
,眼及び付属器の疾患,False,７　眼及び付属器の疾患,total,female,a50_54,50-54歳,50.0,54.0,False,False,2023,221.0,,
,眼及び付属器の疾患,False,７　眼及び付属器の疾患,total,female,a55_59,55-59歳,55.0,59.0,False,False,2023,264.0,,
,眼及び付属器の疾患,False,７　眼及び付属器の疾患,total,female,a60_64,60-64歳,60.0,64.0,False,False,2023,389.0,,
,眼及び付属器の疾患,False,７　眼及び付属器の疾患,total,female,a65_69,65-69歳,65.0,69.0,False,False,2023,516.0,,
,眼及び付属器の疾患,False,７　眼及び付属器の疾患,total,female,r65p,65歳以上(再掲),65.0,,True,False,2023,628.0,,
,眼及び付属器の疾患,False,７　眼及び付属器の疾患,total,female,a70_74,70-74歳,70.0,74.0,False,False,2023,629.0,,
,眼及び付属器の疾患,False,７　眼及び付属器の疾患,total,female,r70p,70歳以上(再掲),70.0,,True,False,2023,653.0,,
,眼及び付属器の疾患,False,７　眼及び付属器の疾患,total,female,a75_79,75-79歳,75.0,79.0,False,False,2023,779.0,,
,眼及び付属器の疾患,False,７　眼及び付属器の疾患,total,female,r75p,75歳以上(再掲),75.0,,True,False,2023,663.0,,
,眼及び付属器の疾患,False,７　眼及び付属器の疾患,total,female,a80_84,80-84歳,80.0,84.0,False,False,2023,748.0,,
,眼及び付属器の疾患,False,７　眼及び付属器の疾患,total,female,a85_89,85-89歳,85.0,89.0,False,False,2023,620.0,,
,眼及び付属器の疾患,False,７　眼及び付属器の疾患,total,female,a90p,90歳以上,90.0,,False,False,2023,334.0,,
,眼及び付属器の疾患,False,７　眼及び付属器の疾患,total,female,total,総数,,,False,True,2023,332.0,,
,眼及び付属器の疾患,False,７　眼及び付属器の疾患,total,male,a00,0歳,0.0,0.0,False,False,2023,94.0,,
,眼及び付属器の疾患,False,７　眼及び付属器の疾患,total,male,a01_04,1-4歳,1.0,4.0,False,False,2023,153.0,,
,眼及び付属器の疾患,False,７　眼及び付属器の疾患,total,male,a05_09,5-9歳,5.0,9.0,False,False,2023,164.0,2478.0,4.06392
,眼及び付属器の疾患,False,７　眼及び付属器の疾患,total,male,a10_14,10-14歳,10.0,14.0,False,False,2023,152.0,2689.0,4.08728
,眼及び付属器の疾患,False,７　眼及び付属器の疾患,total,male,a15_19,15-19歳,15.0,19.0,False,False,2023,93.0,2818.0,2.62074
,眼及び付属器の疾患,False,７　眼及び付属器の疾患,total,male,a20_24,20-24歳,20.0,24.0,False,False,2023,73.0,3212.0,2.34476
,眼及び付属器の疾患,False,７　眼及び付属器の疾患,total,male,a25_29,25-29歳,25.0,29.0,False,False,2023,60.0,3333.0,1.9998
,眼及び付属器の疾患,False,７　眼及び付属器の疾患,total,male,a30_34,30-34歳,30.0,34.0,False,False,2023,77.0,3273.0,2.52021
,眼及び付属器の疾患,False,７　眼及び付属器の疾患,total,male,a35_39,35-39歳,35.0,39.0,False,False,2023,71.0,3593.0,2.55103
,眼及び付属器の疾患,False,７　眼及び付属器の疾患,total,male,a40_44,40-44歳,40.0,44.0,False,False,2023,83.0,3938.0,3.26854
,眼及び付属器の疾患,False,７　眼及び付属器の疾患,total,male,a45_49,45-49歳,45.0,49.0,False,False,2023,85.0,4620.0,3.927
,眼及び付属器の疾患,False,７　眼及び付属器の疾患,total,male,a50_54,50-54歳,50.0,54.0,False,False,2023,106.0,4868.0,5.16008
,眼及び付属器の疾患,False,７　眼及び付属器の疾患,total,male,a55_59,55-59歳,55.0,59.0,False,False,2023,165.0,4143.0,6.83595
,眼及び付属器の疾患,False,７　眼及び付属器の疾患,total,male,a60_64,60-64歳,60.0,64.0,False,False,2023,219.0,3719.0,8.14461
,眼及び付属器の疾患,False,７　眼及び付属器の疾患,total,male,a65_69,65-69歳,65.0,69.0,False,False,2023,355.0,3569.0,12.66995
,眼及び付属器の疾患,False,７　眼及び付属器の疾患,total,male,r65p,65歳以上(再掲),65.0,,True,False,2023,516.0,,
,眼及び付属器の疾患,False,７　眼及び付属器の疾患,total,male,a70_74,70-74歳,70.0,74.0,False,False,2023,469.0,4161.0,19.51509
,眼及び付属器の疾患,False,７　眼及び付属器の疾患,total,male,r70p,70歳以上(再掲),70.0,,True,False,2023,564.0,,
,眼及び付属器の疾患,False,７　眼及び付属器の疾患,total,male,a75_79,75-79歳,75.0,79.0,False,False,2023,622.0,3365.0,20.9303
,眼及び付属器の疾患,False,７　眼及び付属器の疾患,total,male,r75p,75歳以上(再掲),75.0,,True,False,2023,613.0,,
,眼及び付属器の疾患,False,７　眼及び付属器の疾患,total,male,a80_84,80-84歳,80.0,84.0,False,False,2023,647.0,2458.0,15.90326
,眼及び付属器の疾患,False,７　眼及び付属器の疾患,total,male,a85_89,85-89歳,85.0,89.0,False,False,2023,594.0,1448.0,8.60112
,眼及び付属器の疾患,False,７　眼及び付属器の疾患,total,male,a90p,90歳以上,90.0,,False,False,2023,489.0,,
,眼及び付属器の疾患,False,７　眼及び付属器の疾患,total,male,total,総数,,,False,True,2023,218.0,60492.0,131.87256
,眼及び付属器の疾患,False,７　眼及び付属器の疾患,total,total,a00,0歳,0.0,0.0,False,False,2023,91.0,,
,眼及び付属器の疾患,False,７　眼及び付属器の疾患,total,total,a01_04,1-4歳,1.0,4.0,False,False,2023,161.0,,
,眼及び付属器の疾患,False,７　眼及び付属器の疾患,total,total,a05_09,5-9歳,5.0,9.0,False,False,2023,198.0,4838.0,9.57924
,眼及び付属器の疾患,False,７　眼及び付属器の疾患,total,total,a10_14,10-14歳,10.0,14.0,False,False,2023,159.0,5248.0,8.34432
,眼及び付属器の疾患,False,７　眼及び付属器の疾患,total,total,a15_19,15-19歳,15.0,19.0,False,False,2023,110.0,5494.0,6.0434
,眼及び付属器の疾患,False,７　眼及び付属器の疾患,total,total,a20_24,20-24歳,20.0,24.0,False,False,2023,98.0,6236.0,6.11128
,眼及び付属器の疾患,False,７　眼及び付属器の疾患,total,total,a25_29,25-29歳,25.0,29.0,False,False,2023,85.0,6479.0,5.50715
,眼及び付属器の疾患,False,７　眼及び付属器の疾患,total,total,a30_34,30-34歳,30.0,34.0,False,False,2023,101.0,6380.0,6.4438
,眼及び付属器の疾患,False,７　眼及び付属器の疾患,total,total,a35_39,35-39歳,35.0,39.0,False,False,2023,100.0,7047.0,7.047
,眼及び付属器の疾患,False,７　眼及び付属器の疾患,total,total,a40_44,40-44歳,40.0,44.0,False,False,2023,118.0,7765.0,9.1627
,眼及び付属器の疾患,False,７　眼及び付属器の疾患,total,total,a45_49,45-49歳,45.0,49.0,False,False,2023,137.0,9115.0,12.48755
,眼及び付属器の疾患,False,７　眼及び付属器の疾患,total,total,a50_54,50-54歳,50.0,54.0,False,False,2023,163.0,9650.0,15.7295
,眼及び付属器の疾患,False,７　眼及び付属器の疾患,total,total,a55_59,55-59歳,55.0,59.0,False,False,2023,215.0,8279.0,17.79985
,眼及び付属器の疾患,False,７　眼及び付属器の疾患,total,total,a60_64,60-64歳,60.0,64.0,False,False,2023,305.0,7507.0,22.89635
,眼及び付属器の疾患,False,７　眼及び付属器の疾患,total,total,a65_69,65-69歳,65.0,69.0,False,False,2023,437.0,7332.0,32.04084
,眼及び付属器の疾患,False,７　眼及び付属器の疾患,total,total,r65p,65歳以上(再掲),65.0,,True,False,2023,579.0,36227.0,209.75433
,眼及び付属器の疾患,False,７　眼及び付属器の疾患,total,total,a70_74,70-74歳,70.0,74.0,False,False,2023,553.0,8817.0,48.75801
,眼及び付属器の疾患,False,７　眼及び付属器の疾患,total,total,r70p,70歳以上(再掲),70.0,,True,False,2023,616.0,,
,眼及び付属器の疾患,False,７　眼及び付属器の疾患,total,total,a75_79,75-79歳,75.0,79.0,False,False,2023,708.0,7474.0,52.91592
,眼及び付属器の疾患,False,７　眼及び付属器の疾患,total,total,r75p,75歳以上(再掲),75.0,,True,False,2023,643.0,20078.0,129.10154
,眼及び付属器の疾患,False,７　眼及び付属器の疾患,total,total,a80_84,80-84歳,80.0,84.0,False,False,2023,706.0,5895.0,41.6187
,眼及び付属器の疾患,False,７　眼及び付属器の疾患,total,total,a85_89,85-89歳,85.0,89.0,False,False,2023,610.0,3979.0,24.2719
,眼及び付属器の疾患,False,７　眼及び付属器の疾患,total,total,a90p,90歳以上,90.0,,False,False,2023,374.0,,
,眼及び付属器の疾患,False,７　眼及び付属器の疾患,total,total,total,総数,,,False,True,2023,276.0,124352.0,343.21152
,"神経症性障害,ストレス関連障害及び身体表現性障害",True,５　精神及び行動の障害(神経症性障害，ストレス関連障害及び身体表現性障害（再掲）),total,female,a00,0歳,0.0,0.0,False,False,2023,3.0,,
,"神経症性障害,ストレス関連障害及び身体表現性障害",True,５　精神及び行動の障害(神経症性障害，ストレス関連障害及び身体表現性障害（再掲）),total,female,a01_04,1-4歳,1.0,4.0,False,False,2023,2.0,,
,"神経症性障害,ストレス関連障害及び身体表現性障害",True,５　精神及び行動の障害(神経症性障害，ストレス関連障害及び身体表現性障害（再掲）),total,female,a05_09,5-9歳,5.0,9.0,False,False,2023,13.0,,
,"神経症性障害,ストレス関連障害及び身体表現性障害",True,５　精神及び行動の障害(神経症性障害，ストレス関連障害及び身体表現性障害（再掲）),total,female,a10_14,10-14歳,10.0,14.0,False,False,2023,51.0,,
,"神経症性障害,ストレス関連障害及び身体表現性障害",True,５　精神及び行動の障害(神経症性障害，ストレス関連障害及び身体表現性障害（再掲）),total,female,a15_19,15-19歳,15.0,19.0,False,False,2023,71.0,,
,"神経症性障害,ストレス関連障害及び身体表現性障害",True,５　精神及び行動の障害(神経症性障害，ストレス関連障害及び身体表現性障害（再掲）),total,female,a20_24,20-24歳,20.0,24.0,False,False,2023,65.0,,
,"神経症性障害,ストレス関連障害及び身体表現性障害",True,５　精神及び行動の障害(神経症性障害，ストレス関連障害及び身体表現性障害（再掲）),total,female,a25_29,25-29歳,25.0,29.0,False,False,2023,77.0,,
,"神経症性障害,ストレス関連障害及び身体表現性障害",True,５　精神及び行動の障害(神経症性障害，ストレス関連障害及び身体表現性障害（再掲）),total,female,a30_34,30-34歳,30.0,34.0,False,False,2023,71.0,,
,"神経症性障害,ストレス関連障害及び身体表現性障害",True,５　精神及び行動の障害(神経症性障害，ストレス関連障害及び身体表現性障害（再掲）),total,female,a35_39,35-39歳,35.0,39.0,False,False,2023,65.0,,
,"神経症性障害,ストレス関連障害及び身体表現性障害",True,５　精神及び行動の障害(神経症性障害，ストレス関連障害及び身体表現性障害（再掲）),total,female,a40_44,40-44歳,40.0,44.0,False,False,2023,82.0,,
,"神経症性障害,ストレス関連障害及び身体表現性障害",True,５　精神及び行動の障害(神経症性障害，ストレス関連障害及び身体表現性障害（再掲）),total,female,a45_49,45-49歳,45.0,49.0,False,False,2023,74.0,,
,"神経症性障害,ストレス関連障害及び身体表現性障害",True,５　精神及び行動の障害(神経症性障害，ストレス関連障害及び身体表現性障害（再掲）),total,female,a50_54,50-54歳,50.0,54.0,False,False,2023,83.0,,
,"神経症性障害,ストレス関連障害及び身体表現性障害",True,５　精神及び行動の障害(神経症性障害，ストレス関連障害及び身体表現性障害（再掲）),total,female,a55_59,55-59歳,55.0,59.0,False,False,2023,67.0,,
,"神経症性障害,ストレス関連障害及び身体表現性障害",True,５　精神及び行動の障害(神経症性障害，ストレス関連障害及び身体表現性障害（再掲）),total,female,a60_64,60-64歳,60.0,64.0,False,False,2023,57.0,,
,"神経症性障害,ストレス関連障害及び身体表現性障害",True,５　精神及び行動の障害(神経症性障害，ストレス関連障害及び身体表現性障害（再掲）),total,female,a65_69,65-69歳,65.0,69.0,False,False,2023,53.0,,
,"神経症性障害,ストレス関連障害及び身体表現性障害",True,５　精神及び行動の障害(神経症性障害，ストレス関連障害及び身体表現性障害（再掲）),total,female,r65p,65歳以上(再掲),65.0,,True,False,2023,48.0,,
,"神経症性障害,ストレス関連障害及び身体表現性障害",True,５　精神及び行動の障害(神経症性障害，ストレス関連障害及び身体表現性障害（再掲）),total,female,a70_74,70-74歳,70.0,74.0,False,False,2023,51.0,,
,"神経症性障害,ストレス関連障害及び身体表現性障害",True,５　精神及び行動の障害(神経症性障害，ストレス関連障害及び身体表現性障害（再掲）),total,female,r70p,70歳以上(再掲),70.0,,True,False,2023,47.0,,
,"神経症性障害,ストレス関連障害及び身体表現性障害",True,５　精神及び行動の障害(神経症性障害，ストレス関連障害及び身体表現性障害（再掲）),total,female,a75_79,75-79歳,75.0,79.0,False,False,2023,50.0,,
,"神経症性障害,ストレス関連障害及び身体表現性障害",True,５　精神及び行動の障害(神経症性障害，ストレス関連障害及び身体表現性障害（再掲）),total,female,r75p,75歳以上(再掲),75.0,,True,False,2023,45.0,,
,"神経症性障害,ストレス関連障害及び身体表現性障害",True,５　精神及び行動の障害(神経症性障害，ストレス関連障害及び身体表現性障害（再掲）),total,female,a80_84,80-84歳,80.0,84.0,False,False,2023,53.0,,
,"神経症性障害,ストレス関連障害及び身体表現性障害",True,５　精神及び行動の障害(神経症性障害，ストレス関連障害及び身体表現性障害（再掲）),total,female,a85_89,85-89歳,85.0,89.0,False,False,2023,38.0,,
,"神経症性障害,ストレス関連障害及び身体表現性障害",True,５　精神及び行動の障害(神経症性障害，ストレス関連障害及び身体表現性障害（再掲）),total,female,a90p,90歳以上,90.0,,False,False,2023,28.0,,
,"神経症性障害,ストレス関連障害及び身体表現性障害",True,５　精神及び行動の障害(神経症性障害，ストレス関連障害及び身体表現性障害（再掲）),total,female,total,総数,,,False,True,2023,59.0,,
,"神経症性障害,ストレス関連障害及び身体表現性障害",True,５　精神及び行動の障害(神経症性障害，ストレス関連障害及び身体表現性障害（再掲）),total,male,a00,0歳,0.0,0.0,False,False,2023,,,
,"神経症性障害,ストレス関連障害及び身体表現性障害",True,５　精神及び行動の障害(神経症性障害，ストレス関連障害及び身体表現性障害（再掲）),total,male,a01_04,1-4歳,1.0,4.0,False,False,2023,2.0,,
,"神経症性障害,ストレス関連障害及び身体表現性障害",True,５　精神及び行動の障害(神経症性障害，ストレス関連障害及び身体表現性障害（再掲）),total,male,a05_09,5-9歳,5.0,9.0,False,False,2023,6.0,2478.0,0.14868
,"神経症性障害,ストレス関連障害及び身体表現性障害",True,５　精神及び行動の障害(神経症性障害，ストレス関連障害及び身体表現性障害（再掲）),total,male,a10_14,10-14歳,10.0,14.0,False,False,2023,18.0,2689.0,0.48402
,"神経症性障害,ストレス関連障害及び身体表現性障害",True,５　精神及び行動の障害(神経症性障害，ストレス関連障害及び身体表現性障害（再掲）),total,male,a15_19,15-19歳,15.0,19.0,False,False,2023,25.0,2818.0,0.7045
,"神経症性障害,ストレス関連障害及び身体表現性障害",True,５　精神及び行動の障害(神経症性障害，ストレス関連障害及び身体表現性障害（再掲）),total,male,a20_24,20-24歳,20.0,24.0,False,False,2023,32.0,3212.0,1.02784
,"神経症性障害,ストレス関連障害及び身体表現性障害",True,５　精神及び行動の障害(神経症性障害，ストレス関連障害及び身体表現性障害（再掲）),total,male,a25_29,25-29歳,25.0,29.0,False,False,2023,44.0,3333.0,1.46652
,"神経症性障害,ストレス関連障害及び身体表現性障害",True,５　精神及び行動の障害(神経症性障害，ストレス関連障害及び身体表現性障害（再掲）),total,male,a30_34,30-34歳,30.0,34.0,False,False,2023,47.0,3273.0,1.53831
,"神経症性障害,ストレス関連障害及び身体表現性障害",True,５　精神及び行動の障害(神経症性障害，ストレス関連障害及び身体表現性障害（再掲）),total,male,a35_39,35-39歳,35.0,39.0,False,False,2023,48.0,3593.0,1.72464
,"神経症性障害,ストレス関連障害及び身体表現性障害",True,５　精神及び行動の障害(神経症性障害，ストレス関連障害及び身体表現性障害（再掲）),total,male,a40_44,40-44歳,40.0,44.0,False,False,2023,49.0,3938.0,1.92962
,"神経症性障害,ストレス関連障害及び身体表現性障害",True,５　精神及び行動の障害(神経症性障害，ストレス関連障害及び身体表現性障害（再掲）),total,male,a45_49,45-49歳,45.0,49.0,False,False,2023,41.0,4620.0,1.8942
,"神経症性障害,ストレス関連障害及び身体表現性障害",True,５　精神及び行動の障害(神経症性障害，ストレス関連障害及び身体表現性障害（再掲）),total,male,a50_54,50-54歳,50.0,54.0,False,False,2023,41.0,4868.0,1.99588
,"神経症性障害,ストレス関連障害及び身体表現性障害",True,５　精神及び行動の障害(神経症性障害，ストレス関連障害及び身体表現性障害（再掲）),total,male,a55_59,55-59歳,55.0,59.0,False,False,2023,51.0,4143.0,2.11293
,"神経症性障害,ストレス関連障害及び身体表現性障害",True,５　精神及び行動の障害(神経症性障害，ストレス関連障害及び身体表現性障害（再掲）),total,male,a60_64,60-64歳,60.0,64.0,False,False,2023,37.0,3719.0,1.37603
,"神経症性障害,ストレス関連障害及び身体表現性障害",True,５　精神及び行動の障害(神経症性障害，ストレス関連障害及び身体表現性障害（再掲）),total,male,a65_69,65-69歳,65.0,69.0,False,False,2023,32.0,3569.0,1.14208
,"神経症性障害,ストレス関連障害及び身体表現性障害",True,５　精神及び行動の障害(神経症性障害，ストレス関連障害及び身体表現性障害（再掲）),total,male,r65p,65歳以上(再掲),65.0,,True,False,2023,27.0,,
,"神経症性障害,ストレス関連障害及び身体表現性障害",True,５　精神及び行動の障害(神経症性障害，ストレス関連障害及び身体表現性障害（再掲）),total,male,a70_74,70-74歳,70.0,74.0,False,False,2023,30.0,4161.0,1.2483
,"神経症性障害,ストレス関連障害及び身体表現性障害",True,５　精神及び行動の障害(神経症性障害，ストレス関連障害及び身体表現性障害（再掲）),total,male,r70p,70歳以上(再掲),70.0,,True,False,2023,26.0,,
,"神経症性障害,ストレス関連障害及び身体表現性障害",True,５　精神及び行動の障害(神経症性障害，ストレス関連障害及び身体表現性障害（再掲）),total,male,a75_79,75-79歳,75.0,79.0,False,False,2023,27.0,3365.0,0.90855
,"神経症性障害,ストレス関連障害及び身体表現性障害",True,５　精神及び行動の障害(神経症性障害，ストレス関連障害及び身体表現性障害（再掲）),total,male,r75p,75歳以上(再掲),75.0,,True,False,2023,24.0,,
,"神経症性障害,ストレス関連障害及び身体表現性障害",True,５　精神及び行動の障害(神経症性障害，ストレス関連障害及び身体表現性障害（再掲）),total,male,a80_84,80-84歳,80.0,84.0,False,False,2023,25.0,2458.0,0.6145
,"神経症性障害,ストレス関連障害及び身体表現性障害",True,５　精神及び行動の障害(神経症性障害，ストレス関連障害及び身体表現性障害（再掲）),total,male,a85_89,85-89歳,85.0,89.0,False,False,2023,20.0,1448.0,0.2896
,"神経症性障害,ストレス関連障害及び身体表現性障害",True,５　精神及び行動の障害(神経症性障害，ストレス関連障害及び身体表現性障害（再掲）),total,male,a90p,90歳以上,90.0,,False,False,2023,10.0,,
,"神経症性障害,ストレス関連障害及び身体表現性障害",True,５　精神及び行動の障害(神経症性障害，ストレス関連障害及び身体表現性障害（再掲）),total,male,total,総数,,,False,True,2023,34.0,60492.0,20.56728
,"神経症性障害,ストレス関連障害及び身体表現性障害",True,５　精神及び行動の障害(神経症性障害，ストレス関連障害及び身体表現性障害（再掲）),total,total,a00,0歳,0.0,0.0,False,False,2023,1.0,,
,"神経症性障害,ストレス関連障害及び身体表現性障害",True,５　精神及び行動の障害(神経症性障害，ストレス関連障害及び身体表現性障害（再掲）),total,total,a01_04,1-4歳,1.0,4.0,False,False,2023,2.0,,
,"神経症性障害,ストレス関連障害及び身体表現性障害",True,５　精神及び行動の障害(神経症性障害，ストレス関連障害及び身体表現性障害（再掲）),total,total,a05_09,5-9歳,5.0,9.0,False,False,2023,9.0,4838.0,0.43542
,"神経症性障害,ストレス関連障害及び身体表現性障害",True,５　精神及び行動の障害(神経症性障害，ストレス関連障害及び身体表現性障害（再掲）),total,total,a10_14,10-14歳,10.0,14.0,False,False,2023,34.0,5248.0,1.78432
,"神経症性障害,ストレス関連障害及び身体表現性障害",True,５　精神及び行動の障害(神経症性障害，ストレス関連障害及び身体表現性障害（再掲）),total,total,a15_19,15-19歳,15.0,19.0,False,False,2023,47.0,5494.0,2.58218
,"神経症性障害,ストレス関連障害及び身体表現性障害",True,５　精神及び行動の障害(神経症性障害，ストレス関連障害及び身体表現性障害（再掲）),total,total,a20_24,20-24歳,20.0,24.0,False,False,2023,48.0,6236.0,2.99328
,"神経症性障害,ストレス関連障害及び身体表現性障害",True,５　精神及び行動の障害(神経症性障害，ストレス関連障害及び身体表現性障害（再掲）),total,total,a25_29,25-29歳,25.0,29.0,False,False,2023,60.0,6479.0,3.8874
,"神経症性障害,ストレス関連障害及び身体表現性障害",True,５　精神及び行動の障害(神経症性障害，ストレス関連障害及び身体表現性障害（再掲）),total,total,a30_34,30-34歳,30.0,34.0,False,False,2023,59.0,6380.0,3.7642
,"神経症性障害,ストレス関連障害及び身体表現性障害",True,５　精神及び行動の障害(神経症性障害，ストレス関連障害及び身体表現性障害（再掲）),total,total,a35_39,35-39歳,35.0,39.0,False,False,2023,56.0,7047.0,3.94632
,"神経症性障害,ストレス関連障害及び身体表現性障害",True,５　精神及び行動の障害(神経症性障害，ストレス関連障害及び身体表現性障害（再掲）),total,total,a40_44,40-44歳,40.0,44.0,False,False,2023,65.0,7765.0,5.04725
,"神経症性障害,ストレス関連障害及び身体表現性障害",True,５　精神及び行動の障害(神経症性障害，ストレス関連障害及び身体表現性障害（再掲）),total,total,a45_49,45-49歳,45.0,49.0,False,False,2023,57.0,9115.0,5.19555
,"神経症性障害,ストレス関連障害及び身体表現性障害",True,５　精神及び行動の障害(神経症性障害，ストレス関連障害及び身体表現性障害（再掲）),total,total,a50_54,50-54歳,50.0,54.0,False,False,2023,62.0,9650.0,5.983
,"神経症性障害,ストレス関連障害及び身体表現性障害",True,５　精神及び行動の障害(神経症性障害，ストレス関連障害及び身体表現性障害（再掲）),total,total,a55_59,55-59歳,55.0,59.0,False,False,2023,59.0,8279.0,4.88461
,"神経症性障害,ストレス関連障害及び身体表現性障害",True,５　精神及び行動の障害(神経症性障害，ストレス関連障害及び身体表現性障害（再掲）),total,total,a60_64,60-64歳,60.0,64.0,False,False,2023,47.0,7507.0,3.52829
,"神経症性障害,ストレス関連障害及び身体表現性障害",True,５　精神及び行動の障害(神経症性障害，ストレス関連障害及び身体表現性障害（再掲）),total,total,a65_69,65-69歳,65.0,69.0,False,False,2023,43.0,7332.0,3.15276
,"神経症性障害,ストレス関連障害及び身体表現性障害",True,５　精神及び行動の障害(神経症性障害，ストレス関連障害及び身体表現性障害（再掲）),total,total,r65p,65歳以上(再掲),65.0,,True,False,2023,39.0,36227.0,14.12853
,"神経症性障害,ストレス関連障害及び身体表現性障害",True,５　精神及び行動の障害(神経症性障害，ストレス関連障害及び身体表現性障害（再掲）),total,total,a70_74,70-74歳,70.0,74.0,False,False,2023,41.0,8817.0,3.61497
,"神経症性障害,ストレス関連障害及び身体表現性障害",True,５　精神及び行動の障害(神経症性障害，ストレス関連障害及び身体表現性障害（再掲）),total,total,r70p,70歳以上(再掲),70.0,,True,False,2023,38.0,,
,"神経症性障害,ストレス関連障害及び身体表現性障害",True,５　精神及び行動の障害(神経症性障害，ストレス関連障害及び身体表現性障害（再掲）),total,total,a75_79,75-79歳,75.0,79.0,False,False,2023,40.0,7474.0,2.9896
,"神経症性障害,ストレス関連障害及び身体表現性障害",True,５　精神及び行動の障害(神経症性障害，ストレス関連障害及び身体表現性障害（再掲）),total,total,r75p,75歳以上(再掲),75.0,,True,False,2023,36.0,20078.0,7.22808
,"神経症性障害,ストレス関連障害及び身体表現性障害",True,５　精神及び行動の障害(神経症性障害，ストレス関連障害及び身体表現性障害（再掲）),total,total,a80_84,80-84歳,80.0,84.0,False,False,2023,42.0,5895.0,2.4759
,"神経症性障害,ストレス関連障害及び身体表現性障害",True,５　精神及び行動の障害(神経症性障害，ストレス関連障害及び身体表現性障害（再掲）),total,total,a85_89,85-89歳,85.0,89.0,False,False,2023,31.0,3979.0,1.23349
,"神経症性障害,ストレス関連障害及び身体表現性障害",True,５　精神及び行動の障害(神経症性障害，ストレス関連障害及び身体表現性障害（再掲）),total,total,a90p,90歳以上,90.0,,False,False,2023,23.0,,
,"神経症性障害,ストレス関連障害及び身体表現性障害",True,５　精神及び行動の障害(神経症性障害，ストレス関連障害及び身体表現性障害（再掲）),total,total,total,総数,,,False,True,2023,47.0,124352.0,58.44544
,神経系の疾患,False,６　神経系の疾患,total,female,a00,0歳,0.0,0.0,False,False,2023,34.0,,
,神経系の疾患,False,６　神経系の疾患,total,female,a01_04,1-4歳,1.0,4.0,False,False,2023,40.0,,
,神経系の疾患,False,６　神経系の疾患,total,female,a05_09,5-9歳,5.0,9.0,False,False,2023,37.0,,
,神経系の疾患,False,６　神経系の疾患,total,female,a10_14,10-14歳,10.0,14.0,False,False,2023,49.0,,
,神経系の疾患,False,６　神経系の疾患,total,female,a15_19,15-19歳,15.0,19.0,False,False,2023,65.0,,
,神経系の疾患,False,６　神経系の疾患,total,female,a20_24,20-24歳,20.0,24.0,False,False,2023,63.0,,
,神経系の疾患,False,６　神経系の疾患,total,female,a25_29,25-29歳,25.0,29.0,False,False,2023,66.0,,
,神経系の疾患,False,６　神経系の疾患,total,female,a30_34,30-34歳,30.0,34.0,False,False,2023,104.0,,
,神経系の疾患,False,６　神経系の疾患,total,female,a35_39,35-39歳,35.0,39.0,False,False,2023,95.0,,
,神経系の疾患,False,６　神経系の疾患,total,female,a40_44,40-44歳,40.0,44.0,False,False,2023,108.0,,
,神経系の疾患,False,６　神経系の疾患,total,female,a45_49,45-49歳,45.0,49.0,False,False,2023,123.0,,
,神経系の疾患,False,６　神経系の疾患,total,female,a50_54,50-54歳,50.0,54.0,False,False,2023,136.0,,
,神経系の疾患,False,６　神経系の疾患,total,female,a55_59,55-59歳,55.0,59.0,False,False,2023,151.0,,
,神経系の疾患,False,６　神経系の疾患,total,female,a60_64,60-64歳,60.0,64.0,False,False,2023,178.0,,
,神経系の疾患,False,６　神経系の疾患,total,female,a65_69,65-69歳,65.0,69.0,False,False,2023,202.0,,
,神経系の疾患,False,６　神経系の疾患,total,female,r65p,65歳以上(再掲),65.0,,True,False,2023,593.0,,
,神経系の疾患,False,６　神経系の疾患,total,female,a70_74,70-74歳,70.0,74.0,False,False,2023,278.0,,
,神経系の疾患,False,６　神経系の疾患,total,female,r70p,70歳以上(再掲),70.0,,True,False,2023,681.0,,
,神経系の疾患,False,６　神経系の疾患,total,female,a75_79,75-79歳,75.0,79.0,False,False,2023,465.0,,
,神経系の疾患,False,６　神経系の疾患,total,female,r75p,75歳以上(再掲),75.0,,True,False,2023,835.0,,
,神経系の疾患,False,６　神経系の疾患,total,female,a80_84,80-84歳,80.0,84.0,False,False,2023,752.0,,
,神経系の疾患,False,６　神経系の疾患,total,female,a85_89,85-89歳,85.0,89.0,False,False,2023,1113.0,,
,神経系の疾患,False,６　神経系の疾患,total,female,a90p,90歳以上,90.0,,False,False,2023,1384.0,,
,神経系の疾患,False,６　神経系の疾患,total,female,total,総数,,,False,True,2023,260.0,,
,神経系の疾患,False,６　神経系の疾患,total,male,a00,0歳,0.0,0.0,False,False,2023,43.0,,
,神経系の疾患,False,６　神経系の疾患,total,male,a01_04,1-4歳,1.0,4.0,False,False,2023,40.0,,
,神経系の疾患,False,６　神経系の疾患,total,male,a05_09,5-9歳,5.0,9.0,False,False,2023,46.0,2478.0,1.13988
,神経系の疾患,False,６　神経系の疾患,total,male,a10_14,10-14歳,10.0,14.0,False,False,2023,54.0,2689.0,1.45206
,神経系の疾患,False,６　神経系の疾患,total,male,a15_19,15-19歳,15.0,19.0,False,False,2023,65.0,2818.0,1.8317
,神経系の疾患,False,６　神経系の疾患,total,male,a20_24,20-24歳,20.0,24.0,False,False,2023,57.0,3212.0,1.83084
,神経系の疾患,False,６　神経系の疾患,total,male,a25_29,25-29歳,25.0,29.0,False,False,2023,70.0,3333.0,2.3331
,神経系の疾患,False,６　神経系の疾患,total,male,a30_34,30-34歳,30.0,34.0,False,False,2023,72.0,3273.0,2.35656
,神経系の疾患,False,６　神経系の疾患,total,male,a35_39,35-39歳,35.0,39.0,False,False,2023,84.0,3593.0,3.01812
,神経系の疾患,False,６　神経系の疾患,total,male,a40_44,40-44歳,40.0,44.0,False,False,2023,97.0,3938.0,3.81986
,神経系の疾患,False,６　神経系の疾患,total,male,a45_49,45-49歳,45.0,49.0,False,False,2023,115.0,4620.0,5.313
,神経系の疾患,False,６　神経系の疾患,total,male,a50_54,50-54歳,50.0,54.0,False,False,2023,142.0,4868.0,6.91256
,神経系の疾患,False,６　神経系の疾患,total,male,a55_59,55-59歳,55.0,59.0,False,False,2023,159.0,4143.0,6.58737
,神経系の疾患,False,６　神経系の疾患,total,male,a60_64,60-64歳,60.0,64.0,False,False,2023,194.0,3719.0,7.21486
,神経系の疾患,False,６　神経系の疾患,total,male,a65_69,65-69歳,65.0,69.0,False,False,2023,245.0,3569.0,8.74405
,神経系の疾患,False,６　神経系の疾患,total,male,r65p,65歳以上(再掲),65.0,,True,False,2023,473.0,,
,神経系の疾患,False,６　神経系の疾患,total,male,a70_74,70-74歳,70.0,74.0,False,False,2023,323.0,4161.0,13.44003
,神経系の疾患,False,６　神経系の疾患,total,male,r70p,70歳以上(再掲),70.0,,True,False,2023,540.0,,
,神経系の疾患,False,６　神経系の疾患,total,male,a75_79,75-79歳,75.0,79.0,False,False,2023,459.0,3365.0,15.44535
,神経系の疾患,False,６　神経系の疾患,total,male,r75p,75歳以上(再掲),75.0,,True,False,2023,653.0,,
,神経系の疾患,False,６　神経系の疾患,total,male,a80_84,80-84歳,80.0,84.0,False,False,2023,662.0,2458.0,16.27196
,神経系の疾患,False,６　神経系の疾患,total,male,a85_89,85-89歳,85.0,89.0,False,False,2023,915.0,1448.0,13.2492
,神経系の疾患,False,６　神経系の疾患,total,male,a90p,90歳以上,90.0,,False,False,2023,1001.0,,
,神経系の疾患,False,６　神経系の疾患,total,male,total,総数,,,False,True,2023,197.0,60492.0,119.16924
,神経系の疾患,False,６　神経系の疾患,total,total,a00,0歳,0.0,0.0,False,False,2023,39.0,,
,神経系の疾患,False,６　神経系の疾患,total,total,a01_04,1-4歳,1.0,4.0,False,False,2023,40.0,,
,神経系の疾患,False,６　神経系の疾患,total,total,a05_09,5-9歳,5.0,9.0,False,False,2023,41.0,4838.0,1.98358
,神経系の疾患,False,６　神経系の疾患,total,total,a10_14,10-14歳,10.0,14.0,False,False,2023,51.0,5248.0,2.67648
,神経系の疾患,False,６　神経系の疾患,total,total,a15_19,15-19歳,15.0,19.0,False,False,2023,65.0,5494.0,3.5711
,神経系の疾患,False,６　神経系の疾患,total,total,a20_24,20-24歳,20.0,24.0,False,False,2023,60.0,6236.0,3.7416
,神経系の疾患,False,６　神経系の疾患,total,total,a25_29,25-29歳,25.0,29.0,False,False,2023,68.0,6479.0,4.40572
,神経系の疾患,False,６　神経系の疾患,total,total,a30_34,30-34歳,30.0,34.0,False,False,2023,88.0,6380.0,5.6144
,神経系の疾患,False,６　神経系の疾患,total,total,a35_39,35-39歳,35.0,39.0,False,False,2023,89.0,7047.0,6.27183
,神経系の疾患,False,６　神経系の疾患,total,total,a40_44,40-44歳,40.0,44.0,False,False,2023,102.0,7765.0,7.9203
,神経系の疾患,False,６　神経系の疾患,total,total,a45_49,45-49歳,45.0,49.0,False,False,2023,119.0,9115.0,10.84685
,神経系の疾患,False,６　神経系の疾患,total,total,a50_54,50-54歳,50.0,54.0,False,False,2023,139.0,9650.0,13.4135
,神経系の疾患,False,６　神経系の疾患,total,total,a55_59,55-59歳,55.0,59.0,False,False,2023,155.0,8279.0,12.83245
,神経系の疾患,False,６　神経系の疾患,total,total,a60_64,60-64歳,60.0,64.0,False,False,2023,186.0,7507.0,13.96302
,神経系の疾患,False,６　神経系の疾患,total,total,a65_69,65-69歳,65.0,69.0,False,False,2023,223.0,7332.0,16.35036
,神経系の疾患,False,６　神経系の疾患,total,total,r65p,65歳以上(再掲),65.0,,True,False,2023,541.0,36227.0,195.98807
,神経系の疾患,False,６　神経系の疾患,total,total,a70_74,70-74歳,70.0,74.0,False,False,2023,299.0,8817.0,26.36283
,神経系の疾患,False,６　神経系の疾患,total,total,r70p,70歳以上(再掲),70.0,,True,False,2023,621.0,,
,神経系の疾患,False,６　神経系の疾患,total,total,a75_79,75-79歳,75.0,79.0,False,False,2023,462.0,7474.0,34.52988
,神経系の疾患,False,６　神経系の疾患,total,total,r75p,75歳以上(再掲),75.0,,True,False,2023,763.0,20078.0,153.19514
,神経系の疾患,False,６　神経系の疾患,total,total,a80_84,80-84歳,80.0,84.0,False,False,2023,715.0,5895.0,42.14925
,神経系の疾患,False,６　神経系の疾患,total,total,a85_89,85-89歳,85.0,89.0,False,False,2023,1041.0,3979.0,41.42139
,神経系の疾患,False,６　神経系の疾患,total,total,a90p,90歳以上,90.0,,False,False,2023,1284.0,,
,神経系の疾患,False,６　神経系の疾患,total,total,total,総数,,,False,True,2023,229.0,124352.0,284.76608
,筋骨格系及び結合組織の疾患,False,１３　筋骨格系及び結合組織の疾患,total,female,a00,0歳,0.0,0.0,False,False,2023,59.0,,
,筋骨格系及び結合組織の疾患,False,１３　筋骨格系及び結合組織の疾患,total,female,a01_04,1-4歳,1.0,4.0,False,False,2023,36.0,,
,筋骨格系及び結合組織の疾患,False,１３　筋骨格系及び結合組織の疾患,total,female,a05_09,5-9歳,5.0,9.0,False,False,2023,37.0,,
,筋骨格系及び結合組織の疾患,False,１３　筋骨格系及び結合組織の疾患,total,female,a10_14,10-14歳,10.0,14.0,False,False,2023,84.0,,
,筋骨格系及び結合組織の疾患,False,１３　筋骨格系及び結合組織の疾患,total,female,a15_19,15-19歳,15.0,19.0,False,False,2023,95.0,,
,筋骨格系及び結合組織の疾患,False,１３　筋骨格系及び結合組織の疾患,total,female,a20_24,20-24歳,20.0,24.0,False,False,2023,63.0,,
,筋骨格系及び結合組織の疾患,False,１３　筋骨格系及び結合組織の疾患,total,female,a25_29,25-29歳,25.0,29.0,False,False,2023,103.0,,
,筋骨格系及び結合組織の疾患,False,１３　筋骨格系及び結合組織の疾患,total,female,a30_34,30-34歳,30.0,34.0,False,False,2023,100.0,,
,筋骨格系及び結合組織の疾患,False,１３　筋骨格系及び結合組織の疾患,total,female,a35_39,35-39歳,35.0,39.0,False,False,2023,169.0,,
,筋骨格系及び結合組織の疾患,False,１３　筋骨格系及び結合組織の疾患,total,female,a40_44,40-44歳,40.0,44.0,False,False,2023,234.0,,
,筋骨格系及び結合組織の疾患,False,１３　筋骨格系及び結合組織の疾患,total,female,a45_49,45-49歳,45.0,49.0,False,False,2023,379.0,,
,筋骨格系及び結合組織の疾患,False,１３　筋骨格系及び結合組織の疾患,total,female,a50_54,50-54歳,50.0,54.0,False,False,2023,532.0,,
,筋骨格系及び結合組織の疾患,False,１３　筋骨格系及び結合組織の疾患,total,female,a55_59,55-59歳,55.0,59.0,False,False,2023,754.0,,
,筋骨格系及び結合組織の疾患,False,１３　筋骨格系及び結合組織の疾患,total,female,a60_64,60-64歳,60.0,64.0,False,False,2023,1035.0,,
,筋骨格系及び結合組織の疾患,False,１３　筋骨格系及び結合組織の疾患,total,female,a65_69,65-69歳,65.0,69.0,False,False,2023,1389.0,,
,筋骨格系及び結合組織の疾患,False,１３　筋骨格系及び結合組織の疾患,total,female,r65p,65歳以上(再掲),65.0,,True,False,2023,1984.0,,
,筋骨格系及び結合組織の疾患,False,１３　筋骨格系及び結合組織の疾患,total,female,a70_74,70-74歳,70.0,74.0,False,False,2023,1770.0,,
,筋骨格系及び結合組織の疾患,False,１３　筋骨格系及び結合組織の疾患,total,female,r70p,70歳以上(再掲),70.0,,True,False,2023,2118.0,,
,筋骨格系及び結合組織の疾患,False,１３　筋骨格系及び結合組織の疾患,total,female,a75_79,75-79歳,75.0,79.0,False,False,2023,2302.0,,
,筋骨格系及び結合組織の疾患,False,１３　筋骨格系及び結合組織の疾患,total,female,r75p,75歳以上(再掲),75.0,,True,False,2023,2252.0,,
,筋骨格系及び結合組織の疾患,False,１３　筋骨格系及び結合組織の疾患,total,female,a80_84,80-84歳,80.0,84.0,False,False,2023,2637.0,,
,筋骨格系及び結合組織の疾患,False,１３　筋骨格系及び結合組織の疾患,total,female,a85_89,85-89歳,85.0,89.0,False,False,2023,2276.0,,
,筋骨格系及び結合組織の疾患,False,１３　筋骨格系及び結合組織の疾患,total,female,a90p,90歳以上,90.0,,False,False,2023,1466.0,,
,筋骨格系及び結合組織の疾患,False,１３　筋骨格系及び結合組織の疾患,total,female,total,総数,,,False,True,2023,862.0,,
,筋骨格系及び結合組織の疾患,False,１３　筋骨格系及び結合組織の疾患,total,male,a00,0歳,0.0,0.0,False,False,2023,19.0,,
,筋骨格系及び結合組織の疾患,False,１３　筋骨格系及び結合組織の疾患,total,male,a01_04,1-4歳,1.0,4.0,False,False,2023,44.0,,
,筋骨格系及び結合組織の疾患,False,１３　筋骨格系及び結合組織の疾患,total,male,a05_09,5-9歳,5.0,9.0,False,False,2023,50.0,2478.0,1.239
,筋骨格系及び結合組織の疾患,False,１３　筋骨格系及び結合組織の疾患,total,male,a10_14,10-14歳,10.0,14.0,False,False,2023,152.0,2689.0,4.08728
,筋骨格系及び結合組織の疾患,False,１３　筋骨格系及び結合組織の疾患,total,male,a15_19,15-19歳,15.0,19.0,False,False,2023,89.0,2818.0,2.50802
,筋骨格系及び結合組織の疾患,False,１３　筋骨格系及び結合組織の疾患,total,male,a20_24,20-24歳,20.0,24.0,False,False,2023,56.0,3212.0,1.79872
,筋骨格系及び結合組織の疾患,False,１３　筋骨格系及び結合組織の疾患,total,male,a25_29,25-29歳,25.0,29.0,False,False,2023,77.0,3333.0,2.56641
,筋骨格系及び結合組織の疾患,False,１３　筋骨格系及び結合組織の疾患,total,male,a30_34,30-34歳,30.0,34.0,False,False,2023,101.0,3273.0,3.30573
,筋骨格系及び結合組織の疾患,False,１３　筋骨格系及び結合組織の疾患,total,male,a35_39,35-39歳,35.0,39.0,False,False,2023,134.0,3593.0,4.81462
,筋骨格系及び結合組織の疾患,False,１３　筋骨格系及び結合組織の疾患,total,male,a40_44,40-44歳,40.0,44.0,False,False,2023,190.0,3938.0,7.4822
,筋骨格系及び結合組織の疾患,False,１３　筋骨格系及び結合組織の疾患,total,male,a45_49,45-49歳,45.0,49.0,False,False,2023,263.0,4620.0,12.1506
,筋骨格系及び結合組織の疾患,False,１３　筋骨格系及び結合組織の疾患,total,male,a50_54,50-54歳,50.0,54.0,False,False,2023,322.0,4868.0,15.67496
,筋骨格系及び結合組織の疾患,False,１３　筋骨格系及び結合組織の疾患,total,male,a55_59,55-59歳,55.0,59.0,False,False,2023,480.0,4143.0,19.8864
,筋骨格系及び結合組織の疾患,False,１３　筋骨格系及び結合組織の疾患,total,male,a60_64,60-64歳,60.0,64.0,False,False,2023,645.0,3719.0,23.98755
,筋骨格系及び結合組織の疾患,False,１３　筋骨格系及び結合組織の疾患,total,male,a65_69,65-69歳,65.0,69.0,False,False,2023,948.0,3569.0,33.83412
,筋骨格系及び結合組織の疾患,False,１３　筋骨格系及び結合組織の疾患,total,male,r65p,65歳以上(再掲),65.0,,True,False,2023,1447.0,,
,筋骨格系及び結合組織の疾患,False,１３　筋骨格系及び結合組織の疾患,total,male,a70_74,70-74歳,70.0,74.0,False,False,2023,1243.0,4161.0,51.72123
,筋骨格系及び結合組織の疾患,False,１３　筋骨格系及び結合組織の疾患,total,male,r70p,70歳以上(再掲),70.0,,True,False,2023,1594.0,,
,筋骨格系及び結合組織の疾患,False,１３　筋骨格系及び結合組織の疾患,total,male,a75_79,75-79歳,75.0,79.0,False,False,2023,1649.0,3365.0,55.48885
,筋骨格系及び結合組織の疾患,False,１３　筋骨格系及び結合組織の疾患,total,male,r75p,75歳以上(再掲),75.0,,True,False,2023,1777.0,,
,筋骨格系及び結合組織の疾患,False,１３　筋骨格系及び結合組織の疾患,total,male,a80_84,80-84歳,80.0,84.0,False,False,2023,1959.0,2458.0,48.15222
,筋骨格系及び結合組織の疾患,False,１３　筋骨格系及び結合組織の疾患,total,male,a85_89,85-89歳,85.0,89.0,False,False,2023,1864.0,1448.0,26.99072
,筋骨格系及び結合組織の疾患,False,１３　筋骨格系及び結合組織の疾患,total,male,a90p,90歳以上,90.0,,False,False,2023,1574.0,,
,筋骨格系及び結合組織の疾患,False,１３　筋骨格系及び結合組織の疾患,total,male,total,総数,,,False,True,2023,543.0,60492.0,328.47156
,筋骨格系及び結合組織の疾患,False,１３　筋骨格系及び結合組織の疾患,total,total,a00,0歳,0.0,0.0,False,False,2023,38.0,,
,筋骨格系及び結合組織の疾患,False,１３　筋骨格系及び結合組織の疾患,total,total,a01_04,1-4歳,1.0,4.0,False,False,2023,40.0,,
,筋骨格系及び結合組織の疾患,False,１３　筋骨格系及び結合組織の疾患,total,total,a05_09,5-9歳,5.0,9.0,False,False,2023,44.0,4838.0,2.12872
,筋骨格系及び結合組織の疾患,False,１３　筋骨格系及び結合組織の疾患,total,total,a10_14,10-14歳,10.0,14.0,False,False,2023,119.0,5248.0,6.24512
,筋骨格系及び結合組織の疾患,False,１３　筋骨格系及び結合組織の疾患,total,total,a15_19,15-19歳,15.0,19.0,False,False,2023,92.0,5494.0,5.05448
,筋骨格系及び結合組織の疾患,False,１３　筋骨格系及び結合組織の疾患,total,total,a20_24,20-24歳,20.0,24.0,False,False,2023,59.0,6236.0,3.67924
,筋骨格系及び結合組織の疾患,False,１３　筋骨格系及び結合組織の疾患,total,total,a25_29,25-29歳,25.0,29.0,False,False,2023,89.0,6479.0,5.76631
,筋骨格系及び結合組織の疾患,False,１３　筋骨格系及び結合組織の疾患,total,total,a30_34,30-34歳,30.0,34.0,False,False,2023,101.0,6380.0,6.4438
,筋骨格系及び結合組織の疾患,False,１３　筋骨格系及び結合組織の疾患,total,total,a35_39,35-39歳,35.0,39.0,False,False,2023,151.0,7047.0,10.64097
,筋骨格系及び結合組織の疾患,False,１３　筋骨格系及び結合組織の疾患,total,total,a40_44,40-44歳,40.0,44.0,False,False,2023,212.0,7765.0,16.4618
,筋骨格系及び結合組織の疾患,False,１３　筋骨格系及び結合組織の疾患,total,total,a45_49,45-49歳,45.0,49.0,False,False,2023,320.0,9115.0,29.168
,筋骨格系及び結合組織の疾患,False,１３　筋骨格系及び結合組織の疾患,total,total,a50_54,50-54歳,50.0,54.0,False,False,2023,426.0,9650.0,41.109
,筋骨格系及び結合組織の疾患,False,１３　筋骨格系及び結合組織の疾患,total,total,a55_59,55-59歳,55.0,59.0,False,False,2023,617.0,8279.0,51.08143
,筋骨格系及び結合組織の疾患,False,１３　筋骨格系及び結合組織の疾患,total,total,a60_64,60-64歳,60.0,64.0,False,False,2023,842.0,7507.0,63.20894
,筋骨格系及び結合組織の疾患,False,１３　筋骨格系及び結合組織の疾患,total,total,a65_69,65-69歳,65.0,69.0,False,False,2023,1174.0,7332.0,86.07768
,筋骨格系及び結合組織の疾患,False,１３　筋骨格系及び結合組織の疾患,total,total,r65p,65歳以上(再掲),65.0,,True,False,2023,1751.0,36227.0,634.33477
,筋骨格系及び結合組織の疾患,False,１３　筋骨格系及び結合組織の疾患,total,total,a70_74,70-74歳,70.0,74.0,False,False,2023,1521.0,8817.0,134.10657
,筋骨格系及び結合組織の疾患,False,１３　筋骨格系及び結合組織の疾患,total,total,r70p,70歳以上(再掲),70.0,,True,False,2023,1898.0,,
,筋骨格系及び結合組織の疾患,False,１３　筋骨格系及び結合組織の疾患,total,total,a75_79,75-79歳,75.0,79.0,False,False,2023,2008.0,7474.0,150.07792
,筋骨格系及び結合組織の疾患,False,１３　筋骨格系及び結合組織の疾患,total,total,r75p,75歳以上(再掲),75.0,,True,False,2023,2063.0,20078.0,414.20914
,筋骨格系及び結合組織の疾患,False,１３　筋骨格系及び結合組織の疾患,total,total,a80_84,80-84歳,80.0,84.0,False,False,2023,2354.0,5895.0,138.7683
,筋骨格系及び結合組織の疾患,False,１３　筋骨格系及び結合組織の疾患,total,total,a85_89,85-89歳,85.0,89.0,False,False,2023,2126.0,3979.0,84.59354
,筋骨格系及び結合組織の疾患,False,１３　筋骨格系及び結合組織の疾患,total,total,a90p,90歳以上,90.0,,False,False,2023,1494.0,,
,筋骨格系及び結合組織の疾患,False,１３　筋骨格系及び結合組織の疾患,total,total,total,総数,,,False,True,2023,707.0,124352.0,879.16864
,精神及び行動の障害,False,５　精神及び行動の障害,total,female,a00,0歳,0.0,0.0,False,False,2023,18.0,,
,精神及び行動の障害,False,５　精神及び行動の障害,total,female,a01_04,1-4歳,1.0,4.0,False,False,2023,52.0,,
,精神及び行動の障害,False,５　精神及び行動の障害,total,female,a05_09,5-9歳,5.0,9.0,False,False,2023,101.0,,
,精神及び行動の障害,False,５　精神及び行動の障害,total,female,a10_14,10-14歳,10.0,14.0,False,False,2023,147.0,,
,精神及び行動の障害,False,５　精神及び行動の障害,total,female,a15_19,15-19歳,15.0,19.0,False,False,2023,221.0,,
,精神及び行動の障害,False,５　精神及び行動の障害,total,female,a20_24,20-24歳,20.0,24.0,False,False,2023,238.0,,
,精神及び行動の障害,False,５　精神及び行動の障害,total,female,a25_29,25-29歳,25.0,29.0,False,False,2023,277.0,,
,精神及び行動の障害,False,５　精神及び行動の障害,total,female,a30_34,30-34歳,30.0,34.0,False,False,2023,271.0,,
,精神及び行動の障害,False,５　精神及び行動の障害,total,female,a35_39,35-39歳,35.0,39.0,False,False,2023,311.0,,
,精神及び行動の障害,False,５　精神及び行動の障害,total,female,a40_44,40-44歳,40.0,44.0,False,False,2023,353.0,,
,精神及び行動の障害,False,５　精神及び行動の障害,total,female,a45_49,45-49歳,45.0,49.0,False,False,2023,366.0,,
,精神及び行動の障害,False,５　精神及び行動の障害,total,female,a50_54,50-54歳,50.0,54.0,False,False,2023,443.0,,
,精神及び行動の障害,False,５　精神及び行動の障害,total,female,a55_59,55-59歳,55.0,59.0,False,False,2023,456.0,,
,精神及び行動の障害,False,５　精神及び行動の障害,total,female,a60_64,60-64歳,60.0,64.0,False,False,2023,460.0,,
,精神及び行動の障害,False,５　精神及び行動の障害,total,female,a65_69,65-69歳,65.0,69.0,False,False,2023,503.0,,
,精神及び行動の障害,False,５　精神及び行動の障害,total,female,r65p,65歳以上(再掲),65.0,,True,False,2023,552.0,,
,精神及び行動の障害,False,５　精神及び行動の障害,total,female,a70_74,70-74歳,70.0,74.0,False,False,2023,500.0,,
,精神及び行動の障害,False,５　精神及び行動の障害,total,female,r70p,70歳以上(再掲),70.0,,True,False,2023,563.0,,
,精神及び行動の障害,False,５　精神及び行動の障害,total,female,a75_79,75-79歳,75.0,79.0,False,False,2023,540.0,,
,精神及び行動の障害,False,５　精神及び行動の障害,total,female,r75p,75歳以上(再掲),75.0,,True,False,2023,588.0,,
,精神及び行動の障害,False,５　精神及び行動の障害,total,female,a80_84,80-84歳,80.0,84.0,False,False,2023,581.0,,
,精神及び行動の障害,False,５　精神及び行動の障害,total,female,a85_89,85-89歳,85.0,89.0,False,False,2023,607.0,,
,精神及び行動の障害,False,５　精神及び行動の障害,total,female,a90p,90歳以上,90.0,,False,False,2023,672.0,,
,精神及び行動の障害,False,５　精神及び行動の障害,total,female,total,総数,,,False,True,2023,390.0,,
,精神及び行動の障害,False,５　精神及び行動の障害,total,male,a00,0歳,0.0,0.0,False,False,2023,13.0,,
,精神及び行動の障害,False,５　精神及び行動の障害,total,male,a01_04,1-4歳,1.0,4.0,False,False,2023,148.0,,
,精神及び行動の障害,False,５　精神及び行動の障害,total,male,a05_09,5-9歳,5.0,9.0,False,False,2023,242.0,2478.0,5.99676
,精神及び行動の障害,False,５　精神及び行動の障害,total,male,a10_14,10-14歳,10.0,14.0,False,False,2023,212.0,2689.0,5.70068
,精神及び行動の障害,False,５　精神及び行動の障害,total,male,a15_19,15-19歳,15.0,19.0,False,False,2023,133.0,2818.0,3.74794
,精神及び行動の障害,False,５　精神及び行動の障害,total,male,a20_24,20-24歳,20.0,24.0,False,False,2023,143.0,3212.0,4.59316
,精神及び行動の障害,False,５　精神及び行動の障害,total,male,a25_29,25-29歳,25.0,29.0,False,False,2023,194.0,3333.0,6.46602
,精神及び行動の障害,False,５　精神及び行動の障害,total,male,a30_34,30-34歳,30.0,34.0,False,False,2023,216.0,3273.0,7.06968
,精神及び行動の障害,False,５　精神及び行動の障害,total,male,a35_39,35-39歳,35.0,39.0,False,False,2023,256.0,3593.0,9.19808
,精神及び行動の障害,False,５　精神及び行動の障害,total,male,a40_44,40-44歳,40.0,44.0,False,False,2023,320.0,3938.0,12.6016
,精神及び行動の障害,False,５　精神及び行動の障害,total,male,a45_49,45-49歳,45.0,49.0,False,False,2023,360.0,4620.0,16.632
,精神及び行動の障害,False,５　精神及び行動の障害,total,male,a50_54,50-54歳,50.0,54.0,False,False,2023,406.0,4868.0,19.76408
,精神及び行動の障害,False,５　精神及び行動の障害,total,male,a55_59,55-59歳,55.0,59.0,False,False,2023,503.0,4143.0,20.83929
,精神及び行動の障害,False,５　精神及び行動の障害,total,male,a60_64,60-64歳,60.0,64.0,False,False,2023,523.0,3719.0,19.45037
,精神及び行動の障害,False,５　精神及び行動の障害,total,male,a65_69,65-69歳,65.0,69.0,False,False,2023,539.0,3569.0,19.23691
,精神及び行動の障害,False,５　精神及び行動の障害,total,male,r65p,65歳以上(再掲),65.0,,True,False,2023,471.0,,
,精神及び行動の障害,False,５　精神及び行動の障害,total,male,a70_74,70-74歳,70.0,74.0,False,False,2023,507.0,4161.0,21.09627
,精神及び行動の障害,False,５　精神及び行動の障害,total,male,r70p,70歳以上(再掲),70.0,,True,False,2023,452.0,,
,精神及び行動の障害,False,５　精神及び行動の障害,total,male,a75_79,75-79歳,75.0,79.0,False,False,2023,426.0,3365.0,14.3349
,精神及び行動の障害,False,５　精神及び行動の障害,total,male,r75p,75歳以上(再掲),75.0,,True,False,2023,423.0,,
,精神及び行動の障害,False,５　精神及び行動の障害,total,male,a80_84,80-84歳,80.0,84.0,False,False,2023,406.0,2458.0,9.97948
,精神及び行動の障害,False,５　精神及び行動の障害,total,male,a85_89,85-89歳,85.0,89.0,False,False,2023,411.0,1448.0,5.95128
,精神及び行動の障害,False,５　精神及び行動の障害,total,male,a90p,90歳以上,90.0,,False,False,2023,486.0,,
,精神及び行動の障害,False,５　精神及び行動の障害,total,male,total,総数,,,False,True,2023,345.0,60492.0,208.6974
,精神及び行動の障害,False,５　精神及び行動の障害,total,total,a00,0歳,0.0,0.0,False,False,2023,15.0,,
,精神及び行動の障害,False,５　精神及び行動の障害,total,total,a01_04,1-4歳,1.0,4.0,False,False,2023,101.0,,
,精神及び行動の障害,False,５　精神及び行動の障害,total,total,a05_09,5-9歳,5.0,9.0,False,False,2023,173.0,4838.0,8.36974
,精神及び行動の障害,False,５　精神及び行動の障害,total,total,a10_14,10-14歳,10.0,14.0,False,False,2023,180.0,5248.0,9.4464
,精神及び行動の障害,False,５　精神及び行動の障害,total,total,a15_19,15-19歳,15.0,19.0,False,False,2023,176.0,5494.0,9.66944
,精神及び行動の障害,False,５　精神及び行動の障害,total,total,a20_24,20-24歳,20.0,24.0,False,False,2023,189.0,6236.0,11.78604
,精神及び行動の障害,False,５　精神及び行動の障害,total,total,a25_29,25-29歳,25.0,29.0,False,False,2023,234.0,6479.0,15.16086
,精神及び行動の障害,False,５　精神及び行動の障害,total,total,a30_34,30-34歳,30.0,34.0,False,False,2023,243.0,6380.0,15.5034
,精神及び行動の障害,False,５　精神及び行動の障害,total,total,a35_39,35-39歳,35.0,39.0,False,False,2023,283.0,7047.0,19.94301
,精神及び行動の障害,False,５　精神及び行動の障害,total,total,a40_44,40-44歳,40.0,44.0,False,False,2023,337.0,7765.0,26.16805
,精神及び行動の障害,False,５　精神及び行動の障害,total,total,a45_49,45-49歳,45.0,49.0,False,False,2023,363.0,9115.0,33.08745
,精神及び行動の障害,False,５　精神及び行動の障害,total,total,a50_54,50-54歳,50.0,54.0,False,False,2023,424.0,9650.0,40.916
,精神及び行動の障害,False,５　精神及び行動の障害,total,total,a55_59,55-59歳,55.0,59.0,False,False,2023,480.0,8279.0,39.7392
,精神及び行動の障害,False,５　精神及び行動の障害,total,total,a60_64,60-64歳,60.0,64.0,False,False,2023,491.0,7507.0,36.85937
,精神及び行動の障害,False,５　精神及び行動の障害,total,total,a65_69,65-69歳,65.0,69.0,False,False,2023,521.0,7332.0,38.19972
,精神及び行動の障害,False,５　精神及び行動の障害,total,total,r65p,65歳以上(再掲),65.0,,True,False,2023,517.0,36227.0,187.29359
,精神及び行動の障害,False,５　精神及び行動の障害,total,total,a70_74,70-74歳,70.0,74.0,False,False,2023,503.0,8817.0,44.34951
,精神及び行動の障害,False,５　精神及び行動の障害,total,total,r70p,70歳以上(再掲),70.0,,True,False,2023,516.0,,
,精神及び行動の障害,False,５　精神及び行動の障害,total,total,a75_79,75-79歳,75.0,79.0,False,False,2023,489.0,7474.0,36.54786
,精神及び行動の障害,False,５　精神及び行動の障害,total,total,r75p,75歳以上(再掲),75.0,,True,False,2023,522.0,20078.0,104.80716
,精神及び行動の障害,False,５　精神及び行動の障害,total,total,a80_84,80-84歳,80.0,84.0,False,False,2023,508.0,5895.0,29.9466
,精神及び行動の障害,False,５　精神及び行動の障害,total,total,a85_89,85-89歳,85.0,89.0,False,False,2023,536.0,3979.0,21.32744
,精神及び行動の障害,False,５　精神及び行動の障害,total,total,a90p,90歳以上,90.0,,False,False,2023,623.0,,
,精神及び行動の障害,False,５　精神及び行動の障害,total,total,total,総数,,,False,True,2023,368.0,124352.0,457.61536
,糖尿病,True,４　内分泌，栄養及び代謝疾患(糖尿病（再掲）),total,female,a00,0歳,0.0,0.0,False,False,2023,1.0,,
,糖尿病,True,４　内分泌，栄養及び代謝疾患(糖尿病（再掲）),total,female,a01_04,1-4歳,1.0,4.0,False,False,2023,2.0,,
,糖尿病,True,４　内分泌，栄養及び代謝疾患(糖尿病（再掲）),total,female,a05_09,5-9歳,5.0,9.0,False,False,2023,3.0,,
,糖尿病,True,４　内分泌，栄養及び代謝疾患(糖尿病（再掲）),total,female,a10_14,10-14歳,10.0,14.0,False,False,2023,4.0,,
,糖尿病,True,４　内分泌，栄養及び代謝疾患(糖尿病（再掲）),total,female,a15_19,15-19歳,15.0,19.0,False,False,2023,5.0,,
,糖尿病,True,４　内分泌，栄養及び代謝疾患(糖尿病（再掲）),total,female,a20_24,20-24歳,20.0,24.0,False,False,2023,13.0,,
,糖尿病,True,４　内分泌，栄養及び代謝疾患(糖尿病（再掲）),total,female,a25_29,25-29歳,25.0,29.0,False,False,2023,9.0,,
,糖尿病,True,４　内分泌，栄養及び代謝疾患(糖尿病（再掲）),total,female,a30_34,30-34歳,30.0,34.0,False,False,2023,20.0,,
,糖尿病,True,４　内分泌，栄養及び代謝疾患(糖尿病（再掲）),total,female,a35_39,35-39歳,35.0,39.0,False,False,2023,23.0,,
,糖尿病,True,４　内分泌，栄養及び代謝疾患(糖尿病（再掲）),total,female,a40_44,40-44歳,40.0,44.0,False,False,2023,37.0,,
,糖尿病,True,４　内分泌，栄養及び代謝疾患(糖尿病（再掲）),total,female,a45_49,45-49歳,45.0,49.0,False,False,2023,61.0,,
,糖尿病,True,４　内分泌，栄養及び代謝疾患(糖尿病（再掲）),total,female,a50_54,50-54歳,50.0,54.0,False,False,2023,92.0,,
,糖尿病,True,４　内分泌，栄養及び代謝疾患(糖尿病（再掲）),total,female,a55_59,55-59歳,55.0,59.0,False,False,2023,130.0,,
,糖尿病,True,４　内分泌，栄養及び代謝疾患(糖尿病（再掲）),total,female,a60_64,60-64歳,60.0,64.0,False,False,2023,160.0,,
,糖尿病,True,４　内分泌，栄養及び代謝疾患(糖尿病（再掲）),total,female,a65_69,65-69歳,65.0,69.0,False,False,2023,281.0,,
,糖尿病,True,４　内分泌，栄養及び代謝疾患(糖尿病（再掲）),total,female,r65p,65歳以上(再掲),65.0,,True,False,2023,361.0,,
,糖尿病,True,４　内分泌，栄養及び代謝疾患(糖尿病（再掲）),total,female,a70_74,70-74歳,70.0,74.0,False,False,2023,338.0,,
,糖尿病,True,４　内分泌，栄養及び代謝疾患(糖尿病（再掲）),total,female,r70p,70歳以上(再掲),70.0,,True,False,2023,379.0,,
,糖尿病,True,４　内分泌，栄養及び代謝疾患(糖尿病（再掲）),total,female,a75_79,75-79歳,75.0,79.0,False,False,2023,411.0,,
,糖尿病,True,４　内分泌，栄養及び代謝疾患(糖尿病（再掲）),total,female,r75p,75歳以上(再掲),75.0,,True,False,2023,394.0,,
,糖尿病,True,４　内分泌，栄養及び代謝疾患(糖尿病（再掲）),total,female,a80_84,80-84歳,80.0,84.0,False,False,2023,410.0,,
,糖尿病,True,４　内分泌，栄養及び代謝疾患(糖尿病（再掲）),total,female,a85_89,85-89歳,85.0,89.0,False,False,2023,421.0,,
,糖尿病,True,４　内分泌，栄養及び代謝疾患(糖尿病（再掲）),total,female,a90p,90歳以上,90.0,,False,False,2023,298.0,,
,糖尿病,True,４　内分泌，栄養及び代謝疾患(糖尿病（再掲）),total,female,total,総数,,,False,True,2023,151.0,,
,糖尿病,True,４　内分泌，栄養及び代謝疾患(糖尿病（再掲）),total,male,a00,0歳,0.0,0.0,False,False,2023,1.0,,
,糖尿病,True,４　内分泌，栄養及び代謝疾患(糖尿病（再掲）),total,male,a01_04,1-4歳,1.0,4.0,False,False,2023,0.0,,
,糖尿病,True,４　内分泌，栄養及び代謝疾患(糖尿病（再掲）),total,male,a05_09,5-9歳,5.0,9.0,False,False,2023,2.0,2478.0,0.04956
,糖尿病,True,４　内分泌，栄養及び代謝疾患(糖尿病（再掲）),total,male,a10_14,10-14歳,10.0,14.0,False,False,2023,3.0,2689.0,0.08067
,糖尿病,True,４　内分泌，栄養及び代謝疾患(糖尿病（再掲）),total,male,a15_19,15-19歳,15.0,19.0,False,False,2023,3.0,2818.0,0.08454
,糖尿病,True,４　内分泌，栄養及び代謝疾患(糖尿病（再掲）),total,male,a20_24,20-24歳,20.0,24.0,False,False,2023,7.0,3212.0,0.22484
,糖尿病,True,４　内分泌，栄養及び代謝疾患(糖尿病（再掲）),total,male,a25_29,25-29歳,25.0,29.0,False,False,2023,10.0,3333.0,0.3333
,糖尿病,True,４　内分泌，栄養及び代謝疾患(糖尿病（再掲）),total,male,a30_34,30-34歳,30.0,34.0,False,False,2023,21.0,3273.0,0.68733
,糖尿病,True,４　内分泌，栄養及び代謝疾患(糖尿病（再掲）),total,male,a35_39,35-39歳,35.0,39.0,False,False,2023,37.0,3593.0,1.32941
,糖尿病,True,４　内分泌，栄養及び代謝疾患(糖尿病（再掲）),total,male,a40_44,40-44歳,40.0,44.0,False,False,2023,64.0,3938.0,2.52032
,糖尿病,True,４　内分泌，栄養及び代謝疾患(糖尿病（再掲）),total,male,a45_49,45-49歳,45.0,49.0,False,False,2023,110.0,4620.0,5.082
,糖尿病,True,４　内分泌，栄養及び代謝疾患(糖尿病（再掲）),total,male,a50_54,50-54歳,50.0,54.0,False,False,2023,157.0,4868.0,7.64276
,糖尿病,True,４　内分泌，栄養及び代謝疾患(糖尿病（再掲）),total,male,a55_59,55-59歳,55.0,59.0,False,False,2023,240.0,4143.0,9.9432
,糖尿病,True,４　内分泌，栄養及び代謝疾患(糖尿病（再掲）),total,male,a60_64,60-64歳,60.0,64.0,False,False,2023,306.0,3719.0,11.38014
,糖尿病,True,４　内分泌，栄養及び代謝疾患(糖尿病（再掲）),total,male,a65_69,65-69歳,65.0,69.0,False,False,2023,446.0,3569.0,15.91774
,糖尿病,True,４　内分泌，栄養及び代謝疾患(糖尿病（再掲）),total,male,r65p,65歳以上(再掲),65.0,,True,False,2023,522.0,,
,糖尿病,True,４　内分泌，栄養及び代謝疾患(糖尿病（再掲）),total,male,a70_74,70-74歳,70.0,74.0,False,False,2023,520.0,4161.0,21.6372
,糖尿病,True,４　内分泌，栄養及び代謝疾患(糖尿病（再掲）),total,male,r70p,70歳以上(再掲),70.0,,True,False,2023,545.0,,
,糖尿病,True,４　内分泌，栄養及び代謝疾患(糖尿病（再掲）),total,male,a75_79,75-79歳,75.0,79.0,False,False,2023,573.0,3365.0,19.28145
,糖尿病,True,４　内分泌，栄養及び代謝疾患(糖尿病（再掲）),total,male,r75p,75歳以上(再掲),75.0,,True,False,2023,558.0,,
,糖尿病,True,４　内分泌，栄養及び代謝疾患(糖尿病（再掲）),total,male,a80_84,80-84歳,80.0,84.0,False,False,2023,561.0,2458.0,13.78938
,糖尿病,True,４　内分泌，栄養及び代謝疾患(糖尿病（再掲）),total,male,a85_89,85-89歳,85.0,89.0,False,False,2023,537.0,1448.0,7.77576
,糖尿病,True,４　内分泌，栄養及び代謝疾患(糖尿病（再掲）),total,male,a90p,90歳以上,90.0,,False,False,2023,513.0,,
,糖尿病,True,４　内分泌，栄養及び代謝疾患(糖尿病（再掲）),total,male,total,総数,,,False,True,2023,201.0,60492.0,121.58892
,糖尿病,True,４　内分泌，栄養及び代謝疾患(糖尿病（再掲）),total,total,a00,0歳,0.0,0.0,False,False,2023,1.0,,
,糖尿病,True,４　内分泌，栄養及び代謝疾患(糖尿病（再掲）),total,total,a01_04,1-4歳,1.0,4.0,False,False,2023,1.0,,
,糖尿病,True,４　内分泌，栄養及び代謝疾患(糖尿病（再掲）),total,total,a05_09,5-9歳,5.0,9.0,False,False,2023,3.0,4838.0,0.14514
,糖尿病,True,４　内分泌，栄養及び代謝疾患(糖尿病（再掲）),total,total,a10_14,10-14歳,10.0,14.0,False,False,2023,3.0,5248.0,0.15744
,糖尿病,True,４　内分泌，栄養及び代謝疾患(糖尿病（再掲）),total,total,a15_19,15-19歳,15.0,19.0,False,False,2023,4.0,5494.0,0.21976
,糖尿病,True,４　内分泌，栄養及び代謝疾患(糖尿病（再掲）),total,total,a20_24,20-24歳,20.0,24.0,False,False,2023,10.0,6236.0,0.6236
,糖尿病,True,４　内分泌，栄養及び代謝疾患(糖尿病（再掲）),total,total,a25_29,25-29歳,25.0,29.0,False,False,2023,10.0,6479.0,0.6479
,糖尿病,True,４　内分泌，栄養及び代謝疾患(糖尿病（再掲）),total,total,a30_34,30-34歳,30.0,34.0,False,False,2023,20.0,6380.0,1.276
,糖尿病,True,４　内分泌，栄養及び代謝疾患(糖尿病（再掲）),total,total,a35_39,35-39歳,35.0,39.0,False,False,2023,30.0,7047.0,2.1141
,糖尿病,True,４　内分泌，栄養及び代謝疾患(糖尿病（再掲）),total,total,a40_44,40-44歳,40.0,44.0,False,False,2023,51.0,7765.0,3.96015
,糖尿病,True,４　内分泌，栄養及び代謝疾患(糖尿病（再掲）),total,total,a45_49,45-49歳,45.0,49.0,False,False,2023,85.0,9115.0,7.74775
,糖尿病,True,４　内分泌，栄養及び代謝疾患(糖尿病（再掲）),total,total,a50_54,50-54歳,50.0,54.0,False,False,2023,124.0,9650.0,11.966
,糖尿病,True,４　内分泌，栄養及び代謝疾患(糖尿病（再掲）),total,total,a55_59,55-59歳,55.0,59.0,False,False,2023,185.0,8279.0,15.31615
,糖尿病,True,４　内分泌，栄養及び代謝疾患(糖尿病（再掲）),total,total,a60_64,60-64歳,60.0,64.0,False,False,2023,232.0,7507.0,17.41624
,糖尿病,True,４　内分泌，栄養及び代謝疾患(糖尿病（再掲）),total,total,a65_69,65-69歳,65.0,69.0,False,False,2023,361.0,7332.0,26.46852
,糖尿病,True,４　内分泌，栄養及び代謝疾患(糖尿病（再掲）),total,total,r65p,65歳以上(再掲),65.0,,True,False,2023,431.0,36227.0,156.13837
,糖尿病,True,４　内分泌，栄養及び代謝疾患(糖尿病（再掲）),total,total,a70_74,70-74歳,70.0,74.0,False,False,2023,424.0,8817.0,37.38408
,糖尿病,True,４　内分泌，栄養及び代謝疾患(糖尿病（再掲）),total,total,r70p,70歳以上(再掲),70.0,,True,False,2023,449.0,,
,糖尿病,True,４　内分泌，栄養及び代謝疾患(糖尿病（再掲）),total,total,a75_79,75-79歳,75.0,79.0,False,False,2023,484.0,7474.0,36.17416
,糖尿病,True,４　内分泌，栄養及び代謝疾患(糖尿病（再掲）),total,total,r75p,75歳以上(再掲),75.0,,True,False,2023,459.0,20078.0,92.15802
,糖尿病,True,４　内分泌，栄養及び代謝疾患(糖尿病（再掲）),total,total,a80_84,80-84歳,80.0,84.0,False,False,2023,473.0,5895.0,27.88335
,糖尿病,True,４　内分泌，栄養及び代謝疾患(糖尿病（再掲）),total,total,a85_89,85-89歳,85.0,89.0,False,False,2023,464.0,3979.0,18.46256
,糖尿病,True,４　内分泌，栄養及び代謝疾患(糖尿病（再掲）),total,total,a90p,90歳以上,90.0,,False,False,2023,354.0,,
,糖尿病,True,４　内分泌，栄養及び代謝疾患(糖尿病（再掲）),total,total,total,総数,,,False,True,2023,175.0,124352.0,217.616
,"糸球体疾患,腎尿細管間質性疾患及び腎不全",True,１４　腎尿路生殖器系の疾患(糸球体疾患，腎尿細管間質性疾患及び腎不全（再掲）),total,female,a00,0歳,0.0,0.0,False,False,2023,7.0,,
,"糸球体疾患,腎尿細管間質性疾患及び腎不全",True,１４　腎尿路生殖器系の疾患(糸球体疾患，腎尿細管間質性疾患及び腎不全（再掲）),total,female,a01_04,1-4歳,1.0,4.0,False,False,2023,4.0,,
,"糸球体疾患,腎尿細管間質性疾患及び腎不全",True,１４　腎尿路生殖器系の疾患(糸球体疾患，腎尿細管間質性疾患及び腎不全（再掲）),total,female,a05_09,5-9歳,5.0,9.0,False,False,2023,5.0,,
,"糸球体疾患,腎尿細管間質性疾患及び腎不全",True,１４　腎尿路生殖器系の疾患(糸球体疾患，腎尿細管間質性疾患及び腎不全（再掲）),total,female,a10_14,10-14歳,10.0,14.0,False,False,2023,9.0,,
,"糸球体疾患,腎尿細管間質性疾患及び腎不全",True,１４　腎尿路生殖器系の疾患(糸球体疾患，腎尿細管間質性疾患及び腎不全（再掲）),total,female,a15_19,15-19歳,15.0,19.0,False,False,2023,6.0,,
,"糸球体疾患,腎尿細管間質性疾患及び腎不全",True,１４　腎尿路生殖器系の疾患(糸球体疾患，腎尿細管間質性疾患及び腎不全（再掲）),total,female,a20_24,20-24歳,20.0,24.0,False,False,2023,10.0,,
,"糸球体疾患,腎尿細管間質性疾患及び腎不全",True,１４　腎尿路生殖器系の疾患(糸球体疾患，腎尿細管間質性疾患及び腎不全（再掲）),total,female,a25_29,25-29歳,25.0,29.0,False,False,2023,10.0,,
,"糸球体疾患,腎尿細管間質性疾患及び腎不全",True,１４　腎尿路生殖器系の疾患(糸球体疾患，腎尿細管間質性疾患及び腎不全（再掲）),total,female,a30_34,30-34歳,30.0,34.0,False,False,2023,10.0,,
,"糸球体疾患,腎尿細管間質性疾患及び腎不全",True,１４　腎尿路生殖器系の疾患(糸球体疾患，腎尿細管間質性疾患及び腎不全（再掲）),total,female,a35_39,35-39歳,35.0,39.0,False,False,2023,14.0,,
,"糸球体疾患,腎尿細管間質性疾患及び腎不全",True,１４　腎尿路生殖器系の疾患(糸球体疾患，腎尿細管間質性疾患及び腎不全（再掲）),total,female,a40_44,40-44歳,40.0,44.0,False,False,2023,29.0,,
,"糸球体疾患,腎尿細管間質性疾患及び腎不全",True,１４　腎尿路生殖器系の疾患(糸球体疾患，腎尿細管間質性疾患及び腎不全（再掲）),total,female,a45_49,45-49歳,45.0,49.0,False,False,2023,42.0,,
,"糸球体疾患,腎尿細管間質性疾患及び腎不全",True,１４　腎尿路生殖器系の疾患(糸球体疾患，腎尿細管間質性疾患及び腎不全（再掲）),total,female,a50_54,50-54歳,50.0,54.0,False,False,2023,61.0,,
,"糸球体疾患,腎尿細管間質性疾患及び腎不全",True,１４　腎尿路生殖器系の疾患(糸球体疾患，腎尿細管間質性疾患及び腎不全（再掲）),total,female,a55_59,55-59歳,55.0,59.0,False,False,2023,88.0,,
,"糸球体疾患,腎尿細管間質性疾患及び腎不全",True,１４　腎尿路生殖器系の疾患(糸球体疾患，腎尿細管間質性疾患及び腎不全（再掲）),total,female,a60_64,60-64歳,60.0,64.0,False,False,2023,124.0,,
,"糸球体疾患,腎尿細管間質性疾患及び腎不全",True,１４　腎尿路生殖器系の疾患(糸球体疾患，腎尿細管間質性疾患及び腎不全（再掲）),total,female,a65_69,65-69歳,65.0,69.0,False,False,2023,155.0,,
,"糸球体疾患,腎尿細管間質性疾患及び腎不全",True,１４　腎尿路生殖器系の疾患(糸球体疾患，腎尿細管間質性疾患及び腎不全（再掲）),total,female,r65p,65歳以上(再掲),65.0,,True,False,2023,234.0,,
,"糸球体疾患,腎尿細管間質性疾患及び腎不全",True,１４　腎尿路生殖器系の疾患(糸球体疾患，腎尿細管間質性疾患及び腎不全（再掲）),total,female,a70_74,70-74歳,70.0,74.0,False,False,2023,198.0,,
,"糸球体疾患,腎尿細管間質性疾患及び腎不全",True,１４　腎尿路生殖器系の疾患(糸球体疾患，腎尿細管間質性疾患及び腎不全（再掲）),total,female,r70p,70歳以上(再掲),70.0,,True,False,2023,252.0,,
,"糸球体疾患,腎尿細管間質性疾患及び腎不全",True,１４　腎尿路生殖器系の疾患(糸球体疾患，腎尿細管間質性疾患及び腎不全（再掲）),total,female,a75_79,75-79歳,75.0,79.0,False,False,2023,229.0,,
,"糸球体疾患,腎尿細管間質性疾患及び腎不全",True,１４　腎尿路生殖器系の疾患(糸球体疾患，腎尿細管間質性疾患及び腎不全（再掲）),total,female,r75p,75歳以上(再掲),75.0,,True,False,2023,273.0,,
,"糸球体疾患,腎尿細管間質性疾患及び腎不全",True,１４　腎尿路生殖器系の疾患(糸球体疾患，腎尿細管間質性疾患及び腎不全（再掲）),total,female,a80_84,80-84歳,80.0,84.0,False,False,2023,278.0,,
,"糸球体疾患,腎尿細管間質性疾患及び腎不全",True,１４　腎尿路生殖器系の疾患(糸球体疾患，腎尿細管間質性疾患及び腎不全（再掲）),total,female,a85_89,85-89歳,85.0,89.0,False,False,2023,321.0,,
,"糸球体疾患,腎尿細管間質性疾患及び腎不全",True,１４　腎尿路生殖器系の疾患(糸球体疾患，腎尿細管間質性疾患及び腎不全（再掲）),total,female,a90p,90歳以上,90.0,,False,False,2023,294.0,,
,"糸球体疾患,腎尿細管間質性疾患及び腎不全",True,１４　腎尿路生殖器系の疾患(糸球体疾患，腎尿細管間質性疾患及び腎不全（再掲）),total,female,total,総数,,,False,True,2023,101.0,,
,"糸球体疾患,腎尿細管間質性疾患及び腎不全",True,１４　腎尿路生殖器系の疾患(糸球体疾患，腎尿細管間質性疾患及び腎不全（再掲）),total,male,a00,0歳,0.0,0.0,False,False,2023,10.0,,
,"糸球体疾患,腎尿細管間質性疾患及び腎不全",True,１４　腎尿路生殖器系の疾患(糸球体疾患，腎尿細管間質性疾患及び腎不全（再掲）),total,male,a01_04,1-4歳,1.0,4.0,False,False,2023,6.0,,
,"糸球体疾患,腎尿細管間質性疾患及び腎不全",True,１４　腎尿路生殖器系の疾患(糸球体疾患，腎尿細管間質性疾患及び腎不全（再掲）),total,male,a05_09,5-9歳,5.0,9.0,False,False,2023,8.0,2478.0,0.19824
,"糸球体疾患,腎尿細管間質性疾患及び腎不全",True,１４　腎尿路生殖器系の疾患(糸球体疾患，腎尿細管間質性疾患及び腎不全（再掲）),total,male,a10_14,10-14歳,10.0,14.0,False,False,2023,7.0,2689.0,0.18823
,"糸球体疾患,腎尿細管間質性疾患及び腎不全",True,１４　腎尿路生殖器系の疾患(糸球体疾患，腎尿細管間質性疾患及び腎不全（再掲）),total,male,a15_19,15-19歳,15.0,19.0,False,False,2023,4.0,2818.0,0.11272
,"糸球体疾患,腎尿細管間質性疾患及び腎不全",True,１４　腎尿路生殖器系の疾患(糸球体疾患，腎尿細管間質性疾患及び腎不全（再掲）),total,male,a20_24,20-24歳,20.0,24.0,False,False,2023,4.0,3212.0,0.12848
,"糸球体疾患,腎尿細管間質性疾患及び腎不全",True,１４　腎尿路生殖器系の疾患(糸球体疾患，腎尿細管間質性疾患及び腎不全（再掲）),total,male,a25_29,25-29歳,25.0,29.0,False,False,2023,7.0,3333.0,0.23331
,"糸球体疾患,腎尿細管間質性疾患及び腎不全",True,１４　腎尿路生殖器系の疾患(糸球体疾患，腎尿細管間質性疾患及び腎不全（再掲）),total,male,a30_34,30-34歳,30.0,34.0,False,False,2023,10.0,3273.0,0.3273
,"糸球体疾患,腎尿細管間質性疾患及び腎不全",True,１４　腎尿路生殖器系の疾患(糸球体疾患，腎尿細管間質性疾患及び腎不全（再掲）),total,male,a35_39,35-39歳,35.0,39.0,False,False,2023,36.0,3593.0,1.29348
,"糸球体疾患,腎尿細管間質性疾患及び腎不全",True,１４　腎尿路生殖器系の疾患(糸球体疾患，腎尿細管間質性疾患及び腎不全（再掲）),total,male,a40_44,40-44歳,40.0,44.0,False,False,2023,56.0,3938.0,2.20528
,"糸球体疾患,腎尿細管間質性疾患及び腎不全",True,１４　腎尿路生殖器系の疾患(糸球体疾患，腎尿細管間質性疾患及び腎不全（再掲）),total,male,a45_49,45-49歳,45.0,49.0,False,False,2023,79.0,4620.0,3.6498
,"糸球体疾患,腎尿細管間質性疾患及び腎不全",True,１４　腎尿路生殖器系の疾患(糸球体疾患，腎尿細管間質性疾患及び腎不全（再掲）),total,male,a50_54,50-54歳,50.0,54.0,False,False,2023,133.0,4868.0,6.47444
,"糸球体疾患,腎尿細管間質性疾患及び腎不全",True,１４　腎尿路生殖器系の疾患(糸球体疾患，腎尿細管間質性疾患及び腎不全（再掲）),total,male,a55_59,55-59歳,55.0,59.0,False,False,2023,207.0,4143.0,8.57601
,"糸球体疾患,腎尿細管間質性疾患及び腎不全",True,１４　腎尿路生殖器系の疾患(糸球体疾患，腎尿細管間質性疾患及び腎不全（再掲）),total,male,a60_64,60-64歳,60.0,64.0,False,False,2023,261.0,3719.0,9.70659
,"糸球体疾患,腎尿細管間質性疾患及び腎不全",True,１４　腎尿路生殖器系の疾患(糸球体疾患，腎尿細管間質性疾患及び腎不全（再掲）),total,male,a65_69,65-69歳,65.0,69.0,False,False,2023,368.0,3569.0,13.13392
,"糸球体疾患,腎尿細管間質性疾患及び腎不全",True,１４　腎尿路生殖器系の疾患(糸球体疾患，腎尿細管間質性疾患及び腎不全（再掲）),total,male,r65p,65歳以上(再掲),65.0,,True,False,2023,472.0,,
,"糸球体疾患,腎尿細管間質性疾患及び腎不全",True,１４　腎尿路生殖器系の疾患(糸球体疾患，腎尿細管間質性疾患及び腎不全（再掲）),total,male,a70_74,70-74歳,70.0,74.0,False,False,2023,426.0,4161.0,17.72586
,"糸球体疾患,腎尿細管間質性疾患及び腎不全",True,１４　腎尿路生殖器系の疾患(糸球体疾患，腎尿細管間質性疾患及び腎不全（再掲）),total,male,r70p,70歳以上(再掲),70.0,,True,False,2023,502.0,,
,"糸球体疾患,腎尿細管間質性疾患及び腎不全",True,１４　腎尿路生殖器系の疾患(糸球体疾患，腎尿細管間質性疾患及び腎不全（再掲）),total,male,a75_79,75-79歳,75.0,79.0,False,False,2023,489.0,3365.0,16.45485
,"糸球体疾患,腎尿細管間質性疾患及び腎不全",True,１４　腎尿路生殖器系の疾患(糸球体疾患，腎尿細管間質性疾患及び腎不全（再掲）),total,male,r75p,75歳以上(再掲),75.0,,True,False,2023,542.0,,
,"糸球体疾患,腎尿細管間質性疾患及び腎不全",True,１４　腎尿路生殖器系の疾患(糸球体疾患，腎尿細管間質性疾患及び腎不全（再掲）),total,male,a80_84,80-84歳,80.0,84.0,False,False,2023,550.0,2458.0,13.519
,"糸球体疾患,腎尿細管間質性疾患及び腎不全",True,１４　腎尿路生殖器系の疾患(糸球体疾患，腎尿細管間質性疾患及び腎不全（再掲）),total,male,a85_89,85-89歳,85.0,89.0,False,False,2023,649.0,1448.0,9.39752
,"糸球体疾患,腎尿細管間質性疾患及び腎不全",True,１４　腎尿路生殖器系の疾患(糸球体疾患，腎尿細管間質性疾患及び腎不全（再掲）),total,male,a90p,90歳以上,90.0,,False,False,2023,551.0,,
,"糸球体疾患,腎尿細管間質性疾患及び腎不全",True,１４　腎尿路生殖器系の疾患(糸球体疾患，腎尿細管間質性疾患及び腎不全（再掲）),total,male,total,総数,,,False,True,2023,178.0,60492.0,107.67576
,"糸球体疾患,腎尿細管間質性疾患及び腎不全",True,１４　腎尿路生殖器系の疾患(糸球体疾患，腎尿細管間質性疾患及び腎不全（再掲）),total,total,a00,0歳,0.0,0.0,False,False,2023,8.0,,
,"糸球体疾患,腎尿細管間質性疾患及び腎不全",True,１４　腎尿路生殖器系の疾患(糸球体疾患，腎尿細管間質性疾患及び腎不全（再掲）),total,total,a01_04,1-4歳,1.0,4.0,False,False,2023,5.0,,
,"糸球体疾患,腎尿細管間質性疾患及び腎不全",True,１４　腎尿路生殖器系の疾患(糸球体疾患，腎尿細管間質性疾患及び腎不全（再掲）),total,total,a05_09,5-9歳,5.0,9.0,False,False,2023,6.0,4838.0,0.29028
,"糸球体疾患,腎尿細管間質性疾患及び腎不全",True,１４　腎尿路生殖器系の疾患(糸球体疾患，腎尿細管間質性疾患及び腎不全（再掲）),total,total,a10_14,10-14歳,10.0,14.0,False,False,2023,8.0,5248.0,0.41984
,"糸球体疾患,腎尿細管間質性疾患及び腎不全",True,１４　腎尿路生殖器系の疾患(糸球体疾患，腎尿細管間質性疾患及び腎不全（再掲）),total,total,a15_19,15-19歳,15.0,19.0,False,False,2023,5.0,5494.0,0.2747
,"糸球体疾患,腎尿細管間質性疾患及び腎不全",True,１４　腎尿路生殖器系の疾患(糸球体疾患，腎尿細管間質性疾患及び腎不全（再掲）),total,total,a20_24,20-24歳,20.0,24.0,False,False,2023,7.0,6236.0,0.43652
,"糸球体疾患,腎尿細管間質性疾患及び腎不全",True,１４　腎尿路生殖器系の疾患(糸球体疾患，腎尿細管間質性疾患及び腎不全（再掲）),total,total,a25_29,25-29歳,25.0,29.0,False,False,2023,8.0,6479.0,0.51832
,"糸球体疾患,腎尿細管間質性疾患及び腎不全",True,１４　腎尿路生殖器系の疾患(糸球体疾患，腎尿細管間質性疾患及び腎不全（再掲）),total,total,a30_34,30-34歳,30.0,34.0,False,False,2023,10.0,6380.0,0.638
,"糸球体疾患,腎尿細管間質性疾患及び腎不全",True,１４　腎尿路生殖器系の疾患(糸球体疾患，腎尿細管間質性疾患及び腎不全（再掲）),total,total,a35_39,35-39歳,35.0,39.0,False,False,2023,25.0,7047.0,1.76175
,"糸球体疾患,腎尿細管間質性疾患及び腎不全",True,１４　腎尿路生殖器系の疾患(糸球体疾患，腎尿細管間質性疾患及び腎不全（再掲）),total,total,a40_44,40-44歳,40.0,44.0,False,False,2023,43.0,7765.0,3.33895
,"糸球体疾患,腎尿細管間質性疾患及び腎不全",True,１４　腎尿路生殖器系の疾患(糸球体疾患，腎尿細管間質性疾患及び腎不全（再掲）),total,total,a45_49,45-49歳,45.0,49.0,False,False,2023,61.0,9115.0,5.56015
,"糸球体疾患,腎尿細管間質性疾患及び腎不全",True,１４　腎尿路生殖器系の疾患(糸球体疾患，腎尿細管間質性疾患及び腎不全（再掲）),total,total,a50_54,50-54歳,50.0,54.0,False,False,2023,97.0,9650.0,9.3605
,"糸球体疾患,腎尿細管間質性疾患及び腎不全",True,１４　腎尿路生殖器系の疾患(糸球体疾患，腎尿細管間質性疾患及び腎不全（再掲）),total,total,a55_59,55-59歳,55.0,59.0,False,False,2023,148.0,8279.0,12.25292
,"糸球体疾患,腎尿細管間質性疾患及び腎不全",True,１４　腎尿路生殖器系の疾患(糸球体疾患，腎尿細管間質性疾患及び腎不全（再掲）),total,total,a60_64,60-64歳,60.0,64.0,False,False,2023,192.0,7507.0,14.41344
,"糸球体疾患,腎尿細管間質性疾患及び腎不全",True,１４　腎尿路生殖器系の疾患(糸球体疾患，腎尿細管間質性疾患及び腎不全（再掲）),total,total,a65_69,65-69歳,65.0,69.0,False,False,2023,259.0,7332.0,18.98988
,"糸球体疾患,腎尿細管間質性疾患及び腎不全",True,１４　腎尿路生殖器系の疾患(糸球体疾患，腎尿細管間質性疾患及び腎不全（再掲）),total,total,r65p,65歳以上(再掲),65.0,,True,False,2023,337.0,36227.0,122.08499
,"糸球体疾患,腎尿細管間質性疾患及び腎不全",True,１４　腎尿路生殖器系の疾患(糸球体疾患，腎尿細管間質性疾患及び腎不全（再掲）),total,total,a70_74,70-74歳,70.0,74.0,False,False,2023,306.0,8817.0,26.98002
,"糸球体疾患,腎尿細管間質性疾患及び腎不全",True,１４　腎尿路生殖器系の疾患(糸球体疾患，腎尿細管間質性疾患及び腎不全（再掲）),total,total,r70p,70歳以上(再掲),70.0,,True,False,2023,357.0,,
,"糸球体疾患,腎尿細管間質性疾患及び腎不全",True,１４　腎尿路生殖器系の疾患(糸球体疾患，腎尿細管間質性疾患及び腎不全（再掲）),total,total,a75_79,75-79歳,75.0,79.0,False,False,2023,346.0,7474.0,25.86004
,"糸球体疾患,腎尿細管間質性疾患及び腎不全",True,１４　腎尿路生殖器系の疾患(糸球体疾患，腎尿細管間質性疾患及び腎不全（再掲）),total,total,r75p,75歳以上(再掲),75.0,,True,False,2023,380.0,20078.0,76.2964
,"糸球体疾患,腎尿細管間質性疾患及び腎不全",True,１４　腎尿路生殖器系の疾患(糸球体疾患，腎尿細管間質性疾患及び腎不全（再掲）),total,total,a80_84,80-84歳,80.0,84.0,False,False,2023,391.0,5895.0,23.04945
,"糸球体疾患,腎尿細管間質性疾患及び腎不全",True,１４　腎尿路生殖器系の疾患(糸球体疾患，腎尿細管間質性疾患及び腎不全（再掲）),total,total,a85_89,85-89歳,85.0,89.0,False,False,2023,440.0,3979.0,17.5076
,"糸球体疾患,腎尿細管間質性疾患及び腎不全",True,１４　腎尿路生殖器系の疾患(糸球体疾患，腎尿細管間質性疾患及び腎不全（再掲）),total,total,a90p,90歳以上,90.0,,False,False,2023,361.0,,
,"糸球体疾患,腎尿細管間質性疾患及び腎不全",True,１４　腎尿路生殖器系の疾患(糸球体疾患，腎尿細管間質性疾患及び腎不全（再掲）),total,total,total,総数,,,False,True,2023,138.0,124352.0,171.60576
,結核,True,１　感染症及び寄生虫症(結核（再掲）),total,female,a00,0歳,0.0,0.0,False,False,2023,4.0,,
,結核,True,１　感染症及び寄生虫症(結核（再掲）),total,female,a01_04,1-4歳,1.0,4.0,False,False,2023,0.0,,
,結核,True,１　感染症及び寄生虫症(結核（再掲）),total,female,a05_09,5-9歳,5.0,9.0,False,False,2023,,,
,結核,True,１　感染症及び寄生虫症(結核（再掲）),total,female,a10_14,10-14歳,10.0,14.0,False,False,2023,0.0,,
,結核,True,１　感染症及び寄生虫症(結核（再掲）),total,female,a15_19,15-19歳,15.0,19.0,False,False,2023,0.0,,
,結核,True,１　感染症及び寄生虫症(結核（再掲）),total,female,a20_24,20-24歳,20.0,24.0,False,False,2023,1.0,,
,結核,True,１　感染症及び寄生虫症(結核（再掲）),total,female,a25_29,25-29歳,25.0,29.0,False,False,2023,1.0,,
,結核,True,１　感染症及び寄生虫症(結核（再掲）),total,female,a30_34,30-34歳,30.0,34.0,False,False,2023,0.0,,
,結核,True,１　感染症及び寄生虫症(結核（再掲）),total,female,a35_39,35-39歳,35.0,39.0,False,False,2023,1.0,,
,結核,True,１　感染症及び寄生虫症(結核（再掲）),total,female,a40_44,40-44歳,40.0,44.0,False,False,2023,0.0,,
,結核,True,１　感染症及び寄生虫症(結核（再掲）),total,female,a45_49,45-49歳,45.0,49.0,False,False,2023,1.0,,
,結核,True,１　感染症及び寄生虫症(結核（再掲）),total,female,a50_54,50-54歳,50.0,54.0,False,False,2023,1.0,,
,結核,True,１　感染症及び寄生虫症(結核（再掲）),total,female,a55_59,55-59歳,55.0,59.0,False,False,2023,0.0,,
,結核,True,１　感染症及び寄生虫症(結核（再掲）),total,female,a60_64,60-64歳,60.0,64.0,False,False,2023,1.0,,
,結核,True,１　感染症及び寄生虫症(結核（再掲）),total,female,a65_69,65-69歳,65.0,69.0,False,False,2023,1.0,,
,結核,True,１　感染症及び寄生虫症(結核（再掲）),total,female,r65p,65歳以上(再掲),65.0,,True,False,2023,4.0,,
,結核,True,１　感染症及び寄生虫症(結核（再掲）),total,female,a70_74,70-74歳,70.0,74.0,False,False,2023,1.0,,
,結核,True,１　感染症及び寄生虫症(結核（再掲）),total,female,r70p,70歳以上(再掲),70.0,,True,False,2023,4.0,,
,結核,True,１　感染症及び寄生虫症(結核（再掲）),total,female,a75_79,75-79歳,75.0,79.0,False,False,2023,3.0,,
,結核,True,１　感染症及び寄生虫症(結核（再掲）),total,female,r75p,75歳以上(再掲),75.0,,True,False,2023,6.0,,
,結核,True,１　感染症及び寄生虫症(結核（再掲）),total,female,a80_84,80-84歳,80.0,84.0,False,False,2023,5.0,,
,結核,True,１　感染症及び寄生虫症(結核（再掲）),total,female,a85_89,85-89歳,85.0,89.0,False,False,2023,7.0,,
,結核,True,１　感染症及び寄生虫症(結核（再掲）),total,female,a90p,90歳以上,90.0,,False,False,2023,12.0,,
,結核,True,１　感染症及び寄生虫症(結核（再掲）),total,female,total,総数,,,False,True,2023,2.0,,
,結核,True,１　感染症及び寄生虫症(結核（再掲）),total,male,a00,0歳,0.0,0.0,False,False,2023,3.0,,
,結核,True,１　感染症及び寄生虫症(結核（再掲）),total,male,a01_04,1-4歳,1.0,4.0,False,False,2023,0.0,,
,結核,True,１　感染症及び寄生虫症(結核（再掲）),total,male,a05_09,5-9歳,5.0,9.0,False,False,2023,,2478.0,
,結核,True,１　感染症及び寄生虫症(結核（再掲）),total,male,a10_14,10-14歳,10.0,14.0,False,False,2023,,2689.0,
,結核,True,１　感染症及び寄生虫症(結核（再掲）),total,male,a15_19,15-19歳,15.0,19.0,False,False,2023,0.0,2818.0,0.0
,結核,True,１　感染症及び寄生虫症(結核（再掲）),total,male,a20_24,20-24歳,20.0,24.0,False,False,2023,1.0,3212.0,0.03212
,結核,True,１　感染症及び寄生虫症(結核（再掲）),total,male,a25_29,25-29歳,25.0,29.0,False,False,2023,1.0,3333.0,0.03333
,結核,True,１　感染症及び寄生虫症(結核（再掲）),total,male,a30_34,30-34歳,30.0,34.0,False,False,2023,1.0,3273.0,0.03273
,結核,True,１　感染症及び寄生虫症(結核（再掲）),total,male,a35_39,35-39歳,35.0,39.0,False,False,2023,0.0,3593.0,0.0
,結核,True,１　感染症及び寄生虫症(結核（再掲）),total,male,a40_44,40-44歳,40.0,44.0,False,False,2023,0.0,3938.0,0.0
,結核,True,１　感染症及び寄生虫症(結核（再掲）),total,male,a45_49,45-49歳,45.0,49.0,False,False,2023,0.0,4620.0,0.0
,結核,True,１　感染症及び寄生虫症(結核（再掲）),total,male,a50_54,50-54歳,50.0,54.0,False,False,2023,1.0,4868.0,0.04868
,結核,True,１　感染症及び寄生虫症(結核（再掲）),total,male,a55_59,55-59歳,55.0,59.0,False,False,2023,1.0,4143.0,0.04143
,結核,True,１　感染症及び寄生虫症(結核（再掲）),total,male,a60_64,60-64歳,60.0,64.0,False,False,2023,2.0,3719.0,0.07438
,結核,True,１　感染症及び寄生虫症(結核（再掲）),total,male,a65_69,65-69歳,65.0,69.0,False,False,2023,2.0,3569.0,0.07138
,結核,True,１　感染症及び寄生虫症(結核（再掲）),total,male,r65p,65歳以上(再掲),65.0,,True,False,2023,5.0,,
,結核,True,１　感染症及び寄生虫症(結核（再掲）),total,male,a70_74,70-74歳,70.0,74.0,False,False,2023,4.0,4161.0,0.16644
,結核,True,１　感染症及び寄生虫症(結核（再掲）),total,male,r70p,70歳以上(再掲),70.0,,True,False,2023,6.0,,
,結核,True,１　感染症及び寄生虫症(結核（再掲）),total,male,a75_79,75-79歳,75.0,79.0,False,False,2023,5.0,3365.0,0.16825
,結核,True,１　感染症及び寄生虫症(結核（再掲）),total,male,r75p,75歳以上(再掲),75.0,,True,False,2023,7.0,,
,結核,True,１　感染症及び寄生虫症(結核（再掲）),total,male,a80_84,80-84歳,80.0,84.0,False,False,2023,8.0,2458.0,0.19664
,結核,True,１　感染症及び寄生虫症(結核（再掲）),total,male,a85_89,85-89歳,85.0,89.0,False,False,2023,8.0,1448.0,0.11584
,結核,True,１　感染症及び寄生虫症(結核（再掲）),total,male,a90p,90歳以上,90.0,,False,False,2023,18.0,,
,結核,True,１　感染症及び寄生虫症(結核（再掲）),total,male,total,総数,,,False,True,2023,2.0,60492.0,1.20984
,結核,True,１　感染症及び寄生虫症(結核（再掲）),total,total,a00,0歳,0.0,0.0,False,False,2023,3.0,,
,結核,True,１　感染症及び寄生虫症(結核（再掲）),total,total,a01_04,1-4歳,1.0,4.0,False,False,2023,0.0,,
,結核,True,１　感染症及び寄生虫症(結核（再掲）),total,total,a05_09,5-9歳,5.0,9.0,False,False,2023,,4838.0,
,結核,True,１　感染症及び寄生虫症(結核（再掲）),total,total,a10_14,10-14歳,10.0,14.0,False,False,2023,0.0,5248.0,0.0
,結核,True,１　感染症及び寄生虫症(結核（再掲）),total,total,a15_19,15-19歳,15.0,19.0,False,False,2023,0.0,5494.0,0.0
,結核,True,１　感染症及び寄生虫症(結核（再掲）),total,total,a20_24,20-24歳,20.0,24.0,False,False,2023,1.0,6236.0,0.06236
,結核,True,１　感染症及び寄生虫症(結核（再掲）),total,total,a25_29,25-29歳,25.0,29.0,False,False,2023,1.0,6479.0,0.06479
,結核,True,１　感染症及び寄生虫症(結核（再掲）),total,total,a30_34,30-34歳,30.0,34.0,False,False,2023,1.0,6380.0,0.0638
,結核,True,１　感染症及び寄生虫症(結核（再掲）),total,total,a35_39,35-39歳,35.0,39.0,False,False,2023,1.0,7047.0,0.07047
,結核,True,１　感染症及び寄生虫症(結核（再掲）),total,total,a40_44,40-44歳,40.0,44.0,False,False,2023,0.0,7765.0,0.0
,結核,True,１　感染症及び寄生虫症(結核（再掲）),total,total,a45_49,45-49歳,45.0,49.0,False,False,2023,0.0,9115.0,0.0
,結核,True,１　感染症及び寄生虫症(結核（再掲）),total,total,a50_54,50-54歳,50.0,54.0,False,False,2023,1.0,9650.0,0.0965
,結核,True,１　感染症及び寄生虫症(結核（再掲）),total,total,a55_59,55-59歳,55.0,59.0,False,False,2023,1.0,8279.0,0.08279
,結核,True,１　感染症及び寄生虫症(結核（再掲）),total,total,a60_64,60-64歳,60.0,64.0,False,False,2023,2.0,7507.0,0.15014
,結核,True,１　感染症及び寄生虫症(結核（再掲）),total,total,a65_69,65-69歳,65.0,69.0,False,False,2023,2.0,7332.0,0.14664
,結核,True,１　感染症及び寄生虫症(結核（再掲）),total,total,r65p,65歳以上(再掲),65.0,,True,False,2023,4.0,36227.0,1.44908
,結核,True,１　感染症及び寄生虫症(結核（再掲）),total,total,a70_74,70-74歳,70.0,74.0,False,False,2023,2.0,8817.0,0.17634
,結核,True,１　感染症及び寄生虫症(結核（再掲）),total,total,r70p,70歳以上(再掲),70.0,,True,False,2023,5.0,,
,結核,True,１　感染症及び寄生虫症(結核（再掲）),total,total,a75_79,75-79歳,75.0,79.0,False,False,2023,4.0,7474.0,0.29896
,結核,True,１　感染症及び寄生虫症(結核（再掲）),total,total,r75p,75歳以上(再掲),75.0,,True,False,2023,6.0,20078.0,1.20468
,結核,True,１　感染症及び寄生虫症(結核（再掲）),total,total,a80_84,80-84歳,80.0,84.0,False,False,2023,6.0,5895.0,0.3537
,結核,True,１　感染症及び寄生虫症(結核（再掲）),total,total,a85_89,85-89歳,85.0,89.0,False,False,2023,7.0,3979.0,0.27853
,結核,True,１　感染症及び寄生虫症(結核（再掲）),total,total,a90p,90歳以上,90.0,,False,False,2023,14.0,,
,結核,True,１　感染症及び寄生虫症(結核（再掲）),total,total,total,総数,,,False,True,2023,2.0,124352.0,2.48704
,結腸及び直腸の悪性新生物<腫瘍>,True,２　新生物＜腫瘍＞(結腸及び直腸の悪性新生物＜腫瘍＞（再掲）),total,female,a00,0歳,0.0,0.0,False,False,2023,,,
,結腸及び直腸の悪性新生物<腫瘍>,True,２　新生物＜腫瘍＞(結腸及び直腸の悪性新生物＜腫瘍＞（再掲）),total,female,a01_04,1-4歳,1.0,4.0,False,False,2023,0.0,,
,結腸及び直腸の悪性新生物<腫瘍>,True,２　新生物＜腫瘍＞(結腸及び直腸の悪性新生物＜腫瘍＞（再掲）),total,female,a05_09,5-9歳,5.0,9.0,False,False,2023,0.0,,
,結腸及び直腸の悪性新生物<腫瘍>,True,２　新生物＜腫瘍＞(結腸及び直腸の悪性新生物＜腫瘍＞（再掲）),total,female,a10_14,10-14歳,10.0,14.0,False,False,2023,0.0,,
,結腸及び直腸の悪性新生物<腫瘍>,True,２　新生物＜腫瘍＞(結腸及び直腸の悪性新生物＜腫瘍＞（再掲）),total,female,a15_19,15-19歳,15.0,19.0,False,False,2023,0.0,,
,結腸及び直腸の悪性新生物<腫瘍>,True,２　新生物＜腫瘍＞(結腸及び直腸の悪性新生物＜腫瘍＞（再掲）),total,female,a20_24,20-24歳,20.0,24.0,False,False,2023,0.0,,
,結腸及び直腸の悪性新生物<腫瘍>,True,２　新生物＜腫瘍＞(結腸及び直腸の悪性新生物＜腫瘍＞（再掲）),total,female,a25_29,25-29歳,25.0,29.0,False,False,2023,1.0,,
,結腸及び直腸の悪性新生物<腫瘍>,True,２　新生物＜腫瘍＞(結腸及び直腸の悪性新生物＜腫瘍＞（再掲）),total,female,a30_34,30-34歳,30.0,34.0,False,False,2023,3.0,,
,結腸及び直腸の悪性新生物<腫瘍>,True,２　新生物＜腫瘍＞(結腸及び直腸の悪性新生物＜腫瘍＞（再掲）),total,female,a35_39,35-39歳,35.0,39.0,False,False,2023,7.0,,
,結腸及び直腸の悪性新生物<腫瘍>,True,２　新生物＜腫瘍＞(結腸及び直腸の悪性新生物＜腫瘍＞（再掲）),total,female,a40_44,40-44歳,40.0,44.0,False,False,2023,9.0,,
,結腸及び直腸の悪性新生物<腫瘍>,True,２　新生物＜腫瘍＞(結腸及び直腸の悪性新生物＜腫瘍＞（再掲）),total,female,a45_49,45-49歳,45.0,49.0,False,False,2023,12.0,,
,結腸及び直腸の悪性新生物<腫瘍>,True,２　新生物＜腫瘍＞(結腸及び直腸の悪性新生物＜腫瘍＞（再掲）),total,female,a50_54,50-54歳,50.0,54.0,False,False,2023,19.0,,
,結腸及び直腸の悪性新生物<腫瘍>,True,２　新生物＜腫瘍＞(結腸及び直腸の悪性新生物＜腫瘍＞（再掲）),total,female,a55_59,55-59歳,55.0,59.0,False,False,2023,31.0,,
,結腸及び直腸の悪性新生物<腫瘍>,True,２　新生物＜腫瘍＞(結腸及び直腸の悪性新生物＜腫瘍＞（再掲）),total,female,a60_64,60-64歳,60.0,64.0,False,False,2023,41.0,,
,結腸及び直腸の悪性新生物<腫瘍>,True,２　新生物＜腫瘍＞(結腸及び直腸の悪性新生物＜腫瘍＞（再掲）),total,female,a65_69,65-69歳,65.0,69.0,False,False,2023,48.0,,
,結腸及び直腸の悪性新生物<腫瘍>,True,２　新生物＜腫瘍＞(結腸及び直腸の悪性新生物＜腫瘍＞（再掲）),total,female,r65p,65歳以上(再掲),65.0,,True,False,2023,73.0,,
,結腸及び直腸の悪性新生物<腫瘍>,True,２　新生物＜腫瘍＞(結腸及び直腸の悪性新生物＜腫瘍＞（再掲）),total,female,a70_74,70-74歳,70.0,74.0,False,False,2023,67.0,,
,結腸及び直腸の悪性新生物<腫瘍>,True,２　新生物＜腫瘍＞(結腸及び直腸の悪性新生物＜腫瘍＞（再掲）),total,female,r70p,70歳以上(再掲),70.0,,True,False,2023,78.0,,
,結腸及び直腸の悪性新生物<腫瘍>,True,２　新生物＜腫瘍＞(結腸及び直腸の悪性新生物＜腫瘍＞（再掲）),total,female,a75_79,75-79歳,75.0,79.0,False,False,2023,79.0,,
,結腸及び直腸の悪性新生物<腫瘍>,True,２　新生物＜腫瘍＞(結腸及び直腸の悪性新生物＜腫瘍＞（再掲）),total,female,r75p,75歳以上(再掲),75.0,,True,False,2023,83.0,,
,結腸及び直腸の悪性新生物<腫瘍>,True,２　新生物＜腫瘍＞(結腸及び直腸の悪性新生物＜腫瘍＞（再掲）),total,female,a80_84,80-84歳,80.0,84.0,False,False,2023,86.0,,
,結腸及び直腸の悪性新生物<腫瘍>,True,２　新生物＜腫瘍＞(結腸及び直腸の悪性新生物＜腫瘍＞（再掲）),total,female,a85_89,85-89歳,85.0,89.0,False,False,2023,84.0,,
,結腸及び直腸の悪性新生物<腫瘍>,True,２　新生物＜腫瘍＞(結腸及び直腸の悪性新生物＜腫瘍＞（再掲）),total,female,a90p,90歳以上,90.0,,False,False,2023,82.0,,
,結腸及び直腸の悪性新生物<腫瘍>,True,２　新生物＜腫瘍＞(結腸及び直腸の悪性新生物＜腫瘍＞（再掲）),total,female,total,総数,,,False,True,2023,31.0,,
,結腸及び直腸の悪性新生物<腫瘍>,True,２　新生物＜腫瘍＞(結腸及び直腸の悪性新生物＜腫瘍＞（再掲）),total,male,a00,0歳,0.0,0.0,False,False,2023,,,
,結腸及び直腸の悪性新生物<腫瘍>,True,２　新生物＜腫瘍＞(結腸及び直腸の悪性新生物＜腫瘍＞（再掲）),total,male,a01_04,1-4歳,1.0,4.0,False,False,2023,0.0,,
,結腸及び直腸の悪性新生物<腫瘍>,True,２　新生物＜腫瘍＞(結腸及び直腸の悪性新生物＜腫瘍＞（再掲）),total,male,a05_09,5-9歳,5.0,9.0,False,False,2023,,2478.0,
,結腸及び直腸の悪性新生物<腫瘍>,True,２　新生物＜腫瘍＞(結腸及び直腸の悪性新生物＜腫瘍＞（再掲）),total,male,a10_14,10-14歳,10.0,14.0,False,False,2023,,2689.0,
,結腸及び直腸の悪性新生物<腫瘍>,True,２　新生物＜腫瘍＞(結腸及び直腸の悪性新生物＜腫瘍＞（再掲）),total,male,a15_19,15-19歳,15.0,19.0,False,False,2023,0.0,2818.0,0.0
,結腸及び直腸の悪性新生物<腫瘍>,True,２　新生物＜腫瘍＞(結腸及び直腸の悪性新生物＜腫瘍＞（再掲）),total,male,a20_24,20-24歳,20.0,24.0,False,False,2023,0.0,3212.0,0.0
,結腸及び直腸の悪性新生物<腫瘍>,True,２　新生物＜腫瘍＞(結腸及び直腸の悪性新生物＜腫瘍＞（再掲）),total,male,a25_29,25-29歳,25.0,29.0,False,False,2023,2.0,3333.0,0.06666
,結腸及び直腸の悪性新生物<腫瘍>,True,２　新生物＜腫瘍＞(結腸及び直腸の悪性新生物＜腫瘍＞（再掲）),total,male,a30_34,30-34歳,30.0,34.0,False,False,2023,2.0,3273.0,0.06546
,結腸及び直腸の悪性新生物<腫瘍>,True,２　新生物＜腫瘍＞(結腸及び直腸の悪性新生物＜腫瘍＞（再掲）),total,male,a35_39,35-39歳,35.0,39.0,False,False,2023,4.0,3593.0,0.14372
,結腸及び直腸の悪性新生物<腫瘍>,True,２　新生物＜腫瘍＞(結腸及び直腸の悪性新生物＜腫瘍＞（再掲）),total,male,a40_44,40-44歳,40.0,44.0,False,False,2023,10.0,3938.0,0.3938
,結腸及び直腸の悪性新生物<腫瘍>,True,２　新生物＜腫瘍＞(結腸及び直腸の悪性新生物＜腫瘍＞（再掲）),total,male,a45_49,45-49歳,45.0,49.0,False,False,2023,11.0,4620.0,0.5082
,結腸及び直腸の悪性新生物<腫瘍>,True,２　新生物＜腫瘍＞(結腸及び直腸の悪性新生物＜腫瘍＞（再掲）),total,male,a50_54,50-54歳,50.0,54.0,False,False,2023,25.0,4868.0,1.217
,結腸及び直腸の悪性新生物<腫瘍>,True,２　新生物＜腫瘍＞(結腸及び直腸の悪性新生物＜腫瘍＞（再掲）),total,male,a55_59,55-59歳,55.0,59.0,False,False,2023,36.0,4143.0,1.49148
,結腸及び直腸の悪性新生物<腫瘍>,True,２　新生物＜腫瘍＞(結腸及び直腸の悪性新生物＜腫瘍＞（再掲）),total,male,a60_64,60-64歳,60.0,64.0,False,False,2023,56.0,3719.0,2.08264
,結腸及び直腸の悪性新生物<腫瘍>,True,２　新生物＜腫瘍＞(結腸及び直腸の悪性新生物＜腫瘍＞（再掲）),total,male,a65_69,65-69歳,65.0,69.0,False,False,2023,84.0,3569.0,2.99796
,結腸及び直腸の悪性新生物<腫瘍>,True,２　新生物＜腫瘍＞(結腸及び直腸の悪性新生物＜腫瘍＞（再掲）),total,male,r65p,65歳以上(再掲),65.0,,True,False,2023,114.0,,
,結腸及び直腸の悪性新生物<腫瘍>,True,２　新生物＜腫瘍＞(結腸及び直腸の悪性新生物＜腫瘍＞（再掲）),total,male,a70_74,70-74歳,70.0,74.0,False,False,2023,109.0,4161.0,4.53549
,結腸及び直腸の悪性新生物<腫瘍>,True,２　新生物＜腫瘍＞(結腸及び直腸の悪性新生物＜腫瘍＞（再掲）),total,male,r70p,70歳以上(再掲),70.0,,True,False,2023,123.0,,
,結腸及び直腸の悪性新生物<腫瘍>,True,２　新生物＜腫瘍＞(結腸及び直腸の悪性新生物＜腫瘍＞（再掲）),total,male,a75_79,75-79歳,75.0,79.0,False,False,2023,135.0,3365.0,4.54275
,結腸及び直腸の悪性新生物<腫瘍>,True,２　新生物＜腫瘍＞(結腸及び直腸の悪性新生物＜腫瘍＞（再掲）),total,male,r75p,75歳以上(再掲),75.0,,True,False,2023,131.0,,
,結腸及び直腸の悪性新生物<腫瘍>,True,２　新生物＜腫瘍＞(結腸及び直腸の悪性新生物＜腫瘍＞（再掲）),total,male,a80_84,80-84歳,80.0,84.0,False,False,2023,141.0,2458.0,3.46578
,結腸及び直腸の悪性新生物<腫瘍>,True,２　新生物＜腫瘍＞(結腸及び直腸の悪性新生物＜腫瘍＞（再掲）),total,male,a85_89,85-89歳,85.0,89.0,False,False,2023,117.0,1448.0,1.69416
,結腸及び直腸の悪性新生物<腫瘍>,True,２　新生物＜腫瘍＞(結腸及び直腸の悪性新生物＜腫瘍＞（再掲）),total,male,a90p,90歳以上,90.0,,False,False,2023,103.0,,
,結腸及び直腸の悪性新生物<腫瘍>,True,２　新生物＜腫瘍＞(結腸及び直腸の悪性新生物＜腫瘍＞（再掲）),total,male,total,総数,,,False,True,2023,40.0,60492.0,24.1968
,結腸及び直腸の悪性新生物<腫瘍>,True,２　新生物＜腫瘍＞(結腸及び直腸の悪性新生物＜腫瘍＞（再掲）),total,total,a00,0歳,0.0,0.0,False,False,2023,,,
,結腸及び直腸の悪性新生物<腫瘍>,True,２　新生物＜腫瘍＞(結腸及び直腸の悪性新生物＜腫瘍＞（再掲）),total,total,a01_04,1-4歳,1.0,4.0,False,False,2023,0.0,,
,結腸及び直腸の悪性新生物<腫瘍>,True,２　新生物＜腫瘍＞(結腸及び直腸の悪性新生物＜腫瘍＞（再掲）),total,total,a05_09,5-9歳,5.0,9.0,False,False,2023,0.0,4838.0,0.0
,結腸及び直腸の悪性新生物<腫瘍>,True,２　新生物＜腫瘍＞(結腸及び直腸の悪性新生物＜腫瘍＞（再掲）),total,total,a10_14,10-14歳,10.0,14.0,False,False,2023,0.0,5248.0,0.0
,結腸及び直腸の悪性新生物<腫瘍>,True,２　新生物＜腫瘍＞(結腸及び直腸の悪性新生物＜腫瘍＞（再掲）),total,total,a15_19,15-19歳,15.0,19.0,False,False,2023,0.0,5494.0,0.0
,結腸及び直腸の悪性新生物<腫瘍>,True,２　新生物＜腫瘍＞(結腸及び直腸の悪性新生物＜腫瘍＞（再掲）),total,total,a20_24,20-24歳,20.0,24.0,False,False,2023,0.0,6236.0,0.0
,結腸及び直腸の悪性新生物<腫瘍>,True,２　新生物＜腫瘍＞(結腸及び直腸の悪性新生物＜腫瘍＞（再掲）),total,total,a25_29,25-29歳,25.0,29.0,False,False,2023,2.0,6479.0,0.12958
,結腸及び直腸の悪性新生物<腫瘍>,True,２　新生物＜腫瘍＞(結腸及び直腸の悪性新生物＜腫瘍＞（再掲）),total,total,a30_34,30-34歳,30.0,34.0,False,False,2023,2.0,6380.0,0.1276
,結腸及び直腸の悪性新生物<腫瘍>,True,２　新生物＜腫瘍＞(結腸及び直腸の悪性新生物＜腫瘍＞（再掲）),total,total,a35_39,35-39歳,35.0,39.0,False,False,2023,6.0,7047.0,0.42282
,結腸及び直腸の悪性新生物<腫瘍>,True,２　新生物＜腫瘍＞(結腸及び直腸の悪性新生物＜腫瘍＞（再掲）),total,total,a40_44,40-44歳,40.0,44.0,False,False,2023,10.0,7765.0,0.7765
,結腸及び直腸の悪性新生物<腫瘍>,True,２　新生物＜腫瘍＞(結腸及び直腸の悪性新生物＜腫瘍＞（再掲）),total,total,a45_49,45-49歳,45.0,49.0,False,False,2023,11.0,9115.0,1.00265
,結腸及び直腸の悪性新生物<腫瘍>,True,２　新生物＜腫瘍＞(結腸及び直腸の悪性新生物＜腫瘍＞（再掲）),total,total,a50_54,50-54歳,50.0,54.0,False,False,2023,22.0,9650.0,2.123
,結腸及び直腸の悪性新生物<腫瘍>,True,２　新生物＜腫瘍＞(結腸及び直腸の悪性新生物＜腫瘍＞（再掲）),total,total,a55_59,55-59歳,55.0,59.0,False,False,2023,33.0,8279.0,2.73207
,結腸及び直腸の悪性新生物<腫瘍>,True,２　新生物＜腫瘍＞(結腸及び直腸の悪性新生物＜腫瘍＞（再掲）),total,total,a60_64,60-64歳,60.0,64.0,False,False,2023,48.0,7507.0,3.60336
,結腸及び直腸の悪性新生物<腫瘍>,True,２　新生物＜腫瘍＞(結腸及び直腸の悪性新生物＜腫瘍＞（再掲）),total,total,a65_69,65-69歳,65.0,69.0,False,False,2023,66.0,7332.0,4.83912
,結腸及び直腸の悪性新生物<腫瘍>,True,２　新生物＜腫瘍＞(結腸及び直腸の悪性新生物＜腫瘍＞（再掲）),total,total,r65p,65歳以上(再掲),65.0,,True,False,2023,91.0,36227.0,32.96657
,結腸及び直腸の悪性新生物<腫瘍>,True,２　新生物＜腫瘍＞(結腸及び直腸の悪性新生物＜腫瘍＞（再掲）),total,total,a70_74,70-74歳,70.0,74.0,False,False,2023,87.0,8817.0,7.67079
,結腸及び直腸の悪性新生物<腫瘍>,True,２　新生物＜腫瘍＞(結腸及び直腸の悪性新生物＜腫瘍＞（再掲）),total,total,r70p,70歳以上(再掲),70.0,,True,False,2023,97.0,,
,結腸及び直腸の悪性新生物<腫瘍>,True,２　新生物＜腫瘍＞(結腸及び直腸の悪性新生物＜腫瘍＞（再掲）),total,total,a75_79,75-79歳,75.0,79.0,False,False,2023,104.0,7474.0,7.77296
,結腸及び直腸の悪性新生物<腫瘍>,True,２　新生物＜腫瘍＞(結腸及び直腸の悪性新生物＜腫瘍＞（再掲）),total,total,r75p,75歳以上(再掲),75.0,,True,False,2023,102.0,20078.0,20.47956
,結腸及び直腸の悪性新生物<腫瘍>,True,２　新生物＜腫瘍＞(結腸及び直腸の悪性新生物＜腫瘍＞（再掲）),total,total,a80_84,80-84歳,80.0,84.0,False,False,2023,109.0,5895.0,6.42555
,結腸及び直腸の悪性新生物<腫瘍>,True,２　新生物＜腫瘍＞(結腸及び直腸の悪性新生物＜腫瘍＞（再掲）),total,total,a85_89,85-89歳,85.0,89.0,False,False,2023,96.0,3979.0,3.81984
,結腸及び直腸の悪性新生物<腫瘍>,True,２　新生物＜腫瘍＞(結腸及び直腸の悪性新生物＜腫瘍＞（再掲）),total,total,a90p,90歳以上,90.0,,False,False,2023,88.0,,
,結腸及び直腸の悪性新生物<腫瘍>,True,２　新生物＜腫瘍＞(結腸及び直腸の悪性新生物＜腫瘍＞（再掲）),total,total,total,総数,,,False,True,2023,35.0,124352.0,43.5232
,"統合失調症,統合失調症型障害及び妄想性障害",True,５　精神及び行動の障害(統合失調症，統合失調症型障害及び妄想性障害（再掲）),total,female,a00,0歳,0.0,0.0,False,False,2023,,,
,"統合失調症,統合失調症型障害及び妄想性障害",True,５　精神及び行動の障害(統合失調症，統合失調症型障害及び妄想性障害（再掲）),total,female,a01_04,1-4歳,1.0,4.0,False,False,2023,0.0,,
,"統合失調症,統合失調症型障害及び妄想性障害",True,５　精神及び行動の障害(統合失調症，統合失調症型障害及び妄想性障害（再掲）),total,female,a05_09,5-9歳,5.0,9.0,False,False,2023,1.0,,
,"統合失調症,統合失調症型障害及び妄想性障害",True,５　精神及び行動の障害(統合失調症，統合失調症型障害及び妄想性障害（再掲）),total,female,a10_14,10-14歳,10.0,14.0,False,False,2023,2.0,,
,"統合失調症,統合失調症型障害及び妄想性障害",True,５　精神及び行動の障害(統合失調症，統合失調症型障害及び妄想性障害（再掲）),total,female,a15_19,15-19歳,15.0,19.0,False,False,2023,15.0,,
,"統合失調症,統合失調症型障害及び妄想性障害",True,５　精神及び行動の障害(統合失調症，統合失調症型障害及び妄想性障害（再掲）),total,female,a20_24,20-24歳,20.0,24.0,False,False,2023,34.0,,
,"統合失調症,統合失調症型障害及び妄想性障害",True,５　精神及び行動の障害(統合失調症，統合失調症型障害及び妄想性障害（再掲）),total,female,a25_29,25-29歳,25.0,29.0,False,False,2023,39.0,,
,"統合失調症,統合失調症型障害及び妄想性障害",True,５　精神及び行動の障害(統合失調症，統合失調症型障害及び妄想性障害（再掲）),total,female,a30_34,30-34歳,30.0,34.0,False,False,2023,62.0,,
,"統合失調症,統合失調症型障害及び妄想性障害",True,５　精神及び行動の障害(統合失調症，統合失調症型障害及び妄想性障害（再掲）),total,female,a35_39,35-39歳,35.0,39.0,False,False,2023,82.0,,
,"統合失調症,統合失調症型障害及び妄想性障害",True,５　精神及び行動の障害(統合失調症，統合失調症型障害及び妄想性障害（再掲）),total,female,a40_44,40-44歳,40.0,44.0,False,False,2023,121.0,,
,"統合失調症,統合失調症型障害及び妄想性障害",True,５　精神及び行動の障害(統合失調症，統合失調症型障害及び妄想性障害（再掲）),total,female,a45_49,45-49歳,45.0,49.0,False,False,2023,143.0,,
,"統合失調症,統合失調症型障害及び妄想性障害",True,５　精神及び行動の障害(統合失調症，統合失調症型障害及び妄想性障害（再掲）),total,female,a50_54,50-54歳,50.0,54.0,False,False,2023,187.0,,
,"統合失調症,統合失調症型障害及び妄想性障害",True,５　精神及び行動の障害(統合失調症，統合失調症型障害及び妄想性障害（再掲）),total,female,a55_59,55-59歳,55.0,59.0,False,False,2023,225.0,,
,"統合失調症,統合失調症型障害及び妄想性障害",True,５　精神及び行動の障害(統合失調症，統合失調症型障害及び妄想性障害（再掲）),total,female,a60_64,60-64歳,60.0,64.0,False,False,2023,251.0,,
,"統合失調症,統合失調症型障害及び妄想性障害",True,５　精神及び行動の障害(統合失調症，統合失調症型障害及び妄想性障害（再掲）),total,female,a65_69,65-69歳,65.0,69.0,False,False,2023,282.0,,
,"統合失調症,統合失調症型障害及び妄想性障害",True,５　精神及び行動の障害(統合失調症，統合失調症型障害及び妄想性障害（再掲）),total,female,r65p,65歳以上(再掲),65.0,,True,False,2023,227.0,,
,"統合失調症,統合失調症型障害及び妄想性障害",True,５　精神及び行動の障害(統合失調症，統合失調症型障害及び妄想性障害（再掲）),total,female,a70_74,70-74歳,70.0,74.0,False,False,2023,278.0,,
,"統合失調症,統合失調症型障害及び妄想性障害",True,５　精神及び行動の障害(統合失調症，統合失調症型障害及び妄想性障害（再掲）),total,female,r70p,70歳以上(再掲),70.0,,True,False,2023,214.0,,
,"統合失調症,統合失調症型障害及び妄想性障害",True,５　精神及び行動の障害(統合失調症，統合失調症型障害及び妄想性障害（再掲）),total,female,a75_79,75-79歳,75.0,79.0,False,False,2023,249.0,,
,"統合失調症,統合失調症型障害及び妄想性障害",True,５　精神及び行動の障害(統合失調症，統合失調症型障害及び妄想性障害（再掲）),total,female,r75p,75歳以上(再掲),75.0,,True,False,2023,190.0,,
,"統合失調症,統合失調症型障害及び妄想性障害",True,５　精神及び行動の障害(統合失調症，統合失調症型障害及び妄想性障害（再掲）),total,female,a80_84,80-84歳,80.0,84.0,False,False,2023,203.0,,
,"統合失調症,統合失調症型障害及び妄想性障害",True,５　精神及び行動の障害(統合失調症，統合失調症型障害及び妄想性障害（再掲）),total,female,a85_89,85-89歳,85.0,89.0,False,False,2023,155.0,,
,"統合失調症,統合失調症型障害及び妄想性障害",True,５　精神及び行動の障害(統合失調症，統合失調症型障害及び妄想性障害（再掲）),total,female,a90p,90歳以上,90.0,,False,False,2023,89.0,,
,"統合失調症,統合失調症型障害及び妄想性障害",True,５　精神及び行動の障害(統合失調症，統合失調症型障害及び妄想性障害（再掲）),total,female,total,総数,,,False,True,2023,145.0,,
,"統合失調症,統合失調症型障害及び妄想性障害",True,５　精神及び行動の障害(統合失調症，統合失調症型障害及び妄想性障害（再掲）),total,male,a00,0歳,0.0,0.0,False,False,2023,1.0,,
,"統合失調症,統合失調症型障害及び妄想性障害",True,５　精神及び行動の障害(統合失調症，統合失調症型障害及び妄想性障害（再掲）),total,male,a01_04,1-4歳,1.0,4.0,False,False,2023,,,
,"統合失調症,統合失調症型障害及び妄想性障害",True,５　精神及び行動の障害(統合失調症，統合失調症型障害及び妄想性障害（再掲）),total,male,a05_09,5-9歳,5.0,9.0,False,False,2023,1.0,2478.0,0.02478
,"統合失調症,統合失調症型障害及び妄想性障害",True,５　精神及び行動の障害(統合失調症，統合失調症型障害及び妄想性障害（再掲）),total,male,a10_14,10-14歳,10.0,14.0,False,False,2023,1.0,2689.0,0.02689
,"統合失調症,統合失調症型障害及び妄想性障害",True,５　精神及び行動の障害(統合失調症，統合失調症型障害及び妄想性障害（再掲）),total,male,a15_19,15-19歳,15.0,19.0,False,False,2023,8.0,2818.0,0.22544
,"統合失調症,統合失調症型障害及び妄想性障害",True,５　精神及び行動の障害(統合失調症，統合失調症型障害及び妄想性障害（再掲）),total,male,a20_24,20-24歳,20.0,24.0,False,False,2023,20.0,3212.0,0.6424
,"統合失調症,統合失調症型障害及び妄想性障害",True,５　精神及び行動の障害(統合失調症，統合失調症型障害及び妄想性障害（再掲）),total,male,a25_29,25-29歳,25.0,29.0,False,False,2023,42.0,3333.0,1.39986
,"統合失調症,統合失調症型障害及び妄想性障害",True,５　精神及び行動の障害(統合失調症，統合失調症型障害及び妄想性障害（再掲）),total,male,a30_34,30-34歳,30.0,34.0,False,False,2023,66.0,3273.0,2.16018
,"統合失調症,統合失調症型障害及び妄想性障害",True,５　精神及び行動の障害(統合失調症，統合失調症型障害及び妄想性障害（再掲）),total,male,a35_39,35-39歳,35.0,39.0,False,False,2023,89.0,3593.0,3.19777
,"統合失調症,統合失調症型障害及び妄想性障害",True,５　精神及び行動の障害(統合失調症，統合失調症型障害及び妄想性障害（再掲）),total,male,a40_44,40-44歳,40.0,44.0,False,False,2023,135.0,3938.0,5.3163
,"統合失調症,統合失調症型障害及び妄想性障害",True,５　精神及び行動の障害(統合失調症，統合失調症型障害及び妄想性障害（再掲）),total,male,a45_49,45-49歳,45.0,49.0,False,False,2023,154.0,4620.0,7.1148
,"統合失調症,統合失調症型障害及び妄想性障害",True,５　精神及び行動の障害(統合失調症，統合失調症型障害及び妄想性障害（再掲）),total,male,a50_54,50-54歳,50.0,54.0,False,False,2023,198.0,4868.0,9.63864
,"統合失調症,統合失調症型障害及び妄想性障害",True,５　精神及び行動の障害(統合失調症，統合失調症型障害及び妄想性障害（再掲）),total,male,a55_59,55-59歳,55.0,59.0,False,False,2023,241.0,4143.0,9.98463
,"統合失調症,統合失調症型障害及び妄想性障害",True,５　精神及び行動の障害(統合失調症，統合失調症型障害及び妄想性障害（再掲）),total,male,a60_64,60-64歳,60.0,64.0,False,False,2023,280.0,3719.0,10.4132
,"統合失調症,統合失調症型障害及び妄想性障害",True,５　精神及び行動の障害(統合失調症，統合失調症型障害及び妄想性障害（再掲）),total,male,a65_69,65-69歳,65.0,69.0,False,False,2023,301.0,3569.0,10.74269
,"統合失調症,統合失調症型障害及び妄想性障害",True,５　精神及び行動の障害(統合失調症，統合失調症型障害及び妄想性障害（再掲）),total,male,r65p,65歳以上(再掲),65.0,,True,False,2023,209.0,,
,"統合失調症,統合失調症型障害及び妄想性障害",True,５　精神及び行動の障害(統合失調症，統合失調症型障害及び妄想性障害（再掲）),total,male,a70_74,70-74歳,70.0,74.0,False,False,2023,267.0,4161.0,11.10987
,"統合失調症,統合失調症型障害及び妄想性障害",True,５　精神及び行動の障害(統合失調症，統合失調症型障害及び妄想性障害（再掲）),total,male,r70p,70歳以上(再掲),70.0,,True,False,2023,182.0,,
,"統合失調症,統合失調症型障害及び妄想性障害",True,５　精神及び行動の障害(統合失調症，統合失調症型障害及び妄想性障害（再掲）),total,male,a75_79,75-79歳,75.0,79.0,False,False,2023,183.0,3365.0,6.15795
,"統合失調症,統合失調症型障害及び妄想性障害",True,５　精神及び行動の障害(統合失調症，統合失調症型障害及び妄想性障害（再掲）),total,male,r75p,75歳以上(再掲),75.0,,True,False,2023,137.0,,
,"統合失調症,統合失調症型障害及び妄想性障害",True,５　精神及び行動の障害(統合失調症，統合失調症型障害及び妄想性障害（再掲）),total,male,a80_84,80-84歳,80.0,84.0,False,False,2023,127.0,2458.0,3.12166
,"統合失調症,統合失調症型障害及び妄想性障害",True,５　精神及び行動の障害(統合失調症，統合失調症型障害及び妄想性障害（再掲）),total,male,a85_89,85-89歳,85.0,89.0,False,False,2023,81.0,1448.0,1.17288
,"統合失調症,統合失調症型障害及び妄想性障害",True,５　精神及び行動の障害(統合失調症，統合失調症型障害及び妄想性障害（再掲）),total,male,a90p,90歳以上,90.0,,False,False,2023,67.0,,
,"統合失調症,統合失調症型障害及び妄想性障害",True,５　精神及び行動の障害(統合失調症，統合失調症型障害及び妄想性障害（再掲）),total,male,total,総数,,,False,True,2023,137.0,60492.0,82.87404
,"統合失調症,統合失調症型障害及び妄想性障害",True,５　精神及び行動の障害(統合失調症，統合失調症型障害及び妄想性障害（再掲）),total,total,a00,0歳,0.0,0.0,False,False,2023,1.0,,
,"統合失調症,統合失調症型障害及び妄想性障害",True,５　精神及び行動の障害(統合失調症，統合失調症型障害及び妄想性障害（再掲）),total,total,a01_04,1-4歳,1.0,4.0,False,False,2023,0.0,,
,"統合失調症,統合失調症型障害及び妄想性障害",True,５　精神及び行動の障害(統合失調症，統合失調症型障害及び妄想性障害（再掲）),total,total,a05_09,5-9歳,5.0,9.0,False,False,2023,1.0,4838.0,0.04838
,"統合失調症,統合失調症型障害及び妄想性障害",True,５　精神及び行動の障害(統合失調症，統合失調症型障害及び妄想性障害（再掲）),total,total,a10_14,10-14歳,10.0,14.0,False,False,2023,1.0,5248.0,0.05248
,"統合失調症,統合失調症型障害及び妄想性障害",True,５　精神及び行動の障害(統合失調症，統合失調症型障害及び妄想性障害（再掲）),total,total,a15_19,15-19歳,15.0,19.0,False,False,2023,12.0,5494.0,0.65928
,"統合失調症,統合失調症型障害及び妄想性障害",True,５　精神及び行動の障害(統合失調症，統合失調症型障害及び妄想性障害（再掲）),total,total,a20_24,20-24歳,20.0,24.0,False,False,2023,27.0,6236.0,1.68372
,"統合失調症,統合失調症型障害及び妄想性障害",True,５　精神及び行動の障害(統合失調症，統合失調症型障害及び妄想性障害（再掲）),total,total,a25_29,25-29歳,25.0,29.0,False,False,2023,41.0,6479.0,2.65639
,"統合失調症,統合失調症型障害及び妄想性障害",True,５　精神及び行動の障害(統合失調症，統合失調症型障害及び妄想性障害（再掲）),total,total,a30_34,30-34歳,30.0,34.0,False,False,2023,64.0,6380.0,4.0832
,"統合失調症,統合失調症型障害及び妄想性障害",True,５　精神及び行動の障害(統合失調症，統合失調症型障害及び妄想性障害（再掲）),total,total,a35_39,35-39歳,35.0,39.0,False,False,2023,85.0,7047.0,5.98995
,"統合失調症,統合失調症型障害及び妄想性障害",True,５　精神及び行動の障害(統合失調症，統合失調症型障害及び妄想性障害（再掲）),total,total,a40_44,40-44歳,40.0,44.0,False,False,2023,128.0,7765.0,9.9392
,"統合失調症,統合失調症型障害及び妄想性障害",True,５　精神及び行動の障害(統合失調症，統合失調症型障害及び妄想性障害（再掲）),total,total,a45_49,45-49歳,45.0,49.0,False,False,2023,148.0,9115.0,13.4902
,"統合失調症,統合失調症型障害及び妄想性障害",True,５　精神及び行動の障害(統合失調症，統合失調症型障害及び妄想性障害（再掲）),total,total,a50_54,50-54歳,50.0,54.0,False,False,2023,193.0,9650.0,18.6245
,"統合失調症,統合失調症型障害及び妄想性障害",True,５　精神及び行動の障害(統合失調症，統合失調症型障害及び妄想性障害（再掲）),total,total,a55_59,55-59歳,55.0,59.0,False,False,2023,233.0,8279.0,19.29007
,"統合失調症,統合失調症型障害及び妄想性障害",True,５　精神及び行動の障害(統合失調症，統合失調症型障害及び妄想性障害（再掲）),total,total,a60_64,60-64歳,60.0,64.0,False,False,2023,265.0,7507.0,19.89355
,"統合失調症,統合失調症型障害及び妄想性障害",True,５　精神及び行動の障害(統合失調症，統合失調症型障害及び妄想性障害（再掲）),total,total,a65_69,65-69歳,65.0,69.0,False,False,2023,291.0,7332.0,21.33612
,"統合失調症,統合失調症型障害及び妄想性障害",True,５　精神及び行動の障害(統合失調症，統合失調症型障害及び妄想性障害（再掲）),total,total,r65p,65歳以上(再掲),65.0,,True,False,2023,219.0,36227.0,79.33713
,"統合失調症,統合失調症型障害及び妄想性障害",True,５　精神及び行動の障害(統合失調症，統合失調症型障害及び妄想性障害（再掲）),total,total,a70_74,70-74歳,70.0,74.0,False,False,2023,273.0,8817.0,24.07041
,"統合失調症,統合失調症型障害及び妄想性障害",True,５　精神及び行動の障害(統合失調症，統合失調症型障害及び妄想性障害（再掲）),total,total,r70p,70歳以上(再掲),70.0,,True,False,2023,201.0,,
,"統合失調症,統合失調症型障害及び妄想性障害",True,５　精神及び行動の障害(統合失調症，統合失調症型障害及び妄想性障害（再掲）),total,total,a75_79,75-79歳,75.0,79.0,False,False,2023,220.0,7474.0,16.4428
,"統合失調症,統合失調症型障害及び妄想性障害",True,５　精神及び行動の障害(統合失調症，統合失調症型障害及び妄想性障害（再掲）),total,total,r75p,75歳以上(再掲),75.0,,True,False,2023,169.0,20078.0,33.93182
,"統合失調症,統合失調症型障害及び妄想性障害",True,５　精神及び行動の障害(統合失調症，統合失調症型障害及び妄想性障害（再掲）),total,total,a80_84,80-84歳,80.0,84.0,False,False,2023,171.0,5895.0,10.08045
,"統合失調症,統合失調症型障害及び妄想性障害",True,５　精神及び行動の障害(統合失調症，統合失調症型障害及び妄想性障害（再掲）),total,total,a85_89,85-89歳,85.0,89.0,False,False,2023,128.0,3979.0,5.09312
,"統合失調症,統合失調症型障害及び妄想性障害",True,５　精神及び行動の障害(統合失調症，統合失調症型障害及び妄想性障害（再掲）),total,total,a90p,90歳以上,90.0,,False,False,2023,83.0,,
,"統合失調症,統合失調症型障害及び妄想性障害",True,５　精神及び行動の障害(統合失調症，統合失調症型障害及び妄想性障害（再掲）),total,total,total,総数,,,False,True,2023,141.0,124352.0,175.33632
,総数,False,総数,total,female,a00,0歳,0.0,0.0,False,False,2023,7481.0,,
,総数,False,総数,total,female,a01_04,1-4歳,1.0,4.0,False,False,2023,6161.0,,
,総数,False,総数,total,female,a05_09,5-9歳,5.0,9.0,False,False,2023,5053.0,,
,総数,False,総数,total,female,a10_14,10-14歳,10.0,14.0,False,False,2023,3556.0,,
,総数,False,総数,total,female,a15_19,15-19歳,15.0,19.0,False,False,2023,2768.0,,
,総数,False,総数,total,female,a20_24,20-24歳,20.0,24.0,False,False,2023,3139.0,,
,総数,False,総数,total,female,a25_29,25-29歳,25.0,29.0,False,False,2023,4077.0,,
,総数,False,総数,total,female,a30_34,30-34歳,30.0,34.0,False,False,2023,4605.0,,
,総数,False,総数,total,female,a35_39,35-39歳,35.0,39.0,False,False,2023,4680.0,,
,総数,False,総数,total,female,a40_44,40-44歳,40.0,44.0,False,False,2023,4614.0,,
,総数,False,総数,total,female,a45_49,45-49歳,45.0,49.0,False,False,2023,5039.0,,
,総数,False,総数,total,female,a50_54,50-54歳,50.0,54.0,False,False,2023,5688.0,,
,総数,False,総数,total,female,a55_59,55-59歳,55.0,59.0,False,False,2023,6388.0,,
,総数,False,総数,total,female,a60_64,60-64歳,60.0,64.0,False,False,2023,7750.0,,
,総数,False,総数,total,female,a65_69,65-69歳,65.0,69.0,False,False,2023,9325.0,,
,総数,False,総数,total,female,r65p,65歳以上(再掲),65.0,,True,False,2023,12843.0,,
,総数,False,総数,total,female,a70_74,70-74歳,70.0,74.0,False,False,2023,10866.0,,
,総数,False,総数,total,female,r70p,70歳以上(再掲),70.0,,True,False,2023,13634.0,,
,総数,False,総数,total,female,a75_79,75-79歳,75.0,79.0,False,False,2023,13231.0,,
,総数,False,総数,total,female,r75p,75歳以上(再掲),75.0,,True,False,2023,14699.0,,
,総数,False,総数,total,female,a80_84,80-84歳,80.0,84.0,False,False,2023,14951.0,,
,総数,False,総数,total,female,a85_89,85-89歳,85.0,89.0,False,False,2023,15648.0,,
,総数,False,総数,total,female,a90p,90歳以上,90.0,,False,False,2023,16076.0,,
,総数,False,総数,total,female,total,総数,,,False,True,2023,7539.0,,
,総数,False,総数,total,male,a00,0歳,0.0,0.0,False,False,2023,7917.0,,
,総数,False,総数,total,male,a01_04,1-4歳,1.0,4.0,False,False,2023,6713.0,,
,総数,False,総数,total,male,a05_09,5-9歳,5.0,9.0,False,False,2023,5500.0,2478.0,136.29
,総数,False,総数,total,male,a10_14,10-14歳,10.0,14.0,False,False,2023,3968.0,2689.0,106.69952
,総数,False,総数,total,male,a15_19,15-19歳,15.0,19.0,False,False,2023,2392.0,2818.0,67.40656
,総数,False,総数,total,male,a20_24,20-24歳,20.0,24.0,False,False,2023,1906.0,3212.0,61.22072
,総数,False,総数,total,male,a25_29,25-29歳,25.0,29.0,False,False,2023,2020.0,3333.0,67.3266
,総数,False,総数,total,male,a30_34,30-34歳,30.0,34.0,False,False,2023,2335.0,3273.0,76.42455
,総数,False,総数,total,male,a35_39,35-39歳,35.0,39.0,False,False,2023,2553.0,3593.0,91.72929
,総数,False,総数,total,male,a40_44,40-44歳,40.0,44.0,False,False,2023,2928.0,3938.0,115.30464
,総数,False,総数,total,male,a45_49,45-49歳,45.0,49.0,False,False,2023,3443.0,4620.0,159.0666
,総数,False,総数,total,male,a50_54,50-54歳,50.0,54.0,False,False,2023,3999.0,4868.0,194.67132
,総数,False,総数,total,male,a55_59,55-59歳,55.0,59.0,False,False,2023,5180.0,4143.0,214.6074
,総数,False,総数,total,male,a60_64,60-64歳,60.0,64.0,False,False,2023,6554.0,3719.0,243.74326
,総数,False,総数,total,male,a65_69,65-69歳,65.0,69.0,False,False,2023,9119.0,3569.0,325.45711
,総数,False,総数,total,male,r65p,65歳以上(再掲),65.0,,True,False,2023,12416.0,,
,総数,False,総数,total,male,a70_74,70-74歳,70.0,74.0,False,False,2023,10933.0,4161.0,454.92213
,総数,False,総数,total,male,r70p,70歳以上(再掲),70.0,,True,False,2023,13384.0,,
,総数,False,総数,total,male,a75_79,75-79歳,75.0,79.0,False,False,2023,13234.0,3365.0,445.3241
,総数,False,総数,total,male,r75p,75歳以上(再掲),75.0,,True,False,2023,14661.0,,
,総数,False,総数,total,male,a80_84,80-84歳,80.0,84.0,False,False,2023,14976.0,2458.0,368.11008
,総数,False,総数,total,male,a85_89,85-89歳,85.0,89.0,False,False,2023,16328.0,1448.0,236.42944
,総数,False,総数,total,male,a90p,90歳以上,90.0,,False,False,2023,16916.0,,
,総数,False,総数,total,male,total,総数,,,False,True,2023,6011.0,60492.0,3636.17412
,総数,False,総数,total,total,a00,0歳,0.0,0.0,False,False,2023,7705.0,,
,総数,False,総数,total,total,a01_04,1-4歳,1.0,4.0,False,False,2023,6444.0,,
,総数,False,総数,total,total,a05_09,5-9歳,5.0,9.0,False,False,2023,5282.0,4838.0,255.54316
,総数,False,総数,total,total,a10_14,10-14歳,10.0,14.0,False,False,2023,3767.0,5248.0,197.69216
,総数,False,総数,total,total,a15_19,15-19歳,15.0,19.0,False,False,2023,2574.0,5494.0,141.41556
,総数,False,総数,total,total,a20_24,20-24歳,20.0,24.0,False,False,2023,2504.0,6236.0,156.14944
,総数,False,総数,total,total,a25_29,25-29歳,25.0,29.0,False,False,2023,3019.0,6479.0,195.60101
,総数,False,総数,total,total,a30_34,30-34歳,30.0,34.0,False,False,2023,3440.0,6380.0,219.472
,総数,False,総数,total,total,a35_39,35-39歳,35.0,39.0,False,False,2023,3595.0,7047.0,253.33965
,総数,False,総数,total,total,a40_44,40-44歳,40.0,44.0,False,False,2023,3759.0,7765.0,291.88635
,総数,False,総数,total,total,a45_49,45-49歳,45.0,49.0,False,False,2023,4230.0,9115.0,385.5645
,総数,False,総数,total,total,a50_54,50-54歳,50.0,54.0,False,False,2023,4836.0,9650.0,466.674
,総数,False,総数,total,total,a55_59,55-59歳,55.0,59.0,False,False,2023,5784.0,8279.0,478.85736
,総数,False,総数,total,total,a60_64,60-64歳,60.0,64.0,False,False,2023,7157.0,7507.0,537.27599
,総数,False,総数,total,total,a65_69,65-69歳,65.0,69.0,False,False,2023,9225.0,7332.0,676.377
,総数,False,総数,total,total,r65p,65歳以上(再掲),65.0,,True,False,2023,12657.0,36227.0,4585.25139
,総数,False,総数,total,total,a70_74,70-74歳,70.0,74.0,False,False,2023,10897.0,8817.0,960.78849
,総数,False,総数,total,total,r70p,70歳以上(再掲),70.0,,True,False,2023,13529.0,,
,総数,False,総数,total,total,a75_79,75-79歳,75.0,79.0,False,False,2023,13231.0,7474.0,988.88494
,総数,False,総数,total,total,r75p,75歳以上(再掲),75.0,,True,False,2023,14684.0,20078.0,2948.25352
,総数,False,総数,total,total,a80_84,80-84歳,80.0,84.0,False,False,2023,14962.0,5895.0,882.0099
,総数,False,総数,total,total,a85_89,85-89歳,85.0,89.0,False,False,2023,15896.0,3979.0,632.50184
,総数,False,総数,total,total,a90p,90歳以上,90.0,,False,False,2023,16296.0,,
,総数,False,総数,total,total,total,総数,,,False,True,2023,6795.0,124352.0,8449.7184
,耳及び乳様突起の疾患,False,８　耳及び乳様突起の疾患,total,female,a00,0歳,0.0,0.0,False,False,2023,152.0,,
,耳及び乳様突起の疾患,False,８　耳及び乳様突起の疾患,total,female,a01_04,1-4歳,1.0,4.0,False,False,2023,257.0,,
,耳及び乳様突起の疾患,False,８　耳及び乳様突起の疾患,total,female,a05_09,5-9歳,5.0,9.0,False,False,2023,98.0,,
,耳及び乳様突起の疾患,False,８　耳及び乳様突起の疾患,total,female,a10_14,10-14歳,10.0,14.0,False,False,2023,32.0,,
,耳及び乳様突起の疾患,False,８　耳及び乳様突起の疾患,total,female,a15_19,15-19歳,15.0,19.0,False,False,2023,33.0,,
,耳及び乳様突起の疾患,False,８　耳及び乳様突起の疾患,total,female,a20_24,20-24歳,20.0,24.0,False,False,2023,34.0,,
,耳及び乳様突起の疾患,False,８　耳及び乳様突起の疾患,total,female,a25_29,25-29歳,25.0,29.0,False,False,2023,36.0,,
,耳及び乳様突起の疾患,False,８　耳及び乳様突起の疾患,total,female,a30_34,30-34歳,30.0,34.0,False,False,2023,57.0,,
,耳及び乳様突起の疾患,False,８　耳及び乳様突起の疾患,total,female,a35_39,35-39歳,35.0,39.0,False,False,2023,37.0,,
,耳及び乳様突起の疾患,False,８　耳及び乳様突起の疾患,total,female,a40_44,40-44歳,40.0,44.0,False,False,2023,43.0,,
,耳及び乳様突起の疾患,False,８　耳及び乳様突起の疾患,total,female,a45_49,45-49歳,45.0,49.0,False,False,2023,53.0,,
,耳及び乳様突起の疾患,False,８　耳及び乳様突起の疾患,total,female,a50_54,50-54歳,50.0,54.0,False,False,2023,57.0,,
,耳及び乳様突起の疾患,False,８　耳及び乳様突起の疾患,total,female,a55_59,55-59歳,55.0,59.0,False,False,2023,52.0,,
,耳及び乳様突起の疾患,False,８　耳及び乳様突起の疾患,total,female,a60_64,60-64歳,60.0,64.0,False,False,2023,64.0,,
,耳及び乳様突起の疾患,False,８　耳及び乳様突起の疾患,total,female,a65_69,65-69歳,65.0,69.0,False,False,2023,89.0,,
,耳及び乳様突起の疾患,False,８　耳及び乳様突起の疾患,total,female,r65p,65歳以上(再掲),65.0,,True,False,2023,117.0,,
,耳及び乳様突起の疾患,False,８　耳及び乳様突起の疾患,total,female,a70_74,70-74歳,70.0,74.0,False,False,2023,91.0,,
,耳及び乳様突起の疾患,False,８　耳及び乳様突起の疾患,total,female,r70p,70歳以上(再掲),70.0,,True,False,2023,123.0,,
,耳及び乳様突起の疾患,False,８　耳及び乳様突起の疾患,total,female,a75_79,75-79歳,75.0,79.0,False,False,2023,122.0,,
,耳及び乳様突起の疾患,False,８　耳及び乳様突起の疾患,total,female,r75p,75歳以上(再掲),75.0,,True,False,2023,135.0,,
,耳及び乳様突起の疾患,False,８　耳及び乳様突起の疾患,total,female,a80_84,80-84歳,80.0,84.0,False,False,2023,171.0,,
,耳及び乳様突起の疾患,False,８　耳及び乳様突起の疾患,total,female,a85_89,85-89歳,85.0,89.0,False,False,2023,156.0,,
,耳及び乳様突起の疾患,False,８　耳及び乳様突起の疾患,total,female,a90p,90歳以上,90.0,,False,False,2023,77.0,,
,耳及び乳様突起の疾患,False,８　耳及び乳様突起の疾患,total,female,total,総数,,,False,True,2023,77.0,,
,耳及び乳様突起の疾患,False,８　耳及び乳様突起の疾患,total,male,a00,0歳,0.0,0.0,False,False,2023,151.0,,
,耳及び乳様突起の疾患,False,８　耳及び乳様突起の疾患,total,male,a01_04,1-4歳,1.0,4.0,False,False,2023,287.0,,
,耳及び乳様突起の疾患,False,８　耳及び乳様突起の疾患,total,male,a05_09,5-9歳,5.0,9.0,False,False,2023,123.0,2478.0,3.04794
,耳及び乳様突起の疾患,False,８　耳及び乳様突起の疾患,total,male,a10_14,10-14歳,10.0,14.0,False,False,2023,28.0,2689.0,0.75292
,耳及び乳様突起の疾患,False,８　耳及び乳様突起の疾患,total,male,a15_19,15-19歳,15.0,19.0,False,False,2023,31.0,2818.0,0.87358
,耳及び乳様突起の疾患,False,８　耳及び乳様突起の疾患,total,male,a20_24,20-24歳,20.0,24.0,False,False,2023,22.0,3212.0,0.70664
,耳及び乳様突起の疾患,False,８　耳及び乳様突起の疾患,total,male,a25_29,25-29歳,25.0,29.0,False,False,2023,15.0,3333.0,0.49995
,耳及び乳様突起の疾患,False,８　耳及び乳様突起の疾患,total,male,a30_34,30-34歳,30.0,34.0,False,False,2023,30.0,3273.0,0.9819
,耳及び乳様突起の疾患,False,８　耳及び乳様突起の疾患,total,male,a35_39,35-39歳,35.0,39.0,False,False,2023,25.0,3593.0,0.89825
,耳及び乳様突起の疾患,False,８　耳及び乳様突起の疾患,total,male,a40_44,40-44歳,40.0,44.0,False,False,2023,28.0,3938.0,1.10264
,耳及び乳様突起の疾患,False,８　耳及び乳様突起の疾患,total,male,a45_49,45-49歳,45.0,49.0,False,False,2023,28.0,4620.0,1.2936
,耳及び乳様突起の疾患,False,８　耳及び乳様突起の疾患,total,male,a50_54,50-54歳,50.0,54.0,False,False,2023,29.0,4868.0,1.41172
,耳及び乳様突起の疾患,False,８　耳及び乳様突起の疾患,total,male,a55_59,55-59歳,55.0,59.0,False,False,2023,33.0,4143.0,1.36719
,耳及び乳様突起の疾患,False,８　耳及び乳様突起の疾患,total,male,a60_64,60-64歳,60.0,64.0,False,False,2023,39.0,3719.0,1.45041
,耳及び乳様突起の疾患,False,８　耳及び乳様突起の疾患,total,male,a65_69,65-69歳,65.0,69.0,False,False,2023,64.0,3569.0,2.28416
,耳及び乳様突起の疾患,False,８　耳及び乳様突起の疾患,total,male,r65p,65歳以上(再掲),65.0,,True,False,2023,88.0,,
,耳及び乳様突起の疾患,False,８　耳及び乳様突起の疾患,total,male,a70_74,70-74歳,70.0,74.0,False,False,2023,73.0,4161.0,3.03753
,耳及び乳様突起の疾患,False,８　耳及び乳様突起の疾患,total,male,r70p,70歳以上(再掲),70.0,,True,False,2023,95.0,,
,耳及び乳様突起の疾患,False,８　耳及び乳様突起の疾患,total,male,a75_79,75-79歳,75.0,79.0,False,False,2023,104.0,3365.0,3.4996
,耳及び乳様突起の疾患,False,８　耳及び乳様突起の疾患,total,male,r75p,75歳以上(再掲),75.0,,True,False,2023,106.0,,
,耳及び乳様突起の疾患,False,８　耳及び乳様突起の疾患,total,male,a80_84,80-84歳,80.0,84.0,False,False,2023,100.0,2458.0,2.458
,耳及び乳様突起の疾患,False,８　耳及び乳様突起の疾患,total,male,a85_89,85-89歳,85.0,89.0,False,False,2023,135.0,1448.0,1.9548
,耳及び乳様突起の疾患,False,８　耳及び乳様突起の疾患,total,male,a90p,90歳以上,90.0,,False,False,2023,84.0,,
,耳及び乳様突起の疾患,False,８　耳及び乳様突起の疾患,total,male,total,総数,,,False,True,2023,56.0,60492.0,33.87552
,耳及び乳様突起の疾患,False,８　耳及び乳様突起の疾患,total,total,a00,0歳,0.0,0.0,False,False,2023,152.0,,
,耳及び乳様突起の疾患,False,８　耳及び乳様突起の疾患,total,total,a01_04,1-4歳,1.0,4.0,False,False,2023,272.0,,
,耳及び乳様突起の疾患,False,８　耳及び乳様突起の疾患,total,total,a05_09,5-9歳,5.0,9.0,False,False,2023,111.0,4838.0,5.37018
,耳及び乳様突起の疾患,False,８　耳及び乳様突起の疾患,total,total,a10_14,10-14歳,10.0,14.0,False,False,2023,30.0,5248.0,1.5744
,耳及び乳様突起の疾患,False,８　耳及び乳様突起の疾患,total,total,a15_19,15-19歳,15.0,19.0,False,False,2023,32.0,5494.0,1.75808
,耳及び乳様突起の疾患,False,８　耳及び乳様突起の疾患,total,total,a20_24,20-24歳,20.0,24.0,False,False,2023,28.0,6236.0,1.74608
,耳及び乳様突起の疾患,False,８　耳及び乳様突起の疾患,total,total,a25_29,25-29歳,25.0,29.0,False,False,2023,25.0,6479.0,1.61975
,耳及び乳様突起の疾患,False,８　耳及び乳様突起の疾患,total,total,a30_34,30-34歳,30.0,34.0,False,False,2023,43.0,6380.0,2.7434
,耳及び乳様突起の疾患,False,８　耳及び乳様突起の疾患,total,total,a35_39,35-39歳,35.0,39.0,False,False,2023,31.0,7047.0,2.18457
,耳及び乳様突起の疾患,False,８　耳及び乳様突起の疾患,total,total,a40_44,40-44歳,40.0,44.0,False,False,2023,35.0,7765.0,2.71775
,耳及び乳様突起の疾患,False,８　耳及び乳様突起の疾患,total,total,a45_49,45-49歳,45.0,49.0,False,False,2023,40.0,9115.0,3.646
,耳及び乳様突起の疾患,False,８　耳及び乳様突起の疾患,total,total,a50_54,50-54歳,50.0,54.0,False,False,2023,42.0,9650.0,4.053
,耳及び乳様突起の疾患,False,８　耳及び乳様突起の疾患,total,total,a55_59,55-59歳,55.0,59.0,False,False,2023,42.0,8279.0,3.47718
,耳及び乳様突起の疾患,False,８　耳及び乳様突起の疾患,total,total,a60_64,60-64歳,60.0,64.0,False,False,2023,52.0,7507.0,3.90364
,耳及び乳様突起の疾患,False,８　耳及び乳様突起の疾患,total,total,a65_69,65-69歳,65.0,69.0,False,False,2023,77.0,7332.0,5.64564
,耳及び乳様突起の疾患,False,８　耳及び乳様突起の疾患,total,total,r65p,65歳以上(再掲),65.0,,True,False,2023,104.0,36227.0,37.67608
,耳及び乳様突起の疾患,False,８　耳及び乳様突起の疾患,total,total,a70_74,70-74歳,70.0,74.0,False,False,2023,82.0,8817.0,7.22994
,耳及び乳様突起の疾患,False,８　耳及び乳様突起の疾患,total,total,r70p,70歳以上(再掲),70.0,,True,False,2023,111.0,,
,耳及び乳様突起の疾患,False,８　耳及び乳様突起の疾患,total,total,a75_79,75-79歳,75.0,79.0,False,False,2023,114.0,7474.0,8.52036
,耳及び乳様突起の疾患,False,８　耳及び乳様突起の疾患,total,total,r75p,75歳以上(再掲),75.0,,True,False,2023,124.0,20078.0,24.89672
,耳及び乳様突起の疾患,False,８　耳及び乳様突起の疾患,total,total,a80_84,80-84歳,80.0,84.0,False,False,2023,141.0,5895.0,8.31195
,耳及び乳様突起の疾患,False,８　耳及び乳様突起の疾患,total,total,a85_89,85-89歳,85.0,89.0,False,False,2023,148.0,3979.0,5.88892
,耳及び乳様突起の疾患,False,８　耳及び乳様突起の疾患,total,total,a90p,90歳以上,90.0,,False,False,2023,79.0,,
,耳及び乳様突起の疾患,False,８　耳及び乳様突起の疾患,total,total,total,総数,,,False,True,2023,67.0,124352.0,83.31584
,肝疾患,True,１１　消化器系の疾患(肝疾患（再掲）),total,female,a00,0歳,0.0,0.0,False,False,2023,3.0,,
,肝疾患,True,１１　消化器系の疾患(肝疾患（再掲）),total,female,a01_04,1-4歳,1.0,4.0,False,False,2023,0.0,,
,肝疾患,True,１１　消化器系の疾患(肝疾患（再掲）),total,female,a05_09,5-9歳,5.0,9.0,False,False,2023,0.0,,
,肝疾患,True,１１　消化器系の疾患(肝疾患（再掲）),total,female,a10_14,10-14歳,10.0,14.0,False,False,2023,0.0,,
,肝疾患,True,１１　消化器系の疾患(肝疾患（再掲）),total,female,a15_19,15-19歳,15.0,19.0,False,False,2023,0.0,,
,肝疾患,True,１１　消化器系の疾患(肝疾患（再掲）),total,female,a20_24,20-24歳,20.0,24.0,False,False,2023,8.0,,
,肝疾患,True,１１　消化器系の疾患(肝疾患（再掲）),total,female,a25_29,25-29歳,25.0,29.0,False,False,2023,5.0,,
,肝疾患,True,１１　消化器系の疾患(肝疾患（再掲）),total,female,a30_34,30-34歳,30.0,34.0,False,False,2023,9.0,,
,肝疾患,True,１１　消化器系の疾患(肝疾患（再掲）),total,female,a35_39,35-39歳,35.0,39.0,False,False,2023,10.0,,
,肝疾患,True,１１　消化器系の疾患(肝疾患（再掲）),total,female,a40_44,40-44歳,40.0,44.0,False,False,2023,12.0,,
,肝疾患,True,１１　消化器系の疾患(肝疾患（再掲）),total,female,a45_49,45-49歳,45.0,49.0,False,False,2023,17.0,,
,肝疾患,True,１１　消化器系の疾患(肝疾患（再掲）),total,female,a50_54,50-54歳,50.0,54.0,False,False,2023,26.0,,
,肝疾患,True,１１　消化器系の疾患(肝疾患（再掲）),total,female,a55_59,55-59歳,55.0,59.0,False,False,2023,28.0,,
,肝疾患,True,１１　消化器系の疾患(肝疾患（再掲）),total,female,a60_64,60-64歳,60.0,64.0,False,False,2023,30.0,,
,肝疾患,True,１１　消化器系の疾患(肝疾患（再掲）),total,female,a65_69,65-69歳,65.0,69.0,False,False,2023,38.0,,
,肝疾患,True,１１　消化器系の疾患(肝疾患（再掲）),total,female,r65p,65歳以上(再掲),65.0,,True,False,2023,40.0,,
,肝疾患,True,１１　消化器系の疾患(肝疾患（再掲）),total,female,a70_74,70-74歳,70.0,74.0,False,False,2023,40.0,,
,肝疾患,True,１１　消化器系の疾患(肝疾患（再掲）),total,female,r70p,70歳以上(再掲),70.0,,True,False,2023,41.0,,
,肝疾患,True,１１　消化器系の疾患(肝疾患（再掲）),total,female,a75_79,75-79歳,75.0,79.0,False,False,2023,47.0,,
,肝疾患,True,１１　消化器系の疾患(肝疾患（再掲）),total,female,r75p,75歳以上(再掲),75.0,,True,False,2023,41.0,,
,肝疾患,True,１１　消化器系の疾患(肝疾患（再掲）),total,female,a80_84,80-84歳,80.0,84.0,False,False,2023,41.0,,
,肝疾患,True,１１　消化器系の疾患(肝疾患（再掲）),total,female,a85_89,85-89歳,85.0,89.0,False,False,2023,31.0,,
,肝疾患,True,１１　消化器系の疾患(肝疾患（再掲）),total,female,a90p,90歳以上,90.0,,False,False,2023,38.0,,
,肝疾患,True,１１　消化器系の疾患(肝疾患（再掲）),total,female,total,総数,,,False,True,2023,22.0,,
,肝疾患,True,１１　消化器系の疾患(肝疾患（再掲）),total,male,a00,0歳,0.0,0.0,False,False,2023,1.0,,
,肝疾患,True,１１　消化器系の疾患(肝疾患（再掲）),total,male,a01_04,1-4歳,1.0,4.0,False,False,2023,3.0,,
,肝疾患,True,１１　消化器系の疾患(肝疾患（再掲）),total,male,a05_09,5-9歳,5.0,9.0,False,False,2023,0.0,2478.0,0.0
,肝疾患,True,１１　消化器系の疾患(肝疾患（再掲）),total,male,a10_14,10-14歳,10.0,14.0,False,False,2023,1.0,2689.0,0.02689
,肝疾患,True,１１　消化器系の疾患(肝疾患（再掲）),total,male,a15_19,15-19歳,15.0,19.0,False,False,2023,5.0,2818.0,0.1409
,肝疾患,True,１１　消化器系の疾患(肝疾患（再掲）),total,male,a20_24,20-24歳,20.0,24.0,False,False,2023,7.0,3212.0,0.22484
,肝疾患,True,１１　消化器系の疾患(肝疾患（再掲）),total,male,a25_29,25-29歳,25.0,29.0,False,False,2023,10.0,3333.0,0.3333
,肝疾患,True,１１　消化器系の疾患(肝疾患（再掲）),total,male,a30_34,30-34歳,30.0,34.0,False,False,2023,11.0,3273.0,0.36003
,肝疾患,True,１１　消化器系の疾患(肝疾患（再掲）),total,male,a35_39,35-39歳,35.0,39.0,False,False,2023,24.0,3593.0,0.86232
,肝疾患,True,１１　消化器系の疾患(肝疾患（再掲）),total,male,a40_44,40-44歳,40.0,44.0,False,False,2023,19.0,3938.0,0.74822
,肝疾患,True,１１　消化器系の疾患(肝疾患（再掲）),total,male,a45_49,45-49歳,45.0,49.0,False,False,2023,19.0,4620.0,0.8778
,肝疾患,True,１１　消化器系の疾患(肝疾患（再掲）),total,male,a50_54,50-54歳,50.0,54.0,False,False,2023,21.0,4868.0,1.02228
,肝疾患,True,１１　消化器系の疾患(肝疾患（再掲）),total,male,a55_59,55-59歳,55.0,59.0,False,False,2023,37.0,4143.0,1.53291
,肝疾患,True,１１　消化器系の疾患(肝疾患（再掲）),total,male,a60_64,60-64歳,60.0,64.0,False,False,2023,37.0,3719.0,1.37603
,肝疾患,True,１１　消化器系の疾患(肝疾患（再掲）),total,male,a65_69,65-69歳,65.0,69.0,False,False,2023,46.0,3569.0,1.64174
,肝疾患,True,１１　消化器系の疾患(肝疾患（再掲）),total,male,r65p,65歳以上(再掲),65.0,,True,False,2023,44.0,,
,肝疾患,True,１１　消化器系の疾患(肝疾患（再掲）),total,male,a70_74,70-74歳,70.0,74.0,False,False,2023,42.0,4161.0,1.74762
,肝疾患,True,１１　消化器系の疾患(肝疾患（再掲）),total,male,r70p,70歳以上(再掲),70.0,,True,False,2023,44.0,,
,肝疾患,True,１１　消化器系の疾患(肝疾患（再掲）),total,male,a75_79,75-79歳,75.0,79.0,False,False,2023,40.0,3365.0,1.346
,肝疾患,True,１１　消化器系の疾患(肝疾患（再掲）),total,male,r75p,75歳以上(再掲),75.0,,True,False,2023,45.0,,
,肝疾患,True,１１　消化器系の疾患(肝疾患（再掲）),total,male,a80_84,80-84歳,80.0,84.0,False,False,2023,57.0,2458.0,1.40106
,肝疾患,True,１１　消化器系の疾患(肝疾患（再掲）),total,male,a85_89,85-89歳,85.0,89.0,False,False,2023,38.0,1448.0,0.55024
,肝疾患,True,１１　消化器系の疾患(肝疾患（再掲）),total,male,a90p,90歳以上,90.0,,False,False,2023,39.0,,
,肝疾患,True,１１　消化器系の疾患(肝疾患（再掲）),total,male,total,総数,,,False,True,2023,24.0,60492.0,14.51808
,肝疾患,True,１１　消化器系の疾患(肝疾患（再掲）),total,total,a00,0歳,0.0,0.0,False,False,2023,2.0,,
,肝疾患,True,１１　消化器系の疾患(肝疾患（再掲）),total,total,a01_04,1-4歳,1.0,4.0,False,False,2023,2.0,,
,肝疾患,True,１１　消化器系の疾患(肝疾患（再掲）),total,total,a05_09,5-9歳,5.0,9.0,False,False,2023,0.0,4838.0,0.0
,肝疾患,True,１１　消化器系の疾患(肝疾患（再掲）),total,total,a10_14,10-14歳,10.0,14.0,False,False,2023,1.0,5248.0,0.05248
,肝疾患,True,１１　消化器系の疾患(肝疾患（再掲）),total,total,a15_19,15-19歳,15.0,19.0,False,False,2023,3.0,5494.0,0.16482
,肝疾患,True,１１　消化器系の疾患(肝疾患（再掲）),total,total,a20_24,20-24歳,20.0,24.0,False,False,2023,8.0,6236.0,0.49888
,肝疾患,True,１１　消化器系の疾患(肝疾患（再掲）),total,total,a25_29,25-29歳,25.0,29.0,False,False,2023,7.0,6479.0,0.45353
,肝疾患,True,１１　消化器系の疾患(肝疾患（再掲）),total,total,a30_34,30-34歳,30.0,34.0,False,False,2023,10.0,6380.0,0.638
,肝疾患,True,１１　消化器系の疾患(肝疾患（再掲）),total,total,a35_39,35-39歳,35.0,39.0,False,False,2023,17.0,7047.0,1.19799
,肝疾患,True,１１　消化器系の疾患(肝疾患（再掲）),total,total,a40_44,40-44歳,40.0,44.0,False,False,2023,16.0,7765.0,1.2424
,肝疾患,True,１１　消化器系の疾患(肝疾患（再掲）),total,total,a45_49,45-49歳,45.0,49.0,False,False,2023,18.0,9115.0,1.6407
,肝疾患,True,１１　消化器系の疾患(肝疾患（再掲）),total,total,a50_54,50-54歳,50.0,54.0,False,False,2023,24.0,9650.0,2.316
,肝疾患,True,１１　消化器系の疾患(肝疾患（再掲）),total,total,a55_59,55-59歳,55.0,59.0,False,False,2023,32.0,8279.0,2.64928
,肝疾患,True,１１　消化器系の疾患(肝疾患（再掲）),total,total,a60_64,60-64歳,60.0,64.0,False,False,2023,34.0,7507.0,2.55238
,肝疾患,True,１１　消化器系の疾患(肝疾患（再掲）),total,total,a65_69,65-69歳,65.0,69.0,False,False,2023,42.0,7332.0,3.07944
,肝疾患,True,１１　消化器系の疾患(肝疾患（再掲）),total,total,r65p,65歳以上(再掲),65.0,,True,False,2023,42.0,36227.0,15.21534
,肝疾患,True,１１　消化器系の疾患(肝疾患（再掲）),total,total,a70_74,70-74歳,70.0,74.0,False,False,2023,41.0,8817.0,3.61497
,肝疾患,True,１１　消化器系の疾患(肝疾患（再掲）),total,total,r70p,70歳以上(再掲),70.0,,True,False,2023,42.0,,
,肝疾患,True,１１　消化器系の疾患(肝疾患（再掲）),total,total,a75_79,75-79歳,75.0,79.0,False,False,2023,44.0,7474.0,3.28856
,肝疾患,True,１１　消化器系の疾患(肝疾患（再掲）),total,total,r75p,75歳以上(再掲),75.0,,True,False,2023,42.0,20078.0,8.43276
,肝疾患,True,１１　消化器系の疾患(肝疾患（再掲）),total,total,a80_84,80-84歳,80.0,84.0,False,False,2023,48.0,5895.0,2.8296
,肝疾患,True,１１　消化器系の疾患(肝疾患（再掲）),total,total,a85_89,85-89歳,85.0,89.0,False,False,2023,34.0,3979.0,1.35286
,肝疾患,True,１１　消化器系の疾患(肝疾患（再掲）),total,total,a90p,90歳以上,90.0,,False,False,2023,38.0,,
,肝疾患,True,１１　消化器系の疾患(肝疾患（再掲）),total,total,total,総数,,,False,True,2023,23.0,124352.0,28.60096
,肺炎,True,１０　呼吸器系の疾患(肺炎（再掲）),total,female,a00,0歳,0.0,0.0,False,False,2023,19.0,,
,肺炎,True,１０　呼吸器系の疾患(肺炎（再掲）),total,female,a01_04,1-4歳,1.0,4.0,False,False,2023,18.0,,
,肺炎,True,１０　呼吸器系の疾患(肺炎（再掲）),total,female,a05_09,5-9歳,5.0,9.0,False,False,2023,9.0,,
,肺炎,True,１０　呼吸器系の疾患(肺炎（再掲）),total,female,a10_14,10-14歳,10.0,14.0,False,False,2023,4.0,,
,肺炎,True,１０　呼吸器系の疾患(肺炎（再掲）),total,female,a15_19,15-19歳,15.0,19.0,False,False,2023,1.0,,
,肺炎,True,１０　呼吸器系の疾患(肺炎（再掲）),total,female,a20_24,20-24歳,20.0,24.0,False,False,2023,5.0,,
,肺炎,True,１０　呼吸器系の疾患(肺炎（再掲）),total,female,a25_29,25-29歳,25.0,29.0,False,False,2023,2.0,,
,肺炎,True,１０　呼吸器系の疾患(肺炎（再掲）),total,female,a30_34,30-34歳,30.0,34.0,False,False,2023,4.0,,
,肺炎,True,１０　呼吸器系の疾患(肺炎（再掲）),total,female,a35_39,35-39歳,35.0,39.0,False,False,2023,4.0,,
,肺炎,True,１０　呼吸器系の疾患(肺炎（再掲）),total,female,a40_44,40-44歳,40.0,44.0,False,False,2023,3.0,,
,肺炎,True,１０　呼吸器系の疾患(肺炎（再掲）),total,female,a45_49,45-49歳,45.0,49.0,False,False,2023,2.0,,
,肺炎,True,１０　呼吸器系の疾患(肺炎（再掲）),total,female,a50_54,50-54歳,50.0,54.0,False,False,2023,4.0,,
,肺炎,True,１０　呼吸器系の疾患(肺炎（再掲）),total,female,a55_59,55-59歳,55.0,59.0,False,False,2023,5.0,,
,肺炎,True,１０　呼吸器系の疾患(肺炎（再掲）),total,female,a60_64,60-64歳,60.0,64.0,False,False,2023,9.0,,
,肺炎,True,１０　呼吸器系の疾患(肺炎（再掲）),total,female,a65_69,65-69歳,65.0,69.0,False,False,2023,9.0,,
,肺炎,True,１０　呼吸器系の疾患(肺炎（再掲）),total,female,r65p,65歳以上(再掲),65.0,,True,False,2023,61.0,,
,肺炎,True,１０　呼吸器系の疾患(肺炎（再掲）),total,female,a70_74,70-74歳,70.0,74.0,False,False,2023,18.0,,
,肺炎,True,１０　呼吸器系の疾患(肺炎（再掲）),total,female,r70p,70歳以上(再掲),70.0,,True,False,2023,73.0,,
,肺炎,True,１０　呼吸器系の疾患(肺炎（再掲）),total,female,a75_79,75-79歳,75.0,79.0,False,False,2023,31.0,,
,肺炎,True,１０　呼吸器系の疾患(肺炎（再掲）),total,female,r75p,75歳以上(再掲),75.0,,True,False,2023,94.0,,
,肺炎,True,１０　呼吸器系の疾患(肺炎（再掲）),total,female,a80_84,80-84歳,80.0,84.0,False,False,2023,56.0,,
,肺炎,True,１０　呼吸器系の疾患(肺炎（再掲）),total,female,a85_89,85-89歳,85.0,89.0,False,False,2023,117.0,,
,肺炎,True,１０　呼吸器系の疾患(肺炎（再掲）),total,female,a90p,90歳以上,90.0,,False,False,2023,255.0,,
,肺炎,True,１０　呼吸器系の疾患(肺炎（再掲）),total,female,total,総数,,,False,True,2023,23.0,,
,肺炎,True,１０　呼吸器系の疾患(肺炎（再掲）),total,male,a00,0歳,0.0,0.0,False,False,2023,18.0,,
,肺炎,True,１０　呼吸器系の疾患(肺炎（再掲）),total,male,a01_04,1-4歳,1.0,4.0,False,False,2023,13.0,,
,肺炎,True,１０　呼吸器系の疾患(肺炎（再掲）),total,male,a05_09,5-9歳,5.0,9.0,False,False,2023,10.0,2478.0,0.2478
,肺炎,True,１０　呼吸器系の疾患(肺炎（再掲）),total,male,a10_14,10-14歳,10.0,14.0,False,False,2023,3.0,2689.0,0.08067
,肺炎,True,１０　呼吸器系の疾患(肺炎（再掲）),total,male,a15_19,15-19歳,15.0,19.0,False,False,2023,3.0,2818.0,0.08454
,肺炎,True,１０　呼吸器系の疾患(肺炎（再掲）),total,male,a20_24,20-24歳,20.0,24.0,False,False,2023,1.0,3212.0,0.03212
,肺炎,True,１０　呼吸器系の疾患(肺炎（再掲）),total,male,a25_29,25-29歳,25.0,29.0,False,False,2023,3.0,3333.0,0.09999
,肺炎,True,１０　呼吸器系の疾患(肺炎（再掲）),total,male,a30_34,30-34歳,30.0,34.0,False,False,2023,4.0,3273.0,0.13092
,肺炎,True,１０　呼吸器系の疾患(肺炎（再掲）),total,male,a35_39,35-39歳,35.0,39.0,False,False,2023,3.0,3593.0,0.10779
,肺炎,True,１０　呼吸器系の疾患(肺炎（再掲）),total,male,a40_44,40-44歳,40.0,44.0,False,False,2023,3.0,3938.0,0.11814
,肺炎,True,１０　呼吸器系の疾患(肺炎（再掲）),total,male,a45_49,45-49歳,45.0,49.0,False,False,2023,3.0,4620.0,0.1386
,肺炎,True,１０　呼吸器系の疾患(肺炎（再掲）),total,male,a50_54,50-54歳,50.0,54.0,False,False,2023,4.0,4868.0,0.19472
,肺炎,True,１０　呼吸器系の疾患(肺炎（再掲）),total,male,a55_59,55-59歳,55.0,59.0,False,False,2023,7.0,4143.0,0.29001
,肺炎,True,１０　呼吸器系の疾患(肺炎（再掲）),total,male,a60_64,60-64歳,60.0,64.0,False,False,2023,13.0,3719.0,0.48347
,肺炎,True,１０　呼吸器系の疾患(肺炎（再掲）),total,male,a65_69,65-69歳,65.0,69.0,False,False,2023,21.0,3569.0,0.74949
,肺炎,True,１０　呼吸器系の疾患(肺炎（再掲）),total,male,r65p,65歳以上(再掲),65.0,,True,False,2023,90.0,,
,肺炎,True,１０　呼吸器系の疾患(肺炎（再掲）),total,male,a70_74,70-74歳,70.0,74.0,False,False,2023,38.0,4161.0,1.58118
,肺炎,True,１０　呼吸器系の疾患(肺炎（再掲）),total,male,r70p,70歳以上(再掲),70.0,,True,False,2023,110.0,,
,肺炎,True,１０　呼吸器系の疾患(肺炎（再掲）),total,male,a75_79,75-79歳,75.0,79.0,False,False,2023,72.0,3365.0,2.4228
,肺炎,True,１０　呼吸器系の疾患(肺炎（再掲）),total,male,r75p,75歳以上(再掲),75.0,,True,False,2023,148.0,,
,肺炎,True,１０　呼吸器系の疾患(肺炎（再掲）),total,male,a80_84,80-84歳,80.0,84.0,False,False,2023,127.0,2458.0,3.12166
,肺炎,True,１０　呼吸器系の疾患(肺炎（再掲）),total,male,a85_89,85-89歳,85.0,89.0,False,False,2023,237.0,1448.0,3.43176
,肺炎,True,１０　呼吸器系の疾患(肺炎（再掲）),total,male,a90p,90歳以上,90.0,,False,False,2023,395.0,,
,肺炎,True,１０　呼吸器系の疾患(肺炎（再掲）),total,male,total,総数,,,False,True,2023,27.0,60492.0,16.33284
,肺炎,True,１０　呼吸器系の疾患(肺炎（再掲）),total,total,a00,0歳,0.0,0.0,False,False,2023,18.0,,
,肺炎,True,１０　呼吸器系の疾患(肺炎（再掲）),total,total,a01_04,1-4歳,1.0,4.0,False,False,2023,16.0,,
,肺炎,True,１０　呼吸器系の疾患(肺炎（再掲）),total,total,a05_09,5-9歳,5.0,9.0,False,False,2023,10.0,4838.0,0.4838
,肺炎,True,１０　呼吸器系の疾患(肺炎（再掲）),total,total,a10_14,10-14歳,10.0,14.0,False,False,2023,4.0,5248.0,0.20992
,肺炎,True,１０　呼吸器系の疾患(肺炎（再掲）),total,total,a15_19,15-19歳,15.0,19.0,False,False,2023,2.0,5494.0,0.10988
,肺炎,True,１０　呼吸器系の疾患(肺炎（再掲）),total,total,a20_24,20-24歳,20.0,24.0,False,False,2023,3.0,6236.0,0.18708
,肺炎,True,１０　呼吸器系の疾患(肺炎（再掲）),total,total,a25_29,25-29歳,25.0,29.0,False,False,2023,2.0,6479.0,0.12958
,肺炎,True,１０　呼吸器系の疾患(肺炎（再掲）),total,total,a30_34,30-34歳,30.0,34.0,False,False,2023,4.0,6380.0,0.2552
,肺炎,True,１０　呼吸器系の疾患(肺炎（再掲）),total,total,a35_39,35-39歳,35.0,39.0,False,False,2023,3.0,7047.0,0.21141
,肺炎,True,１０　呼吸器系の疾患(肺炎（再掲）),total,total,a40_44,40-44歳,40.0,44.0,False,False,2023,3.0,7765.0,0.23295
,肺炎,True,１０　呼吸器系の疾患(肺炎（再掲）),total,total,a45_49,45-49歳,45.0,49.0,False,False,2023,3.0,9115.0,0.27345
,肺炎,True,１０　呼吸器系の疾患(肺炎（再掲）),total,total,a50_54,50-54歳,50.0,54.0,False,False,2023,4.0,9650.0,0.386
,肺炎,True,１０　呼吸器系の疾患(肺炎（再掲）),total,total,a55_59,55-59歳,55.0,59.0,False,False,2023,6.0,8279.0,0.49674
,肺炎,True,１０　呼吸器系の疾患(肺炎（再掲）),total,total,a60_64,60-64歳,60.0,64.0,False,False,2023,11.0,7507.0,0.82577
,肺炎,True,１０　呼吸器系の疾患(肺炎（再掲）),total,total,a65_69,65-69歳,65.0,69.0,False,False,2023,15.0,7332.0,1.0998
,肺炎,True,１０　呼吸器系の疾患(肺炎（再掲）),total,total,r65p,65歳以上(再掲),65.0,,True,False,2023,73.0,36227.0,26.44571
,肺炎,True,１０　呼吸器系の疾患(肺炎（再掲）),total,total,a70_74,70-74歳,70.0,74.0,False,False,2023,27.0,8817.0,2.38059
,肺炎,True,１０　呼吸器系の疾患(肺炎（再掲）),total,total,r70p,70歳以上(再掲),70.0,,True,False,2023,88.0,,
,肺炎,True,１０　呼吸器系の疾患(肺炎（再掲）),total,total,a75_79,75-79歳,75.0,79.0,False,False,2023,50.0,7474.0,3.737
,肺炎,True,１０　呼吸器系の疾患(肺炎（再掲）),total,total,r75p,75歳以上(再掲),75.0,,True,False,2023,115.0,20078.0,23.0897
,肺炎,True,１０　呼吸器系の疾患(肺炎（再掲）),total,total,a80_84,80-84歳,80.0,84.0,False,False,2023,85.0,5895.0,5.01075
,肺炎,True,１０　呼吸器系の疾患(肺炎（再掲）),total,total,a85_89,85-89歳,85.0,89.0,False,False,2023,161.0,3979.0,6.40619
,肺炎,True,１０　呼吸器系の疾患(肺炎（再掲）),total,total,a90p,90歳以上,90.0,,False,False,2023,292.0,,
,肺炎,True,１０　呼吸器系の疾患(肺炎（再掲）),total,total,total,総数,,,False,True,2023,25.0,124352.0,31.088
,胃の悪性新生物<腫瘍>,True,２　新生物＜腫瘍＞(胃の悪性新生物＜腫瘍＞（再掲）),total,female,a00,0歳,0.0,0.0,False,False,2023,1.0,,
,胃の悪性新生物<腫瘍>,True,２　新生物＜腫瘍＞(胃の悪性新生物＜腫瘍＞（再掲）),total,female,a01_04,1-4歳,1.0,4.0,False,False,2023,1.0,,
,胃の悪性新生物<腫瘍>,True,２　新生物＜腫瘍＞(胃の悪性新生物＜腫瘍＞（再掲）),total,female,a05_09,5-9歳,5.0,9.0,False,False,2023,,,
,胃の悪性新生物<腫瘍>,True,２　新生物＜腫瘍＞(胃の悪性新生物＜腫瘍＞（再掲）),total,female,a10_14,10-14歳,10.0,14.0,False,False,2023,0.0,,
,胃の悪性新生物<腫瘍>,True,２　新生物＜腫瘍＞(胃の悪性新生物＜腫瘍＞（再掲）),total,female,a15_19,15-19歳,15.0,19.0,False,False,2023,0.0,,
,胃の悪性新生物<腫瘍>,True,２　新生物＜腫瘍＞(胃の悪性新生物＜腫瘍＞（再掲）),total,female,a20_24,20-24歳,20.0,24.0,False,False,2023,0.0,,
,胃の悪性新生物<腫瘍>,True,２　新生物＜腫瘍＞(胃の悪性新生物＜腫瘍＞（再掲）),total,female,a25_29,25-29歳,25.0,29.0,False,False,2023,0.0,,
,胃の悪性新生物<腫瘍>,True,２　新生物＜腫瘍＞(胃の悪性新生物＜腫瘍＞（再掲）),total,female,a30_34,30-34歳,30.0,34.0,False,False,2023,1.0,,
,胃の悪性新生物<腫瘍>,True,２　新生物＜腫瘍＞(胃の悪性新生物＜腫瘍＞（再掲）),total,female,a35_39,35-39歳,35.0,39.0,False,False,2023,3.0,,
,胃の悪性新生物<腫瘍>,True,２　新生物＜腫瘍＞(胃の悪性新生物＜腫瘍＞（再掲）),total,female,a40_44,40-44歳,40.0,44.0,False,False,2023,3.0,,
,胃の悪性新生物<腫瘍>,True,２　新生物＜腫瘍＞(胃の悪性新生物＜腫瘍＞（再掲）),total,female,a45_49,45-49歳,45.0,49.0,False,False,2023,5.0,,
,胃の悪性新生物<腫瘍>,True,２　新生物＜腫瘍＞(胃の悪性新生物＜腫瘍＞（再掲）),total,female,a50_54,50-54歳,50.0,54.0,False,False,2023,6.0,,
,胃の悪性新生物<腫瘍>,True,２　新生物＜腫瘍＞(胃の悪性新生物＜腫瘍＞（再掲）),total,female,a55_59,55-59歳,55.0,59.0,False,False,2023,7.0,,
,胃の悪性新生物<腫瘍>,True,２　新生物＜腫瘍＞(胃の悪性新生物＜腫瘍＞（再掲）),total,female,a60_64,60-64歳,60.0,64.0,False,False,2023,13.0,,
,胃の悪性新生物<腫瘍>,True,２　新生物＜腫瘍＞(胃の悪性新生物＜腫瘍＞（再掲）),total,female,a65_69,65-69歳,65.0,69.0,False,False,2023,24.0,,
,胃の悪性新生物<腫瘍>,True,２　新生物＜腫瘍＞(胃の悪性新生物＜腫瘍＞（再掲）),total,female,r65p,65歳以上(再掲),65.0,,True,False,2023,32.0,,
,胃の悪性新生物<腫瘍>,True,２　新生物＜腫瘍＞(胃の悪性新生物＜腫瘍＞（再掲）),total,female,a70_74,70-74歳,70.0,74.0,False,False,2023,32.0,,
,胃の悪性新生物<腫瘍>,True,２　新生物＜腫瘍＞(胃の悪性新生物＜腫瘍＞（再掲）),total,female,r70p,70歳以上(再掲),70.0,,True,False,2023,34.0,,
,胃の悪性新生物<腫瘍>,True,２　新生物＜腫瘍＞(胃の悪性新生物＜腫瘍＞（再掲）),total,female,a75_79,75-79歳,75.0,79.0,False,False,2023,36.0,,
,胃の悪性新生物<腫瘍>,True,２　新生物＜腫瘍＞(胃の悪性新生物＜腫瘍＞（再掲）),total,female,r75p,75歳以上(再掲),75.0,,True,False,2023,35.0,,
,胃の悪性新生物<腫瘍>,True,２　新生物＜腫瘍＞(胃の悪性新生物＜腫瘍＞（再掲）),total,female,a80_84,80-84歳,80.0,84.0,False,False,2023,37.0,,
,胃の悪性新生物<腫瘍>,True,２　新生物＜腫瘍＞(胃の悪性新生物＜腫瘍＞（再掲）),total,female,a85_89,85-89歳,85.0,89.0,False,False,2023,36.0,,
,胃の悪性新生物<腫瘍>,True,２　新生物＜腫瘍＞(胃の悪性新生物＜腫瘍＞（再掲）),total,female,a90p,90歳以上,90.0,,False,False,2023,30.0,,
,胃の悪性新生物<腫瘍>,True,２　新生物＜腫瘍＞(胃の悪性新生物＜腫瘍＞（再掲）),total,female,total,総数,,,False,True,2023,13.0,,
,胃の悪性新生物<腫瘍>,True,２　新生物＜腫瘍＞(胃の悪性新生物＜腫瘍＞（再掲）),total,male,a00,0歳,0.0,0.0,False,False,2023,,,
,胃の悪性新生物<腫瘍>,True,２　新生物＜腫瘍＞(胃の悪性新生物＜腫瘍＞（再掲）),total,male,a01_04,1-4歳,1.0,4.0,False,False,2023,,,
,胃の悪性新生物<腫瘍>,True,２　新生物＜腫瘍＞(胃の悪性新生物＜腫瘍＞（再掲）),total,male,a05_09,5-9歳,5.0,9.0,False,False,2023,0.0,2478.0,0.0
,胃の悪性新生物<腫瘍>,True,２　新生物＜腫瘍＞(胃の悪性新生物＜腫瘍＞（再掲）),total,male,a10_14,10-14歳,10.0,14.0,False,False,2023,0.0,2689.0,0.0
,胃の悪性新生物<腫瘍>,True,２　新生物＜腫瘍＞(胃の悪性新生物＜腫瘍＞（再掲）),total,male,a15_19,15-19歳,15.0,19.0,False,False,2023,,2818.0,
,胃の悪性新生物<腫瘍>,True,２　新生物＜腫瘍＞(胃の悪性新生物＜腫瘍＞（再掲）),total,male,a20_24,20-24歳,20.0,24.0,False,False,2023,0.0,3212.0,0.0
,胃の悪性新生物<腫瘍>,True,２　新生物＜腫瘍＞(胃の悪性新生物＜腫瘍＞（再掲）),total,male,a25_29,25-29歳,25.0,29.0,False,False,2023,0.0,3333.0,0.0
,胃の悪性新生物<腫瘍>,True,２　新生物＜腫瘍＞(胃の悪性新生物＜腫瘍＞（再掲）),total,male,a30_34,30-34歳,30.0,34.0,False,False,2023,1.0,3273.0,0.03273
,胃の悪性新生物<腫瘍>,True,２　新生物＜腫瘍＞(胃の悪性新生物＜腫瘍＞（再掲）),total,male,a35_39,35-39歳,35.0,39.0,False,False,2023,2.0,3593.0,0.07186
,胃の悪性新生物<腫瘍>,True,２　新生物＜腫瘍＞(胃の悪性新生物＜腫瘍＞（再掲）),total,male,a40_44,40-44歳,40.0,44.0,False,False,2023,2.0,3938.0,0.07876
,胃の悪性新生物<腫瘍>,True,２　新生物＜腫瘍＞(胃の悪性新生物＜腫瘍＞（再掲）),total,male,a45_49,45-49歳,45.0,49.0,False,False,2023,4.0,4620.0,0.1848
,胃の悪性新生物<腫瘍>,True,２　新生物＜腫瘍＞(胃の悪性新生物＜腫瘍＞（再掲）),total,male,a50_54,50-54歳,50.0,54.0,False,False,2023,7.0,4868.0,0.34076
,胃の悪性新生物<腫瘍>,True,２　新生物＜腫瘍＞(胃の悪性新生物＜腫瘍＞（再掲）),total,male,a55_59,55-59歳,55.0,59.0,False,False,2023,16.0,4143.0,0.66288
,胃の悪性新生物<腫瘍>,True,２　新生物＜腫瘍＞(胃の悪性新生物＜腫瘍＞（再掲）),total,male,a60_64,60-64歳,60.0,64.0,False,False,2023,27.0,3719.0,1.00413
,胃の悪性新生物<腫瘍>,True,２　新生物＜腫瘍＞(胃の悪性新生物＜腫瘍＞（再掲）),total,male,a65_69,65-69歳,65.0,69.0,False,False,2023,46.0,3569.0,1.64174
,胃の悪性新生物<腫瘍>,True,２　新生物＜腫瘍＞(胃の悪性新生物＜腫瘍＞（再掲）),total,male,r65p,65歳以上(再掲),65.0,,True,False,2023,86.0,,
,胃の悪性新生物<腫瘍>,True,２　新生物＜腫瘍＞(胃の悪性新生物＜腫瘍＞（再掲）),total,male,a70_74,70-74歳,70.0,74.0,False,False,2023,79.0,4161.0,3.28719
,胃の悪性新生物<腫瘍>,True,２　新生物＜腫瘍＞(胃の悪性新生物＜腫瘍＞（再掲）),total,male,r70p,70歳以上(再掲),70.0,,True,False,2023,97.0,,
,胃の悪性新生物<腫瘍>,True,２　新生物＜腫瘍＞(胃の悪性新生物＜腫瘍＞（再掲）),total,male,a75_79,75-79歳,75.0,79.0,False,False,2023,102.0,3365.0,3.4323
,胃の悪性新生物<腫瘍>,True,２　新生物＜腫瘍＞(胃の悪性新生物＜腫瘍＞（再掲）),total,male,r75p,75歳以上(再掲),75.0,,True,False,2023,107.0,,
,胃の悪性新生物<腫瘍>,True,２　新生物＜腫瘍＞(胃の悪性新生物＜腫瘍＞（再掲）),total,male,a80_84,80-84歳,80.0,84.0,False,False,2023,123.0,2458.0,3.02334
,胃の悪性新生物<腫瘍>,True,２　新生物＜腫瘍＞(胃の悪性新生物＜腫瘍＞（再掲）),total,male,a85_89,85-89歳,85.0,89.0,False,False,2023,95.0,1448.0,1.3756
,胃の悪性新生物<腫瘍>,True,２　新生物＜腫瘍＞(胃の悪性新生物＜腫瘍＞（再掲）),total,male,a90p,90歳以上,90.0,,False,False,2023,92.0,,
,胃の悪性新生物<腫瘍>,True,２　新生物＜腫瘍＞(胃の悪性新生物＜腫瘍＞（再掲）),total,male,total,総数,,,False,True,2023,26.0,60492.0,15.72792
,胃の悪性新生物<腫瘍>,True,２　新生物＜腫瘍＞(胃の悪性新生物＜腫瘍＞（再掲）),total,total,a00,0歳,0.0,0.0,False,False,2023,1.0,,
,胃の悪性新生物<腫瘍>,True,２　新生物＜腫瘍＞(胃の悪性新生物＜腫瘍＞（再掲）),total,total,a01_04,1-4歳,1.0,4.0,False,False,2023,0.0,,
,胃の悪性新生物<腫瘍>,True,２　新生物＜腫瘍＞(胃の悪性新生物＜腫瘍＞（再掲）),total,total,a05_09,5-9歳,5.0,9.0,False,False,2023,0.0,4838.0,0.0
,胃の悪性新生物<腫瘍>,True,２　新生物＜腫瘍＞(胃の悪性新生物＜腫瘍＞（再掲）),total,total,a10_14,10-14歳,10.0,14.0,False,False,2023,0.0,5248.0,0.0
,胃の悪性新生物<腫瘍>,True,２　新生物＜腫瘍＞(胃の悪性新生物＜腫瘍＞（再掲）),total,total,a15_19,15-19歳,15.0,19.0,False,False,2023,0.0,5494.0,0.0
,胃の悪性新生物<腫瘍>,True,２　新生物＜腫瘍＞(胃の悪性新生物＜腫瘍＞（再掲）),total,total,a20_24,20-24歳,20.0,24.0,False,False,2023,0.0,6236.0,0.0
,胃の悪性新生物<腫瘍>,True,２　新生物＜腫瘍＞(胃の悪性新生物＜腫瘍＞（再掲）),total,total,a25_29,25-29歳,25.0,29.0,False,False,2023,0.0,6479.0,0.0
,胃の悪性新生物<腫瘍>,True,２　新生物＜腫瘍＞(胃の悪性新生物＜腫瘍＞（再掲）),total,total,a30_34,30-34歳,30.0,34.0,False,False,2023,1.0,6380.0,0.0638
,胃の悪性新生物<腫瘍>,True,２　新生物＜腫瘍＞(胃の悪性新生物＜腫瘍＞（再掲）),total,total,a35_39,35-39歳,35.0,39.0,False,False,2023,3.0,7047.0,0.21141
,胃の悪性新生物<腫瘍>,True,２　新生物＜腫瘍＞(胃の悪性新生物＜腫瘍＞（再掲）),total,total,a40_44,40-44歳,40.0,44.0,False,False,2023,2.0,7765.0,0.1553
,胃の悪性新生物<腫瘍>,True,２　新生物＜腫瘍＞(胃の悪性新生物＜腫瘍＞（再掲）),total,total,a45_49,45-49歳,45.0,49.0,False,False,2023,4.0,9115.0,0.3646
,胃の悪性新生物<腫瘍>,True,２　新生物＜腫瘍＞(胃の悪性新生物＜腫瘍＞（再掲）),total,total,a50_54,50-54歳,50.0,54.0,False,False,2023,6.0,9650.0,0.579
,胃の悪性新生物<腫瘍>,True,２　新生物＜腫瘍＞(胃の悪性新生物＜腫瘍＞（再掲）),total,total,a55_59,55-59歳,55.0,59.0,False,False,2023,12.0,8279.0,0.99348
,胃の悪性新生物<腫瘍>,True,２　新生物＜腫瘍＞(胃の悪性新生物＜腫瘍＞（再掲）),total,total,a60_64,60-64歳,60.0,64.0,False,False,2023,20.0,7507.0,1.5014
,胃の悪性新生物<腫瘍>,True,２　新生物＜腫瘍＞(胃の悪性新生物＜腫瘍＞（再掲）),total,total,a65_69,65-69歳,65.0,69.0,False,False,2023,34.0,7332.0,2.49288
,胃の悪性新生物<腫瘍>,True,２　新生物＜腫瘍＞(胃の悪性新生物＜腫瘍＞（再掲）),total,total,r65p,65歳以上(再掲),65.0,,True,False,2023,55.0,36227.0,19.92485
,胃の悪性新生物<腫瘍>,True,２　新生物＜腫瘍＞(胃の悪性新生物＜腫瘍＞（再掲）),total,total,a70_74,70-74歳,70.0,74.0,False,False,2023,54.0,8817.0,4.76118
,胃の悪性新生物<腫瘍>,True,２　新生物＜腫瘍＞(胃の悪性新生物＜腫瘍＞（再掲）),total,total,r70p,70歳以上(再掲),70.0,,True,False,2023,61.0,,
,胃の悪性新生物<腫瘍>,True,２　新生物＜腫瘍＞(胃の悪性新生物＜腫瘍＞（再掲）),total,total,a75_79,75-79歳,75.0,79.0,False,False,2023,66.0,7474.0,4.93284
,胃の悪性新生物<腫瘍>,True,２　新生物＜腫瘍＞(胃の悪性新生物＜腫瘍＞（再掲）),total,total,r75p,75歳以上(再掲),75.0,,True,False,2023,64.0,20078.0,12.84992
,胃の悪性新生物<腫瘍>,True,２　新生物＜腫瘍＞(胃の悪性新生物＜腫瘍＞（再掲）),total,total,a80_84,80-84歳,80.0,84.0,False,False,2023,73.0,5895.0,4.30335
,胃の悪性新生物<腫瘍>,True,２　新生物＜腫瘍＞(胃の悪性新生物＜腫瘍＞（再掲）),total,total,a85_89,85-89歳,85.0,89.0,False,False,2023,57.0,3979.0,2.26803
,胃の悪性新生物<腫瘍>,True,２　新生物＜腫瘍＞(胃の悪性新生物＜腫瘍＞（再掲）),total,total,a90p,90歳以上,90.0,,False,False,2023,46.0,,
,胃の悪性新生物<腫瘍>,True,２　新生物＜腫瘍＞(胃の悪性新生物＜腫瘍＞（再掲）),total,total,total,総数,,,False,True,2023,19.0,124352.0,23.62688
,胃潰瘍及び十二指腸潰瘍,True,１１　消化器系の疾患(胃潰瘍及び十二指腸潰瘍（再掲）),total,female,a00,0歳,0.0,0.0,False,False,2023,,,
,胃潰瘍及び十二指腸潰瘍,True,１１　消化器系の疾患(胃潰瘍及び十二指腸潰瘍（再掲）),total,female,a01_04,1-4歳,1.0,4.0,False,False,2023,,,
,胃潰瘍及び十二指腸潰瘍,True,１１　消化器系の疾患(胃潰瘍及び十二指腸潰瘍（再掲）),total,female,a05_09,5-9歳,5.0,9.0,False,False,2023,,,
,胃潰瘍及び十二指腸潰瘍,True,１１　消化器系の疾患(胃潰瘍及び十二指腸潰瘍（再掲）),total,female,a10_14,10-14歳,10.0,14.0,False,False,2023,2.0,,
,胃潰瘍及び十二指腸潰瘍,True,１１　消化器系の疾患(胃潰瘍及び十二指腸潰瘍（再掲）),total,female,a15_19,15-19歳,15.0,19.0,False,False,2023,0.0,,
,胃潰瘍及び十二指腸潰瘍,True,１１　消化器系の疾患(胃潰瘍及び十二指腸潰瘍（再掲）),total,female,a20_24,20-24歳,20.0,24.0,False,False,2023,3.0,,
,胃潰瘍及び十二指腸潰瘍,True,１１　消化器系の疾患(胃潰瘍及び十二指腸潰瘍（再掲）),total,female,a25_29,25-29歳,25.0,29.0,False,False,2023,3.0,,
,胃潰瘍及び十二指腸潰瘍,True,１１　消化器系の疾患(胃潰瘍及び十二指腸潰瘍（再掲）),total,female,a30_34,30-34歳,30.0,34.0,False,False,2023,2.0,,
,胃潰瘍及び十二指腸潰瘍,True,１１　消化器系の疾患(胃潰瘍及び十二指腸潰瘍（再掲）),total,female,a35_39,35-39歳,35.0,39.0,False,False,2023,3.0,,
,胃潰瘍及び十二指腸潰瘍,True,１１　消化器系の疾患(胃潰瘍及び十二指腸潰瘍（再掲）),total,female,a40_44,40-44歳,40.0,44.0,False,False,2023,4.0,,
,胃潰瘍及び十二指腸潰瘍,True,１１　消化器系の疾患(胃潰瘍及び十二指腸潰瘍（再掲）),total,female,a45_49,45-49歳,45.0,49.0,False,False,2023,7.0,,
,胃潰瘍及び十二指腸潰瘍,True,１１　消化器系の疾患(胃潰瘍及び十二指腸潰瘍（再掲）),total,female,a50_54,50-54歳,50.0,54.0,False,False,2023,9.0,,
,胃潰瘍及び十二指腸潰瘍,True,１１　消化器系の疾患(胃潰瘍及び十二指腸潰瘍（再掲）),total,female,a55_59,55-59歳,55.0,59.0,False,False,2023,10.0,,
,胃潰瘍及び十二指腸潰瘍,True,１１　消化器系の疾患(胃潰瘍及び十二指腸潰瘍（再掲）),total,female,a60_64,60-64歳,60.0,64.0,False,False,2023,9.0,,
,胃潰瘍及び十二指腸潰瘍,True,１１　消化器系の疾患(胃潰瘍及び十二指腸潰瘍（再掲）),total,female,a65_69,65-69歳,65.0,69.0,False,False,2023,11.0,,
,胃潰瘍及び十二指腸潰瘍,True,１１　消化器系の疾患(胃潰瘍及び十二指腸潰瘍（再掲）),total,female,r65p,65歳以上(再掲),65.0,,True,False,2023,20.0,,
,胃潰瘍及び十二指腸潰瘍,True,１１　消化器系の疾患(胃潰瘍及び十二指腸潰瘍（再掲）),total,female,a70_74,70-74歳,70.0,74.0,False,False,2023,14.0,,
,胃潰瘍及び十二指腸潰瘍,True,１１　消化器系の疾患(胃潰瘍及び十二指腸潰瘍（再掲）),total,female,r70p,70歳以上(再掲),70.0,,True,False,2023,22.0,,
,胃潰瘍及び十二指腸潰瘍,True,１１　消化器系の疾患(胃潰瘍及び十二指腸潰瘍（再掲）),total,female,a75_79,75-79歳,75.0,79.0,False,False,2023,19.0,,
,胃潰瘍及び十二指腸潰瘍,True,１１　消化器系の疾患(胃潰瘍及び十二指腸潰瘍（再掲）),total,female,r75p,75歳以上(再掲),75.0,,True,False,2023,25.0,,
,胃潰瘍及び十二指腸潰瘍,True,１１　消化器系の疾患(胃潰瘍及び十二指腸潰瘍（再掲）),total,female,a80_84,80-84歳,80.0,84.0,False,False,2023,26.0,,
,胃潰瘍及び十二指腸潰瘍,True,１１　消化器系の疾患(胃潰瘍及び十二指腸潰瘍（再掲）),total,female,a85_89,85-89歳,85.0,89.0,False,False,2023,35.0,,
,胃潰瘍及び十二指腸潰瘍,True,１１　消化器系の疾患(胃潰瘍及び十二指腸潰瘍（再掲）),total,female,a90p,90歳以上,90.0,,False,False,2023,24.0,,
,胃潰瘍及び十二指腸潰瘍,True,１１　消化器系の疾患(胃潰瘍及び十二指腸潰瘍（再掲）),total,female,total,総数,,,False,True,2023,10.0,,
,胃潰瘍及び十二指腸潰瘍,True,１１　消化器系の疾患(胃潰瘍及び十二指腸潰瘍（再掲）),total,male,a00,0歳,0.0,0.0,False,False,2023,1.0,,
,胃潰瘍及び十二指腸潰瘍,True,１１　消化器系の疾患(胃潰瘍及び十二指腸潰瘍（再掲）),total,male,a01_04,1-4歳,1.0,4.0,False,False,2023,,,
,胃潰瘍及び十二指腸潰瘍,True,１１　消化器系の疾患(胃潰瘍及び十二指腸潰瘍（再掲）),total,male,a05_09,5-9歳,5.0,9.0,False,False,2023,,2478.0,
,胃潰瘍及び十二指腸潰瘍,True,１１　消化器系の疾患(胃潰瘍及び十二指腸潰瘍（再掲）),total,male,a10_14,10-14歳,10.0,14.0,False,False,2023,2.0,2689.0,0.05378
,胃潰瘍及び十二指腸潰瘍,True,１１　消化器系の疾患(胃潰瘍及び十二指腸潰瘍（再掲）),total,male,a15_19,15-19歳,15.0,19.0,False,False,2023,0.0,2818.0,0.0
,胃潰瘍及び十二指腸潰瘍,True,１１　消化器系の疾患(胃潰瘍及び十二指腸潰瘍（再掲）),total,male,a20_24,20-24歳,20.0,24.0,False,False,2023,1.0,3212.0,0.03212
,胃潰瘍及び十二指腸潰瘍,True,１１　消化器系の疾患(胃潰瘍及び十二指腸潰瘍（再掲）),total,male,a25_29,25-29歳,25.0,29.0,False,False,2023,2.0,3333.0,0.06666
,胃潰瘍及び十二指腸潰瘍,True,１１　消化器系の疾患(胃潰瘍及び十二指腸潰瘍（再掲）),total,male,a30_34,30-34歳,30.0,34.0,False,False,2023,2.0,3273.0,0.06546
,胃潰瘍及び十二指腸潰瘍,True,１１　消化器系の疾患(胃潰瘍及び十二指腸潰瘍（再掲）),total,male,a35_39,35-39歳,35.0,39.0,False,False,2023,8.0,3593.0,0.28744
,胃潰瘍及び十二指腸潰瘍,True,１１　消化器系の疾患(胃潰瘍及び十二指腸潰瘍（再掲）),total,male,a40_44,40-44歳,40.0,44.0,False,False,2023,4.0,3938.0,0.15752
,胃潰瘍及び十二指腸潰瘍,True,１１　消化器系の疾患(胃潰瘍及び十二指腸潰瘍（再掲）),total,male,a45_49,45-49歳,45.0,49.0,False,False,2023,4.0,4620.0,0.1848
,胃潰瘍及び十二指腸潰瘍,True,１１　消化器系の疾患(胃潰瘍及び十二指腸潰瘍（再掲）),total,male,a50_54,50-54歳,50.0,54.0,False,False,2023,6.0,4868.0,0.29208
,胃潰瘍及び十二指腸潰瘍,True,１１　消化器系の疾患(胃潰瘍及び十二指腸潰瘍（再掲）),total,male,a55_59,55-59歳,55.0,59.0,False,False,2023,11.0,4143.0,0.45573
,胃潰瘍及び十二指腸潰瘍,True,１１　消化器系の疾患(胃潰瘍及び十二指腸潰瘍（再掲）),total,male,a60_64,60-64歳,60.0,64.0,False,False,2023,14.0,3719.0,0.52066
,胃潰瘍及び十二指腸潰瘍,True,１１　消化器系の疾患(胃潰瘍及び十二指腸潰瘍（再掲）),total,male,a65_69,65-69歳,65.0,69.0,False,False,2023,17.0,3569.0,0.60673
,胃潰瘍及び十二指腸潰瘍,True,１１　消化器系の疾患(胃潰瘍及び十二指腸潰瘍（再掲）),total,male,r65p,65歳以上(再掲),65.0,,True,False,2023,26.0,,
,胃潰瘍及び十二指腸潰瘍,True,１１　消化器系の疾患(胃潰瘍及び十二指腸潰瘍（再掲）),total,male,a70_74,70-74歳,70.0,74.0,False,False,2023,22.0,4161.0,0.91542
,胃潰瘍及び十二指腸潰瘍,True,１１　消化器系の疾患(胃潰瘍及び十二指腸潰瘍（再掲）),total,male,r70p,70歳以上(再掲),70.0,,True,False,2023,29.0,,
,胃潰瘍及び十二指腸潰瘍,True,１１　消化器系の疾患(胃潰瘍及び十二指腸潰瘍（再掲）),total,male,a75_79,75-79歳,75.0,79.0,False,False,2023,29.0,3365.0,0.97585
,胃潰瘍及び十二指腸潰瘍,True,１１　消化器系の疾患(胃潰瘍及び十二指腸潰瘍（再掲）),total,male,r75p,75歳以上(再掲),75.0,,True,False,2023,33.0,,
,胃潰瘍及び十二指腸潰瘍,True,１１　消化器系の疾患(胃潰瘍及び十二指腸潰瘍（再掲）),total,male,a80_84,80-84歳,80.0,84.0,False,False,2023,35.0,2458.0,0.8603
,胃潰瘍及び十二指腸潰瘍,True,１１　消化器系の疾患(胃潰瘍及び十二指腸潰瘍（再掲）),total,male,a85_89,85-89歳,85.0,89.0,False,False,2023,42.0,1448.0,0.60816
,胃潰瘍及び十二指腸潰瘍,True,１１　消化器系の疾患(胃潰瘍及び十二指腸潰瘍（再掲）),total,male,a90p,90歳以上,90.0,,False,False,2023,27.0,,
,胃潰瘍及び十二指腸潰瘍,True,１１　消化器系の疾患(胃潰瘍及び十二指腸潰瘍（再掲）),total,male,total,総数,,,False,True,2023,10.0,60492.0,6.0492
,胃潰瘍及び十二指腸潰瘍,True,１１　消化器系の疾患(胃潰瘍及び十二指腸潰瘍（再掲）),total,total,a00,0歳,0.0,0.0,False,False,2023,0.0,,
,胃潰瘍及び十二指腸潰瘍,True,１１　消化器系の疾患(胃潰瘍及び十二指腸潰瘍（再掲）),total,total,a01_04,1-4歳,1.0,4.0,False,False,2023,,,
,胃潰瘍及び十二指腸潰瘍,True,１１　消化器系の疾患(胃潰瘍及び十二指腸潰瘍（再掲）),total,total,a05_09,5-9歳,5.0,9.0,False,False,2023,,4838.0,
,胃潰瘍及び十二指腸潰瘍,True,１１　消化器系の疾患(胃潰瘍及び十二指腸潰瘍（再掲）),total,total,a10_14,10-14歳,10.0,14.0,False,False,2023,2.0,5248.0,0.10496
,胃潰瘍及び十二指腸潰瘍,True,１１　消化器系の疾患(胃潰瘍及び十二指腸潰瘍（再掲）),total,total,a15_19,15-19歳,15.0,19.0,False,False,2023,0.0,5494.0,0.0
,胃潰瘍及び十二指腸潰瘍,True,１１　消化器系の疾患(胃潰瘍及び十二指腸潰瘍（再掲）),total,total,a20_24,20-24歳,20.0,24.0,False,False,2023,2.0,6236.0,0.12472
,胃潰瘍及び十二指腸潰瘍,True,１１　消化器系の疾患(胃潰瘍及び十二指腸潰瘍（再掲）),total,total,a25_29,25-29歳,25.0,29.0,False,False,2023,2.0,6479.0,0.12958
,胃潰瘍及び十二指腸潰瘍,True,１１　消化器系の疾患(胃潰瘍及び十二指腸潰瘍（再掲）),total,total,a30_34,30-34歳,30.0,34.0,False,False,2023,2.0,6380.0,0.1276
,胃潰瘍及び十二指腸潰瘍,True,１１　消化器系の疾患(胃潰瘍及び十二指腸潰瘍（再掲）),total,total,a35_39,35-39歳,35.0,39.0,False,False,2023,6.0,7047.0,0.42282
,胃潰瘍及び十二指腸潰瘍,True,１１　消化器系の疾患(胃潰瘍及び十二指腸潰瘍（再掲）),total,total,a40_44,40-44歳,40.0,44.0,False,False,2023,4.0,7765.0,0.3106
,胃潰瘍及び十二指腸潰瘍,True,１１　消化器系の疾患(胃潰瘍及び十二指腸潰瘍（再掲）),total,total,a45_49,45-49歳,45.0,49.0,False,False,2023,5.0,9115.0,0.45575
,胃潰瘍及び十二指腸潰瘍,True,１１　消化器系の疾患(胃潰瘍及び十二指腸潰瘍（再掲）),total,total,a50_54,50-54歳,50.0,54.0,False,False,2023,8.0,9650.0,0.772
,胃潰瘍及び十二指腸潰瘍,True,１１　消化器系の疾患(胃潰瘍及び十二指腸潰瘍（再掲）),total,total,a55_59,55-59歳,55.0,59.0,False,False,2023,10.0,8279.0,0.8279
,胃潰瘍及び十二指腸潰瘍,True,１１　消化器系の疾患(胃潰瘍及び十二指腸潰瘍（再掲）),total,total,a60_64,60-64歳,60.0,64.0,False,False,2023,12.0,7507.0,0.90084
,胃潰瘍及び十二指腸潰瘍,True,１１　消化器系の疾患(胃潰瘍及び十二指腸潰瘍（再掲）),total,total,a65_69,65-69歳,65.0,69.0,False,False,2023,14.0,7332.0,1.02648
,胃潰瘍及び十二指腸潰瘍,True,１１　消化器系の疾患(胃潰瘍及び十二指腸潰瘍（再掲）),total,total,r65p,65歳以上(再掲),65.0,,True,False,2023,23.0,36227.0,8.33221
,胃潰瘍及び十二指腸潰瘍,True,１１　消化器系の疾患(胃潰瘍及び十二指腸潰瘍（再掲）),total,total,a70_74,70-74歳,70.0,74.0,False,False,2023,18.0,8817.0,1.58706
,胃潰瘍及び十二指腸潰瘍,True,１１　消化器系の疾患(胃潰瘍及び十二指腸潰瘍（再掲）),total,total,r70p,70歳以上(再掲),70.0,,True,False,2023,25.0,,
,胃潰瘍及び十二指腸潰瘍,True,１１　消化器系の疾患(胃潰瘍及び十二指腸潰瘍（再掲）),total,total,a75_79,75-79歳,75.0,79.0,False,False,2023,24.0,7474.0,1.79376
,胃潰瘍及び十二指腸潰瘍,True,１１　消化器系の疾患(胃潰瘍及び十二指腸潰瘍（再掲）),total,total,r75p,75歳以上(再掲),75.0,,True,False,2023,28.0,20078.0,5.62184
,胃潰瘍及び十二指腸潰瘍,True,１１　消化器系の疾患(胃潰瘍及び十二指腸潰瘍（再掲）),total,total,a80_84,80-84歳,80.0,84.0,False,False,2023,30.0,5895.0,1.7685
,胃潰瘍及び十二指腸潰瘍,True,１１　消化器系の疾患(胃潰瘍及び十二指腸潰瘍（再掲）),total,total,a85_89,85-89歳,85.0,89.0,False,False,2023,38.0,3979.0,1.51202
,胃潰瘍及び十二指腸潰瘍,True,１１　消化器系の疾患(胃潰瘍及び十二指腸潰瘍（再掲）),total,total,a90p,90歳以上,90.0,,False,False,2023,25.0,,
,胃潰瘍及び十二指腸潰瘍,True,１１　消化器系の疾患(胃潰瘍及び十二指腸潰瘍（再掲）),total,total,total,総数,,,False,True,2023,10.0,124352.0,12.4352
,胃炎及び十二指腸炎,True,１１　消化器系の疾患(胃炎及び十二指腸炎（再掲）),total,female,a00,0歳,0.0,0.0,False,False,2023,1.0,,
,胃炎及び十二指腸炎,True,１１　消化器系の疾患(胃炎及び十二指腸炎（再掲）),total,female,a01_04,1-4歳,1.0,4.0,False,False,2023,0.0,,
,胃炎及び十二指腸炎,True,１１　消化器系の疾患(胃炎及び十二指腸炎（再掲）),total,female,a05_09,5-9歳,5.0,9.0,False,False,2023,2.0,,
,胃炎及び十二指腸炎,True,１１　消化器系の疾患(胃炎及び十二指腸炎（再掲）),total,female,a10_14,10-14歳,10.0,14.0,False,False,2023,11.0,,
,胃炎及び十二指腸炎,True,１１　消化器系の疾患(胃炎及び十二指腸炎（再掲）),total,female,a15_19,15-19歳,15.0,19.0,False,False,2023,8.0,,
,胃炎及び十二指腸炎,True,１１　消化器系の疾患(胃炎及び十二指腸炎（再掲）),total,female,a20_24,20-24歳,20.0,24.0,False,False,2023,15.0,,
,胃炎及び十二指腸炎,True,１１　消化器系の疾患(胃炎及び十二指腸炎（再掲）),total,female,a25_29,25-29歳,25.0,29.0,False,False,2023,38.0,,
,胃炎及び十二指腸炎,True,１１　消化器系の疾患(胃炎及び十二指腸炎（再掲）),total,female,a30_34,30-34歳,30.0,34.0,False,False,2023,31.0,,
,胃炎及び十二指腸炎,True,１１　消化器系の疾患(胃炎及び十二指腸炎（再掲）),total,female,a35_39,35-39歳,35.0,39.0,False,False,2023,32.0,,
,胃炎及び十二指腸炎,True,１１　消化器系の疾患(胃炎及び十二指腸炎（再掲）),total,female,a40_44,40-44歳,40.0,44.0,False,False,2023,53.0,,
,胃炎及び十二指腸炎,True,１１　消化器系の疾患(胃炎及び十二指腸炎（再掲）),total,female,a45_49,45-49歳,45.0,49.0,False,False,2023,55.0,,
,胃炎及び十二指腸炎,True,１１　消化器系の疾患(胃炎及び十二指腸炎（再掲）),total,female,a50_54,50-54歳,50.0,54.0,False,False,2023,62.0,,
,胃炎及び十二指腸炎,True,１１　消化器系の疾患(胃炎及び十二指腸炎（再掲）),total,female,a55_59,55-59歳,55.0,59.0,False,False,2023,69.0,,
,胃炎及び十二指腸炎,True,１１　消化器系の疾患(胃炎及び十二指腸炎（再掲）),total,female,a60_64,60-64歳,60.0,64.0,False,False,2023,77.0,,
,胃炎及び十二指腸炎,True,１１　消化器系の疾患(胃炎及び十二指腸炎（再掲）),total,female,a65_69,65-69歳,65.0,69.0,False,False,2023,80.0,,
,胃炎及び十二指腸炎,True,１１　消化器系の疾患(胃炎及び十二指腸炎（再掲）),total,female,r65p,65歳以上(再掲),65.0,,True,False,2023,89.0,,
,胃炎及び十二指腸炎,True,１１　消化器系の疾患(胃炎及び十二指腸炎（再掲）),total,female,a70_74,70-74歳,70.0,74.0,False,False,2023,98.0,,
,胃炎及び十二指腸炎,True,１１　消化器系の疾患(胃炎及び十二指腸炎（再掲）),total,female,r70p,70歳以上(再掲),70.0,,True,False,2023,91.0,,
,胃炎及び十二指腸炎,True,１１　消化器系の疾患(胃炎及び十二指腸炎（再掲）),total,female,a75_79,75-79歳,75.0,79.0,False,False,2023,103.0,,
,胃炎及び十二指腸炎,True,１１　消化器系の疾患(胃炎及び十二指腸炎（再掲）),total,female,r75p,75歳以上(再掲),75.0,,True,False,2023,89.0,,
,胃炎及び十二指腸炎,True,１１　消化器系の疾患(胃炎及び十二指腸炎（再掲）),total,female,a80_84,80-84歳,80.0,84.0,False,False,2023,98.0,,
,胃炎及び十二指腸炎,True,１１　消化器系の疾患(胃炎及び十二指腸炎（再掲）),total,female,a85_89,85-89歳,85.0,89.0,False,False,2023,81.0,,
,胃炎及び十二指腸炎,True,１１　消化器系の疾患(胃炎及び十二指腸炎（再掲）),total,female,a90p,90歳以上,90.0,,False,False,2023,56.0,,
,胃炎及び十二指腸炎,True,１１　消化器系の疾患(胃炎及び十二指腸炎（再掲）),total,female,total,総数,,,False,True,2023,56.0,,
,胃炎及び十二指腸炎,True,１１　消化器系の疾患(胃炎及び十二指腸炎（再掲）),total,male,a00,0歳,0.0,0.0,False,False,2023,,,
,胃炎及び十二指腸炎,True,１１　消化器系の疾患(胃炎及び十二指腸炎（再掲）),total,male,a01_04,1-4歳,1.0,4.0,False,False,2023,,,
,胃炎及び十二指腸炎,True,１１　消化器系の疾患(胃炎及び十二指腸炎（再掲）),total,male,a05_09,5-9歳,5.0,9.0,False,False,2023,0.0,2478.0,0.0
,胃炎及び十二指腸炎,True,１１　消化器系の疾患(胃炎及び十二指腸炎（再掲）),total,male,a10_14,10-14歳,10.0,14.0,False,False,2023,5.0,2689.0,0.13445
,胃炎及び十二指腸炎,True,１１　消化器系の疾患(胃炎及び十二指腸炎（再掲）),total,male,a15_19,15-19歳,15.0,19.0,False,False,2023,10.0,2818.0,0.2818
,胃炎及び十二指腸炎,True,１１　消化器系の疾患(胃炎及び十二指腸炎（再掲）),total,male,a20_24,20-24歳,20.0,24.0,False,False,2023,8.0,3212.0,0.25696
,胃炎及び十二指腸炎,True,１１　消化器系の疾患(胃炎及び十二指腸炎（再掲）),total,male,a25_29,25-29歳,25.0,29.0,False,False,2023,11.0,3333.0,0.36663
,胃炎及び十二指腸炎,True,１１　消化器系の疾患(胃炎及び十二指腸炎（再掲）),total,male,a30_34,30-34歳,30.0,34.0,False,False,2023,11.0,3273.0,0.36003
,胃炎及び十二指腸炎,True,１１　消化器系の疾患(胃炎及び十二指腸炎（再掲）),total,male,a35_39,35-39歳,35.0,39.0,False,False,2023,17.0,3593.0,0.61081
,胃炎及び十二指腸炎,True,１１　消化器系の疾患(胃炎及び十二指腸炎（再掲）),total,male,a40_44,40-44歳,40.0,44.0,False,False,2023,37.0,3938.0,1.45706
,胃炎及び十二指腸炎,True,１１　消化器系の疾患(胃炎及び十二指腸炎（再掲）),total,male,a45_49,45-49歳,45.0,49.0,False,False,2023,27.0,4620.0,1.2474
,胃炎及び十二指腸炎,True,１１　消化器系の疾患(胃炎及び十二指腸炎（再掲）),total,male,a50_54,50-54歳,50.0,54.0,False,False,2023,27.0,4868.0,1.31436
,胃炎及び十二指腸炎,True,１１　消化器系の疾患(胃炎及び十二指腸炎（再掲）),total,male,a55_59,55-59歳,55.0,59.0,False,False,2023,39.0,4143.0,1.61577
,胃炎及び十二指腸炎,True,１１　消化器系の疾患(胃炎及び十二指腸炎（再掲）),total,male,a60_64,60-64歳,60.0,64.0,False,False,2023,50.0,3719.0,1.8595
,胃炎及び十二指腸炎,True,１１　消化器系の疾患(胃炎及び十二指腸炎（再掲）),total,male,a65_69,65-69歳,65.0,69.0,False,False,2023,63.0,3569.0,2.24847
,胃炎及び十二指腸炎,True,１１　消化器系の疾患(胃炎及び十二指腸炎（再掲）),total,male,r65p,65歳以上(再掲),65.0,,True,False,2023,76.0,,
,胃炎及び十二指腸炎,True,１１　消化器系の疾患(胃炎及び十二指腸炎（再掲）),total,male,a70_74,70-74歳,70.0,74.0,False,False,2023,78.0,4161.0,3.24558
,胃炎及び十二指腸炎,True,１１　消化器系の疾患(胃炎及び十二指腸炎（再掲）),total,male,r70p,70歳以上(再掲),70.0,,True,False,2023,80.0,,
,胃炎及び十二指腸炎,True,１１　消化器系の疾患(胃炎及び十二指腸炎（再掲）),total,male,a75_79,75-79歳,75.0,79.0,False,False,2023,79.0,3365.0,2.65835
,胃炎及び十二指腸炎,True,１１　消化器系の疾患(胃炎及び十二指腸炎（再掲）),total,male,r75p,75歳以上(再掲),75.0,,True,False,2023,81.0,,
,胃炎及び十二指腸炎,True,１１　消化器系の疾患(胃炎及び十二指腸炎（再掲）),total,male,a80_84,80-84歳,80.0,84.0,False,False,2023,82.0,2458.0,2.01556
,胃炎及び十二指腸炎,True,１１　消化器系の疾患(胃炎及び十二指腸炎（再掲）),total,male,a85_89,85-89歳,85.0,89.0,False,False,2023,87.0,1448.0,1.25976
,胃炎及び十二指腸炎,True,１１　消化器系の疾患(胃炎及び十二指腸炎（再掲）),total,male,a90p,90歳以上,90.0,,False,False,2023,76.0,,
,胃炎及び十二指腸炎,True,１１　消化器系の疾患(胃炎及び十二指腸炎（再掲）),total,male,total,総数,,,False,True,2023,36.0,60492.0,21.77712
,胃炎及び十二指腸炎,True,１１　消化器系の疾患(胃炎及び十二指腸炎（再掲）),total,total,a00,0歳,0.0,0.0,False,False,2023,0.0,,
,胃炎及び十二指腸炎,True,１１　消化器系の疾患(胃炎及び十二指腸炎（再掲）),total,total,a01_04,1-4歳,1.0,4.0,False,False,2023,0.0,,
,胃炎及び十二指腸炎,True,１１　消化器系の疾患(胃炎及び十二指腸炎（再掲）),total,total,a05_09,5-9歳,5.0,9.0,False,False,2023,1.0,4838.0,0.04838
,胃炎及び十二指腸炎,True,１１　消化器系の疾患(胃炎及び十二指腸炎（再掲）),total,total,a10_14,10-14歳,10.0,14.0,False,False,2023,8.0,5248.0,0.41984
,胃炎及び十二指腸炎,True,１１　消化器系の疾患(胃炎及び十二指腸炎（再掲）),total,total,a15_19,15-19歳,15.0,19.0,False,False,2023,9.0,5494.0,0.49446
,胃炎及び十二指腸炎,True,１１　消化器系の疾患(胃炎及び十二指腸炎（再掲）),total,total,a20_24,20-24歳,20.0,24.0,False,False,2023,11.0,6236.0,0.68596
,胃炎及び十二指腸炎,True,１１　消化器系の疾患(胃炎及び十二指腸炎（再掲）),total,total,a25_29,25-29歳,25.0,29.0,False,False,2023,24.0,6479.0,1.55496
,胃炎及び十二指腸炎,True,１１　消化器系の疾患(胃炎及び十二指腸炎（再掲）),total,total,a30_34,30-34歳,30.0,34.0,False,False,2023,21.0,6380.0,1.3398
,胃炎及び十二指腸炎,True,１１　消化器系の疾患(胃炎及び十二指腸炎（再掲）),total,total,a35_39,35-39歳,35.0,39.0,False,False,2023,25.0,7047.0,1.76175
,胃炎及び十二指腸炎,True,１１　消化器系の疾患(胃炎及び十二指腸炎（再掲）),total,total,a40_44,40-44歳,40.0,44.0,False,False,2023,45.0,7765.0,3.49425
,胃炎及び十二指腸炎,True,１１　消化器系の疾患(胃炎及び十二指腸炎（再掲）),total,total,a45_49,45-49歳,45.0,49.0,False,False,2023,40.0,9115.0,3.646
,胃炎及び十二指腸炎,True,１１　消化器系の疾患(胃炎及び十二指腸炎（再掲）),total,total,a50_54,50-54歳,50.0,54.0,False,False,2023,44.0,9650.0,4.246
,胃炎及び十二指腸炎,True,１１　消化器系の疾患(胃炎及び十二指腸炎（再掲）),total,total,a55_59,55-59歳,55.0,59.0,False,False,2023,54.0,8279.0,4.47066
,胃炎及び十二指腸炎,True,１１　消化器系の疾患(胃炎及び十二指腸炎（再掲）),total,total,a60_64,60-64歳,60.0,64.0,False,False,2023,64.0,7507.0,4.80448
,胃炎及び十二指腸炎,True,１１　消化器系の疾患(胃炎及び十二指腸炎（再掲）),total,total,a65_69,65-69歳,65.0,69.0,False,False,2023,72.0,7332.0,5.27904
,胃炎及び十二指腸炎,True,１１　消化器系の疾患(胃炎及び十二指腸炎（再掲）),total,total,r65p,65歳以上(再掲),65.0,,True,False,2023,84.0,36227.0,30.43068
,胃炎及び十二指腸炎,True,１１　消化器系の疾患(胃炎及び十二指腸炎（再掲）),total,total,a70_74,70-74歳,70.0,74.0,False,False,2023,88.0,8817.0,7.75896
,胃炎及び十二指腸炎,True,１１　消化器系の疾患(胃炎及び十二指腸炎（再掲）),total,total,r70p,70歳以上(再掲),70.0,,True,False,2023,87.0,,
,胃炎及び十二指腸炎,True,１１　消化器系の疾患(胃炎及び十二指腸炎（再掲）),total,total,a75_79,75-79歳,75.0,79.0,False,False,2023,92.0,7474.0,6.87608
,胃炎及び十二指腸炎,True,１１　消化器系の疾患(胃炎及び十二指腸炎（再掲）),total,total,r75p,75歳以上(再掲),75.0,,True,False,2023,86.0,20078.0,17.26708
,胃炎及び十二指腸炎,True,１１　消化器系の疾患(胃炎及び十二指腸炎（再掲）),total,total,a80_84,80-84歳,80.0,84.0,False,False,2023,92.0,5895.0,5.4234
,胃炎及び十二指腸炎,True,１１　消化器系の疾患(胃炎及び十二指腸炎（再掲）),total,total,a85_89,85-89歳,85.0,89.0,False,False,2023,83.0,3979.0,3.30257
,胃炎及び十二指腸炎,True,１１　消化器系の疾患(胃炎及び十二指腸炎（再掲）),total,total,a90p,90歳以上,90.0,,False,False,2023,61.0,,
,胃炎及び十二指腸炎,True,１１　消化器系の疾患(胃炎及び十二指腸炎（再掲）),total,total,total,総数,,,False,True,2023,46.0,124352.0,57.20192
,脊柱障害,True,１３　筋骨格系及び結合組織の疾患(脊柱障害（再掲）),total,female,a00,0歳,0.0,0.0,False,False,2023,,,
,脊柱障害,True,１３　筋骨格系及び結合組織の疾患(脊柱障害（再掲）),total,female,a01_04,1-4歳,1.0,4.0,False,False,2023,1.0,,
,脊柱障害,True,１３　筋骨格系及び結合組織の疾患(脊柱障害（再掲）),total,female,a05_09,5-9歳,5.0,9.0,False,False,2023,3.0,,
,脊柱障害,True,１３　筋骨格系及び結合組織の疾患(脊柱障害（再掲）),total,female,a10_14,10-14歳,10.0,14.0,False,False,2023,29.0,,
,脊柱障害,True,１３　筋骨格系及び結合組織の疾患(脊柱障害（再掲）),total,female,a15_19,15-19歳,15.0,19.0,False,False,2023,34.0,,
,脊柱障害,True,１３　筋骨格系及び結合組織の疾患(脊柱障害（再掲）),total,female,a20_24,20-24歳,20.0,24.0,False,False,2023,35.0,,
,脊柱障害,True,１３　筋骨格系及び結合組織の疾患(脊柱障害（再掲）),total,female,a25_29,25-29歳,25.0,29.0,False,False,2023,57.0,,
,脊柱障害,True,１３　筋骨格系及び結合組織の疾患(脊柱障害（再掲）),total,female,a30_34,30-34歳,30.0,34.0,False,False,2023,61.0,,
,脊柱障害,True,１３　筋骨格系及び結合組織の疾患(脊柱障害（再掲）),total,female,a35_39,35-39歳,35.0,39.0,False,False,2023,92.0,,
,脊柱障害,True,１３　筋骨格系及び結合組織の疾患(脊柱障害（再掲）),total,female,a40_44,40-44歳,40.0,44.0,False,False,2023,111.0,,
,脊柱障害,True,１３　筋骨格系及び結合組織の疾患(脊柱障害（再掲）),total,female,a45_49,45-49歳,45.0,49.0,False,False,2023,187.0,,
,脊柱障害,True,１３　筋骨格系及び結合組織の疾患(脊柱障害（再掲）),total,female,a50_54,50-54歳,50.0,54.0,False,False,2023,217.0,,
,脊柱障害,True,１３　筋骨格系及び結合組織の疾患(脊柱障害（再掲）),total,female,a55_59,55-59歳,55.0,59.0,False,False,2023,306.0,,
,脊柱障害,True,１３　筋骨格系及び結合組織の疾患(脊柱障害（再掲）),total,female,a60_64,60-64歳,60.0,64.0,False,False,2023,421.0,,
,脊柱障害,True,１３　筋骨格系及び結合組織の疾患(脊柱障害（再掲）),total,female,a65_69,65-69歳,65.0,69.0,False,False,2023,498.0,,
,脊柱障害,True,１３　筋骨格系及び結合組織の疾患(脊柱障害（再掲）),total,female,r65p,65歳以上(再掲),65.0,,True,False,2023,776.0,,
,脊柱障害,True,１３　筋骨格系及び結合組織の疾患(脊柱障害（再掲）),total,female,a70_74,70-74歳,70.0,74.0,False,False,2023,692.0,,
,脊柱障害,True,１３　筋骨格系及び結合組織の疾患(脊柱障害（再掲）),total,female,r70p,70歳以上(再掲),70.0,,True,False,2023,838.0,,
,脊柱障害,True,１３　筋骨格系及び結合組織の疾患(脊柱障害（再掲）),total,female,a75_79,75-79歳,75.0,79.0,False,False,2023,939.0,,
,脊柱障害,True,１３　筋骨格系及び結合組織の疾患(脊柱障害（再掲）),total,female,r75p,75歳以上(再掲),75.0,,True,False,2023,894.0,,
,脊柱障害,True,１３　筋骨格系及び結合組織の疾患(脊柱障害（再掲）),total,female,a80_84,80-84歳,80.0,84.0,False,False,2023,1045.0,,
,脊柱障害,True,１３　筋骨格系及び結合組織の疾患(脊柱障害（再掲）),total,female,a85_89,85-89歳,85.0,89.0,False,False,2023,930.0,,
,脊柱障害,True,１３　筋骨格系及び結合組織の疾患(脊柱障害（再掲）),total,female,a90p,90歳以上,90.0,,False,False,2023,501.0,,
,脊柱障害,True,１３　筋骨格系及び結合組織の疾患(脊柱障害（再掲）),total,female,total,総数,,,False,True,2023,346.0,,
,脊柱障害,True,１３　筋骨格系及び結合組織の疾患(脊柱障害（再掲）),total,male,a00,0歳,0.0,0.0,False,False,2023,,,
,脊柱障害,True,１３　筋骨格系及び結合組織の疾患(脊柱障害（再掲）),total,male,a01_04,1-4歳,1.0,4.0,False,False,2023,,,
,脊柱障害,True,１３　筋骨格系及び結合組織の疾患(脊柱障害（再掲）),total,male,a05_09,5-9歳,5.0,9.0,False,False,2023,7.0,2478.0,0.17346
,脊柱障害,True,１３　筋骨格系及び結合組織の疾患(脊柱障害（再掲）),total,male,a10_14,10-14歳,10.0,14.0,False,False,2023,20.0,2689.0,0.5378
,脊柱障害,True,１３　筋骨格系及び結合組織の疾患(脊柱障害（再掲）),total,male,a15_19,15-19歳,15.0,19.0,False,False,2023,34.0,2818.0,0.95812
,脊柱障害,True,１３　筋骨格系及び結合組織の疾患(脊柱障害（再掲）),total,male,a20_24,20-24歳,20.0,24.0,False,False,2023,30.0,3212.0,0.9636
,脊柱障害,True,１３　筋骨格系及び結合組織の疾患(脊柱障害（再掲）),total,male,a25_29,25-29歳,25.0,29.0,False,False,2023,45.0,3333.0,1.49985
,脊柱障害,True,１３　筋骨格系及び結合組織の疾患(脊柱障害（再掲）),total,male,a30_34,30-34歳,30.0,34.0,False,False,2023,60.0,3273.0,1.9638
,脊柱障害,True,１３　筋骨格系及び結合組織の疾患(脊柱障害（再掲）),total,male,a35_39,35-39歳,35.0,39.0,False,False,2023,77.0,3593.0,2.76661
,脊柱障害,True,１３　筋骨格系及び結合組織の疾患(脊柱障害（再掲）),total,male,a40_44,40-44歳,40.0,44.0,False,False,2023,118.0,3938.0,4.64684
,脊柱障害,True,１３　筋骨格系及び結合組織の疾患(脊柱障害（再掲）),total,male,a45_49,45-49歳,45.0,49.0,False,False,2023,140.0,4620.0,6.468
,脊柱障害,True,１３　筋骨格系及び結合組織の疾患(脊柱障害（再掲）),total,male,a50_54,50-54歳,50.0,54.0,False,False,2023,178.0,4868.0,8.66504
,脊柱障害,True,１３　筋骨格系及び結合組織の疾患(脊柱障害（再掲）),total,male,a55_59,55-59歳,55.0,59.0,False,False,2023,281.0,4143.0,11.64183
,脊柱障害,True,１３　筋骨格系及び結合組織の疾患(脊柱障害（再掲）),total,male,a60_64,60-64歳,60.0,64.0,False,False,2023,332.0,3719.0,12.34708
,脊柱障害,True,１３　筋骨格系及び結合組織の疾患(脊柱障害（再掲）),total,male,a65_69,65-69歳,65.0,69.0,False,False,2023,530.0,3569.0,18.9157
,脊柱障害,True,１３　筋骨格系及び結合組織の疾患(脊柱障害（再掲）),total,male,r65p,65歳以上(再掲),65.0,,True,False,2023,842.0,,
,脊柱障害,True,１３　筋骨格系及び結合組織の疾患(脊柱障害（再掲）),total,male,a70_74,70-74歳,70.0,74.0,False,False,2023,731.0,4161.0,30.41691
,脊柱障害,True,１３　筋骨格系及び結合組織の疾患(脊柱障害（再掲）),total,male,r70p,70歳以上(再掲),70.0,,True,False,2023,934.0,,
,脊柱障害,True,１３　筋骨格系及び結合組織の疾患(脊柱障害（再掲）),total,male,a75_79,75-79歳,75.0,79.0,False,False,2023,988.0,3365.0,33.2462
,脊柱障害,True,１３　筋骨格系及び結合組織の疾患(脊柱障害（再掲）),total,male,r75p,75歳以上(再掲),75.0,,True,False,2023,1040.0,,
,脊柱障害,True,１３　筋骨格系及び結合組織の疾患(脊柱障害（再掲）),total,male,a80_84,80-84歳,80.0,84.0,False,False,2023,1162.0,2458.0,28.56196
,脊柱障害,True,１３　筋骨格系及び結合組織の疾患(脊柱障害（再掲）),total,male,a85_89,85-89歳,85.0,89.0,False,False,2023,1065.0,1448.0,15.4212
,脊柱障害,True,１３　筋骨格系及び結合組織の疾患(脊柱障害（再掲）),total,male,a90p,90歳以上,90.0,,False,False,2023,808.0,,
,脊柱障害,True,１３　筋骨格系及び結合組織の疾患(脊柱障害（再掲）),total,male,total,総数,,,False,True,2023,307.0,60492.0,185.71044
,脊柱障害,True,１３　筋骨格系及び結合組織の疾患(脊柱障害（再掲）),total,total,a00,0歳,0.0,0.0,False,False,2023,,,
,脊柱障害,True,１３　筋骨格系及び結合組織の疾患(脊柱障害（再掲）),total,total,a01_04,1-4歳,1.0,4.0,False,False,2023,0.0,,
,脊柱障害,True,１３　筋骨格系及び結合組織の疾患(脊柱障害（再掲）),total,total,a05_09,5-9歳,5.0,9.0,False,False,2023,5.0,4838.0,0.2419
,脊柱障害,True,１３　筋骨格系及び結合組織の疾患(脊柱障害（再掲）),total,total,a10_14,10-14歳,10.0,14.0,False,False,2023,24.0,5248.0,1.25952
,脊柱障害,True,１３　筋骨格系及び結合組織の疾患(脊柱障害（再掲）),total,total,a15_19,15-19歳,15.0,19.0,False,False,2023,34.0,5494.0,1.86796
,脊柱障害,True,１３　筋骨格系及び結合組織の疾患(脊柱障害（再掲）),total,total,a20_24,20-24歳,20.0,24.0,False,False,2023,33.0,6236.0,2.05788
,脊柱障害,True,１３　筋骨格系及び結合組織の疾患(脊柱障害（再掲）),total,total,a25_29,25-29歳,25.0,29.0,False,False,2023,51.0,6479.0,3.30429
,脊柱障害,True,１３　筋骨格系及び結合組織の疾患(脊柱障害（再掲）),total,total,a30_34,30-34歳,30.0,34.0,False,False,2023,60.0,6380.0,3.828
,脊柱障害,True,１３　筋骨格系及び結合組織の疾患(脊柱障害（再掲）),total,total,a35_39,35-39歳,35.0,39.0,False,False,2023,84.0,7047.0,5.91948
,脊柱障害,True,１３　筋骨格系及び結合組織の疾患(脊柱障害（再掲）),total,total,a40_44,40-44歳,40.0,44.0,False,False,2023,115.0,7765.0,8.92975
,脊柱障害,True,１３　筋骨格系及び結合組織の疾患(脊柱障害（再掲）),total,total,a45_49,45-49歳,45.0,49.0,False,False,2023,164.0,9115.0,14.9486
,脊柱障害,True,１３　筋骨格系及び結合組織の疾患(脊柱障害（再掲）),total,total,a50_54,50-54歳,50.0,54.0,False,False,2023,197.0,9650.0,19.0105
,脊柱障害,True,１３　筋骨格系及び結合組織の疾患(脊柱障害（再掲）),total,total,a55_59,55-59歳,55.0,59.0,False,False,2023,294.0,8279.0,24.34026
,脊柱障害,True,１３　筋骨格系及び結合組織の疾患(脊柱障害（再掲）),total,total,a60_64,60-64歳,60.0,64.0,False,False,2023,377.0,7507.0,28.30139
,脊柱障害,True,１３　筋骨格系及び結合組織の疾患(脊柱障害（再掲）),total,total,a65_69,65-69歳,65.0,69.0,False,False,2023,514.0,7332.0,37.68648
,脊柱障害,True,１３　筋骨格系及び結合組織の疾患(脊柱障害（再掲）),total,total,r65p,65歳以上(再掲),65.0,,True,False,2023,805.0,36227.0,291.62735
,脊柱障害,True,１３　筋骨格系及び結合組織の疾患(脊柱障害（再掲）),total,total,a70_74,70-74歳,70.0,74.0,False,False,2023,710.0,8817.0,62.6007
,脊柱障害,True,１３　筋骨格系及び結合組織の疾患(脊柱障害（再掲）),total,total,r70p,70歳以上(再掲),70.0,,True,False,2023,878.0,,
,脊柱障害,True,１３　筋骨格系及び結合組織の疾患(脊柱障害（再掲）),total,total,a75_79,75-79歳,75.0,79.0,False,False,2023,961.0,7474.0,71.82514
,脊柱障害,True,１３　筋骨格系及び結合組織の疾患(脊柱障害（再掲）),total,total,r75p,75歳以上(再掲),75.0,,True,False,2023,952.0,20078.0,191.14256
,脊柱障害,True,１３　筋骨格系及び結合組織の疾患(脊柱障害（再掲）),total,total,a80_84,80-84歳,80.0,84.0,False,False,2023,1094.0,5895.0,64.4913
,脊柱障害,True,１３　筋骨格系及び結合組織の疾患(脊柱障害（再掲）),total,total,a85_89,85-89歳,85.0,89.0,False,False,2023,979.0,3979.0,38.95441
,脊柱障害,True,１３　筋骨格系及び結合組織の疾患(脊柱障害（再掲）),total,total,a90p,90歳以上,90.0,,False,False,2023,581.0,,
,脊柱障害,True,１３　筋骨格系及び結合組織の疾患(脊柱障害（再掲）),total,total,total,総数,,,False,True,2023,327.0,124352.0,406.63104
cerebrovascular,脳血管疾患,True,９　循環器系の疾患(脳血管疾患（再掲）),total,female,a00,0歳,0.0,0.0,False,False,2023,3.0,,
cerebrovascular,脳血管疾患,True,９　循環器系の疾患(脳血管疾患（再掲）),total,female,a01_04,1-4歳,1.0,4.0,False,False,2023,1.0,,
cerebrovascular,脳血管疾患,True,９　循環器系の疾患(脳血管疾患（再掲）),total,female,a05_09,5-9歳,5.0,9.0,False,False,2023,0.0,,
cerebrovascular,脳血管疾患,True,９　循環器系の疾患(脳血管疾患（再掲）),total,female,a10_14,10-14歳,10.0,14.0,False,False,2023,3.0,,
cerebrovascular,脳血管疾患,True,９　循環器系の疾患(脳血管疾患（再掲）),total,female,a15_19,15-19歳,15.0,19.0,False,False,2023,2.0,,
cerebrovascular,脳血管疾患,True,９　循環器系の疾患(脳血管疾患（再掲）),total,female,a20_24,20-24歳,20.0,24.0,False,False,2023,4.0,,
cerebrovascular,脳血管疾患,True,９　循環器系の疾患(脳血管疾患（再掲）),total,female,a25_29,25-29歳,25.0,29.0,False,False,2023,7.0,,
cerebrovascular,脳血管疾患,True,９　循環器系の疾患(脳血管疾患（再掲）),total,female,a30_34,30-34歳,30.0,34.0,False,False,2023,8.0,,
cerebrovascular,脳血管疾患,True,９　循環器系の疾患(脳血管疾患（再掲）),total,female,a35_39,35-39歳,35.0,39.0,False,False,2023,10.0,,
cerebrovascular,脳血管疾患,True,９　循環器系の疾患(脳血管疾患（再掲）),total,female,a40_44,40-44歳,40.0,44.0,False,False,2023,14.0,,
cerebrovascular,脳血管疾患,True,９　循環器系の疾患(脳血管疾患（再掲）),total,female,a45_49,45-49歳,45.0,49.0,False,False,2023,31.0,,
cerebrovascular,脳血管疾患,True,９　循環器系の疾患(脳血管疾患（再掲）),total,female,a50_54,50-54歳,50.0,54.0,False,False,2023,46.0,,
cerebrovascular,脳血管疾患,True,９　循環器系の疾患(脳血管疾患（再掲）),total,female,a55_59,55-59歳,55.0,59.0,False,False,2023,65.0,,
cerebrovascular,脳血管疾患,True,９　循環器系の疾患(脳血管疾患（再掲）),total,female,a60_64,60-64歳,60.0,64.0,False,False,2023,85.0,,
cerebrovascular,脳血管疾患,True,９　循環器系の疾患(脳血管疾患（再掲）),total,female,a65_69,65-69歳,65.0,69.0,False,False,2023,132.0,,
cerebrovascular,脳血管疾患,True,９　循環器系の疾患(脳血管疾患（再掲）),total,female,r65p,65歳以上(再掲),65.0,,True,False,2023,400.0,,
cerebrovascular,脳血管疾患,True,９　循環器系の疾患(脳血管疾患（再掲）),total,female,a70_74,70-74歳,70.0,74.0,False,False,2023,201.0,,
cerebrovascular,脳血管疾患,True,９　循環器系の疾患(脳血管疾患（再掲）),total,female,r70p,70歳以上(再掲),70.0,,True,False,2023,461.0,,
cerebrovascular,脳血管疾患,True,９　循環器系の疾患(脳血管疾患（再掲）),total,female,a75_79,75-79歳,75.0,79.0,False,False,2023,320.0,,
cerebrovascular,脳血管疾患,True,９　循環器系の疾患(脳血管疾患（再掲）),total,female,r75p,75歳以上(再掲),75.0,,True,False,2023,560.0,,
cerebrovascular,脳血管疾患,True,９　循環器系の疾患(脳血管疾患（再掲）),total,female,a80_84,80-84歳,80.0,84.0,False,False,2023,493.0,,
cerebrovascular,脳血管疾患,True,９　循環器系の疾患(脳血管疾患（再掲）),total,female,a85_89,85-89歳,85.0,89.0,False,False,2023,696.0,,
cerebrovascular,脳血管疾患,True,９　循環器系の疾患(脳血管疾患（再掲）),total,female,a90p,90歳以上,90.0,,False,False,2023,996.0,,
cerebrovascular,脳血管疾患,True,９　循環器系の疾患(脳血管疾患（再掲）),total,female,total,総数,,,False,True,2023,146.0,,
cerebrovascular,脳血管疾患,True,９　循環器系の疾患(脳血管疾患（再掲）),total,male,a00,0歳,0.0,0.0,False,False,2023,2.0,,
cerebrovascular,脳血管疾患,True,９　循環器系の疾患(脳血管疾患（再掲）),total,male,a01_04,1-4歳,1.0,4.0,False,False,2023,1.0,,
cerebrovascular,脳血管疾患,True,９　循環器系の疾患(脳血管疾患（再掲）),total,male,a05_09,5-9歳,5.0,9.0,False,False,2023,2.0,2478.0,0.04956
cerebrovascular,脳血管疾患,True,９　循環器系の疾患(脳血管疾患（再掲）),total,male,a10_14,10-14歳,10.0,14.0,False,False,2023,1.0,2689.0,0.02689
cerebrovascular,脳血管疾患,True,９　循環器系の疾患(脳血管疾患（再掲）),total,male,a15_19,15-19歳,15.0,19.0,False,False,2023,2.0,2818.0,0.05636
cerebrovascular,脳血管疾患,True,９　循環器系の疾患(脳血管疾患（再掲）),total,male,a20_24,20-24歳,20.0,24.0,False,False,2023,2.0,3212.0,0.06424
cerebrovascular,脳血管疾患,True,９　循環器系の疾患(脳血管疾患（再掲）),total,male,a25_29,25-29歳,25.0,29.0,False,False,2023,2.0,3333.0,0.06666
cerebrovascular,脳血管疾患,True,９　循環器系の疾患(脳血管疾患（再掲）),total,male,a30_34,30-34歳,30.0,34.0,False,False,2023,5.0,3273.0,0.16365
cerebrovascular,脳血管疾患,True,９　循環器系の疾患(脳血管疾患（再掲）),total,male,a35_39,35-39歳,35.0,39.0,False,False,2023,12.0,3593.0,0.43116
cerebrovascular,脳血管疾患,True,９　循環器系の疾患(脳血管疾患（再掲）),total,male,a40_44,40-44歳,40.0,44.0,False,False,2023,24.0,3938.0,0.94512
cerebrovascular,脳血管疾患,True,９　循環器系の疾患(脳血管疾患（再掲）),total,male,a45_49,45-49歳,45.0,49.0,False,False,2023,44.0,4620.0,2.0328
cerebrovascular,脳血管疾患,True,９　循環器系の疾患(脳血管疾患（再掲）),total,male,a50_54,50-54歳,50.0,54.0,False,False,2023,76.0,4868.0,3.69968
cerebrovascular,脳血管疾患,True,９　循環器系の疾患(脳血管疾患（再掲）),total,male,a55_59,55-59歳,55.0,59.0,False,False,2023,111.0,4143.0,4.59873
cerebrovascular,脳血管疾患,True,９　循環器系の疾患(脳血管疾患（再掲）),total,male,a60_64,60-64歳,60.0,64.0,False,False,2023,171.0,3719.0,6.35949
cerebrovascular,脳血管疾患,True,９　循環器系の疾患(脳血管疾患（再掲）),total,male,a65_69,65-69歳,65.0,69.0,False,False,2023,241.0,3569.0,8.60129
cerebrovascular,脳血管疾患,True,９　循環器系の疾患(脳血管疾患（再掲）),total,male,r65p,65歳以上(再掲),65.0,,True,False,2023,461.0,,
cerebrovascular,脳血管疾患,True,９　循環器系の疾患(脳血管疾患（再掲）),total,male,a70_74,70-74歳,70.0,74.0,False,False,2023,355.0,4161.0,14.77155
cerebrovascular,脳血管疾患,True,９　循環器系の疾患(脳血管疾患（再掲）),total,male,r70p,70歳以上(再掲),70.0,,True,False,2023,525.0,,
cerebrovascular,脳血管疾患,True,９　循環器系の疾患(脳血管疾患（再掲）),total,male,a75_79,75-79歳,75.0,79.0,False,False,2023,466.0,3365.0,15.6809
cerebrovascular,脳血管疾患,True,９　循環器系の疾患(脳血管疾患（再掲）),total,male,r75p,75歳以上(再掲),75.0,,True,False,2023,614.0,,
cerebrovascular,脳血管疾患,True,９　循環器系の疾患(脳血管疾患（再掲）),total,male,a80_84,80-84歳,80.0,84.0,False,False,2023,625.0,2458.0,15.3625
cerebrovascular,脳血管疾患,True,９　循環器系の疾患(脳血管疾患（再掲）),total,male,a85_89,85-89歳,85.0,89.0,False,False,2023,791.0,1448.0,11.45368
cerebrovascular,脳血管疾患,True,９　循環器系の疾患(脳血管疾患（再掲）),total,male,a90p,90歳以上,90.0,,False,False,2023,915.0,,
cerebrovascular,脳血管疾患,True,９　循環器系の疾患(脳血管疾患（再掲）),total,male,total,総数,,,False,True,2023,150.0,60492.0,90.738
cerebrovascular,脳血管疾患,True,９　循環器系の疾患(脳血管疾患（再掲）),total,total,a00,0歳,0.0,0.0,False,False,2023,2.0,,
cerebrovascular,脳血管疾患,True,９　循環器系の疾患(脳血管疾患（再掲）),total,total,a01_04,1-4歳,1.0,4.0,False,False,2023,1.0,,
cerebrovascular,脳血管疾患,True,９　循環器系の疾患(脳血管疾患（再掲）),total,total,a05_09,5-9歳,5.0,9.0,False,False,2023,1.0,4838.0,0.04838
cerebrovascular,脳血管疾患,True,９　循環器系の疾患(脳血管疾患（再掲）),total,total,a10_14,10-14歳,10.0,14.0,False,False,2023,2.0,5248.0,0.10496
cerebrovascular,脳血管疾患,True,９　循環器系の疾患(脳血管疾患（再掲）),total,total,a15_19,15-19歳,15.0,19.0,False,False,2023,2.0,5494.0,0.10988
cerebrovascular,脳血管疾患,True,９　循環器系の疾患(脳血管疾患（再掲）),total,total,a20_24,20-24歳,20.0,24.0,False,False,2023,3.0,6236.0,0.18708
cerebrovascular,脳血管疾患,True,９　循環器系の疾患(脳血管疾患（再掲）),total,total,a25_29,25-29歳,25.0,29.0,False,False,2023,5.0,6479.0,0.32395
cerebrovascular,脳血管疾患,True,９　循環器系の疾患(脳血管疾患（再掲）),total,total,a30_34,30-34歳,30.0,34.0,False,False,2023,6.0,6380.0,0.3828
cerebrovascular,脳血管疾患,True,９　循環器系の疾患(脳血管疾患（再掲）),total,total,a35_39,35-39歳,35.0,39.0,False,False,2023,11.0,7047.0,0.77517
cerebrovascular,脳血管疾患,True,９　循環器系の疾患(脳血管疾患（再掲）),total,total,a40_44,40-44歳,40.0,44.0,False,False,2023,19.0,7765.0,1.47535
cerebrovascular,脳血管疾患,True,９　循環器系の疾患(脳血管疾患（再掲）),total,total,a45_49,45-49歳,45.0,49.0,False,False,2023,38.0,9115.0,3.4637
cerebrovascular,脳血管疾患,True,９　循環器系の疾患(脳血管疾患（再掲）),total,total,a50_54,50-54歳,50.0,54.0,False,False,2023,61.0,9650.0,5.8865
cerebrovascular,脳血管疾患,True,９　循環器系の疾患(脳血管疾患（再掲）),total,total,a55_59,55-59歳,55.0,59.0,False,False,2023,88.0,8279.0,7.28552
cerebrovascular,脳血管疾患,True,９　循環器系の疾患(脳血管疾患（再掲）),total,total,a60_64,60-64歳,60.0,64.0,False,False,2023,128.0,7507.0,9.60896
cerebrovascular,脳血管疾患,True,９　循環器系の疾患(脳血管疾患（再掲）),total,total,a65_69,65-69歳,65.0,69.0,False,False,2023,185.0,7332.0,13.5642
cerebrovascular,脳血管疾患,True,９　循環器系の疾患(脳血管疾患（再掲）),total,total,r65p,65歳以上(再掲),65.0,,True,False,2023,426.0,36227.0,154.32702
cerebrovascular,脳血管疾患,True,９　循環器系の疾患(脳血管疾患（再掲）),total,total,a70_74,70-74歳,70.0,74.0,False,False,2023,274.0,8817.0,24.15858
cerebrovascular,脳血管疾患,True,９　循環器系の疾患(脳血管疾患（再掲）),total,total,r70p,70歳以上(再掲),70.0,,True,False,2023,488.0,,
cerebrovascular,脳血管疾患,True,９　循環器系の疾患(脳血管疾患（再掲）),total,total,a75_79,75-79歳,75.0,79.0,False,False,2023,386.0,7474.0,28.84964
cerebrovascular,脳血管疾患,True,９　循環器系の疾患(脳血管疾患（再掲）),total,total,r75p,75歳以上(再掲),75.0,,True,False,2023,582.0,20078.0,116.85396
cerebrovascular,脳血管疾患,True,９　循環器系の疾患(脳血管疾患（再掲）),total,total,a80_84,80-84歳,80.0,84.0,False,False,2023,548.0,5895.0,32.3046
cerebrovascular,脳血管疾患,True,９　循環器系の疾患(脳血管疾患（再掲）),total,total,a85_89,85-89歳,85.0,89.0,False,False,2023,731.0,3979.0,29.08649
cerebrovascular,脳血管疾患,True,９　循環器系の疾患(脳血管疾患（再掲）),total,total,a90p,90歳以上,90.0,,False,False,2023,975.0,,
cerebrovascular,脳血管疾患,True,９　循環器系の疾患(脳血管疾患（再掲）),total,total,total,総数,,,False,True,2023,148.0,124352.0,184.04096
,腎尿路生殖器系の疾患,False,１４　腎尿路生殖器系の疾患,total,female,a00,0歳,0.0,0.0,False,False,2023,23.0,,
,腎尿路生殖器系の疾患,False,１４　腎尿路生殖器系の疾患,total,female,a01_04,1-4歳,1.0,4.0,False,False,2023,17.0,,
,腎尿路生殖器系の疾患,False,１４　腎尿路生殖器系の疾患,total,female,a05_09,5-9歳,5.0,9.0,False,False,2023,14.0,,
,腎尿路生殖器系の疾患,False,１４　腎尿路生殖器系の疾患,total,female,a10_14,10-14歳,10.0,14.0,False,False,2023,27.0,,
,腎尿路生殖器系の疾患,False,１４　腎尿路生殖器系の疾患,total,female,a15_19,15-19歳,15.0,19.0,False,False,2023,89.0,,
,腎尿路生殖器系の疾患,False,１４　腎尿路生殖器系の疾患,total,female,a20_24,20-24歳,20.0,24.0,False,False,2023,221.0,,
,腎尿路生殖器系の疾患,False,１４　腎尿路生殖器系の疾患,total,female,a25_29,25-29歳,25.0,29.0,False,False,2023,400.0,,
,腎尿路生殖器系の疾患,False,１４　腎尿路生殖器系の疾患,total,female,a30_34,30-34歳,30.0,34.0,False,False,2023,465.0,,
,腎尿路生殖器系の疾患,False,１４　腎尿路生殖器系の疾患,total,female,a35_39,35-39歳,35.0,39.0,False,False,2023,454.0,,
,腎尿路生殖器系の疾患,False,１４　腎尿路生殖器系の疾患,total,female,a40_44,40-44歳,40.0,44.0,False,False,2023,390.0,,
,腎尿路生殖器系の疾患,False,１４　腎尿路生殖器系の疾患,total,female,a45_49,45-49歳,45.0,49.0,False,False,2023,354.0,,
,腎尿路生殖器系の疾患,False,１４　腎尿路生殖器系の疾患,total,female,a50_54,50-54歳,50.0,54.0,False,False,2023,373.0,,
,腎尿路生殖器系の疾患,False,１４　腎尿路生殖器系の疾患,total,female,a55_59,55-59歳,55.0,59.0,False,False,2023,345.0,,
,腎尿路生殖器系の疾患,False,１４　腎尿路生殖器系の疾患,total,female,a60_64,60-64歳,60.0,64.0,False,False,2023,265.0,,
,腎尿路生殖器系の疾患,False,１４　腎尿路生殖器系の疾患,total,female,a65_69,65-69歳,65.0,69.0,False,False,2023,285.0,,
,腎尿路生殖器系の疾患,False,１４　腎尿路生殖器系の疾患,total,female,r65p,65歳以上(再掲),65.0,,True,False,2023,407.0,,
,腎尿路生殖器系の疾患,False,１４　腎尿路生殖器系の疾患,total,female,a70_74,70-74歳,70.0,74.0,False,False,2023,344.0,,
,腎尿路生殖器系の疾患,False,１４　腎尿路生殖器系の疾患,total,female,r70p,70歳以上(再掲),70.0,,True,False,2023,434.0,,
,腎尿路生殖器系の疾患,False,１４　腎尿路生殖器系の疾患,total,female,a75_79,75-79歳,75.0,79.0,False,False,2023,416.0,,
,腎尿路生殖器系の疾患,False,１４　腎尿路生殖器系の疾患,total,female,r75p,75歳以上(再掲),75.0,,True,False,2023,469.0,,
,腎尿路生殖器系の疾患,False,１４　腎尿路生殖器系の疾患,total,female,a80_84,80-84歳,80.0,84.0,False,False,2023,457.0,,
,腎尿路生殖器系の疾患,False,１４　腎尿路生殖器系の疾患,total,female,a85_89,85-89歳,85.0,89.0,False,False,2023,520.0,,
,腎尿路生殖器系の疾患,False,１４　腎尿路生殖器系の疾患,total,female,a90p,90歳以上,90.0,,False,False,2023,533.0,,
,腎尿路生殖器系の疾患,False,１４　腎尿路生殖器系の疾患,total,female,total,総数,,,False,True,2023,329.0,,
,腎尿路生殖器系の疾患,False,１４　腎尿路生殖器系の疾患,total,male,a00,0歳,0.0,0.0,False,False,2023,53.0,,
,腎尿路生殖器系の疾患,False,１４　腎尿路生殖器系の疾患,total,male,a01_04,1-4歳,1.0,4.0,False,False,2023,23.0,,
,腎尿路生殖器系の疾患,False,１４　腎尿路生殖器系の疾患,total,male,a05_09,5-9歳,5.0,9.0,False,False,2023,24.0,2478.0,0.59472
,腎尿路生殖器系の疾患,False,１４　腎尿路生殖器系の疾患,total,male,a10_14,10-14歳,10.0,14.0,False,False,2023,14.0,2689.0,0.37646
,腎尿路生殖器系の疾患,False,１４　腎尿路生殖器系の疾患,total,male,a15_19,15-19歳,15.0,19.0,False,False,2023,16.0,2818.0,0.45088
,腎尿路生殖器系の疾患,False,１４　腎尿路生殖器系の疾患,total,male,a20_24,20-24歳,20.0,24.0,False,False,2023,30.0,3212.0,0.9636
,腎尿路生殖器系の疾患,False,１４　腎尿路生殖器系の疾患,total,male,a25_29,25-29歳,25.0,29.0,False,False,2023,54.0,3333.0,1.79982
,腎尿路生殖器系の疾患,False,１４　腎尿路生殖器系の疾患,total,male,a30_34,30-34歳,30.0,34.0,False,False,2023,55.0,3273.0,1.80015
,腎尿路生殖器系の疾患,False,１４　腎尿路生殖器系の疾患,total,male,a35_39,35-39歳,35.0,39.0,False,False,2023,63.0,3593.0,2.26359
,腎尿路生殖器系の疾患,False,１４　腎尿路生殖器系の疾患,total,male,a40_44,40-44歳,40.0,44.0,False,False,2023,102.0,3938.0,4.01676
,腎尿路生殖器系の疾患,False,１４　腎尿路生殖器系の疾患,total,male,a45_49,45-49歳,45.0,49.0,False,False,2023,126.0,4620.0,5.8212
,腎尿路生殖器系の疾患,False,１４　腎尿路生殖器系の疾患,total,male,a50_54,50-54歳,50.0,54.0,False,False,2023,189.0,4868.0,9.20052
,腎尿路生殖器系の疾患,False,１４　腎尿路生殖器系の疾患,total,male,a55_59,55-59歳,55.0,59.0,False,False,2023,282.0,4143.0,11.68326
,腎尿路生殖器系の疾患,False,１４　腎尿路生殖器系の疾患,total,male,a60_64,60-64歳,60.0,64.0,False,False,2023,382.0,3719.0,14.20658
,腎尿路生殖器系の疾患,False,１４　腎尿路生殖器系の疾患,total,male,a65_69,65-69歳,65.0,69.0,False,False,2023,556.0,3569.0,19.84364
,腎尿路生殖器系の疾患,False,１４　腎尿路生殖器系の疾患,total,male,r65p,65歳以上(再掲),65.0,,True,False,2023,790.0,,
,腎尿路生殖器系の疾患,False,１４　腎尿路生殖器系の疾患,total,male,a70_74,70-74歳,70.0,74.0,False,False,2023,688.0,4161.0,28.62768
,腎尿路生殖器系の疾患,False,１４　腎尿路生殖器系の疾患,total,male,r70p,70歳以上(再掲),70.0,,True,False,2023,859.0,,
,腎尿路生殖器系の疾患,False,１４　腎尿路生殖器系の疾患,total,male,a75_79,75-79歳,75.0,79.0,False,False,2023,838.0,3365.0,28.1987
,腎尿路生殖器系の疾患,False,１４　腎尿路生殖器系の疾患,total,male,r75p,75歳以上(再掲),75.0,,True,False,2023,948.0,,
,腎尿路生殖器系の疾患,False,１４　腎尿路生殖器系の疾患,total,male,a80_84,80-84歳,80.0,84.0,False,False,2023,978.0,2458.0,24.03924
,腎尿路生殖器系の疾患,False,１４　腎尿路生殖器系の疾患,total,male,a85_89,85-89歳,85.0,89.0,False,False,2023,1104.0,1448.0,15.98592
,腎尿路生殖器系の疾患,False,１４　腎尿路生殖器系の疾患,total,male,a90p,90歳以上,90.0,,False,False,2023,1050.0,,
,腎尿路生殖器系の疾患,False,１４　腎尿路生殖器系の疾患,total,male,total,総数,,,False,True,2023,295.0,60492.0,178.4514
,腎尿路生殖器系の疾患,False,１４　腎尿路生殖器系の疾患,total,total,a00,0歳,0.0,0.0,False,False,2023,38.0,,
,腎尿路生殖器系の疾患,False,１４　腎尿路生殖器系の疾患,total,total,a01_04,1-4歳,1.0,4.0,False,False,2023,20.0,,
,腎尿路生殖器系の疾患,False,１４　腎尿路生殖器系の疾患,total,total,a05_09,5-9歳,5.0,9.0,False,False,2023,19.0,4838.0,0.91922
,腎尿路生殖器系の疾患,False,１４　腎尿路生殖器系の疾患,total,total,a10_14,10-14歳,10.0,14.0,False,False,2023,20.0,5248.0,1.0496
,腎尿路生殖器系の疾患,False,１４　腎尿路生殖器系の疾患,total,total,a15_19,15-19歳,15.0,19.0,False,False,2023,52.0,5494.0,2.85688
,腎尿路生殖器系の疾患,False,１４　腎尿路生殖器系の疾患,total,total,a20_24,20-24歳,20.0,24.0,False,False,2023,123.0,6236.0,7.67028
,腎尿路生殖器系の疾患,False,１４　腎尿路生殖器系の疾患,total,total,a25_29,25-29歳,25.0,29.0,False,False,2023,222.0,6479.0,14.38338
,腎尿路生殖器系の疾患,False,１４　腎尿路生殖器系の疾患,total,total,a30_34,30-34歳,30.0,34.0,False,False,2023,254.0,6380.0,16.2052
,腎尿路生殖器系の疾患,False,１４　腎尿路生殖器系の疾患,total,total,a35_39,35-39歳,35.0,39.0,False,False,2023,255.0,7047.0,17.96985
,腎尿路生殖器系の疾患,False,１４　腎尿路生殖器系の疾患,total,total,a40_44,40-44歳,40.0,44.0,False,False,2023,244.0,7765.0,18.9466
,腎尿路生殖器系の疾患,False,１４　腎尿路生殖器系の疾患,total,total,a45_49,45-49歳,45.0,49.0,False,False,2023,238.0,9115.0,21.6937
,腎尿路生殖器系の疾患,False,１４　腎尿路生殖器系の疾患,total,total,a50_54,50-54歳,50.0,54.0,False,False,2023,280.0,9650.0,27.02
,腎尿路生殖器系の疾患,False,１４　腎尿路生殖器系の疾患,total,total,a55_59,55-59歳,55.0,59.0,False,False,2023,314.0,8279.0,25.99606
,腎尿路生殖器系の疾患,False,１４　腎尿路生殖器系の疾患,total,total,a60_64,60-64歳,60.0,64.0,False,False,2023,323.0,7507.0,24.24761
,腎尿路生殖器系の疾患,False,１４　腎尿路生殖器系の疾患,total,total,a65_69,65-69歳,65.0,69.0,False,False,2023,417.0,7332.0,30.57444
,腎尿路生殖器系の疾患,False,１４　腎尿路生殖器系の疾患,total,total,r65p,65歳以上(再掲),65.0,,True,False,2023,573.0,36227.0,207.58071
,腎尿路生殖器系の疾患,False,１４　腎尿路生殖器系の疾患,total,total,a70_74,70-74歳,70.0,74.0,False,False,2023,506.0,8817.0,44.61402
,腎尿路生殖器系の疾患,False,１４　腎尿路生殖器系の疾患,total,total,r70p,70歳以上(再掲),70.0,,True,False,2023,613.0,,
,腎尿路生殖器系の疾患,False,１４　腎尿路生殖器系の疾患,total,total,a75_79,75-79歳,75.0,79.0,False,False,2023,606.0,7474.0,45.29244
,腎尿路生殖器系の疾患,False,１４　腎尿路生殖器系の疾患,total,total,r75p,75歳以上(再掲),75.0,,True,False,2023,660.0,20078.0,132.5148
,腎尿路生殖器系の疾患,False,１４　腎尿路生殖器系の疾患,total,total,a80_84,80-84歳,80.0,84.0,False,False,2023,675.0,5895.0,39.79125
,腎尿路生殖器系の疾患,False,１４　腎尿路生殖器系の疾患,total,total,a85_89,85-89歳,85.0,89.0,False,False,2023,733.0,3979.0,29.16607
,腎尿路生殖器系の疾患,False,１４　腎尿路生殖器系の疾患,total,total,a90p,90歳以上,90.0,,False,False,2023,668.0,,
,腎尿路生殖器系の疾患,False,１４　腎尿路生殖器系の疾患,total,total,total,総数,,,False,True,2023,312.0,124352.0,387.97824
,腸管感染症,True,１　感染症及び寄生虫症(腸管感染症（再掲）),total,female,a00,0歳,0.0,0.0,False,False,2023,184.0,,
,腸管感染症,True,１　感染症及び寄生虫症(腸管感染症（再掲）),total,female,a01_04,1-4歳,1.0,4.0,False,False,2023,156.0,,
,腸管感染症,True,１　感染症及び寄生虫症(腸管感染症（再掲）),total,female,a05_09,5-9歳,5.0,9.0,False,False,2023,63.0,,
,腸管感染症,True,１　感染症及び寄生虫症(腸管感染症（再掲）),total,female,a10_14,10-14歳,10.0,14.0,False,False,2023,28.0,,
,腸管感染症,True,１　感染症及び寄生虫症(腸管感染症（再掲）),total,female,a15_19,15-19歳,15.0,19.0,False,False,2023,22.0,,
,腸管感染症,True,１　感染症及び寄生虫症(腸管感染症（再掲）),total,female,a20_24,20-24歳,20.0,24.0,False,False,2023,26.0,,
,腸管感染症,True,１　感染症及び寄生虫症(腸管感染症（再掲）),total,female,a25_29,25-29歳,25.0,29.0,False,False,2023,33.0,,
,腸管感染症,True,１　感染症及び寄生虫症(腸管感染症（再掲）),total,female,a30_34,30-34歳,30.0,34.0,False,False,2023,21.0,,
,腸管感染症,True,１　感染症及び寄生虫症(腸管感染症（再掲）),total,female,a35_39,35-39歳,35.0,39.0,False,False,2023,17.0,,
,腸管感染症,True,１　感染症及び寄生虫症(腸管感染症（再掲）),total,female,a40_44,40-44歳,40.0,44.0,False,False,2023,16.0,,
,腸管感染症,True,１　感染症及び寄生虫症(腸管感染症（再掲）),total,female,a45_49,45-49歳,45.0,49.0,False,False,2023,16.0,,
,腸管感染症,True,１　感染症及び寄生虫症(腸管感染症（再掲）),total,female,a50_54,50-54歳,50.0,54.0,False,False,2023,11.0,,
,腸管感染症,True,１　感染症及び寄生虫症(腸管感染症（再掲）),total,female,a55_59,55-59歳,55.0,59.0,False,False,2023,17.0,,
,腸管感染症,True,１　感染症及び寄生虫症(腸管感染症（再掲）),total,female,a60_64,60-64歳,60.0,64.0,False,False,2023,10.0,,
,腸管感染症,True,１　感染症及び寄生虫症(腸管感染症（再掲）),total,female,a65_69,65-69歳,65.0,69.0,False,False,2023,11.0,,
,腸管感染症,True,１　感染症及び寄生虫症(腸管感染症（再掲）),total,female,r65p,65歳以上(再掲),65.0,,True,False,2023,16.0,,
,腸管感染症,True,１　感染症及び寄生虫症(腸管感染症（再掲）),total,female,a70_74,70-74歳,70.0,74.0,False,False,2023,12.0,,
,腸管感染症,True,１　感染症及び寄生虫症(腸管感染症（再掲）),total,female,r70p,70歳以上(再掲),70.0,,True,False,2023,17.0,,
,腸管感染症,True,１　感染症及び寄生虫症(腸管感染症（再掲）),total,female,a75_79,75-79歳,75.0,79.0,False,False,2023,13.0,,
,腸管感染症,True,１　感染症及び寄生虫症(腸管感染症（再掲）),total,female,r75p,75歳以上(再掲),75.0,,True,False,2023,19.0,,
,腸管感染症,True,１　感染症及び寄生虫症(腸管感染症（再掲）),total,female,a80_84,80-84歳,80.0,84.0,False,False,2023,15.0,,
,腸管感染症,True,１　感染症及び寄生虫症(腸管感染症（再掲）),total,female,a85_89,85-89歳,85.0,89.0,False,False,2023,26.0,,
,腸管感染症,True,１　感染症及び寄生虫症(腸管感染症（再掲）),total,female,a90p,90歳以上,90.0,,False,False,2023,25.0,,
,腸管感染症,True,１　感染症及び寄生虫症(腸管感染症（再掲）),total,female,total,総数,,,False,True,2023,24.0,,
,腸管感染症,True,１　感染症及び寄生虫症(腸管感染症（再掲）),total,male,a00,0歳,0.0,0.0,False,False,2023,206.0,,
,腸管感染症,True,１　感染症及び寄生虫症(腸管感染症（再掲）),total,male,a01_04,1-4歳,1.0,4.0,False,False,2023,139.0,,
,腸管感染症,True,１　感染症及び寄生虫症(腸管感染症（再掲）),total,male,a05_09,5-9歳,5.0,9.0,False,False,2023,83.0,2478.0,2.05674
,腸管感染症,True,１　感染症及び寄生虫症(腸管感染症（再掲）),total,male,a10_14,10-14歳,10.0,14.0,False,False,2023,53.0,2689.0,1.42517
,腸管感染症,True,１　感染症及び寄生虫症(腸管感染症（再掲）),total,male,a15_19,15-19歳,15.0,19.0,False,False,2023,26.0,2818.0,0.73268
,腸管感染症,True,１　感染症及び寄生虫症(腸管感染症（再掲）),total,male,a20_24,20-24歳,20.0,24.0,False,False,2023,19.0,3212.0,0.61028
,腸管感染症,True,１　感染症及び寄生虫症(腸管感染症（再掲）),total,male,a25_29,25-29歳,25.0,29.0,False,False,2023,18.0,3333.0,0.59994
,腸管感染症,True,１　感染症及び寄生虫症(腸管感染症（再掲）),total,male,a30_34,30-34歳,30.0,34.0,False,False,2023,15.0,3273.0,0.49095
,腸管感染症,True,１　感染症及び寄生虫症(腸管感染症（再掲）),total,male,a35_39,35-39歳,35.0,39.0,False,False,2023,15.0,3593.0,0.53895
,腸管感染症,True,１　感染症及び寄生虫症(腸管感染症（再掲）),total,male,a40_44,40-44歳,40.0,44.0,False,False,2023,13.0,3938.0,0.51194
,腸管感染症,True,１　感染症及び寄生虫症(腸管感染症（再掲）),total,male,a45_49,45-49歳,45.0,49.0,False,False,2023,8.0,4620.0,0.3696
,腸管感染症,True,１　感染症及び寄生虫症(腸管感染症（再掲）),total,male,a50_54,50-54歳,50.0,54.0,False,False,2023,8.0,4868.0,0.38944
,腸管感染症,True,１　感染症及び寄生虫症(腸管感染症（再掲）),total,male,a55_59,55-59歳,55.0,59.0,False,False,2023,6.0,4143.0,0.24858
,腸管感染症,True,１　感染症及び寄生虫症(腸管感染症（再掲）),total,male,a60_64,60-64歳,60.0,64.0,False,False,2023,7.0,3719.0,0.26033
,腸管感染症,True,１　感染症及び寄生虫症(腸管感染症（再掲）),total,male,a65_69,65-69歳,65.0,69.0,False,False,2023,12.0,3569.0,0.42828
,腸管感染症,True,１　感染症及び寄生虫症(腸管感染症（再掲）),total,male,r65p,65歳以上(再掲),65.0,,True,False,2023,15.0,,
,腸管感染症,True,１　感染症及び寄生虫症(腸管感染症（再掲）),total,male,a70_74,70-74歳,70.0,74.0,False,False,2023,10.0,4161.0,0.4161
,腸管感染症,True,１　感染症及び寄生虫症(腸管感染症（再掲）),total,male,r70p,70歳以上(再掲),70.0,,True,False,2023,16.0,,
,腸管感染症,True,１　感染症及び寄生虫症(腸管感染症（再掲）),total,male,a75_79,75-79歳,75.0,79.0,False,False,2023,15.0,3365.0,0.50475
,腸管感染症,True,１　感染症及び寄生虫症(腸管感染症（再掲）),total,male,r75p,75歳以上(再掲),75.0,,True,False,2023,19.0,,
,腸管感染症,True,１　感染症及び寄生虫症(腸管感染症（再掲）),total,male,a80_84,80-84歳,80.0,84.0,False,False,2023,16.0,2458.0,0.39328
,腸管感染症,True,１　感染症及び寄生虫症(腸管感染症（再掲）),total,male,a85_89,85-89歳,85.0,89.0,False,False,2023,27.0,1448.0,0.39096
,腸管感染症,True,１　感染症及び寄生虫症(腸管感染症（再掲）),total,male,a90p,90歳以上,90.0,,False,False,2023,34.0,,
,腸管感染症,True,１　感染症及び寄生虫症(腸管感染症（再掲）),total,male,total,総数,,,False,True,2023,23.0,60492.0,13.91316
,腸管感染症,True,１　感染症及び寄生虫症(腸管感染症（再掲）),total,total,a00,0歳,0.0,0.0,False,False,2023,195.0,,
,腸管感染症,True,１　感染症及び寄生虫症(腸管感染症（再掲）),total,total,a01_04,1-4歳,1.0,4.0,False,False,2023,147.0,,
,腸管感染症,True,１　感染症及び寄生虫症(腸管感染症（再掲）),total,total,a05_09,5-9歳,5.0,9.0,False,False,2023,73.0,4838.0,3.53174
,腸管感染症,True,１　感染症及び寄生虫症(腸管感染症（再掲）),total,total,a10_14,10-14歳,10.0,14.0,False,False,2023,41.0,5248.0,2.15168
,腸管感染症,True,１　感染症及び寄生虫症(腸管感染症（再掲）),total,total,a15_19,15-19歳,15.0,19.0,False,False,2023,24.0,5494.0,1.31856
,腸管感染症,True,１　感染症及び寄生虫症(腸管感染症（再掲）),total,total,a20_24,20-24歳,20.0,24.0,False,False,2023,22.0,6236.0,1.37192
,腸管感染症,True,１　感染症及び寄生虫症(腸管感染症（再掲）),total,total,a25_29,25-29歳,25.0,29.0,False,False,2023,26.0,6479.0,1.68454
,腸管感染症,True,１　感染症及び寄生虫症(腸管感染症（再掲）),total,total,a30_34,30-34歳,30.0,34.0,False,False,2023,18.0,6380.0,1.1484
,腸管感染症,True,１　感染症及び寄生虫症(腸管感染症（再掲）),total,total,a35_39,35-39歳,35.0,39.0,False,False,2023,16.0,7047.0,1.12752
,腸管感染症,True,１　感染症及び寄生虫症(腸管感染症（再掲）),total,total,a40_44,40-44歳,40.0,44.0,False,False,2023,15.0,7765.0,1.16475
,腸管感染症,True,１　感染症及び寄生虫症(腸管感染症（再掲）),total,total,a45_49,45-49歳,45.0,49.0,False,False,2023,12.0,9115.0,1.0938
,腸管感染症,True,１　感染症及び寄生虫症(腸管感染症（再掲）),total,total,a50_54,50-54歳,50.0,54.0,False,False,2023,9.0,9650.0,0.8685
,腸管感染症,True,１　感染症及び寄生虫症(腸管感染症（再掲）),total,total,a55_59,55-59歳,55.0,59.0,False,False,2023,12.0,8279.0,0.99348
,腸管感染症,True,１　感染症及び寄生虫症(腸管感染症（再掲）),total,total,a60_64,60-64歳,60.0,64.0,False,False,2023,9.0,7507.0,0.67563
,腸管感染症,True,１　感染症及び寄生虫症(腸管感染症（再掲）),total,total,a65_69,65-69歳,65.0,69.0,False,False,2023,12.0,7332.0,0.87984
,腸管感染症,True,１　感染症及び寄生虫症(腸管感染症（再掲）),total,total,r65p,65歳以上(再掲),65.0,,True,False,2023,15.0,36227.0,5.43405
,腸管感染症,True,１　感染症及び寄生虫症(腸管感染症（再掲）),total,total,a70_74,70-74歳,70.0,74.0,False,False,2023,11.0,8817.0,0.96987
,腸管感染症,True,１　感染症及び寄生虫症(腸管感染症（再掲）),total,total,r70p,70歳以上(再掲),70.0,,True,False,2023,16.0,,
,腸管感染症,True,１　感染症及び寄生虫症(腸管感染症（再掲）),total,total,a75_79,75-79歳,75.0,79.0,False,False,2023,14.0,7474.0,1.04636
,腸管感染症,True,１　感染症及び寄生虫症(腸管感染症（再掲）),total,total,r75p,75歳以上(再掲),75.0,,True,False,2023,19.0,20078.0,3.81482
,腸管感染症,True,１　感染症及び寄生虫症(腸管感染症（再掲）),total,total,a80_84,80-84歳,80.0,84.0,False,False,2023,16.0,5895.0,0.9432
,腸管感染症,True,１　感染症及び寄生虫症(腸管感染症（再掲）),total,total,a85_89,85-89歳,85.0,89.0,False,False,2023,26.0,3979.0,1.03454
,腸管感染症,True,１　感染症及び寄生虫症(腸管感染症（再掲）),total,total,a90p,90歳以上,90.0,,False,False,2023,28.0,,
,腸管感染症,True,１　感染症及び寄生虫症(腸管感染症（再掲）),total,total,total,総数,,,False,True,2023,23.0,124352.0,28.60096
ischemic_heart,虚血性心疾患,True,９　循環器系の疾患(虚血性心疾患（再掲）),total,female,a00,0歳,0.0,0.0,False,False,2023,,,
ischemic_heart,虚血性心疾患,True,９　循環器系の疾患(虚血性心疾患（再掲）),total,female,a01_04,1-4歳,1.0,4.0,False,False,2023,3.0,,
ischemic_heart,虚血性心疾患,True,９　循環器系の疾患(虚血性心疾患（再掲）),total,female,a05_09,5-9歳,5.0,9.0,False,False,2023,1.0,,
ischemic_heart,虚血性心疾患,True,９　循環器系の疾患(虚血性心疾患（再掲）),total,female,a10_14,10-14歳,10.0,14.0,False,False,2023,0.0,,
ischemic_heart,虚血性心疾患,True,９　循環器系の疾患(虚血性心疾患（再掲）),total,female,a15_19,15-19歳,15.0,19.0,False,False,2023,1.0,,
ischemic_heart,虚血性心疾患,True,９　循環器系の疾患(虚血性心疾患（再掲）),total,female,a20_24,20-24歳,20.0,24.0,False,False,2023,10.0,,
ischemic_heart,虚血性心疾患,True,９　循環器系の疾患(虚血性心疾患（再掲）),total,female,a25_29,25-29歳,25.0,29.0,False,False,2023,13.0,,
ischemic_heart,虚血性心疾患,True,９　循環器系の疾患(虚血性心疾患（再掲）),total,female,a30_34,30-34歳,30.0,34.0,False,False,2023,3.0,,
ischemic_heart,虚血性心疾患,True,９　循環器系の疾患(虚血性心疾患（再掲）),total,female,a35_39,35-39歳,35.0,39.0,False,False,2023,5.0,,
ischemic_heart,虚血性心疾患,True,９　循環器系の疾患(虚血性心疾患（再掲）),total,female,a40_44,40-44歳,40.0,44.0,False,False,2023,13.0,,
ischemic_heart,虚血性心疾患,True,９　循環器系の疾患(虚血性心疾患（再掲）),total,female,a45_49,45-49歳,45.0,49.0,False,False,2023,11.0,,
ischemic_heart,虚血性心疾患,True,９　循環器系の疾患(虚血性心疾患（再掲）),total,female,a50_54,50-54歳,50.0,54.0,False,False,2023,16.0,,
ischemic_heart,虚血性心疾患,True,９　循環器系の疾患(虚血性心疾患（再掲）),total,female,a55_59,55-59歳,55.0,59.0,False,False,2023,27.0,,
ischemic_heart,虚血性心疾患,True,９　循環器系の疾患(虚血性心疾患（再掲）),total,female,a60_64,60-64歳,60.0,64.0,False,False,2023,33.0,,
ischemic_heart,虚血性心疾患,True,９　循環器系の疾患(虚血性心疾患（再掲）),total,female,a65_69,65-69歳,65.0,69.0,False,False,2023,52.0,,
ischemic_heart,虚血性心疾患,True,９　循環器系の疾患(虚血性心疾患（再掲）),total,female,r65p,65歳以上(再掲),65.0,,True,False,2023,88.0,,
ischemic_heart,虚血性心疾患,True,９　循環器系の疾患(虚血性心疾患（再掲）),total,female,a70_74,70-74歳,70.0,74.0,False,False,2023,66.0,,
ischemic_heart,虚血性心疾患,True,９　循環器系の疾患(虚血性心疾患（再掲）),total,female,r70p,70歳以上(再掲),70.0,,True,False,2023,97.0,,
ischemic_heart,虚血性心疾患,True,９　循環器系の疾患(虚血性心疾患（再掲）),total,female,a75_79,75-79歳,75.0,79.0,False,False,2023,88.0,,
ischemic_heart,虚血性心疾患,True,９　循環器系の疾患(虚血性心疾患（再掲）),total,female,r75p,75歳以上(再掲),75.0,,True,False,2023,108.0,,
ischemic_heart,虚血性心疾患,True,９　循環器系の疾患(虚血性心疾患（再掲）),total,female,a80_84,80-84歳,80.0,84.0,False,False,2023,111.0,,
ischemic_heart,虚血性心疾患,True,９　循環器系の疾患(虚血性心疾患（再掲）),total,female,a85_89,85-89歳,85.0,89.0,False,False,2023,113.0,,
ischemic_heart,虚血性心疾患,True,９　循環器系の疾患(虚血性心疾患（再掲）),total,female,a90p,90歳以上,90.0,,False,False,2023,139.0,,
ischemic_heart,虚血性心疾患,True,９　循環器系の疾患(虚血性心疾患（再掲）),total,female,total,総数,,,False,True,2023,37.0,,
ischemic_heart,虚血性心疾患,True,９　循環器系の疾患(虚血性心疾患（再掲）),total,male,a00,0歳,0.0,0.0,False,False,2023,5.0,,
ischemic_heart,虚血性心疾患,True,９　循環器系の疾患(虚血性心疾患（再掲）),total,male,a01_04,1-4歳,1.0,4.0,False,False,2023,1.0,,
ischemic_heart,虚血性心疾患,True,９　循環器系の疾患(虚血性心疾患（再掲）),total,male,a05_09,5-9歳,5.0,9.0,False,False,2023,2.0,2478.0,0.04956
ischemic_heart,虚血性心疾患,True,９　循環器系の疾患(虚血性心疾患（再掲）),total,male,a10_14,10-14歳,10.0,14.0,False,False,2023,2.0,2689.0,0.05378
ischemic_heart,虚血性心疾患,True,９　循環器系の疾患(虚血性心疾患（再掲）),total,male,a15_19,15-19歳,15.0,19.0,False,False,2023,0.0,2818.0,0.0
ischemic_heart,虚血性心疾患,True,９　循環器系の疾患(虚血性心疾患（再掲）),total,male,a20_24,20-24歳,20.0,24.0,False,False,2023,4.0,3212.0,0.12848
ischemic_heart,虚血性心疾患,True,９　循環器系の疾患(虚血性心疾患（再掲）),total,male,a25_29,25-29歳,25.0,29.0,False,False,2023,1.0,3333.0,0.03333
ischemic_heart,虚血性心疾患,True,９　循環器系の疾患(虚血性心疾患（再掲）),total,male,a30_34,30-34歳,30.0,34.0,False,False,2023,2.0,3273.0,0.06546
ischemic_heart,虚血性心疾患,True,９　循環器系の疾患(虚血性心疾患（再掲）),total,male,a35_39,35-39歳,35.0,39.0,False,False,2023,5.0,3593.0,0.17965
ischemic_heart,虚血性心疾患,True,９　循環器系の疾患(虚血性心疾患（再掲）),total,male,a40_44,40-44歳,40.0,44.0,False,False,2023,9.0,3938.0,0.35442
ischemic_heart,虚血性心疾患,True,９　循環器系の疾患(虚血性心疾患（再掲）),total,male,a45_49,45-49歳,45.0,49.0,False,False,2023,19.0,4620.0,0.8778
ischemic_heart,虚血性心疾患,True,９　循環器系の疾患(虚血性心疾患（再掲）),total,male,a50_54,50-54歳,50.0,54.0,False,False,2023,29.0,4868.0,1.41172
ischemic_heart,虚血性心疾患,True,９　循環器系の疾患(虚血性心疾患（再掲）),total,male,a55_59,55-59歳,55.0,59.0,False,False,2023,49.0,4143.0,2.03007
ischemic_heart,虚血性心疾患,True,９　循環器系の疾患(虚血性心疾患（再掲）),total,male,a60_64,60-64歳,60.0,64.0,False,False,2023,108.0,3719.0,4.01652
ischemic_heart,虚血性心疾患,True,９　循環器系の疾患(虚血性心疾患（再掲）),total,male,a65_69,65-69歳,65.0,69.0,False,False,2023,124.0,3569.0,4.42556
ischemic_heart,虚血性心疾患,True,９　循環器系の疾患(虚血性心疾患（再掲）),total,male,r65p,65歳以上(再掲),65.0,,True,False,2023,190.0,,
ischemic_heart,虚血性心疾患,True,９　循環器系の疾患(虚血性心疾患（再掲）),total,male,a70_74,70-74歳,70.0,74.0,False,False,2023,173.0,4161.0,7.19853
ischemic_heart,虚血性心疾患,True,９　循環器系の疾患(虚血性心疾患（再掲）),total,male,r70p,70歳以上(再掲),70.0,,True,False,2023,209.0,,
ischemic_heart,虚血性心疾患,True,９　循環器系の疾患(虚血性心疾患（再掲）),total,male,a75_79,75-79歳,75.0,79.0,False,False,2023,216.0,3365.0,7.2684
ischemic_heart,虚血性心疾患,True,９　循環器系の疾患(虚血性心疾患（再掲）),total,male,r75p,75歳以上(再掲),75.0,,True,False,2023,228.0,,
ischemic_heart,虚血性心疾患,True,９　循環器系の疾患(虚血性心疾患（再掲）),total,male,a80_84,80-84歳,80.0,84.0,False,False,2023,235.0,2458.0,5.7763
ischemic_heart,虚血性心疾患,True,９　循環器系の疾患(虚血性心疾患（再掲）),total,male,a85_89,85-89歳,85.0,89.0,False,False,2023,239.0,1448.0,3.46072
ischemic_heart,虚血性心疾患,True,９　循環器系の疾患(虚血性心疾患（再掲）),total,male,a90p,90歳以上,90.0,,False,False,2023,237.0,,
ischemic_heart,虚血性心疾患,True,９　循環器系の疾患(虚血性心疾患（再掲）),total,male,total,総数,,,False,True,2023,65.0,60492.0,39.3198
ischemic_heart,虚血性心疾患,True,９　循環器系の疾患(虚血性心疾患（再掲）),total,total,a00,0歳,0.0,0.0,False,False,2023,3.0,,
ischemic_heart,虚血性心疾患,True,９　循環器系の疾患(虚血性心疾患（再掲）),total,total,a01_04,1-4歳,1.0,4.0,False,False,2023,2.0,,
ischemic_heart,虚血性心疾患,True,９　循環器系の疾患(虚血性心疾患（再掲）),total,total,a05_09,5-9歳,5.0,9.0,False,False,2023,2.0,4838.0,0.09676
ischemic_heart,虚血性心疾患,True,９　循環器系の疾患(虚血性心疾患（再掲）),total,total,a10_14,10-14歳,10.0,14.0,False,False,2023,1.0,5248.0,0.05248
ischemic_heart,虚血性心疾患,True,９　循環器系の疾患(虚血性心疾患（再掲）),total,total,a15_19,15-19歳,15.0,19.0,False,False,2023,0.0,5494.0,0.0
ischemic_heart,虚血性心疾患,True,９　循環器系の疾患(虚血性心疾患（再掲）),total,total,a20_24,20-24歳,20.0,24.0,False,False,2023,7.0,6236.0,0.43652
ischemic_heart,虚血性心疾患,True,９　循環器系の疾患(虚血性心疾患（再掲）),total,total,a25_29,25-29歳,25.0,29.0,False,False,2023,6.0,6479.0,0.38874
ischemic_heart,虚血性心疾患,True,９　循環器系の疾患(虚血性心疾患（再掲）),total,total,a30_34,30-34歳,30.0,34.0,False,False,2023,2.0,6380.0,0.1276
ischemic_heart,虚血性心疾患,True,９　循環器系の疾患(虚血性心疾患（再掲）),total,total,a35_39,35-39歳,35.0,39.0,False,False,2023,5.0,7047.0,0.35235
ischemic_heart,虚血性心疾患,True,９　循環器系の疾患(虚血性心疾患（再掲）),total,total,a40_44,40-44歳,40.0,44.0,False,False,2023,11.0,7765.0,0.85415
ischemic_heart,虚血性心疾患,True,９　循環器系の疾患(虚血性心疾患（再掲）),total,total,a45_49,45-49歳,45.0,49.0,False,False,2023,15.0,9115.0,1.36725
ischemic_heart,虚血性心疾患,True,９　循環器系の疾患(虚血性心疾患（再掲）),total,total,a50_54,50-54歳,50.0,54.0,False,False,2023,23.0,9650.0,2.2195
ischemic_heart,虚血性心疾患,True,９　循環器系の疾患(虚血性心疾患（再掲）),total,total,a55_59,55-59歳,55.0,59.0,False,False,2023,38.0,8279.0,3.14602
ischemic_heart,虚血性心疾患,True,９　循環器系の疾患(虚血性心疾患（再掲）),total,total,a60_64,60-64歳,60.0,64.0,False,False,2023,70.0,7507.0,5.2549
ischemic_heart,虚血性心疾患,True,９　循環器系の疾患(虚血性心疾患（再掲）),total,total,a65_69,65-69歳,65.0,69.0,False,False,2023,87.0,7332.0,6.37884
ischemic_heart,虚血性心疾患,True,９　循環器系の疾患(虚血性心疾患（再掲）),total,total,r65p,65歳以上(再掲),65.0,,True,False,2023,132.0,36227.0,47.81964
ischemic_heart,虚血性心疾患,True,９　循環器系の疾患(虚血性心疾患（再掲）),total,total,a70_74,70-74歳,70.0,74.0,False,False,2023,117.0,8817.0,10.31589
ischemic_heart,虚血性心疾患,True,９　循環器系の疾患(虚血性心疾患（再掲）),total,total,r70p,70歳以上(再掲),70.0,,True,False,2023,144.0,,
ischemic_heart,虚血性心疾患,True,９　循環器系の疾患(虚血性心疾患（再掲）),total,total,a75_79,75-79歳,75.0,79.0,False,False,2023,146.0,7474.0,10.91204
ischemic_heart,虚血性心疾患,True,９　循環器系の疾患(虚血性心疾患（再掲）),total,total,r75p,75歳以上(再掲),75.0,,True,False,2023,156.0,20078.0,31.32168
ischemic_heart,虚血性心疾患,True,９　循環器系の疾患(虚血性心疾患（再掲）),total,total,a80_84,80-84歳,80.0,84.0,False,False,2023,163.0,5895.0,9.60885
ischemic_heart,虚血性心疾患,True,９　循環器系の疾患(虚血性心疾患（再掲）),total,total,a85_89,85-89歳,85.0,89.0,False,False,2023,159.0,3979.0,6.32661
ischemic_heart,虚血性心疾患,True,９　循環器系の疾患(虚血性心疾患（再掲）),total,total,a90p,90歳以上,90.0,,False,False,2023,164.0,,
ischemic_heart,虚血性心疾患,True,９　循環器系の疾患(虚血性心疾患（再掲）),total,total,total,総数,,,False,True,2023,50.0,124352.0,62.176
,血液及び造血器の疾患並びに免疫機構の障害,False,３　血液及び造血器の疾患並びに免疫機構の障害,total,female,a00,0歳,0.0,0.0,False,False,2023,10.0,,
,血液及び造血器の疾患並びに免疫機構の障害,False,３　血液及び造血器の疾患並びに免疫機構の障害,total,female,a01_04,1-4歳,1.0,4.0,False,False,2023,8.0,,
,血液及び造血器の疾患並びに免疫機構の障害,False,３　血液及び造血器の疾患並びに免疫機構の障害,total,female,a05_09,5-9歳,5.0,9.0,False,False,2023,10.0,,
,血液及び造血器の疾患並びに免疫機構の障害,False,３　血液及び造血器の疾患並びに免疫機構の障害,total,female,a10_14,10-14歳,10.0,14.0,False,False,2023,11.0,,
,血液及び造血器の疾患並びに免疫機構の障害,False,３　血液及び造血器の疾患並びに免疫機構の障害,total,female,a15_19,15-19歳,15.0,19.0,False,False,2023,11.0,,
,血液及び造血器の疾患並びに免疫機構の障害,False,３　血液及び造血器の疾患並びに免疫機構の障害,total,female,a20_24,20-24歳,20.0,24.0,False,False,2023,9.0,,
,血液及び造血器の疾患並びに免疫機構の障害,False,３　血液及び造血器の疾患並びに免疫機構の障害,total,female,a25_29,25-29歳,25.0,29.0,False,False,2023,21.0,,
,血液及び造血器の疾患並びに免疫機構の障害,False,３　血液及び造血器の疾患並びに免疫機構の障害,total,female,a30_34,30-34歳,30.0,34.0,False,False,2023,32.0,,
,血液及び造血器の疾患並びに免疫機構の障害,False,３　血液及び造血器の疾患並びに免疫機構の障害,total,female,a35_39,35-39歳,35.0,39.0,False,False,2023,33.0,,
,血液及び造血器の疾患並びに免疫機構の障害,False,３　血液及び造血器の疾患並びに免疫機構の障害,total,female,a40_44,40-44歳,40.0,44.0,False,False,2023,57.0,,
,血液及び造血器の疾患並びに免疫機構の障害,False,３　血液及び造血器の疾患並びに免疫機構の障害,total,female,a45_49,45-49歳,45.0,49.0,False,False,2023,48.0,,
,血液及び造血器の疾患並びに免疫機構の障害,False,３　血液及び造血器の疾患並びに免疫機構の障害,total,female,a50_54,50-54歳,50.0,54.0,False,False,2023,27.0,,
,血液及び造血器の疾患並びに免疫機構の障害,False,３　血液及び造血器の疾患並びに免疫機構の障害,total,female,a55_59,55-59歳,55.0,59.0,False,False,2023,15.0,,
,血液及び造血器の疾患並びに免疫機構の障害,False,３　血液及び造血器の疾患並びに免疫機構の障害,total,female,a60_64,60-64歳,60.0,64.0,False,False,2023,18.0,,
,血液及び造血器の疾患並びに免疫機構の障害,False,３　血液及び造血器の疾患並びに免疫機構の障害,total,female,a65_69,65-69歳,65.0,69.0,False,False,2023,19.0,,
,血液及び造血器の疾患並びに免疫機構の障害,False,３　血液及び造血器の疾患並びに免疫機構の障害,total,female,r65p,65歳以上(再掲),65.0,,True,False,2023,32.0,,
,血液及び造血器の疾患並びに免疫機構の障害,False,３　血液及び造血器の疾患並びに免疫機構の障害,total,female,a70_74,70-74歳,70.0,74.0,False,False,2023,26.0,,
,血液及び造血器の疾患並びに免疫機構の障害,False,３　血液及び造血器の疾患並びに免疫機構の障害,total,female,r70p,70歳以上(再掲),70.0,,True,False,2023,34.0,,
,血液及び造血器の疾患並びに免疫機構の障害,False,３　血液及び造血器の疾患並びに免疫機構の障害,total,female,a75_79,75-79歳,75.0,79.0,False,False,2023,28.0,,
,血液及び造血器の疾患並びに免疫機構の障害,False,３　血液及び造血器の疾患並びに免疫機構の障害,total,female,r75p,75歳以上(再掲),75.0,,True,False,2023,38.0,,
,血液及び造血器の疾患並びに免疫機構の障害,False,３　血液及び造血器の疾患並びに免疫機構の障害,total,female,a80_84,80-84歳,80.0,84.0,False,False,2023,38.0,,
,血液及び造血器の疾患並びに免疫機構の障害,False,３　血液及び造血器の疾患並びに免疫機構の障害,total,female,a85_89,85-89歳,85.0,89.0,False,False,2023,44.0,,
,血液及び造血器の疾患並びに免疫機構の障害,False,３　血液及び造血器の疾患並びに免疫機構の障害,total,female,a90p,90歳以上,90.0,,False,False,2023,49.0,,
,血液及び造血器の疾患並びに免疫機構の障害,False,３　血液及び造血器の疾患並びに免疫機構の障害,total,female,total,総数,,,False,True,2023,27.0,,
,血液及び造血器の疾患並びに免疫機構の障害,False,３　血液及び造血器の疾患並びに免疫機構の障害,total,male,a00,0歳,0.0,0.0,False,False,2023,14.0,,
,血液及び造血器の疾患並びに免疫機構の障害,False,３　血液及び造血器の疾患並びに免疫機構の障害,total,male,a01_04,1-4歳,1.0,4.0,False,False,2023,12.0,,
,血液及び造血器の疾患並びに免疫機構の障害,False,３　血液及び造血器の疾患並びに免疫機構の障害,total,male,a05_09,5-9歳,5.0,9.0,False,False,2023,7.0,2478.0,0.17346
,血液及び造血器の疾患並びに免疫機構の障害,False,３　血液及び造血器の疾患並びに免疫機構の障害,total,male,a10_14,10-14歳,10.0,14.0,False,False,2023,8.0,2689.0,0.21512
,血液及び造血器の疾患並びに免疫機構の障害,False,３　血液及び造血器の疾患並びに免疫機構の障害,total,male,a15_19,15-19歳,15.0,19.0,False,False,2023,3.0,2818.0,0.08454
,血液及び造血器の疾患並びに免疫機構の障害,False,３　血液及び造血器の疾患並びに免疫機構の障害,total,male,a20_24,20-24歳,20.0,24.0,False,False,2023,4.0,3212.0,0.12848
,血液及び造血器の疾患並びに免疫機構の障害,False,３　血液及び造血器の疾患並びに免疫機構の障害,total,male,a25_29,25-29歳,25.0,29.0,False,False,2023,3.0,3333.0,0.09999
,血液及び造血器の疾患並びに免疫機構の障害,False,３　血液及び造血器の疾患並びに免疫機構の障害,total,male,a30_34,30-34歳,30.0,34.0,False,False,2023,2.0,3273.0,0.06546
,血液及び造血器の疾患並びに免疫機構の障害,False,３　血液及び造血器の疾患並びに免疫機構の障害,total,male,a35_39,35-39歳,35.0,39.0,False,False,2023,7.0,3593.0,0.25151
,血液及び造血器の疾患並びに免疫機構の障害,False,３　血液及び造血器の疾患並びに免疫機構の障害,total,male,a40_44,40-44歳,40.0,44.0,False,False,2023,5.0,3938.0,0.1969
,血液及び造血器の疾患並びに免疫機構の障害,False,３　血液及び造血器の疾患並びに免疫機構の障害,total,male,a45_49,45-49歳,45.0,49.0,False,False,2023,9.0,4620.0,0.4158
,血液及び造血器の疾患並びに免疫機構の障害,False,３　血液及び造血器の疾患並びに免疫機構の障害,total,male,a50_54,50-54歳,50.0,54.0,False,False,2023,8.0,4868.0,0.38944
,血液及び造血器の疾患並びに免疫機構の障害,False,３　血液及び造血器の疾患並びに免疫機構の障害,total,male,a55_59,55-59歳,55.0,59.0,False,False,2023,12.0,4143.0,0.49716
,血液及び造血器の疾患並びに免疫機構の障害,False,３　血液及び造血器の疾患並びに免疫機構の障害,total,male,a60_64,60-64歳,60.0,64.0,False,False,2023,15.0,3719.0,0.55785
,血液及び造血器の疾患並びに免疫機構の障害,False,３　血液及び造血器の疾患並びに免疫機構の障害,total,male,a65_69,65-69歳,65.0,69.0,False,False,2023,18.0,3569.0,0.64242
,血液及び造血器の疾患並びに免疫機構の障害,False,３　血液及び造血器の疾患並びに免疫機構の障害,total,male,r65p,65歳以上(再掲),65.0,,True,False,2023,32.0,,
,血液及び造血器の疾患並びに免疫機構の障害,False,３　血液及び造血器の疾患並びに免疫機構の障害,total,male,a70_74,70-74歳,70.0,74.0,False,False,2023,23.0,4161.0,0.95703
,血液及び造血器の疾患並びに免疫機構の障害,False,３　血液及び造血器の疾患並びに免疫機構の障害,total,male,r70p,70歳以上(再掲),70.0,,True,False,2023,37.0,,
,血液及び造血器の疾患並びに免疫機構の障害,False,３　血液及び造血器の疾患並びに免疫機構の障害,total,male,a75_79,75-79歳,75.0,79.0,False,False,2023,33.0,3365.0,1.11045
,血液及び造血器の疾患並びに免疫機構の障害,False,３　血液及び造血器の疾患並びに免疫機構の障害,total,male,r75p,75歳以上(再掲),75.0,,True,False,2023,43.0,,
,血液及び造血器の疾患並びに免疫機構の障害,False,３　血液及び造血器の疾患並びに免疫機構の障害,total,male,a80_84,80-84歳,80.0,84.0,False,False,2023,47.0,2458.0,1.15526
,血液及び造血器の疾患並びに免疫機構の障害,False,３　血液及び造血器の疾患並びに免疫機構の障害,total,male,a85_89,85-89歳,85.0,89.0,False,False,2023,53.0,1448.0,0.76744
,血液及び造血器の疾患並びに免疫機構の障害,False,３　血液及び造血器の疾患並びに免疫機構の障害,total,male,a90p,90歳以上,90.0,,False,False,2023,62.0,,
,血液及び造血器の疾患並びに免疫機構の障害,False,３　血液及び造血器の疾患並びに免疫機構の障害,total,male,total,総数,,,False,True,2023,14.0,60492.0,8.46888
,血液及び造血器の疾患並びに免疫機構の障害,False,３　血液及び造血器の疾患並びに免疫機構の障害,total,total,a00,0歳,0.0,0.0,False,False,2023,12.0,,
,血液及び造血器の疾患並びに免疫機構の障害,False,３　血液及び造血器の疾患並びに免疫機構の障害,total,total,a01_04,1-4歳,1.0,4.0,False,False,2023,10.0,,
,血液及び造血器の疾患並びに免疫機構の障害,False,３　血液及び造血器の疾患並びに免疫機構の障害,total,total,a05_09,5-9歳,5.0,9.0,False,False,2023,9.0,4838.0,0.43542
,血液及び造血器の疾患並びに免疫機構の障害,False,３　血液及び造血器の疾患並びに免疫機構の障害,total,total,a10_14,10-14歳,10.0,14.0,False,False,2023,9.0,5248.0,0.47232
,血液及び造血器の疾患並びに免疫機構の障害,False,３　血液及び造血器の疾患並びに免疫機構の障害,total,total,a15_19,15-19歳,15.0,19.0,False,False,2023,7.0,5494.0,0.38458
,血液及び造血器の疾患並びに免疫機構の障害,False,３　血液及び造血器の疾患並びに免疫機構の障害,total,total,a20_24,20-24歳,20.0,24.0,False,False,2023,6.0,6236.0,0.37416
,血液及び造血器の疾患並びに免疫機構の障害,False,３　血液及び造血器の疾患並びに免疫機構の障害,total,total,a25_29,25-29歳,25.0,29.0,False,False,2023,12.0,6479.0,0.77748
,血液及び造血器の疾患並びに免疫機構の障害,False,３　血液及び造血器の疾患並びに免疫機構の障害,total,total,a30_34,30-34歳,30.0,34.0,False,False,2023,17.0,6380.0,1.0846
,血液及び造血器の疾患並びに免疫機構の障害,False,３　血液及び造血器の疾患並びに免疫機構の障害,total,total,a35_39,35-39歳,35.0,39.0,False,False,2023,20.0,7047.0,1.4094
,血液及び造血器の疾患並びに免疫機構の障害,False,３　血液及び造血器の疾患並びに免疫機構の障害,total,total,a40_44,40-44歳,40.0,44.0,False,False,2023,31.0,7765.0,2.40715
,血液及び造血器の疾患並びに免疫機構の障害,False,３　血液及び造血器の疾患並びに免疫機構の障害,total,total,a45_49,45-49歳,45.0,49.0,False,False,2023,28.0,9115.0,2.5522
,血液及び造血器の疾患並びに免疫機構の障害,False,３　血液及び造血器の疾患並びに免疫機構の障害,total,total,a50_54,50-54歳,50.0,54.0,False,False,2023,17.0,9650.0,1.6405
,血液及び造血器の疾患並びに免疫機構の障害,False,３　血液及び造血器の疾患並びに免疫機構の障害,total,total,a55_59,55-59歳,55.0,59.0,False,False,2023,13.0,8279.0,1.07627
,血液及び造血器の疾患並びに免疫機構の障害,False,３　血液及び造血器の疾患並びに免疫機構の障害,total,total,a60_64,60-64歳,60.0,64.0,False,False,2023,17.0,7507.0,1.27619
,血液及び造血器の疾患並びに免疫機構の障害,False,３　血液及び造血器の疾患並びに免疫機構の障害,total,total,a65_69,65-69歳,65.0,69.0,False,False,2023,19.0,7332.0,1.39308
,血液及び造血器の疾患並びに免疫機構の障害,False,３　血液及び造血器の疾患並びに免疫機構の障害,total,total,r65p,65歳以上(再掲),65.0,,True,False,2023,32.0,36227.0,11.59264
,血液及び造血器の疾患並びに免疫機構の障害,False,３　血液及び造血器の疾患並びに免疫機構の障害,total,total,a70_74,70-74歳,70.0,74.0,False,False,2023,25.0,8817.0,2.20425
,血液及び造血器の疾患並びに免疫機構の障害,False,３　血液及び造血器の疾患並びに免疫機構の障害,total,total,r70p,70歳以上(再掲),70.0,,True,False,2023,35.0,,
,血液及び造血器の疾患並びに免疫機構の障害,False,３　血液及び造血器の疾患並びに免疫機構の障害,total,total,a75_79,75-79歳,75.0,79.0,False,False,2023,30.0,7474.0,2.2422
,血液及び造血器の疾患並びに免疫機構の障害,False,３　血液及び造血器の疾患並びに免疫機構の障害,total,total,r75p,75歳以上(再掲),75.0,,True,False,2023,40.0,20078.0,8.0312
,血液及び造血器の疾患並びに免疫機構の障害,False,３　血液及び造血器の疾患並びに免疫機構の障害,total,total,a80_84,80-84歳,80.0,84.0,False,False,2023,41.0,5895.0,2.41695
,血液及び造血器の疾患並びに免疫機構の障害,False,３　血液及び造血器の疾患並びに免疫機構の障害,total,total,a85_89,85-89歳,85.0,89.0,False,False,2023,48.0,3979.0,1.90992
,血液及び造血器の疾患並びに免疫機構の障害,False,３　血液及び造血器の疾患並びに免疫機構の障害,total,total,a90p,90歳以上,90.0,,False,False,2023,52.0,,
,血液及び造血器の疾患並びに免疫機構の障害,False,３　血液及び造血器の疾患並びに免疫機構の障害,total,total,total,総数,,,False,True,2023,21.0,124352.0,26.11392
,関節症,True,１３　筋骨格系及び結合組織の疾患(関節症（再掲）),total,female,a00,0歳,0.0,0.0,False,False,2023,1.0,,
,関節症,True,１３　筋骨格系及び結合組織の疾患(関節症（再掲）),total,female,a01_04,1-4歳,1.0,4.0,False,False,2023,,,
,関節症,True,１３　筋骨格系及び結合組織の疾患(関節症（再掲）),total,female,a05_09,5-9歳,5.0,9.0,False,False,2023,0.0,,
,関節症,True,１３　筋骨格系及び結合組織の疾患(関節症（再掲）),total,female,a10_14,10-14歳,10.0,14.0,False,False,2023,1.0,,
,関節症,True,１３　筋骨格系及び結合組織の疾患(関節症（再掲）),total,female,a15_19,15-19歳,15.0,19.0,False,False,2023,3.0,,
,関節症,True,１３　筋骨格系及び結合組織の疾患(関節症（再掲）),total,female,a20_24,20-24歳,20.0,24.0,False,False,2023,2.0,,
,関節症,True,１３　筋骨格系及び結合組織の疾患(関節症（再掲）),total,female,a25_29,25-29歳,25.0,29.0,False,False,2023,3.0,,
,関節症,True,１３　筋骨格系及び結合組織の疾患(関節症（再掲）),total,female,a30_34,30-34歳,30.0,34.0,False,False,2023,5.0,,
,関節症,True,１３　筋骨格系及び結合組織の疾患(関節症（再掲）),total,female,a35_39,35-39歳,35.0,39.0,False,False,2023,11.0,,
,関節症,True,１３　筋骨格系及び結合組織の疾患(関節症（再掲）),total,female,a40_44,40-44歳,40.0,44.0,False,False,2023,19.0,,
,関節症,True,１３　筋骨格系及び結合組織の疾患(関節症（再掲）),total,female,a45_49,45-49歳,45.0,49.0,False,False,2023,38.0,,
,関節症,True,１３　筋骨格系及び結合組織の疾患(関節症（再掲）),total,female,a50_54,50-54歳,50.0,54.0,False,False,2023,109.0,,
,関節症,True,１３　筋骨格系及び結合組織の疾患(関節症（再掲）),total,female,a55_59,55-59歳,55.0,59.0,False,False,2023,179.0,,
,関節症,True,１３　筋骨格系及び結合組織の疾患(関節症（再掲）),total,female,a60_64,60-64歳,60.0,64.0,False,False,2023,287.0,,
,関節症,True,１３　筋骨格系及び結合組織の疾患(関節症（再掲）),total,female,a65_69,65-69歳,65.0,69.0,False,False,2023,424.0,,
,関節症,True,１３　筋骨格系及び結合組織の疾患(関節症（再掲）),total,female,r65p,65歳以上(再掲),65.0,,True,False,2023,578.0,,
,関節症,True,１３　筋骨格系及び結合組織の疾患(関節症（再掲）),total,female,a70_74,70-74歳,70.0,74.0,False,False,2023,547.0,,
,関節症,True,１３　筋骨格系及び結合組織の疾患(関節症（再掲）),total,female,r70p,70歳以上(再掲),70.0,,True,False,2023,612.0,,
,関節症,True,１３　筋骨格系及び結合組織の疾患(関節症（再掲）),total,female,a75_79,75-79歳,75.0,79.0,False,False,2023,679.0,,
,関節症,True,１３　筋骨格系及び結合組織の疾患(関節症（再掲）),total,female,r75p,75歳以上(再掲),75.0,,True,False,2023,637.0,,
,関節症,True,１３　筋骨格系及び結合組織の疾患(関節症（再掲）),total,female,a80_84,80-84歳,80.0,84.0,False,False,2023,788.0,,
,関節症,True,１３　筋骨格系及び結合組織の疾患(関節症（再掲）),total,female,a85_89,85-89歳,85.0,89.0,False,False,2023,595.0,,
,関節症,True,１３　筋骨格系及び結合組織の疾患(関節症（再掲）),total,female,a90p,90歳以上,90.0,,False,False,2023,349.0,,
,関節症,True,１３　筋骨格系及び結合組織の疾患(関節症（再掲）),total,female,total,総数,,,False,True,2023,228.0,,
,関節症,True,１３　筋骨格系及び結合組織の疾患(関節症（再掲）),total,male,a00,0歳,0.0,0.0,False,False,2023,,,
,関節症,True,１３　筋骨格系及び結合組織の疾患(関節症（再掲）),total,male,a01_04,1-4歳,1.0,4.0,False,False,2023,0.0,,
,関節症,True,１３　筋骨格系及び結合組織の疾患(関節症（再掲）),total,male,a05_09,5-9歳,5.0,9.0,False,False,2023,0.0,2478.0,0.0
,関節症,True,１３　筋骨格系及び結合組織の疾患(関節症（再掲）),total,male,a10_14,10-14歳,10.0,14.0,False,False,2023,2.0,2689.0,0.05378
,関節症,True,１３　筋骨格系及び結合組織の疾患(関節症（再掲）),total,male,a15_19,15-19歳,15.0,19.0,False,False,2023,2.0,2818.0,0.05636
,関節症,True,１３　筋骨格系及び結合組織の疾患(関節症（再掲）),total,male,a20_24,20-24歳,20.0,24.0,False,False,2023,2.0,3212.0,0.06424
,関節症,True,１３　筋骨格系及び結合組織の疾患(関節症（再掲）),total,male,a25_29,25-29歳,25.0,29.0,False,False,2023,2.0,3333.0,0.06666
,関節症,True,１３　筋骨格系及び結合組織の疾患(関節症（再掲）),total,male,a30_34,30-34歳,30.0,34.0,False,False,2023,3.0,3273.0,0.09819
,関節症,True,１３　筋骨格系及び結合組織の疾患(関節症（再掲）),total,male,a35_39,35-39歳,35.0,39.0,False,False,2023,3.0,3593.0,0.10779
,関節症,True,１３　筋骨格系及び結合組織の疾患(関節症（再掲）),total,male,a40_44,40-44歳,40.0,44.0,False,False,2023,12.0,3938.0,0.47256
,関節症,True,１３　筋骨格系及び結合組織の疾患(関節症（再掲）),total,male,a45_49,45-49歳,45.0,49.0,False,False,2023,26.0,4620.0,1.2012
,関節症,True,１３　筋骨格系及び結合組織の疾患(関節症（再掲）),total,male,a50_54,50-54歳,50.0,54.0,False,False,2023,37.0,4868.0,1.80116
,関節症,True,１３　筋骨格系及び結合組織の疾患(関節症（再掲）),total,male,a55_59,55-59歳,55.0,59.0,False,False,2023,56.0,4143.0,2.32008
,関節症,True,１３　筋骨格系及び結合組織の疾患(関節症（再掲）),total,male,a60_64,60-64歳,60.0,64.0,False,False,2023,116.0,3719.0,4.31404
,関節症,True,１３　筋骨格系及び結合組織の疾患(関節症（再掲）),total,male,a65_69,65-69歳,65.0,69.0,False,False,2023,167.0,3569.0,5.96023
,関節症,True,１３　筋骨格系及び結合組織の疾患(関節症（再掲）),total,male,r65p,65歳以上(再掲),65.0,,True,False,2023,270.0,,
,関節症,True,１３　筋骨格系及び結合組織の疾患(関節症（再掲）),total,male,a70_74,70-74歳,70.0,74.0,False,False,2023,223.0,4161.0,9.27903
,関節症,True,１３　筋骨格系及び結合組織の疾患(関節症（再掲）),total,male,r70p,70歳以上(再掲),70.0,,True,False,2023,300.0,,
,関節症,True,１３　筋骨格系及び結合組織の疾患(関節症（再掲）),total,male,a75_79,75-79歳,75.0,79.0,False,False,2023,294.0,3365.0,9.8931
,関節症,True,１３　筋骨格系及び結合組織の疾患(関節症（再掲）),total,male,r75p,75歳以上(再掲),75.0,,True,False,2023,340.0,,
,関節症,True,１３　筋骨格系及び結合組織の疾患(関節症（再掲）),total,male,a80_84,80-84歳,80.0,84.0,False,False,2023,393.0,2458.0,9.65994
,関節症,True,１３　筋骨格系及び結合組織の疾患(関節症（再掲）),total,male,a85_89,85-89歳,85.0,89.0,False,False,2023,392.0,1448.0,5.67616
,関節症,True,１３　筋骨格系及び結合組織の疾患(関節症（再掲）),total,male,a90p,90歳以上,90.0,,False,False,2023,274.0,,
,関節症,True,１３　筋骨格系及び結合組織の疾患(関節症（再掲）),total,male,total,総数,,,False,True,2023,88.0,60492.0,53.23296
,関節症,True,１３　筋骨格系及び結合組織の疾患(関節症（再掲）),total,total,a00,0歳,0.0,0.0,False,False,2023,0.0,,
,関節症,True,１３　筋骨格系及び結合組織の疾患(関節症（再掲）),total,total,a01_04,1-4歳,1.0,4.0,False,False,2023,0.0,,
,関節症,True,１３　筋骨格系及び結合組織の疾患(関節症（再掲）),total,total,a05_09,5-9歳,5.0,9.0,False,False,2023,0.0,4838.0,0.0
,関節症,True,１３　筋骨格系及び結合組織の疾患(関節症（再掲）),total,total,a10_14,10-14歳,10.0,14.0,False,False,2023,2.0,5248.0,0.10496
,関節症,True,１３　筋骨格系及び結合組織の疾患(関節症（再掲）),total,total,a15_19,15-19歳,15.0,19.0,False,False,2023,2.0,5494.0,0.10988
,関節症,True,１３　筋骨格系及び結合組織の疾患(関節症（再掲）),total,total,a20_24,20-24歳,20.0,24.0,False,False,2023,2.0,6236.0,0.12472
,関節症,True,１３　筋骨格系及び結合組織の疾患(関節症（再掲）),total,total,a25_29,25-29歳,25.0,29.0,False,False,2023,2.0,6479.0,0.12958
,関節症,True,１３　筋骨格系及び結合組織の疾患(関節症（再掲）),total,total,a30_34,30-34歳,30.0,34.0,False,False,2023,4.0,6380.0,0.2552
,関節症,True,１３　筋骨格系及び結合組織の疾患(関節症（再掲）),total,total,a35_39,35-39歳,35.0,39.0,False,False,2023,7.0,7047.0,0.49329
,関節症,True,１３　筋骨格系及び結合組織の疾患(関節症（再掲）),total,total,a40_44,40-44歳,40.0,44.0,False,False,2023,15.0,7765.0,1.16475
,関節症,True,１３　筋骨格系及び結合組織の疾患(関節症（再掲）),total,total,a45_49,45-49歳,45.0,49.0,False,False,2023,32.0,9115.0,2.9168
,関節症,True,１３　筋骨格系及び結合組織の疾患(関節症（再掲）),total,total,a50_54,50-54歳,50.0,54.0,False,False,2023,73.0,9650.0,7.0445
,関節症,True,１３　筋骨格系及び結合組織の疾患(関節症（再掲）),total,total,a55_59,55-59歳,55.0,59.0,False,False,2023,118.0,8279.0,9.76922
,関節症,True,１３　筋骨格系及び結合組織の疾患(関節症（再掲）),total,total,a60_64,60-64歳,60.0,64.0,False,False,2023,202.0,7507.0,15.16414
,関節症,True,１３　筋骨格系及び結合組織の疾患(関節症（再掲）),total,total,a65_69,65-69歳,65.0,69.0,False,False,2023,299.0,7332.0,21.92268
,関節症,True,１３　筋骨格系及び結合組織の疾患(関節症（再掲）),total,total,r65p,65歳以上(再掲),65.0,,True,False,2023,444.0,36227.0,160.84788
,関節症,True,１３　筋骨格系及び結合組織の疾患(関節症（再掲）),total,total,a70_74,70-74歳,70.0,74.0,False,False,2023,394.0,8817.0,34.73898
,関節症,True,１３　筋骨格系及び結合組織の疾患(関節症（再掲）),total,total,r70p,70歳以上(再掲),70.0,,True,False,2023,481.0,,
,関節症,True,１３　筋骨格系及び結合組織の疾患(関節症（再掲）),total,total,a75_79,75-79歳,75.0,79.0,False,False,2023,506.0,7474.0,37.81844
,関節症,True,１３　筋骨格系及び結合組織の疾患(関節症（再掲）),total,total,r75p,75歳以上(再掲),75.0,,True,False,2023,519.0,20078.0,104.20482
,関節症,True,１３　筋骨格系及び結合組織の疾患(関節症（再掲）),total,total,a80_84,80-84歳,80.0,84.0,False,False,2023,623.0,5895.0,36.72585
,関節症,True,１３　筋骨格系及び結合組織の疾患(関節症（再掲）),total,total,a85_89,85-89歳,85.0,89.0,False,False,2023,521.0,3979.0,20.73059
,関節症,True,１３　筋骨格系及び結合組織の疾患(関節症（再掲）),total,total,a90p,90歳以上,90.0,,False,False,2023,330.0,,
,関節症,True,１３　筋骨格系及び結合組織の疾患(関節症（再掲）),total,total,total,総数,,,False,True,2023,160.0,124352.0,198.9632
,骨の密度及び構造の障害,True,１３　筋骨格系及び結合組織の疾患(骨の密度及び構造の障害（再掲）),total,female,a00,0歳,0.0,0.0,False,False,2023,,,
,骨の密度及び構造の障害,True,１３　筋骨格系及び結合組織の疾患(骨の密度及び構造の障害（再掲）),total,female,a01_04,1-4歳,1.0,4.0,False,False,2023,,,
,骨の密度及び構造の障害,True,１３　筋骨格系及び結合組織の疾患(骨の密度及び構造の障害（再掲）),total,female,a05_09,5-9歳,5.0,9.0,False,False,2023,0.0,,
,骨の密度及び構造の障害,True,１３　筋骨格系及び結合組織の疾患(骨の密度及び構造の障害（再掲）),total,female,a10_14,10-14歳,10.0,14.0,False,False,2023,2.0,,
,骨の密度及び構造の障害,True,１３　筋骨格系及び結合組織の疾患(骨の密度及び構造の障害（再掲）),total,female,a15_19,15-19歳,15.0,19.0,False,False,2023,4.0,,
,骨の密度及び構造の障害,True,１３　筋骨格系及び結合組織の疾患(骨の密度及び構造の障害（再掲）),total,female,a20_24,20-24歳,20.0,24.0,False,False,2023,1.0,,
,骨の密度及び構造の障害,True,１３　筋骨格系及び結合組織の疾患(骨の密度及び構造の障害（再掲）),total,female,a25_29,25-29歳,25.0,29.0,False,False,2023,1.0,,
,骨の密度及び構造の障害,True,１３　筋骨格系及び結合組織の疾患(骨の密度及び構造の障害（再掲）),total,female,a30_34,30-34歳,30.0,34.0,False,False,2023,0.0,,
,骨の密度及び構造の障害,True,１３　筋骨格系及び結合組織の疾患(骨の密度及び構造の障害（再掲）),total,female,a35_39,35-39歳,35.0,39.0,False,False,2023,4.0,,
,骨の密度及び構造の障害,True,１３　筋骨格系及び結合組織の疾患(骨の密度及び構造の障害（再掲）),total,female,a40_44,40-44歳,40.0,44.0,False,False,2023,4.0,,
,骨の密度及び構造の障害,True,１３　筋骨格系及び結合組織の疾患(骨の密度及び構造の障害（再掲）),total,female,a45_49,45-49歳,45.0,49.0,False,False,2023,5.0,,
,骨の密度及び構造の障害,True,１３　筋骨格系及び結合組織の疾患(骨の密度及び構造の障害（再掲）),total,female,a50_54,50-54歳,50.0,54.0,False,False,2023,15.0,,
,骨の密度及び構造の障害,True,１３　筋骨格系及び結合組織の疾患(骨の密度及び構造の障害（再掲）),total,female,a55_59,55-59歳,55.0,59.0,False,False,2023,31.0,,
,骨の密度及び構造の障害,True,１３　筋骨格系及び結合組織の疾患(骨の密度及び構造の障害（再掲）),total,female,a60_64,60-64歳,60.0,64.0,False,False,2023,71.0,,
,骨の密度及び構造の障害,True,１３　筋骨格系及び結合組織の疾患(骨の密度及び構造の障害（再掲）),total,female,a65_69,65-69歳,65.0,69.0,False,False,2023,144.0,,
,骨の密度及び構造の障害,True,１３　筋骨格系及び結合組織の疾患(骨の密度及び構造の障害（再掲）),total,female,r65p,65歳以上(再掲),65.0,,True,False,2023,248.0,,
,骨の密度及び構造の障害,True,１３　筋骨格系及び結合組織の疾患(骨の密度及び構造の障害（再掲）),total,female,a70_74,70-74歳,70.0,74.0,False,False,2023,196.0,,
,骨の密度及び構造の障害,True,１３　筋骨格系及び結合組織の疾患(骨の密度及び構造の障害（再掲）),total,female,r70p,70歳以上(再掲),70.0,,True,False,2023,271.0,,
,骨の密度及び構造の障害,True,１３　筋骨格系及び結合組織の疾患(骨の密度及び構造の障害（再掲）),total,female,a75_79,75-79歳,75.0,79.0,False,False,2023,274.0,,
,骨の密度及び構造の障害,True,１３　筋骨格系及び結合組織の疾患(骨の密度及び構造の障害（再掲）),total,female,r75p,75歳以上(再掲),75.0,,True,False,2023,300.0,,
,骨の密度及び構造の障害,True,１３　筋骨格系及び結合組織の疾患(骨の密度及び構造の障害（再掲）),total,female,a80_84,80-84歳,80.0,84.0,False,False,2023,350.0,,
,骨の密度及び構造の障害,True,１３　筋骨格系及び結合組織の疾患(骨の密度及び構造の障害（再掲）),total,female,a85_89,85-89歳,85.0,89.0,False,False,2023,346.0,,
,骨の密度及び構造の障害,True,１３　筋骨格系及び結合組織の疾患(骨の密度及び構造の障害（再掲）),total,female,a90p,90歳以上,90.0,,False,False,2023,213.0,,
,骨の密度及び構造の障害,True,１３　筋骨格系及び結合組織の疾患(骨の密度及び構造の障害（再掲）),total,female,total,総数,,,False,True,2023,88.0,,
,骨の密度及び構造の障害,True,１３　筋骨格系及び結合組織の疾患(骨の密度及び構造の障害（再掲）),total,male,a00,0歳,0.0,0.0,False,False,2023,,,
,骨の密度及び構造の障害,True,１３　筋骨格系及び結合組織の疾患(骨の密度及び構造の障害（再掲）),total,male,a01_04,1-4歳,1.0,4.0,False,False,2023,0.0,,
,骨の密度及び構造の障害,True,１３　筋骨格系及び結合組織の疾患(骨の密度及び構造の障害（再掲）),total,male,a05_09,5-9歳,5.0,9.0,False,False,2023,1.0,2478.0,0.02478
,骨の密度及び構造の障害,True,１３　筋骨格系及び結合組織の疾患(骨の密度及び構造の障害（再掲）),total,male,a10_14,10-14歳,10.0,14.0,False,False,2023,5.0,2689.0,0.13445
,骨の密度及び構造の障害,True,１３　筋骨格系及び結合組織の疾患(骨の密度及び構造の障害（再掲）),total,male,a15_19,15-19歳,15.0,19.0,False,False,2023,5.0,2818.0,0.1409
,骨の密度及び構造の障害,True,１３　筋骨格系及び結合組織の疾患(骨の密度及び構造の障害（再掲）),total,male,a20_24,20-24歳,20.0,24.0,False,False,2023,1.0,3212.0,0.03212
,骨の密度及び構造の障害,True,１３　筋骨格系及び結合組織の疾患(骨の密度及び構造の障害（再掲）),total,male,a25_29,25-29歳,25.0,29.0,False,False,2023,1.0,3333.0,0.03333
,骨の密度及び構造の障害,True,１３　筋骨格系及び結合組織の疾患(骨の密度及び構造の障害（再掲）),total,male,a30_34,30-34歳,30.0,34.0,False,False,2023,1.0,3273.0,0.03273
,骨の密度及び構造の障害,True,１３　筋骨格系及び結合組織の疾患(骨の密度及び構造の障害（再掲）),total,male,a35_39,35-39歳,35.0,39.0,False,False,2023,1.0,3593.0,0.03593
,骨の密度及び構造の障害,True,１３　筋骨格系及び結合組織の疾患(骨の密度及び構造の障害（再掲）),total,male,a40_44,40-44歳,40.0,44.0,False,False,2023,2.0,3938.0,0.07876
,骨の密度及び構造の障害,True,１３　筋骨格系及び結合組織の疾患(骨の密度及び構造の障害（再掲）),total,male,a45_49,45-49歳,45.0,49.0,False,False,2023,2.0,4620.0,0.0924
,骨の密度及び構造の障害,True,１３　筋骨格系及び結合組織の疾患(骨の密度及び構造の障害（再掲）),total,male,a50_54,50-54歳,50.0,54.0,False,False,2023,3.0,4868.0,0.14604
,骨の密度及び構造の障害,True,１３　筋骨格系及び結合組織の疾患(骨の密度及び構造の障害（再掲）),total,male,a55_59,55-59歳,55.0,59.0,False,False,2023,3.0,4143.0,0.12429
,骨の密度及び構造の障害,True,１３　筋骨格系及び結合組織の疾患(骨の密度及び構造の障害（再掲）),total,male,a60_64,60-64歳,60.0,64.0,False,False,2023,8.0,3719.0,0.29752
,骨の密度及び構造の障害,True,１３　筋骨格系及び結合組織の疾患(骨の密度及び構造の障害（再掲）),total,male,a65_69,65-69歳,65.0,69.0,False,False,2023,7.0,3569.0,0.24983
,骨の密度及び構造の障害,True,１３　筋骨格系及び結合組織の疾患(骨の密度及び構造の障害（再掲）),total,male,r65p,65歳以上(再掲),65.0,,True,False,2023,23.0,,
,骨の密度及び構造の障害,True,１３　筋骨格系及び結合組織の疾患(骨の密度及び構造の障害（再掲）),total,male,a70_74,70-74歳,70.0,74.0,False,False,2023,17.0,4161.0,0.70737
,骨の密度及び構造の障害,True,１３　筋骨格系及び結合組織の疾患(骨の密度及び構造の障害（再掲）),total,male,r70p,70歳以上(再掲),70.0,,True,False,2023,28.0,,
,骨の密度及び構造の障害,True,１３　筋骨格系及び結合組織の疾患(骨の密度及び構造の障害（再掲）),total,male,a75_79,75-79歳,75.0,79.0,False,False,2023,24.0,3365.0,0.8076
,骨の密度及び構造の障害,True,１３　筋骨格系及び結合組織の疾患(骨の密度及び構造の障害（再掲）),total,male,r75p,75歳以上(再掲),75.0,,True,False,2023,34.0,,
,骨の密度及び構造の障害,True,１３　筋骨格系及び結合組織の疾患(骨の密度及び構造の障害（再掲）),total,male,a80_84,80-84歳,80.0,84.0,False,False,2023,30.0,2458.0,0.7374
,骨の密度及び構造の障害,True,１３　筋骨格系及び結合組織の疾患(骨の密度及び構造の障害（再掲）),total,male,a85_89,85-89歳,85.0,89.0,False,False,2023,53.0,1448.0,0.76744
,骨の密度及び構造の障害,True,１３　筋骨格系及び結合組織の疾患(骨の密度及び構造の障害（再掲）),total,male,a90p,90歳以上,90.0,,False,False,2023,54.0,,
,骨の密度及び構造の障害,True,１３　筋骨格系及び結合組織の疾患(骨の密度及び構造の障害（再掲）),total,male,total,総数,,,False,True,2023,8.0,60492.0,4.83936
,骨の密度及び構造の障害,True,１３　筋骨格系及び結合組織の疾患(骨の密度及び構造の障害（再掲）),total,total,a00,0歳,0.0,0.0,False,False,2023,,,
,骨の密度及び構造の障害,True,１３　筋骨格系及び結合組織の疾患(骨の密度及び構造の障害（再掲）),total,total,a01_04,1-4歳,1.0,4.0,False,False,2023,0.0,,
,骨の密度及び構造の障害,True,１３　筋骨格系及び結合組織の疾患(骨の密度及び構造の障害（再掲）),total,total,a05_09,5-9歳,5.0,9.0,False,False,2023,1.0,4838.0,0.04838
,骨の密度及び構造の障害,True,１３　筋骨格系及び結合組織の疾患(骨の密度及び構造の障害（再掲）),total,total,a10_14,10-14歳,10.0,14.0,False,False,2023,4.0,5248.0,0.20992
,骨の密度及び構造の障害,True,１３　筋骨格系及び結合組織の疾患(骨の密度及び構造の障害（再掲）),total,total,a15_19,15-19歳,15.0,19.0,False,False,2023,5.0,5494.0,0.2747
,骨の密度及び構造の障害,True,１３　筋骨格系及び結合組織の疾患(骨の密度及び構造の障害（再掲）),total,total,a20_24,20-24歳,20.0,24.0,False,False,2023,1.0,6236.0,0.06236
,骨の密度及び構造の障害,True,１３　筋骨格系及び結合組織の疾患(骨の密度及び構造の障害（再掲）),total,total,a25_29,25-29歳,25.0,29.0,False,False,2023,1.0,6479.0,0.06479
,骨の密度及び構造の障害,True,１３　筋骨格系及び結合組織の疾患(骨の密度及び構造の障害（再掲）),total,total,a30_34,30-34歳,30.0,34.0,False,False,2023,1.0,6380.0,0.0638
,骨の密度及び構造の障害,True,１３　筋骨格系及び結合組織の疾患(骨の密度及び構造の障害（再掲）),total,total,a35_39,35-39歳,35.0,39.0,False,False,2023,3.0,7047.0,0.21141
,骨の密度及び構造の障害,True,１３　筋骨格系及び結合組織の疾患(骨の密度及び構造の障害（再掲）),total,total,a40_44,40-44歳,40.0,44.0,False,False,2023,3.0,7765.0,0.23295
,骨の密度及び構造の障害,True,１３　筋骨格系及び結合組織の疾患(骨の密度及び構造の障害（再掲）),total,total,a45_49,45-49歳,45.0,49.0,False,False,2023,4.0,9115.0,0.3646
,骨の密度及び構造の障害,True,１３　筋骨格系及び結合組織の疾患(骨の密度及び構造の障害（再掲）),total,total,a50_54,50-54歳,50.0,54.0,False,False,2023,9.0,9650.0,0.8685
,骨の密度及び構造の障害,True,１３　筋骨格系及び結合組織の疾患(骨の密度及び構造の障害（再掲）),total,total,a55_59,55-59歳,55.0,59.0,False,False,2023,17.0,8279.0,1.40743
,骨の密度及び構造の障害,True,１３　筋骨格系及び結合組織の疾患(骨の密度及び構造の障害（再掲）),total,total,a60_64,60-64歳,60.0,64.0,False,False,2023,39.0,7507.0,2.92773
,骨の密度及び構造の障害,True,１３　筋骨格系及び結合組織の疾患(骨の密度及び構造の障害（再掲）),total,total,a65_69,65-69歳,65.0,69.0,False,False,2023,77.0,7332.0,5.64564
,骨の密度及び構造の障害,True,１３　筋骨格系及び結合組織の疾患(骨の密度及び構造の障害（再掲）),total,total,r65p,65歳以上(再掲),65.0,,True,False,2023,150.0,36227.0,54.3405
,骨の密度及び構造の障害,True,１３　筋骨格系及び結合組織の疾患(骨の密度及び構造の障害（再掲）),total,total,a70_74,70-74歳,70.0,74.0,False,False,2023,112.0,8817.0,9.87504
,骨の密度及び構造の障害,True,１３　筋骨格系及び結合組織の疾患(骨の密度及び構造の障害（再掲）),total,total,r70p,70歳以上(再掲),70.0,,True,False,2023,169.0,,
,骨の密度及び構造の障害,True,１３　筋骨格系及び結合組織の疾患(骨の密度及び構造の障害（再掲）),total,total,a75_79,75-79歳,75.0,79.0,False,False,2023,161.0,7474.0,12.03314
,骨の密度及び構造の障害,True,１３　筋骨格系及び結合組織の疾患(骨の密度及び構造の障害（再掲）),total,total,r75p,75歳以上(再掲),75.0,,True,False,2023,194.0,20078.0,38.95132
,骨の密度及び構造の障害,True,１３　筋骨格系及び結合組織の疾患(骨の密度及び構造の障害（再掲）),total,total,a80_84,80-84歳,80.0,84.0,False,False,2023,217.0,5895.0,12.79215
,骨の密度及び構造の障害,True,１３　筋骨格系及び結合組織の疾患(骨の密度及び構造の障害（再掲）),total,total,a85_89,85-89歳,85.0,89.0,False,False,2023,239.0,3979.0,9.50981
,骨の密度及び構造の障害,True,１３　筋骨格系及び結合組織の疾患(骨の密度及び構造の障害（再掲）),total,total,a90p,90歳以上,90.0,,False,False,2023,171.0,,
,骨の密度及び構造の障害,True,１３　筋骨格系及び結合組織の疾患(骨の密度及び構造の障害（再掲）),total,total,total,総数,,,False,True,2023,49.0,124352.0,60.93248
,骨折,True,１９　損傷，中毒及びその他の外因の影響(骨折（再掲）),total,female,a00,0歳,0.0,0.0,False,False,2023,5.0,,
,骨折,True,１９　損傷，中毒及びその他の外因の影響(骨折（再掲）),total,female,a01_04,1-4歳,1.0,4.0,False,False,2023,12.0,,
,骨折,True,１９　損傷，中毒及びその他の外因の影響(骨折（再掲）),total,female,a05_09,5-9歳,5.0,9.0,False,False,2023,42.0,,
,骨折,True,１９　損傷，中毒及びその他の外因の影響(骨折（再掲）),total,female,a10_14,10-14歳,10.0,14.0,False,False,2023,80.0,,
,骨折,True,１９　損傷，中毒及びその他の外因の影響(骨折（再掲）),total,female,a15_19,15-19歳,15.0,19.0,False,False,2023,40.0,,
,骨折,True,１９　損傷，中毒及びその他の外因の影響(骨折（再掲）),total,female,a20_24,20-24歳,20.0,24.0,False,False,2023,20.0,,
,骨折,True,１９　損傷，中毒及びその他の外因の影響(骨折（再掲）),total,female,a25_29,25-29歳,25.0,29.0,False,False,2023,22.0,,
,骨折,True,１９　損傷，中毒及びその他の外因の影響(骨折（再掲）),total,female,a30_34,30-34歳,30.0,34.0,False,False,2023,23.0,,
,骨折,True,１９　損傷，中毒及びその他の外因の影響(骨折（再掲）),total,female,a35_39,35-39歳,35.0,39.0,False,False,2023,29.0,,
,骨折,True,１９　損傷，中毒及びその他の外因の影響(骨折（再掲）),total,female,a40_44,40-44歳,40.0,44.0,False,False,2023,33.0,,
,骨折,True,１９　損傷，中毒及びその他の外因の影響(骨折（再掲）),total,female,a45_49,45-49歳,45.0,49.0,False,False,2023,50.0,,
,骨折,True,１９　損傷，中毒及びその他の外因の影響(骨折（再掲）),total,female,a50_54,50-54歳,50.0,54.0,False,False,2023,80.0,,
,骨折,True,１９　損傷，中毒及びその他の外因の影響(骨折（再掲）),total,female,a55_59,55-59歳,55.0,59.0,False,False,2023,115.0,,
,骨折,True,１９　損傷，中毒及びその他の外因の影響(骨折（再掲）),total,female,a60_64,60-64歳,60.0,64.0,False,False,2023,150.0,,
,骨折,True,１９　損傷，中毒及びその他の外因の影響(骨折（再掲）),total,female,a65_69,65-69歳,65.0,69.0,False,False,2023,207.0,,
,骨折,True,１９　損傷，中毒及びその他の外因の影響(骨折（再掲）),total,female,r65p,65歳以上(再掲),65.0,,True,False,2023,506.0,,
,骨折,True,１９　損傷，中毒及びその他の外因の影響(骨折（再掲）),total,female,a70_74,70-74歳,70.0,74.0,False,False,2023,264.0,,
,骨折,True,１９　損傷，中毒及びその他の外因の影響(骨折（再掲）),total,female,r70p,70歳以上(再掲),70.0,,True,False,2023,573.0,,
,骨折,True,１９　損傷，中毒及びその他の外因の影響(骨折（再掲）),total,female,a75_79,75-79歳,75.0,79.0,False,False,2023,381.0,,
,骨折,True,１９　損傷，中毒及びその他の外因の影響(骨折（再掲）),total,female,r75p,75歳以上(再掲),75.0,,True,False,2023,693.0,,
,骨折,True,１９　損傷，中毒及びその他の外因の影響(骨折（再掲）),total,female,a80_84,80-84歳,80.0,84.0,False,False,2023,607.0,,
,骨折,True,１９　損傷，中毒及びその他の外因の影響(骨折（再掲）),total,female,a85_89,85-89歳,85.0,89.0,False,False,2023,926.0,,
,骨折,True,１９　損傷，中毒及びその他の外因の影響(骨折（再掲）),total,female,a90p,90歳以上,90.0,,False,False,2023,1181.0,,
,骨折,True,１９　損傷，中毒及びその他の外因の影響(骨折（再掲）),total,female,total,総数,,,False,True,2023,202.0,,
,骨折,True,１９　損傷，中毒及びその他の外因の影響(骨折（再掲）),total,male,a00,0歳,0.0,0.0,False,False,2023,5.0,,
,骨折,True,１９　損傷，中毒及びその他の外因の影響(骨折（再掲）),total,male,a01_04,1-4歳,1.0,4.0,False,False,2023,19.0,,
,骨折,True,１９　損傷，中毒及びその他の外因の影響(骨折（再掲）),total,male,a05_09,5-9歳,5.0,9.0,False,False,2023,67.0,2478.0,1.66026
,骨折,True,１９　損傷，中毒及びその他の外因の影響(骨折（再掲）),total,male,a10_14,10-14歳,10.0,14.0,False,False,2023,178.0,2689.0,4.78642
,骨折,True,１９　損傷，中毒及びその他の外因の影響(骨折（再掲）),total,male,a15_19,15-19歳,15.0,19.0,False,False,2023,104.0,2818.0,2.93072
,骨折,True,１９　損傷，中毒及びその他の外因の影響(骨折（再掲）),total,male,a20_24,20-24歳,20.0,24.0,False,False,2023,34.0,3212.0,1.09208
,骨折,True,１９　損傷，中毒及びその他の外因の影響(骨折（再掲）),total,male,a25_29,25-29歳,25.0,29.0,False,False,2023,31.0,3333.0,1.03323
,骨折,True,１９　損傷，中毒及びその他の外因の影響(骨折（再掲）),total,male,a30_34,30-34歳,30.0,34.0,False,False,2023,43.0,3273.0,1.40739
,骨折,True,１９　損傷，中毒及びその他の外因の影響(骨折（再掲）),total,male,a35_39,35-39歳,35.0,39.0,False,False,2023,49.0,3593.0,1.76057
,骨折,True,１９　損傷，中毒及びその他の外因の影響(骨折（再掲）),total,male,a40_44,40-44歳,40.0,44.0,False,False,2023,53.0,3938.0,2.08714
,骨折,True,１９　損傷，中毒及びその他の外因の影響(骨折（再掲）),total,male,a45_49,45-49歳,45.0,49.0,False,False,2023,61.0,4620.0,2.8182
,骨折,True,１９　損傷，中毒及びその他の外因の影響(骨折（再掲）),total,male,a50_54,50-54歳,50.0,54.0,False,False,2023,76.0,4868.0,3.69968
,骨折,True,１９　損傷，中毒及びその他の外因の影響(骨折（再掲）),total,male,a55_59,55-59歳,55.0,59.0,False,False,2023,94.0,4143.0,3.89442
,骨折,True,１９　損傷，中毒及びその他の外因の影響(骨折（再掲）),total,male,a60_64,60-64歳,60.0,64.0,False,False,2023,94.0,3719.0,3.49586
,骨折,True,１９　損傷，中毒及びその他の外因の影響(骨折（再掲）),total,male,a65_69,65-69歳,65.0,69.0,False,False,2023,113.0,3569.0,4.03297
,骨折,True,１９　損傷，中毒及びその他の外因の影響(骨折（再掲）),total,male,r65p,65歳以上(再掲),65.0,,True,False,2023,217.0,,
,骨折,True,１９　損傷，中毒及びその他の外因の影響(骨折（再掲）),total,male,a70_74,70-74歳,70.0,74.0,False,False,2023,129.0,4161.0,5.36769
,骨折,True,１９　損傷，中毒及びその他の外因の影響(骨折（再掲）),total,male,r70p,70歳以上(再掲),70.0,,True,False,2023,248.0,,
,骨折,True,１９　損傷，中毒及びその他の外因の影響(骨折（再掲）),total,male,a75_79,75-79歳,75.0,79.0,False,False,2023,197.0,3365.0,6.62905
,骨折,True,１９　損傷，中毒及びその他の外因の影響(骨折（再掲）),total,male,r75p,75歳以上(再掲),75.0,,True,False,2023,310.0,,
,骨折,True,１９　損傷，中毒及びその他の外因の影響(骨折（再掲）),total,male,a80_84,80-84歳,80.0,84.0,False,False,2023,276.0,2458.0,6.78408
,骨折,True,１９　損傷，中毒及びその他の外因の影響(骨折（再掲）),total,male,a85_89,85-89歳,85.0,89.0,False,False,2023,462.0,1448.0,6.68976
,骨折,True,１９　損傷，中毒及びその他の外因の影響(骨折（再掲）),total,male,a90p,90歳以上,90.0,,False,False,2023,656.0,,
,骨折,True,１９　損傷，中毒及びその他の外因の影響(骨折（再掲）),total,male,total,総数,,,False,True,2023,108.0,60492.0,65.33136
,骨折,True,１９　損傷，中毒及びその他の外因の影響(骨折（再掲）),total,total,a00,0歳,0.0,0.0,False,False,2023,5.0,,
,骨折,True,１９　損傷，中毒及びその他の外因の影響(骨折（再掲）),total,total,a01_04,1-4歳,1.0,4.0,False,False,2023,16.0,,
,骨折,True,１９　損傷，中毒及びその他の外因の影響(骨折（再掲）),total,total,a05_09,5-9歳,5.0,9.0,False,False,2023,55.0,4838.0,2.6609
,骨折,True,１９　損傷，中毒及びその他の外因の影響(骨折（再掲）),total,total,a10_14,10-14歳,10.0,14.0,False,False,2023,130.0,5248.0,6.8224
,骨折,True,１９　損傷，中毒及びその他の外因の影響(骨折（再掲）),total,total,a15_19,15-19歳,15.0,19.0,False,False,2023,73.0,5494.0,4.01062
,骨折,True,１９　損傷，中毒及びその他の外因の影響(骨折（再掲）),total,total,a20_24,20-24歳,20.0,24.0,False,False,2023,27.0,6236.0,1.68372
,骨折,True,１９　損傷，中毒及びその他の外因の影響(骨折（再掲）),total,total,a25_29,25-29歳,25.0,29.0,False,False,2023,26.0,6479.0,1.68454
,骨折,True,１９　損傷，中毒及びその他の外因の影響(骨折（再掲）),total,total,a30_34,30-34歳,30.0,34.0,False,False,2023,33.0,6380.0,2.1054
,骨折,True,１９　損傷，中毒及びその他の外因の影響(骨折（再掲）),total,total,a35_39,35-39歳,35.0,39.0,False,False,2023,39.0,7047.0,2.74833
,骨折,True,１９　損傷，中毒及びその他の外因の影響(骨折（再掲）),total,total,a40_44,40-44歳,40.0,44.0,False,False,2023,43.0,7765.0,3.33895
,骨折,True,１９　損傷，中毒及びその他の外因の影響(骨折（再掲）),total,total,a45_49,45-49歳,45.0,49.0,False,False,2023,56.0,9115.0,5.1044
,骨折,True,１９　損傷，中毒及びその他の外因の影響(骨折（再掲）),total,total,a50_54,50-54歳,50.0,54.0,False,False,2023,78.0,9650.0,7.527
,骨折,True,１９　損傷，中毒及びその他の外因の影響(骨折（再掲）),total,total,a55_59,55-59歳,55.0,59.0,False,False,2023,105.0,8279.0,8.69295
,骨折,True,１９　損傷，中毒及びその他の外因の影響(骨折（再掲）),total,total,a60_64,60-64歳,60.0,64.0,False,False,2023,122.0,7507.0,9.15854
,骨折,True,１９　損傷，中毒及びその他の外因の影響(骨折（再掲）),total,total,a65_69,65-69歳,65.0,69.0,False,False,2023,162.0,7332.0,11.87784
,骨折,True,１９　損傷，中毒及びその他の外因の影響(骨折（再掲）),total,total,r65p,65歳以上(再掲),65.0,,True,False,2023,381.0,36227.0,138.02487
,骨折,True,１９　損傷，中毒及びその他の外因の影響(骨折（再掲）),total,total,a70_74,70-74歳,70.0,74.0,False,False,2023,200.0,8817.0,17.634
,骨折,True,１９　損傷，中毒及びその他の外因の影響(骨折（再掲）),total,total,r70p,70歳以上(再掲),70.0,,True,False,2023,437.0,,
,骨折,True,１９　損傷，中毒及びその他の外因の影響(骨折（再掲）),total,total,a75_79,75-79歳,75.0,79.0,False,False,2023,298.0,7474.0,22.27252
,骨折,True,１９　損傷，中毒及びその他の外因の影響(骨折（再掲）),total,total,r75p,75歳以上(再掲),75.0,,True,False,2023,541.0,20078.0,108.62198
,骨折,True,１９　損傷，中毒及びその他の外因の影響(骨折（再掲）),total,total,a80_84,80-84歳,80.0,84.0,False,False,2023,469.0,5895.0,27.64755
,骨折,True,１９　損傷，中毒及びその他の外因の影響(骨折（再掲）),total,total,a85_89,85-89歳,85.0,89.0,False,False,2023,757.0,3979.0,30.12103
,骨折,True,１９　損傷，中毒及びその他の外因の影響(骨折（再掲）),total,total,a90p,90歳以上,90.0,,False,False,2023,1044.0,,
,骨折,True,１９　損傷，中毒及びその他の外因の影響(骨折（再掲）),total,total,total,総数,,,False,True,2023,156.0,124352.0,193.98912
hypertensive,高血圧性疾患,True,９　循環器系の疾患(高血圧性疾患（再掲）),total,female,a00,0歳,0.0,0.0,False,False,2023,,,
hypertensive,高血圧性疾患,True,９　循環器系の疾患(高血圧性疾患（再掲）),total,female,a01_04,1-4歳,1.0,4.0,False,False,2023,1.0,,
hypertensive,高血圧性疾患,True,９　循環器系の疾患(高血圧性疾患（再掲）),total,female,a05_09,5-9歳,5.0,9.0,False,False,2023,1.0,,
hypertensive,高血圧性疾患,True,９　循環器系の疾患(高血圧性疾患（再掲）),total,female,a10_14,10-14歳,10.0,14.0,False,False,2023,1.0,,
hypertensive,高血圧性疾患,True,９　循環器系の疾患(高血圧性疾患（再掲）),total,female,a15_19,15-19歳,15.0,19.0,False,False,2023,2.0,,
hypertensive,高血圧性疾患,True,９　循環器系の疾患(高血圧性疾患（再掲）),total,female,a20_24,20-24歳,20.0,24.0,False,False,2023,4.0,,
hypertensive,高血圧性疾患,True,９　循環器系の疾患(高血圧性疾患（再掲）),total,female,a25_29,25-29歳,25.0,29.0,False,False,2023,2.0,,
hypertensive,高血圧性疾患,True,９　循環器系の疾患(高血圧性疾患（再掲）),total,female,a30_34,30-34歳,30.0,34.0,False,False,2023,6.0,,
hypertensive,高血圧性疾患,True,９　循環器系の疾患(高血圧性疾患（再掲）),total,female,a35_39,35-39歳,35.0,39.0,False,False,2023,29.0,,
hypertensive,高血圧性疾患,True,９　循環器系の疾患(高血圧性疾患（再掲）),total,female,a40_44,40-44歳,40.0,44.0,False,False,2023,45.0,,
hypertensive,高血圧性疾患,True,９　循環器系の疾患(高血圧性疾患（再掲）),total,female,a45_49,45-49歳,45.0,49.0,False,False,2023,118.0,,
hypertensive,高血圧性疾患,True,９　循環器系の疾患(高血圧性疾患（再掲）),total,female,a50_54,50-54歳,50.0,54.0,False,False,2023,235.0,,
hypertensive,高血圧性疾患,True,９　循環器系の疾患(高血圧性疾患（再掲）),total,female,a55_59,55-59歳,55.0,59.0,False,False,2023,380.0,,
hypertensive,高血圧性疾患,True,９　循環器系の疾患(高血圧性疾患（再掲）),total,female,a60_64,60-64歳,60.0,64.0,False,False,2023,575.0,,
hypertensive,高血圧性疾患,True,９　循環器系の疾患(高血圧性疾患（再掲）),total,female,a65_69,65-69歳,65.0,69.0,False,False,2023,828.0,,
hypertensive,高血圧性疾患,True,９　循環器系の疾患(高血圧性疾患（再掲）),total,female,r65p,65歳以上(再掲),65.0,,True,False,2023,1400.0,,
hypertensive,高血圧性疾患,True,９　循環器系の疾患(高血圧性疾患（再掲）),total,female,a70_74,70-74歳,70.0,74.0,False,False,2023,1113.0,,
hypertensive,高血圧性疾患,True,９　循環器系の疾患(高血圧性疾患（再掲）),total,female,r70p,70歳以上(再掲),70.0,,True,False,2023,1529.0,,
hypertensive,高血圧性疾患,True,９　循環器系の疾患(高血圧性疾患（再掲）),total,female,a75_79,75-79歳,75.0,79.0,False,False,2023,1460.0,,
hypertensive,高血圧性疾患,True,９　循環器系の疾患(高血圧性疾患（再掲）),total,female,r75p,75歳以上(再掲),75.0,,True,False,2023,1689.0,,
hypertensive,高血圧性疾患,True,９　循環器系の疾患(高血圧性疾患（再掲）),total,female,a80_84,80-84歳,80.0,84.0,False,False,2023,1744.0,,
hypertensive,高血圧性疾患,True,９　循環器系の疾患(高血圧性疾患（再掲）),total,female,a85_89,85-89歳,85.0,89.0,False,False,2023,1789.0,,
hypertensive,高血圧性疾患,True,９　循環器系の疾患(高血圧性疾患（再掲）),total,female,a90p,90歳以上,90.0,,False,False,2023,1937.0,,
hypertensive,高血圧性疾患,True,９　循環器系の疾患(高血圧性疾患（再掲）),total,female,total,総数,,,False,True,2023,540.0,,
hypertensive,高血圧性疾患,True,９　循環器系の疾患(高血圧性疾患（再掲）),total,male,a00,0歳,0.0,0.0,False,False,2023,,,
hypertensive,高血圧性疾患,True,９　循環器系の疾患(高血圧性疾患（再掲）),total,male,a01_04,1-4歳,1.0,4.0,False,False,2023,1.0,,
hypertensive,高血圧性疾患,True,９　循環器系の疾患(高血圧性疾患（再掲）),total,male,a05_09,5-9歳,5.0,9.0,False,False,2023,1.0,2478.0,0.02478
hypertensive,高血圧性疾患,True,９　循環器系の疾患(高血圧性疾患（再掲）),total,male,a10_14,10-14歳,10.0,14.0,False,False,2023,0.0,2689.0,0.0
hypertensive,高血圧性疾患,True,９　循環器系の疾患(高血圧性疾患（再掲）),total,male,a15_19,15-19歳,15.0,19.0,False,False,2023,1.0,2818.0,0.02818
hypertensive,高血圧性疾患,True,９　循環器系の疾患(高血圧性疾患（再掲）),total,male,a20_24,20-24歳,20.0,24.0,False,False,2023,8.0,3212.0,0.25696
hypertensive,高血圧性疾患,True,９　循環器系の疾患(高血圧性疾患（再掲）),total,male,a25_29,25-29歳,25.0,29.0,False,False,2023,5.0,3333.0,0.16665
hypertensive,高血圧性疾患,True,９　循環器系の疾患(高血圧性疾患（再掲）),total,male,a30_34,30-34歳,30.0,34.0,False,False,2023,22.0,3273.0,0.72006
hypertensive,高血圧性疾患,True,９　循環器系の疾患(高血圧性疾患（再掲）),total,male,a35_39,35-39歳,35.0,39.0,False,False,2023,42.0,3593.0,1.50906
hypertensive,高血圧性疾患,True,９　循環器系の疾患(高血圧性疾患（再掲）),total,male,a40_44,40-44歳,40.0,44.0,False,False,2023,97.0,3938.0,3.81986
hypertensive,高血圧性疾患,True,９　循環器系の疾患(高血圧性疾患（再掲）),total,male,a45_49,45-49歳,45.0,49.0,False,False,2023,174.0,4620.0,8.0388
hypertensive,高血圧性疾患,True,９　循環器系の疾患(高血圧性疾患（再掲）),total,male,a50_54,50-54歳,50.0,54.0,False,False,2023,314.0,4868.0,15.28552
hypertensive,高血圧性疾患,True,９　循環器系の疾患(高血圧性疾患（再掲）),total,male,a55_59,55-59歳,55.0,59.0,False,False,2023,440.0,4143.0,18.2292
hypertensive,高血圧性疾患,True,９　循環器系の疾患(高血圧性疾患（再掲）),total,male,a60_64,60-64歳,60.0,64.0,False,False,2023,621.0,3719.0,23.09499
hypertensive,高血圧性疾患,True,９　循環器系の疾患(高血圧性疾患（再掲）),total,male,a65_69,65-69歳,65.0,69.0,False,False,2023,950.0,3569.0,33.9055
hypertensive,高血圧性疾患,True,９　循環器系の疾患(高血圧性疾患（再掲）),total,male,r65p,65歳以上(再掲),65.0,,True,False,2023,1235.0,,
hypertensive,高血圧性疾患,True,９　循環器系の疾患(高血圧性疾患（再掲）),total,male,a70_74,70-74歳,70.0,74.0,False,False,2023,1138.0,4161.0,47.35218
hypertensive,高血圧性疾患,True,９　循環器系の疾患(高血圧性疾患（再掲）),total,male,r70p,70歳以上(再掲),70.0,,True,False,2023,1319.0,,
hypertensive,高血圧性疾患,True,９　循環器系の疾患(高血圧性疾患（再掲）),total,male,a75_79,75-79歳,75.0,79.0,False,False,2023,1319.0,3365.0,44.38435
hypertensive,高血圧性疾患,True,９　循環器系の疾患(高血圧性疾患（再掲）),total,male,r75p,75歳以上(再掲),75.0,,True,False,2023,1413.0,,
hypertensive,高血圧性疾患,True,９　循環器系の疾患(高血圧性疾患（再掲）),total,male,a80_84,80-84歳,80.0,84.0,False,False,2023,1442.0,2458.0,35.44436
hypertensive,高血圧性疾患,True,９　循環器系の疾患(高血圧性疾患（再掲）),total,male,a85_89,85-89歳,85.0,89.0,False,False,2023,1499.0,1448.0,21.70552
hypertensive,高血圧性疾患,True,９　循環器系の疾患(高血圧性疾患（再掲）),total,male,a90p,90歳以上,90.0,,False,False,2023,1581.0,,
hypertensive,高血圧性疾患,True,９　循環器系の疾患(高血圧性疾患（再掲）),total,male,total,総数,,,False,True,2023,439.0,60492.0,265.55988
hypertensive,高血圧性疾患,True,９　循環器系の疾患(高血圧性疾患（再掲）),total,total,a00,0歳,0.0,0.0,False,False,2023,,,
hypertensive,高血圧性疾患,True,９　循環器系の疾患(高血圧性疾患（再掲）),total,total,a01_04,1-4歳,1.0,4.0,False,False,2023,1.0,,
hypertensive,高血圧性疾患,True,９　循環器系の疾患(高血圧性疾患（再掲）),total,total,a05_09,5-9歳,5.0,9.0,False,False,2023,1.0,4838.0,0.04838
hypertensive,高血圧性疾患,True,９　循環器系の疾患(高血圧性疾患（再掲）),total,total,a10_14,10-14歳,10.0,14.0,False,False,2023,0.0,5248.0,0.0
hypertensive,高血圧性疾患,True,９　循環器系の疾患(高血圧性疾患（再掲）),total,total,a15_19,15-19歳,15.0,19.0,False,False,2023,1.0,5494.0,0.05494
hypertensive,高血圧性疾患,True,９　循環器系の疾患(高血圧性疾患（再掲）),total,total,a20_24,20-24歳,20.0,24.0,False,False,2023,6.0,6236.0,0.37416
hypertensive,高血圧性疾患,True,９　循環器系の疾患(高血圧性疾患（再掲）),total,total,a25_29,25-29歳,25.0,29.0,False,False,2023,3.0,6479.0,0.19437
hypertensive,高血圧性疾患,True,９　循環器系の疾患(高血圧性疾患（再掲）),total,total,a30_34,30-34歳,30.0,34.0,False,False,2023,14.0,6380.0,0.8932
hypertensive,高血圧性疾患,True,９　循環器系の疾患(高血圧性疾患（再掲）),total,total,a35_39,35-39歳,35.0,39.0,False,False,2023,35.0,7047.0,2.46645
hypertensive,高血圧性疾患,True,９　循環器系の疾患(高血圧性疾患（再掲）),total,total,a40_44,40-44歳,40.0,44.0,False,False,2023,71.0,7765.0,5.51315
hypertensive,高血圧性疾患,True,９　循環器系の疾患(高血圧性疾患（再掲）),total,total,a45_49,45-49歳,45.0,49.0,False,False,2023,147.0,9115.0,13.39905
hypertensive,高血圧性疾患,True,９　循環器系の疾患(高血圧性疾患（再掲）),total,total,a50_54,50-54歳,50.0,54.0,False,False,2023,275.0,9650.0,26.5375
hypertensive,高血圧性疾患,True,９　循環器系の疾患(高血圧性疾患（再掲）),total,total,a55_59,55-59歳,55.0,59.0,False,False,2023,410.0,8279.0,33.9439
hypertensive,高血圧性疾患,True,９　循環器系の疾患(高血圧性疾患（再掲）),total,total,a60_64,60-64歳,60.0,64.0,False,False,2023,598.0,7507.0,44.89186
hypertensive,高血圧性疾患,True,９　循環器系の疾患(高血圧性疾患（再掲）),total,total,a65_69,65-69歳,65.0,69.0,False,False,2023,887.0,7332.0,65.03484
hypertensive,高血圧性疾患,True,９　循環器系の疾患(高血圧性疾患（再掲）),total,total,r65p,65歳以上(再掲),65.0,,True,False,2023,1329.0,36227.0,481.45683
hypertensive,高血圧性疾患,True,９　循環器系の疾患(高血圧性疾患（再掲）),total,total,a70_74,70-74歳,70.0,74.0,False,False,2023,1125.0,8817.0,99.19125
hypertensive,高血圧性疾患,True,９　循環器系の疾患(高血圧性疾患（再掲）),total,total,r70p,70歳以上(再掲),70.0,,True,False,2023,1441.0,,
hypertensive,高血圧性疾患,True,９　循環器系の疾患(高血圧性疾患（再掲）),total,total,a75_79,75-79歳,75.0,79.0,False,False,2023,1397.0,7474.0,104.41178
hypertensive,高血圧性疾患,True,９　循環器系の疾患(高血圧性疾患（再掲）),total,total,r75p,75歳以上(再掲),75.0,,True,False,2023,1579.0,20078.0,317.03162
hypertensive,高血圧性疾患,True,９　循環器系の疾患(高血圧性疾患（再掲）),total,total,a80_84,80-84歳,80.0,84.0,False,False,2023,1618.0,5895.0,95.3811
hypertensive,高血圧性疾患,True,９　循環器系の疾患(高血圧性疾患（再掲）),total,total,a85_89,85-89歳,85.0,89.0,False,False,2023,1684.0,3979.0,67.00636
hypertensive,高血圧性疾患,True,９　循環器系の疾患(高血圧性疾患（再掲）),total,total,a90p,90歳以上,90.0,,False,False,2023,1844.0,,
hypertensive,高血圧性疾患,True,９　循環器系の疾患(高血圧性疾患（再掲）),total,total,total,総数,,,False,True,2023,491.0,124352.0,610.56832
