disease_id,disease_norm,disease_is_recap,disease_raw,section,year,rate_per_100k,patients_thousand,patients_estimated_thousand,population_total_thousand
,う蝕,True,　う蝕（再掲）,total,1996,250.0,314.4,314.66,125864.0
,う蝕,True,　う蝕（再掲）,total,1999,233.0,295.3,295.17838,126686.0
,う蝕,True,　う蝕（再掲）,total,2002,209.0,266.8,266.33915,127435.0
,う蝕,True,　う蝕（再掲）,total,2005,247.0,315.3,315.58696,127768.0
,う蝕,True,　う蝕（再掲）,total,2008,220.0,280.7,280.9224,127692.0
,う蝕,True,　う蝕（再掲）,total,2011,250.0,314.4,319.4975,127799.0
,う蝕,True,　う蝕（再掲）,total,2014,223.0,283.6,283.39509,127083.0
,う蝕,True,　う蝕（再掲）,total,2017,219.0,277.1,277.95261,126919.0
,う蝕,True,　う蝕（再掲）,total,2020,231.0,291.3,291.39726,126146.0
,う蝕,True,　う蝕（再掲）,total,2023,179.0,222.6,222.59008,124352.0
,う蝕,True,　う蝕（再掲）,inpatient,1996,0.0,0.1,0.0,125864.0
,う蝕,True,　う蝕（再掲）,inpatient,1999,0.0,0.2,0.0,126686.0
,う蝕,True,　う蝕（再掲）,inpatient,2002,0.0,0.2,0.0,127435.0
,う蝕,True,　う蝕（再掲）,inpatient,2005,0.0,0.1,0.0,127768.0
,う蝕,True,　う蝕（再掲）,inpatient,2008,0.0,0.1,0.0,127692.0
,う蝕,True,　う蝕（再掲）,inpatient,2011,0.0,0.1,0.0,127799.0
,う蝕,True,　う蝕（再掲）,inpatient,2014,0.0,0.1,0.0,127083.0
,う蝕,True,　う蝕（再掲）,inpatient,2017,0.0,0.0,0.0,126919.0
,う蝕,True,　う蝕（再掲）,inpatient,2020,0.0,0.0,0.0,126146.0
,う蝕,True,　う蝕（再掲）,inpatient,2023,0.0,0.0,0.0,124352.0
,う蝕,True,　う蝕（再掲）,outpatient,1996,250.0,314.3,314.66,125864.0
,う蝕,True,　う蝕（再掲）,outpatient,1999,233.0,295.2,295.17838,126686.0
,う蝕,True,　う蝕（再掲）,outpatient,2002,209.0,266.6,266.33915,127435.0
,う蝕,True,　う蝕（再掲）,outpatient,2005,247.0,315.1,315.58696,127768.0
,う蝕,True,　う蝕（再掲）,outpatient,2008,220.0,280.5,280.9224,127692.0
,う蝕,True,　う蝕（再掲）,outpatient,2011,250.0,314.3,319.4975,127799.0
,う蝕,True,　う蝕（再掲）,outpatient,2014,223.0,283.6,283.39509,127083.0
,う蝕,True,　う蝕（再掲）,outpatient,2017,219.0,277.1,277.95261,126919.0
,う蝕,True,　う蝕（再掲）,outpatient,2020,231.0,291.3,291.39726,126146.0
,う蝕,True,　う蝕（再掲）,outpatient,2023,179.0,222.6,222.59008,124352.0
,乳房及び女性生殖器の疾患,True,　乳房及び女性生殖器の疾患（再掲）,total,1996,62.0,78.6,78.03568,125864.0
,乳房及び女性生殖器の疾患,True,　乳房及び女性生殖器の疾患（再掲）,total,1999,55.0,69.5,69.6773,126686.0
,乳房及び女性生殖器の疾患,True,　乳房及び女性生殖器の疾患（再掲）,total,2002,59.0,75.2,75.18665,127435.0
,乳房及び女性生殖器の疾患,True,　乳房及び女性生殖器の疾患（再掲）,total,2005,54.0,69.1,68.99472,127768.0
,乳房及び女性生殖器の疾患,True,　乳房及び女性生殖器の疾患（再掲）,total,2008,62.0,79.4,79.16904,127692.0
,乳房及び女性生殖器の疾患,True,　乳房及び女性生殖器の疾患（再掲）,total,2011,57.0,71.7,72.84543,127799.0
,乳房及び女性生殖器の疾患,True,　乳房及び女性生殖器の疾患（再掲）,total,2014,64.0,81.8,81.33312,127083.0
,乳房及び女性生殖器の疾患,True,　乳房及び女性生殖器の疾患（再掲）,total,2017,74.0,94.2,93.92006,126919.0
,乳房及び女性生殖器の疾患,True,　乳房及び女性生殖器の疾患（再掲）,total,2020,72.0,90.6,90.82512,126146.0
,乳房及び女性生殖器の疾患,True,　乳房及び女性生殖器の疾患（再掲）,total,2023,86.0,106.4,106.94272,124352.0
,乳房及び女性生殖器の疾患,True,　乳房及び女性生殖器の疾患（再掲）,inpatient,1996,3.0,3.3,3.77592,125864.0
,乳房及び女性生殖器の疾患,True,　乳房及び女性生殖器の疾患（再掲）,inpatient,1999,2.0,2.9,2.53372,126686.0
,乳房及び女性生殖器の疾患,True,　乳房及び女性生殖器の疾患（再掲）,inpatient,2002,2.0,2.8,2.5487,127435.0
,乳房及び女性生殖器の疾患,True,　乳房及び女性生殖器の疾患（再掲）,inpatient,2005,2.0,2.5,2.55536,127768.0
,乳房及び女性生殖器の疾患,True,　乳房及び女性生殖器の疾患（再掲）,inpatient,2008,2.0,2.3,2.55384,127692.0
,乳房及び女性生殖器の疾患,True,　乳房及び女性生殖器の疾患（再掲）,inpatient,2011,2.0,2.3,2.55598,127799.0
,乳房及び女性生殖器の疾患,True,　乳房及び女性生殖器の疾患（再掲）,inpatient,2014,2.0,2.2,2.54166,127083.0
,乳房及び女性生殖器の疾患,True,　乳房及び女性生殖器の疾患（再掲）,inpatient,2017,2.0,2.4,2.53838,126919.0
,乳房及び女性生殖器の疾患,True,　乳房及び女性生殖器の疾患（再掲）,inpatient,2020,2.0,2.2,2.52292,126146.0
,乳房及び女性生殖器の疾患,True,　乳房及び女性生殖器の疾患（再掲）,inpatient,2023,2.0,2.3,2.48704,124352.0
,乳房及び女性生殖器の疾患,True,　乳房及び女性生殖器の疾患（再掲）,outpatient,1996,60.0,75.3,75.5184,125864.0
,乳房及び女性生殖器の疾患,True,　乳房及び女性生殖器の疾患（再掲）,outpatient,1999,53.0,66.6,67.14358,126686.0
,乳房及び女性生殖器の疾患,True,　乳房及び女性生殖器の疾患（再掲）,outpatient,2002,57.0,72.4,72.63795,127435.0
,乳房及び女性生殖器の疾患,True,　乳房及び女性生殖器の疾患（再掲）,outpatient,2005,52.0,66.7,66.43936,127768.0
,乳房及び女性生殖器の疾患,True,　乳房及び女性生殖器の疾患（再掲）,outpatient,2008,60.0,77.1,76.6152,127692.0
,乳房及び女性生殖器の疾患,True,　乳房及び女性生殖器の疾患（再掲）,outpatient,2011,55.0,69.5,70.28945,127799.0
,乳房及び女性生殖器の疾患,True,　乳房及び女性生殖器の疾患（再掲）,outpatient,2014,63.0,79.6,80.06229,127083.0
,乳房及び女性生殖器の疾患,True,　乳房及び女性生殖器の疾患（再掲）,outpatient,2017,72.0,91.8,91.38168,126919.0
,乳房及び女性生殖器の疾患,True,　乳房及び女性生殖器の疾患（再掲）,outpatient,2020,70.0,88.4,88.3022,126146.0
,乳房及び女性生殖器の疾患,True,　乳房及び女性生殖器の疾患（再掲）,outpatient,2023,84.0,104.1,104.45568,124352.0
,健康状態に影響を及ぼす要因及び保健サービスの利用,False,健康状態に影響を及ぼす要因及び保健サービスの利用,total,1996,365.0,459.4,459.4036,125864.0
,健康状態に影響を及ぼす要因及び保健サービスの利用,False,健康状態に影響を及ぼす要因及び保健サービスの利用,total,1999,335.0,424.5,424.3981,126686.0
,健康状態に影響を及ぼす要因及び保健サービスの利用,False,健康状態に影響を及ぼす要因及び保健サービスの利用,total,2002,349.0,444.7,444.74815,127435.0
,健康状態に影響を及ぼす要因及び保健サービスの利用,False,健康状態に影響を及ぼす要因及び保健サービスの利用,total,2005,413.0,527.1,527.68184,127768.0
,健康状態に影響を及ぼす要因及び保健サービスの利用,False,健康状態に影響を及ぼす要因及び保健サービスの利用,total,2008,472.0,603.1,602.70624,127692.0
,健康状態に影響を及ぼす要因及び保健サービスの利用,False,健康状態に影響を及ぼす要因及び保健サービスの利用,total,2011,601.0,754.8,768.07199,127799.0
,健康状態に影響を及ぼす要因及び保健サービスの利用,False,健康状態に影響を及ぼす要因及び保健サービスの利用,total,2014,583.0,741.4,740.89389,127083.0
,健康状態に影響を及ぼす要因及び保健サービスの利用,False,健康状態に影響を及ぼす要因及び保健サービスの利用,total,2017,562.0,712.2,713.28478,126919.0
,健康状態に影響を及ぼす要因及び保健サービスの利用,False,健康状態に影響を及ぼす要因及び保健サービスの利用,total,2020,802.0,1011.4,1011.69092,126146.0
,健康状態に影響を及ぼす要因及び保健サービスの利用,False,健康状態に影響を及ぼす要因及び保健サービスの利用,total,2023,808.0,1004.7,1004.76416,124352.0
,健康状態に影響を及ぼす要因及び保健サービスの利用,False,健康状態に影響を及ぼす要因及び保健サービスの利用,inpatient,1996,14.0,17.6,17.62096,125864.0
,健康状態に影響を及ぼす要因及び保健サービスの利用,False,健康状態に影響を及ぼす要因及び保健サービスの利用,inpatient,1999,12.0,15.8,15.20232,126686.0
,健康状態に影響を及ぼす要因及び保健サービスの利用,False,健康状態に影響を及ぼす要因及び保健サービスの利用,inpatient,2002,8.0,10.4,10.1948,127435.0
,健康状態に影響を及ぼす要因及び保健サービスの利用,False,健康状態に影響を及ぼす要因及び保健サービスの利用,inpatient,2005,8.0,9.8,10.22144,127768.0
,健康状態に影響を及ぼす要因及び保健サービスの利用,False,健康状態に影響を及ぼす要因及び保健サービスの利用,inpatient,2008,8.0,9.9,10.21536,127692.0
,健康状態に影響を及ぼす要因及び保健サービスの利用,False,健康状態に影響を及ぼす要因及び保健サービスの利用,inpatient,2011,7.0,8.3,8.94593,127799.0
,健康状態に影響を及ぼす要因及び保健サービスの利用,False,健康状態に影響を及ぼす要因及び保健サービスの利用,inpatient,2014,8.0,9.7,10.16664,127083.0
,健康状態に影響を及ぼす要因及び保健サービスの利用,False,健康状態に影響を及ぼす要因及び保健サービスの利用,inpatient,2017,10.0,12.1,12.6919,126919.0
,健康状態に影響を及ぼす要因及び保健サービスの利用,False,健康状態に影響を及ぼす要因及び保健サービスの利用,inpatient,2020,8.0,10.1,10.09168,126146.0
,健康状態に影響を及ぼす要因及び保健サービスの利用,False,健康状態に影響を及ぼす要因及び保健サービスの利用,inpatient,2023,5.0,5.7,6.2176,124352.0
,健康状態に影響を及ぼす要因及び保健サービスの利用,False,健康状態に影響を及ぼす要因及び保健サービスの利用,outpatient,1996,351.0,441.8,441.78264,125864.0
,健康状態に影響を及ぼす要因及び保健サービスの利用,False,健康状態に影響を及ぼす要因及び保健サービスの利用,outpatient,1999,323.0,408.8,409.19578,126686.0
,健康状態に影響を及ぼす要因及び保健サービスの利用,False,健康状態に影響を及ぼす要因及び保健サービスの利用,outpatient,2002,341.0,434.3,434.55335,127435.0
,健康状態に影響を及ぼす要因及び保健サービスの利用,False,健康状態に影響を及ぼす要因及び保健サービスの利用,outpatient,2005,405.0,517.4,517.4604,127768.0
,健康状態に影響を及ぼす要因及び保健サービスの利用,False,健康状態に影響を及ぼす要因及び保健サービスの利用,outpatient,2008,465.0,593.3,593.7678,127692.0
,健康状態に影響を及ぼす要因及び保健サービスの利用,False,健康状態に影響を及ぼす要因及び保健サービスの利用,outpatient,2011,595.0,746.5,760.40405,127799.0
,健康状態に影響を及ぼす要因及び保健サービスの利用,False,健康状態に影響を及ぼす要因及び保健サービスの利用,outpatient,2014,576.0,731.7,731.99808,127083.0
,健康状態に影響を及ぼす要因及び保健サービスの利用,False,健康状態に影響を及ぼす要因及び保健サービスの利用,outpatient,2017,553.0,700.1,701.86207,126919.0
,健康状態に影響を及ぼす要因及び保健サービスの利用,False,健康状態に影響を及ぼす要因及び保健サービスの利用,outpatient,2020,794.0,1001.3,1001.59924,126146.0
,健康状態に影響を及ぼす要因及び保健サービスの利用,False,健康状態に影響を及ぼす要因及び保健サービスの利用,outpatient,2023,803.0,999.0,998.54656,124352.0
,"先天奇形,変形及び染色体異常",False,先天奇形，変形及び染色体異常,total,1996,16.0,20.6,20.13824,125864.0
,"先天奇形,変形及び染色体異常",False,先天奇形，変形及び染色体異常,total,1999,15.0,18.7,19.0029,126686.0
,"先天奇形,変形及び染色体異常",False,先天奇形，変形及び染色体異常,total,2002,13.0,16.1,16.56655,127435.0
,"先天奇形,変形及び染色体異常",False,先天奇形，変形及び染色体異常,total,2005,14.0,17.8,17.88752,127768.0
,"先天奇形,変形及び染色体異常",False,先天奇形，変形及び染色体異常,total,2008,15.0,18.7,19.1538,127692.0
,"先天奇形,変形及び染色体異常",False,先天奇形，変形及び染色体異常,total,2011,14.0,17.3,17.89186,127799.0
,"先天奇形,変形及び染色体異常",False,先天奇形，変形及び染色体異常,total,2014,16.0,20.0,20.33328,127083.0
,"先天奇形,変形及び染色体異常",False,先天奇形，変形及び染色体異常,total,2017,16.0,19.8,20.30704,126919.0
,"先天奇形,変形及び染色体異常",False,先天奇形，変形及び染色体異常,total,2020,15.0,19.2,18.9219,126146.0
,"先天奇形,変形及び染色体異常",False,先天奇形，変形及び染色体異常,total,2023,18.0,22.0,22.38336,124352.0
,"先天奇形,変形及び染色体異常",False,先天奇形，変形及び染色体異常,inpatient,1996,6.0,7.1,7.55184,125864.0
,"先天奇形,変形及び染色体異常",False,先天奇形，変形及び染色体異常,inpatient,1999,6.0,7.2,7.60116,126686.0
,"先天奇形,変形及び染色体異常",False,先天奇形，変形及び染色体異常,inpatient,2002,5.0,6.2,6.37175,127435.0
,"先天奇形,変形及び染色体異常",False,先天奇形，変形及び染色体異常,inpatient,2005,5.0,5.8,6.3884,127768.0
,"先天奇形,変形及び染色体異常",False,先天奇形，変形及び染色体異常,inpatient,2008,5.0,5.7,6.3846,127692.0
,"先天奇形,変形及び染色体異常",False,先天奇形，変形及び染色体異常,inpatient,2011,5.0,5.8,6.38995,127799.0
,"先天奇形,変形及び染色体異常",False,先天奇形，変形及び染色体異常,inpatient,2014,5.0,5.8,6.35415,127083.0
,"先天奇形,変形及び染色体異常",False,先天奇形，変形及び染色体異常,inpatient,2017,4.0,5.7,5.07676,126919.0
,"先天奇形,変形及び染色体異常",False,先天奇形，変形及び染色体異常,inpatient,2020,4.0,5.6,5.04584,126146.0
,"先天奇形,変形及び染色体異常",False,先天奇形，変形及び染色体異常,inpatient,2023,4.0,5.5,4.97408,124352.0
,"先天奇形,変形及び染色体異常",False,先天奇形，変形及び染色体異常,outpatient,1996,11.0,13.5,13.84504,125864.0
,"先天奇形,変形及び染色体異常",False,先天奇形，変形及び染色体異常,outpatient,1999,9.0,11.5,11.40174,126686.0
,"先天奇形,変形及び染色体異常",False,先天奇形，変形及び染色体異常,outpatient,2002,8.0,9.9,10.1948,127435.0
,"先天奇形,変形及び染色体異常",False,先天奇形，変形及び染色体異常,outpatient,2005,9.0,12.0,11.49912,127768.0
,"先天奇形,変形及び染色体異常",False,先天奇形，変形及び染色体異常,outpatient,2008,10.0,12.9,12.7692,127692.0
,"先天奇形,変形及び染色体異常",False,先天奇形，変形及び染色体異常,outpatient,2011,9.0,11.4,11.50191,127799.0
,"先天奇形,変形及び染色体異常",False,先天奇形，変形及び染色体異常,outpatient,2014,11.0,14.3,13.97913,127083.0
,"先天奇形,変形及び染色体異常",False,先天奇形，変形及び染色体異常,outpatient,2017,11.0,14.1,13.96109,126919.0
,"先天奇形,変形及び染色体異常",False,先天奇形，変形及び染色体異常,outpatient,2020,11.0,13.6,13.87606,126146.0
,"先天奇形,変形及び染色体異常",False,先天奇形，変形及び染色体異常,outpatient,2023,13.0,16.4,16.16576,124352.0
,"内分泌,栄養及び代謝疾患",False,内分泌，栄養及び代謝疾患,total,1996,309.0,388.9,388.91976,125864.0
,"内分泌,栄養及び代謝疾患",False,内分泌，栄養及び代謝疾患,total,1999,309.0,391.5,391.45974,126686.0
,"内分泌,栄養及び代謝疾患",False,内分泌，栄養及び代謝疾患,total,2002,315.0,402.0,401.42025,127435.0
,"内分泌,栄養及び代謝疾患",False,内分泌，栄養及び代謝疾患,total,2005,330.0,421.2,421.6344,127768.0
,"内分泌,栄養及び代謝疾患",False,内分泌，栄養及び代謝疾患,total,2008,311.0,397.2,397.12212,127692.0
,"内分泌,栄養及び代謝疾患",False,内分泌，栄養及び代謝疾患,total,2011,359.0,450.5,458.79841,127799.0
,"内分泌,栄養及び代謝疾患",False,内分泌，栄養及び代謝疾患,total,2014,370.0,469.9,470.2071,127083.0
,"内分泌,栄養及び代謝疾患",False,内分泌，栄養及び代謝疾患,total,2017,376.0,475.9,477.21544,126919.0
,"内分泌,栄養及び代謝疾患",False,内分泌，栄養及び代謝疾患,total,2020,367.0,463.1,462.95582,126146.0
,"内分泌,栄養及び代謝疾患",False,内分泌，栄養及び代謝疾患,total,2023,371.0,461.6,461.34592,124352.0
,"内分泌,栄養及び代謝疾患",False,内分泌，栄養及び代謝疾患,inpatient,1996,40.0,50.6,50.3456,125864.0
,"内分泌,栄養及び代謝疾患",False,内分泌，栄養及び代謝疾患,inpatient,1999,39.0,49.0,49.40754,126686.0
,"内分泌,栄養及び代謝疾患",False,内分泌，栄養及び代謝疾患,inpatient,2002,33.0,42.6,42.05355,127435.0
,"内分泌,栄養及び代謝疾患",False,内分泌，栄養及び代謝疾患,inpatient,2005,31.0,39.7,39.60808,127768.0
,"内分泌,栄養及び代謝疾患",False,内分泌，栄養及び代謝疾患,inpatient,2008,29.0,36.9,37.03068,127692.0
,"内分泌,栄養及び代謝疾患",False,内分泌，栄養及び代謝疾患,inpatient,2011,29.0,36.0,37.06171,127799.0
,"内分泌,栄養及び代謝疾患",False,内分泌，栄養及び代謝疾患,inpatient,2014,26.0,33.0,33.04158,127083.0
,"内分泌,栄養及び代謝疾患",False,内分泌，栄養及び代謝疾患,inpatient,2017,26.0,33.0,32.99894,126919.0
,"内分泌,栄養及び代謝疾患",False,内分泌，栄養及び代謝疾患,inpatient,2020,24.0,30.0,30.27504,126146.0
,"内分泌,栄養及び代謝疾患",False,内分泌，栄養及び代謝疾患,inpatient,2023,23.0,29.1,28.60096,124352.0
,"内分泌,栄養及び代謝疾患",False,内分泌，栄養及び代謝疾患,outpatient,1996,269.0,338.3,338.57416,125864.0
,"内分泌,栄養及び代謝疾患",False,内分泌，栄養及び代謝疾患,outpatient,1999,270.0,342.5,342.0522,126686.0
,"内分泌,栄養及び代謝疾患",False,内分泌，栄養及び代謝疾患,outpatient,2002,282.0,359.5,359.3667,127435.0
,"内分泌,栄養及び代謝疾患",False,内分泌，栄養及び代謝疾患,outpatient,2005,299.0,381.5,382.02632,127768.0
,"内分泌,栄養及び代謝疾患",False,内分泌，栄養及び代謝疾患,outpatient,2008,282.0,360.3,360.09144,127692.0
,"内分泌,栄養及び代謝疾患",False,内分泌，栄養及び代謝疾患,outpatient,2011,330.0,414.4,421.7367,127799.0
,"内分泌,栄養及び代謝疾患",False,内分泌，栄養及び代謝疾患,outpatient,2014,344.0,437.0,437.16552,127083.0
,"内分泌,栄養及び代謝疾患",False,内分泌，栄養及び代謝疾患,outpatient,2017,350.0,442.9,444.2165,126919.0
,"内分泌,栄養及び代謝疾患",False,内分泌，栄養及び代謝疾患,outpatient,2020,343.0,433.1,432.68078,126146.0
,"内分泌,栄養及び代謝疾患",False,内分泌，栄養及び代謝疾患,outpatient,2023,348.0,432.5,432.74496,124352.0
,周産期に発生した病態,False,周産期に発生した病態,total,1996,7.0,8.5,8.81048,125864.0
,周産期に発生した病態,False,周産期に発生した病態,total,1999,7.0,8.5,8.86802,126686.0
,周産期に発生した病態,False,周産期に発生した病態,total,2002,7.0,8.5,8.92045,127435.0
,周産期に発生した病態,False,周産期に発生した病態,total,2005,6.0,8.2,7.66608,127768.0
,周産期に発生した病態,False,周産期に発生した病態,total,2008,7.0,8.8,8.93844,127692.0
,周産期に発生した病態,False,周産期に発生した病態,total,2011,7.0,9.2,8.94593,127799.0
,周産期に発生した病態,False,周産期に発生した病態,total,2014,8.0,9.6,10.16664,127083.0
,周産期に発生した病態,False,周産期に発生した病態,total,2017,8.0,10.1,10.15352,126919.0
,周産期に発生した病態,False,周産期に発生した病態,total,2020,8.0,9.6,10.09168,126146.0
,周産期に発生した病態,False,周産期に発生した病態,total,2023,8.0,9.9,9.94816,124352.0
,周産期に発生した病態,False,周産期に発生した病態,inpatient,1996,5.0,6.7,6.2932,125864.0
,周産期に発生した病態,False,周産期に発生した病態,inpatient,1999,5.0,6.0,6.3343,126686.0
,周産期に発生した病態,False,周産期に発生した病態,inpatient,2002,5.0,6.3,6.37175,127435.0
,周産期に発生した病態,False,周産期に発生した病態,inpatient,2005,5.0,6.2,6.3884,127768.0
,周産期に発生した病態,False,周産期に発生した病態,inpatient,2008,5.0,6.1,6.3846,127692.0
,周産期に発生した病態,False,周産期に発生した病態,inpatient,2011,5.0,6.6,6.38995,127799.0
,周産期に発生した病態,False,周産期に発生した病態,inpatient,2014,5.0,6.7,6.35415,127083.0
,周産期に発生した病態,False,周産期に発生した病態,inpatient,2017,6.0,7.0,7.61514,126919.0
,周産期に発生した病態,False,周産期に発生した病態,inpatient,2020,5.0,6.4,6.3073,126146.0
,周産期に発生した病態,False,周産期に発生した病態,inpatient,2023,5.0,6.6,6.2176,124352.0
,周産期に発生した病態,False,周産期に発生した病態,outpatient,1996,1.0,1.8,1.25864,125864.0
,周産期に発生した病態,False,周産期に発生した病態,outpatient,1999,2.0,2.5,2.53372,126686.0
,周産期に発生した病態,False,周産期に発生した病態,outpatient,2002,2.0,2.2,2.5487,127435.0
,周産期に発生した病態,False,周産期に発生した病態,outpatient,2005,2.0,2.0,2.55536,127768.0
,周産期に発生した病態,False,周産期に発生した病態,outpatient,2008,2.0,2.6,2.55384,127692.0
,周産期に発生した病態,False,周産期に発生した病態,outpatient,2011,2.0,2.6,2.55598,127799.0
,周産期に発生した病態,False,周産期に発生した病態,outpatient,2014,2.0,2.9,2.54166,127083.0
,周産期に発生した病態,False,周産期に発生した病態,outpatient,2017,2.0,3.0,2.53838,126919.0
,周産期に発生した病態,False,周産期に発生した病態,outpatient,2020,3.0,3.3,3.78438,126146.0
,周産期に発生した病態,False,周産期に発生した病態,outpatient,2023,3.0,3.3,3.73056,124352.0
,呼吸器系の疾患,False,呼吸器系の疾患,total,1996,729.0,917.9,917.54856,125864.0
,呼吸器系の疾患,False,呼吸器系の疾患,total,1999,705.0,893.6,893.1363,126686.0
,呼吸器系の疾患,False,呼吸器系の疾患,total,2002,620.0,789.9,790.097,127435.0
,呼吸器系の疾患,False,呼吸器系の疾患,total,2005,655.0,836.3,836.8804,127768.0
,呼吸器系の疾患,False,呼吸器系の疾患,total,2008,574.0,733.1,732.95208,127692.0
,呼吸器系の疾患,False,呼吸器系の疾患,total,2011,635.0,797.7,811.52365,127799.0
,呼吸器系の疾患,False,呼吸器系の疾患,total,2014,597.0,759.1,758.68551,127083.0
,呼吸器系の疾患,False,呼吸器系の疾患,total,2017,573.0,725.8,727.24587,126919.0
,呼吸器系の疾患,False,呼吸器系の疾患,total,2020,431.0,543.1,543.68926,126146.0
,呼吸器系の疾患,False,呼吸器系の疾患,total,2023,570.0,708.8,708.8064,124352.0
,呼吸器系の疾患,False,呼吸器系の疾患,inpatient,1996,53.0,66.9,66.70792,125864.0
,呼吸器系の疾患,False,呼吸器系の疾患,inpatient,1999,56.0,70.8,70.94416,126686.0
,呼吸器系の疾患,False,呼吸器系の疾患,inpatient,2002,57.0,72.0,72.63795,127435.0
,呼吸器系の疾患,False,呼吸器系の疾患,inpatient,2005,62.0,78.7,79.21616,127768.0
,呼吸器系の疾患,False,呼吸器系の疾患,inpatient,2008,66.0,83.8,84.27672,127692.0
,呼吸器系の疾患,False,呼吸器系の疾患,inpatient,2011,71.0,89.7,90.73729,127799.0
,呼吸器系の疾患,False,呼吸器系の疾患,inpatient,2014,71.0,90.7,90.22893,127083.0
,呼吸器系の疾患,False,呼吸器系の疾患,inpatient,2017,76.0,95.9,96.45844,126919.0
,呼吸器系の疾患,False,呼吸器系の疾患,inpatient,2020,59.0,74.9,74.42614,126146.0
,呼吸器系の疾患,False,呼吸器系の疾患,inpatient,2023,67.0,83.5,83.31584,124352.0
,呼吸器系の疾患,False,呼吸器系の疾患,outpatient,1996,676.0,851.0,850.84064,125864.0
,呼吸器系の疾患,False,呼吸器系の疾患,outpatient,1999,649.0,822.8,822.19214,126686.0
,呼吸器系の疾患,False,呼吸器系の疾患,outpatient,2002,563.0,717.9,717.45905,127435.0
,呼吸器系の疾患,False,呼吸器系の疾患,outpatient,2005,593.0,757.7,757.66424,127768.0
,呼吸器系の疾患,False,呼吸器系の疾患,outpatient,2008,508.0,649.3,648.67536,127692.0
,呼吸器系の疾患,False,呼吸器系の疾患,outpatient,2011,564.0,708.0,720.78636,127799.0
,呼吸器系の疾患,False,呼吸器系の疾患,outpatient,2014,526.0,668.4,668.45658,127083.0
,呼吸器系の疾患,False,呼吸器系の疾患,outpatient,2017,497.0,629.9,630.78743,126919.0
,呼吸器系の疾患,False,呼吸器系の疾患,outpatient,2020,371.0,468.1,468.00166,126146.0
,呼吸器系の疾患,False,呼吸器系の疾患,outpatient,2023,503.0,625.3,625.49056,124352.0
,喘息,True,　喘息（再掲）,total,1996,136.0,171.7,171.17504,125864.0
,喘息,True,　喘息（再掲）,total,1999,132.0,167.4,167.22552,126686.0
,喘息,True,　喘息（再掲）,total,2002,120.0,152.8,152.922,127435.0
,喘息,True,　喘息（再掲）,total,2005,122.0,155.8,155.87696,127768.0
,喘息,True,　喘息（再掲）,total,2008,93.0,118.6,118.75356,127692.0
,喘息,True,　喘息（再掲）,total,2011,107.0,134.0,136.74493,127799.0
,喘息,True,　喘息（再掲）,total,2014,103.0,131.4,130.89549,127083.0
,喘息,True,　喘息（再掲）,total,2017,98.0,124.6,124.38062,126919.0
,喘息,True,　喘息（再掲）,total,2020,73.0,91.8,92.08658,126146.0
,喘息,True,　喘息（再掲）,total,2023,81.0,100.4,100.72512,124352.0
,喘息,True,　喘息（再掲）,inpatient,1996,13.0,16.8,16.36232,125864.0
,喘息,True,　喘息（再掲）,inpatient,1999,12.0,14.9,15.20232,126686.0
,喘息,True,　喘息（再掲）,inpatient,2002,9.0,11.6,11.46915,127435.0
,喘息,True,　喘息（再掲）,inpatient,2005,7.0,8.7,8.94376,127768.0
,喘息,True,　喘息（再掲）,inpatient,2008,4.0,5.7,5.10768,127692.0
,喘息,True,　喘息（再掲）,inpatient,2011,3.0,4.4,3.83397,127799.0
,喘息,True,　喘息（再掲）,inpatient,2014,3.0,3.8,3.81249,127083.0
,喘息,True,　喘息（再掲）,inpatient,2017,3.0,3.5,3.80757,126919.0
,喘息,True,　喘息（再掲）,inpatient,2020,1.0,1.9,1.26146,126146.0
,喘息,True,　喘息（再掲）,inpatient,2023,2.0,2.1,2.48704,124352.0
,喘息,True,　喘息（再掲）,outpatient,1996,123.0,154.9,154.81272,125864.0
,喘息,True,　喘息（再掲）,outpatient,1999,120.0,152.5,152.0232,126686.0
,喘息,True,　喘息（再掲）,outpatient,2002,111.0,141.2,141.45285,127435.0
,喘息,True,　喘息（再掲）,outpatient,2005,115.0,147.1,146.9332,127768.0
,喘息,True,　喘息（再掲）,outpatient,2008,88.0,112.9,112.36896,127692.0
,喘息,True,　喘息（再掲）,outpatient,2011,103.0,129.7,131.63297,127799.0
,喘息,True,　喘息（再掲）,outpatient,2014,100.0,127.6,127.083,127083.0
,喘息,True,　喘息（再掲）,outpatient,2017,96.0,121.1,121.84224,126919.0
,喘息,True,　喘息（再掲）,outpatient,2020,71.0,89.9,89.56366,126146.0
,喘息,True,　喘息（再掲）,outpatient,2023,79.0,98.3,98.23808,124352.0
,"妊娠,分娩及び産じょく",False,妊娠，分娩及び産じょく,total,1996,36.0,44.7,45.31104,125864.0
,"妊娠,分娩及び産じょく",False,妊娠，分娩及び産じょく,total,1999,35.0,43.8,44.3401,126686.0
,"妊娠,分娩及び産じょく",False,妊娠，分娩及び産じょく,total,2002,33.0,42.1,42.05355,127435.0
,"妊娠,分娩及び産じょく",False,妊娠，分娩及び産じょく,total,2005,26.0,33.5,33.21968,127768.0
,"妊娠,分娩及び産じょく",False,妊娠，分娩及び産じょく,total,2008,29.0,36.6,37.03068,127692.0
,"妊娠,分娩及び産じょく",False,妊娠，分娩及び産じょく,total,2011,25.0,31.5,31.94975,127799.0
,"妊娠,分娩及び産じょく",False,妊娠，分娩及び産じょく,total,2014,26.0,33.0,33.04158,127083.0
,"妊娠,分娩及び産じょく",False,妊娠，分娩及び産じょく,total,2017,26.0,33.4,32.99894,126919.0
,"妊娠,分娩及び産じょく",False,妊娠，分娩及び産じょく,total,2020,22.0,27.5,27.75212,126146.0
,"妊娠,分娩及び産じょく",False,妊娠，分娩及び産じょく,total,2023,21.0,26.2,26.11392,124352.0
,"妊娠,分娩及び産じょく",False,妊娠，分娩及び産じょく,inpatient,1996,21.0,26.6,26.43144,125864.0
,"妊娠,分娩及び産じょく",False,妊娠，分娩及び産じょく,inpatient,1999,20.0,25.4,25.3372,126686.0
,"妊娠,分娩及び産じょく",False,妊娠，分娩及び産じょく,inpatient,2002,19.0,24.1,24.21265,127435.0
,"妊娠,分娩及び産じょく",False,妊娠，分娩及び産じょく,inpatient,2005,15.0,19.0,19.1652,127768.0
,"妊娠,分娩及び産じょく",False,妊娠，分娩及び産じょく,inpatient,2008,15.0,19.4,19.1538,127692.0
,"妊娠,分娩及び産じょく",False,妊娠，分娩及び産じょく,inpatient,2011,14.0,17.6,17.89186,127799.0
,"妊娠,分娩及び産じょく",False,妊娠，分娩及び産じょく,inpatient,2014,15.0,18.4,19.06245,127083.0
,"妊娠,分娩及び産じょく",False,妊娠，分娩及び産じょく,inpatient,2017,14.0,18.3,17.76866,126919.0
,"妊娠,分娩及び産じょく",False,妊娠，分娩及び産じょく,inpatient,2020,11.0,14.5,13.87606,126146.0
,"妊娠,分娩及び産じょく",False,妊娠，分娩及び産じょく,inpatient,2023,11.0,14.1,13.67872,124352.0
,"妊娠,分娩及び産じょく",False,妊娠，分娩及び産じょく,outpatient,1996,14.0,18.1,17.62096,125864.0
,"妊娠,分娩及び産じょく",False,妊娠，分娩及び産じょく,outpatient,1999,15.0,18.4,19.0029,126686.0
,"妊娠,分娩及び産じょく",False,妊娠，分娩及び産じょく,outpatient,2002,14.0,18.0,17.8409,127435.0
,"妊娠,分娩及び産じょく",False,妊娠，分娩及び産じょく,outpatient,2005,11.0,14.5,14.05448,127768.0
,"妊娠,分娩及び産じょく",False,妊娠，分娩及び産じょく,outpatient,2008,13.0,17.1,16.59996,127692.0
,"妊娠,分娩及び産じょく",False,妊娠，分娩及び産じょく,outpatient,2011,11.0,13.9,14.05789,127799.0
,"妊娠,分娩及び産じょく",False,妊娠，分娩及び産じょく,outpatient,2014,11.0,14.5,13.97913,127083.0
,"妊娠,分娩及び産じょく",False,妊娠，分娩及び産じょく,outpatient,2017,12.0,15.1,15.23028,126919.0
,"妊娠,分娩及び産じょく",False,妊娠，分娩及び産じょく,outpatient,2020,10.0,13.0,12.6146,126146.0
,"妊娠,分娩及び産じょく",False,妊娠，分娩及び産じょく,outpatient,2023,10.0,12.1,12.4352,124352.0
,妊娠高血圧症候群,True,　妊娠高血圧症候群（再掲）,total,1996,1.0,1.8,1.25864,125864.0
,妊娠高血圧症候群,True,　妊娠高血圧症候群（再掲）,total,1999,1.0,1.4,1.26686,126686.0
,妊娠高血圧症候群,True,　妊娠高血圧症候群（再掲）,total,2002,1.0,1.1,1.27435,127435.0
,妊娠高血圧症候群,True,　妊娠高血圧症候群（再掲）,total,2005,1.0,0.7,1.27768,127768.0
,妊娠高血圧症候群,True,　妊娠高血圧症候群（再掲）,total,2008,1.0,0.7,1.27692,127692.0
,妊娠高血圧症候群,True,　妊娠高血圧症候群（再掲）,total,2011,0.0,0.6,0.0,127799.0
,妊娠高血圧症候群,True,　妊娠高血圧症候群（再掲）,total,2014,1.0,0.7,1.27083,127083.0
,妊娠高血圧症候群,True,　妊娠高血圧症候群（再掲）,total,2017,1.0,0.7,1.26919,126919.0
,妊娠高血圧症候群,True,　妊娠高血圧症候群（再掲）,total,2020,1.0,0.8,1.26146,126146.0
,妊娠高血圧症候群,True,　妊娠高血圧症候群（再掲）,total,2023,1.0,0.8,1.24352,124352.0
,妊娠高血圧症候群,True,　妊娠高血圧症候群（再掲）,inpatient,1996,1.0,1.3,1.25864,125864.0
,妊娠高血圧症候群,True,　妊娠高血圧症候群（再掲）,inpatient,1999,1.0,0.9,1.26686,126686.0
,妊娠高血圧症候群,True,　妊娠高血圧症候群（再掲）,inpatient,2002,1.0,0.7,1.27435,127435.0
,妊娠高血圧症候群,True,　妊娠高血圧症候群（再掲）,inpatient,2005,0.0,0.5,0.0,127768.0
,妊娠高血圧症候群,True,　妊娠高血圧症候群（再掲）,inpatient,2008,0.0,0.4,0.0,127692.0
,妊娠高血圧症候群,True,　妊娠高血圧症候群（再掲）,inpatient,2011,0.0,0.4,0.0,127799.0
,妊娠高血圧症候群,True,　妊娠高血圧症候群（再掲）,inpatient,2014,0.0,0.5,0.0,127083.0
,妊娠高血圧症候群,True,　妊娠高血圧症候群（再掲）,inpatient,2017,0.0,0.5,0.0,126919.0
,妊娠高血圧症候群,True,　妊娠高血圧症候群（再掲）,inpatient,2020,0.0,0.5,0.0,126146.0
,妊娠高血圧症候群,True,　妊娠高血圧症候群（再掲）,inpatient,2023,0.0,0.6,0.0,124352.0
,妊娠高血圧症候群,True,　妊娠高血圧症候群（再掲）,outpatient,1996,0.0,0.5,0.0,125864.0
,妊娠高血圧症候群,True,　妊娠高血圧症候群（再掲）,outpatient,1999,0.0,0.5,0.0,126686.0
,妊娠高血圧症候群,True,　妊娠高血圧症候群（再掲）,outpatient,2002,0.0,0.4,0.0,127435.0
,妊娠高血圧症候群,True,　妊娠高血圧症候群（再掲）,outpatient,2005,0.0,0.2,0.0,127768.0
,妊娠高血圧症候群,True,　妊娠高血圧症候群（再掲）,outpatient,2008,0.0,0.3,0.0,127692.0
,妊娠高血圧症候群,True,　妊娠高血圧症候群（再掲）,outpatient,2011,0.0,0.2,0.0,127799.0
,妊娠高血圧症候群,True,　妊娠高血圧症候群（再掲）,outpatient,2014,0.0,0.2,0.0,127083.0
,妊娠高血圧症候群,True,　妊娠高血圧症候群（再掲）,outpatient,2017,0.0,0.3,0.0,126919.0
,妊娠高血圧症候群,True,　妊娠高血圧症候群（再掲）,outpatient,2020,0.0,0.3,0.0,126146.0
,妊娠高血圧症候群,True,　妊娠高血圧症候群（再掲）,outpatient,2023,0.0,0.2,0.0,124352.0
cardiovascular_all,循環器系の疾患,False,循環器系の疾患,total,1996,1151.0,1449.3,1448.69464,125864.0
cardiovascular_all,循環器系の疾患,False,循環器系の疾患,total,1999,1048.0,1327.6,1327.66928,126686.0
cardiovascular_all,循環器系の疾患,False,循環器系の疾患,total,2002,949.0,1209.9,1209.35815,127435.0
cardiovascular_all,循環器系の疾患,False,循環器系の疾患,total,2005,993.0,1268.3,1268.73624,127768.0
cardiovascular_all,循環器系の疾患,False,循環器系の疾患,total,2008,920.0,1175.1,1174.7664,127692.0
cardiovascular_all,循環器系の疾患,False,循環器系の疾患,total,2011,956.0,1199.6,1221.75844,127799.0
cardiovascular_all,循環器系の疾患,False,循環器系の疾患,total,2014,923.0,1173.1,1172.97609,127083.0
cardiovascular_all,循環器系の疾患,False,循環器系の疾患,total,2017,882.0,1117.5,1119.42558,126919.0
cardiovascular_all,循環器系の疾患,False,循環器系の疾患,total,2020,809.0,1021.0,1020.52114,126146.0
cardiovascular_all,循環器系の疾患,False,循環器系の疾患,total,2023,824.0,1024.7,1024.66048,124352.0
cardiovascular_all,循環器系の疾患,False,循環器系の疾患,inpatient,1996,259.0,326.6,325.98776,125864.0
cardiovascular_all,循環器系の疾患,False,循環器系の疾患,inpatient,1999,250.0,317.1,316.715,126686.0
cardiovascular_all,循環器系の疾患,False,循環器系の疾患,inpatient,2002,246.0,312.9,313.4901,127435.0
cardiovascular_all,循環器系の疾患,False,循環器系の疾患,inpatient,2005,249.0,318.7,318.14232,127768.0
cardiovascular_all,循環器系の疾患,False,循環器系の疾患,inpatient,2008,219.0,280.3,279.64548,127692.0
cardiovascular_all,循環器系の疾患,False,循環器系の疾患,inpatient,2011,200.0,251.3,255.598,127799.0
cardiovascular_all,循環器系の疾患,False,循環器系の疾患,inpatient,2014,189.0,240.1,240.18687,127083.0
cardiovascular_all,循環器系の疾患,False,循環器系の疾患,inpatient,2017,180.0,228.6,228.4542,126919.0
cardiovascular_all,循環器系の疾患,False,循環器系の疾患,inpatient,2020,157.0,198.2,198.04922,126146.0
cardiovascular_all,循環器系の疾患,False,循環器系の疾患,inpatient,2023,147.0,182.5,182.79744,124352.0
cardiovascular_all,循環器系の疾患,False,循環器系の疾患,outpatient,1996,892.0,1122.7,1122.70688,125864.0
cardiovascular_all,循環器系の疾患,False,循環器系の疾患,outpatient,1999,798.0,1010.5,1010.95428,126686.0
cardiovascular_all,循環器系の疾患,False,循環器系の疾患,outpatient,2002,704.0,897.0,897.1424,127435.0
cardiovascular_all,循環器系の疾患,False,循環器系の疾患,outpatient,2005,743.0,949.5,949.31624,127768.0
cardiovascular_all,循環器系の疾患,False,循環器系の疾患,outpatient,2008,701.0,894.8,895.12092,127692.0
cardiovascular_all,循環器系の疾患,False,循環器系の疾患,outpatient,2011,755.0,948.3,964.88245,127799.0
cardiovascular_all,循環器系の疾患,False,循環器系の疾患,outpatient,2014,734.0,933.0,932.78922,127083.0
cardiovascular_all,循環器系の疾患,False,循環器系の疾患,outpatient,2017,702.0,888.9,890.97138,126919.0
cardiovascular_all,循環器系の疾患,False,循環器系の疾患,outpatient,2020,652.0,822.8,822.47192,126146.0
cardiovascular_all,循環器系の疾患,False,循環器系の疾患,outpatient,2023,677.0,842.2,841.86304,124352.0
heart_disease,心疾患(高血圧性のものを除く),True,　（心疾患（高血圧性のものを除く））（再掲）,total,1996,199.0,250.2,250.46936,125864.0
heart_disease,心疾患(高血圧性のものを除く),True,　（心疾患（高血圧性のものを除く））（再掲）,total,1999,181.0,228.7,229.30166,126686.0
heart_disease,心疾患(高血圧性のものを除く),True,　（心疾患（高血圧性のものを除く））（再掲）,total,2002,157.0,200.2,200.07295,127435.0
heart_disease,心疾患(高血圧性のものを除く),True,　（心疾患（高血圧性のものを除く））（再掲）,total,2005,159.0,202.8,203.15112,127768.0
heart_disease,心疾患(高血圧性のものを除く),True,　（心疾患（高血圧性のものを除く））（再掲）,total,2008,148.0,188.5,188.98416,127692.0
heart_disease,心疾患(高血圧性のものを除く),True,　（心疾患（高血圧性のものを除く））（再掲）,total,2011,153.0,192.3,195.53247,127799.0
heart_disease,心疾患(高血圧性のものを除く),True,　（心疾患（高血圧性のものを除く））（再掲）,total,2014,153.0,193.9,194.43699,127083.0
heart_disease,心疾患(高血圧性のものを除く),True,　（心疾患（高血圧性のものを除く））（再掲）,total,2017,156.0,198.2,197.99364,126919.0
heart_disease,心疾患(高血圧性のものを除く),True,　（心疾患（高血圧性のものを除く））（再掲）,total,2020,149.0,188.0,187.95754,126146.0
heart_disease,心疾患(高血圧性のものを除く),True,　（心疾患（高血圧性のものを除く））（再掲）,total,2023,158.0,196.2,196.47616,124352.0
heart_disease,心疾患(高血圧性のものを除く),True,　（心疾患（高血圧性のものを除く））（再掲）,inpatient,1996,53.0,66.4,66.70792,125864.0
heart_disease,心疾患(高血圧性のものを除く),True,　（心疾患（高血圧性のものを除く））（再掲）,inpatient,1999,50.0,63.5,63.343,126686.0
heart_disease,心疾患(高血圧性のものを除く),True,　（心疾患（高血圧性のものを除く））（再掲）,inpatient,2002,47.0,59.4,59.89445,127435.0
heart_disease,心疾患(高血圧性のものを除く),True,　（心疾患（高血圧性のものを除く））（再掲）,inpatient,2005,47.0,60.2,60.05096,127768.0
heart_disease,心疾患(高血圧性のものを除く),True,　（心疾患（高血圧性のものを除く））（再掲）,inpatient,2008,46.0,58.2,58.73832,127692.0
heart_disease,心疾患(高血圧性のものを除く),True,　（心疾患（高血圧性のものを除く））（再掲）,inpatient,2011,46.0,58.1,58.78754,127799.0
heart_disease,心疾患(高血圧性のものを除く),True,　（心疾患（高血圧性のものを除く））（再掲）,inpatient,2014,47.0,59.9,59.72901,127083.0
heart_disease,心疾患(高血圧性のものを除く),True,　（心疾患（高血圧性のものを除く））（再掲）,inpatient,2017,50.0,64.0,63.4595,126919.0
heart_disease,心疾患(高血圧性のものを除く),True,　（心疾患（高血圧性のものを除く））（再掲）,inpatient,2020,46.0,58.4,58.02716,126146.0
heart_disease,心疾患(高血圧性のものを除く),True,　（心疾患（高血圧性のものを除く））（再掲）,inpatient,2023,46.0,57.2,57.20192,124352.0
heart_disease,心疾患(高血圧性のものを除く),True,　（心疾患（高血圧性のものを除く））（再掲）,outpatient,1996,146.0,183.8,183.76144,125864.0
heart_disease,心疾患(高血圧性のものを除く),True,　（心疾患（高血圧性のものを除く））（再掲）,outpatient,1999,130.0,165.2,164.6918,126686.0
heart_disease,心疾患(高血圧性のものを除く),True,　（心疾患（高血圧性のものを除く））（再掲）,outpatient,2002,110.0,140.8,140.1785,127435.0
heart_disease,心疾患(高血圧性のものを除く),True,　（心疾患（高血圧性のものを除く））（再掲）,outpatient,2005,112.0,142.6,143.10016,127768.0
heart_disease,心疾患(高血圧性のものを除く),True,　（心疾患（高血圧性のものを除く））（再掲）,outpatient,2008,102.0,130.3,130.24584,127692.0
heart_disease,心疾患(高血圧性のものを除く),True,　（心疾患（高血圧性のものを除く））（再掲）,outpatient,2011,107.0,134.1,136.74493,127799.0
heart_disease,心疾患(高血圧性のものを除く),True,　（心疾患（高血圧性のものを除く））（再掲）,outpatient,2014,105.0,133.9,133.43715,127083.0
heart_disease,心疾患(高血圧性のものを除く),True,　（心疾患（高血圧性のものを除く））（再掲）,outpatient,2017,106.0,134.2,134.53414,126919.0
heart_disease,心疾患(高血圧性のものを除く),True,　（心疾患（高血圧性のものを除く））（再掲）,outpatient,2020,103.0,129.6,129.93038,126146.0
heart_disease,心疾患(高血圧性のものを除く),True,　（心疾患（高血圧性のものを除く））（再掲）,outpatient,2023,112.0,139.0,139.27424,124352.0
,急性上気道感染症,True,　急性上気道感染症（再掲）,total,1996,276.0,347.5,347.38464,125864.0
,急性上気道感染症,True,　急性上気道感染症（再掲）,total,1999,270.0,342.6,342.0522,126686.0
,急性上気道感染症,True,　急性上気道感染症（再掲）,total,2002,222.0,282.5,282.9057,127435.0
,急性上気道感染症,True,　急性上気道感染症（再掲）,total,2005,225.0,287.5,287.478,127768.0
,急性上気道感染症,True,　急性上気道感染症（再掲）,total,2008,205.0,262.1,261.7686,127692.0
,急性上気道感染症,True,　急性上気道感染症（再掲）,total,2011,217.0,272.5,277.32383,127799.0
,急性上気道感染症,True,　急性上気道感染症（再掲）,total,2014,196.0,249.6,249.08268,127083.0
,急性上気道感染症,True,　急性上気道感染症（再掲）,total,2017,197.0,249.8,250.03043,126919.0
,急性上気道感染症,True,　急性上気道感染症（再掲）,total,2020,129.0,162.2,162.72834,126146.0
,急性上気道感染症,True,　急性上気道感染症（再掲）,total,2023,176.0,218.6,218.85952,124352.0
,急性上気道感染症,True,　急性上気道感染症（再掲）,inpatient,1996,2.0,2.3,2.51728,125864.0
,急性上気道感染症,True,　急性上気道感染症（再掲）,inpatient,1999,2.0,2.6,2.53372,126686.0
,急性上気道感染症,True,　急性上気道感染症（再掲）,inpatient,2002,2.0,2.9,2.5487,127435.0
,急性上気道感染症,True,　急性上気道感染症（再掲）,inpatient,2005,2.0,2.2,2.55536,127768.0
,急性上気道感染症,True,　急性上気道感染症（再掲）,inpatient,2008,1.0,1.5,1.27692,127692.0
,急性上気道感染症,True,　急性上気道感染症（再掲）,inpatient,2011,1.0,1.4,1.27799,127799.0
,急性上気道感染症,True,　急性上気道感染症（再掲）,inpatient,2014,1.0,1.3,1.27083,127083.0
,急性上気道感染症,True,　急性上気道感染症（再掲）,inpatient,2017,1.0,1.2,1.26919,126919.0
,急性上気道感染症,True,　急性上気道感染症（再掲）,inpatient,2020,1.0,0.8,1.26146,126146.0
,急性上気道感染症,True,　急性上気道感染症（再掲）,inpatient,2023,1.0,0.9,1.24352,124352.0
,急性上気道感染症,True,　急性上気道感染症（再掲）,outpatient,1996,274.0,345.2,344.86736,125864.0
,急性上気道感染症,True,　急性上気道感染症（再掲）,outpatient,1999,268.0,340.0,339.51848,126686.0
,急性上気道感染症,True,　急性上気道感染症（再掲）,outpatient,2002,219.0,279.6,279.08265,127435.0
,急性上気道感染症,True,　急性上気道感染症（再掲）,outpatient,2005,223.0,285.3,284.92264,127768.0
,急性上気道感染症,True,　急性上気道感染症（再掲）,outpatient,2008,204.0,260.6,260.49168,127692.0
,急性上気道感染症,True,　急性上気道感染症（再掲）,outpatient,2011,216.0,271.1,276.04584,127799.0
,急性上気道感染症,True,　急性上気道感染症（再掲）,outpatient,2014,195.0,248.3,247.81185,127083.0
,急性上気道感染症,True,　急性上気道感染症（再掲）,outpatient,2017,196.0,248.5,248.76124,126919.0
,急性上気道感染症,True,　急性上気道感染症（再掲）,outpatient,2020,128.0,161.4,161.46688,126146.0
,急性上気道感染症,True,　急性上気道感染症（再掲）,outpatient,2023,175.0,217.7,217.616,124352.0
,急性気管支炎及び急性細気管支炎,True,　急性気管支炎及び急性細気管支炎（再掲）,total,1996,94.0,117.9,118.31216,125864.0
,急性気管支炎及び急性細気管支炎,True,　急性気管支炎及び急性細気管支炎（再掲）,total,1999,90.0,114.6,114.0174,126686.0
,急性気管支炎及び急性細気管支炎,True,　急性気管支炎及び急性細気管支炎（再掲）,total,2002,95.0,120.5,121.06325,127435.0
,急性気管支炎及び急性細気管支炎,True,　急性気管支炎及び急性細気管支炎（再掲）,total,2005,100.0,127.2,127.768,127768.0
,急性気管支炎及び急性細気管支炎,True,　急性気管支炎及び急性細気管支炎（再掲）,total,2008,80.0,102.4,102.1536,127692.0
,急性気管支炎及び急性細気管支炎,True,　急性気管支炎及び急性細気管支炎（再掲）,total,2011,95.0,119.4,121.40905,127799.0
,急性気管支炎及び急性細気管支炎,True,　急性気管支炎及び急性細気管支炎（再掲）,total,2014,81.0,103.6,102.93723,127083.0
,急性気管支炎及び急性細気管支炎,True,　急性気管支炎及び急性細気管支炎（再掲）,total,2017,74.0,93.5,93.92006,126919.0
,急性気管支炎及び急性細気管支炎,True,　急性気管支炎及び急性細気管支炎（再掲）,total,2020,37.0,47.1,46.67402,126146.0
,急性気管支炎及び急性細気管支炎,True,　急性気管支炎及び急性細気管支炎（再掲）,total,2023,62.0,77.7,77.09824,124352.0
,急性気管支炎及び急性細気管支炎,True,　急性気管支炎及び急性細気管支炎（再掲）,inpatient,1996,1.0,1.6,1.25864,125864.0
,急性気管支炎及び急性細気管支炎,True,　急性気管支炎及び急性細気管支炎（再掲）,inpatient,1999,2.0,2.5,2.53372,126686.0
,急性気管支炎及び急性細気管支炎,True,　急性気管支炎及び急性細気管支炎（再掲）,inpatient,2002,2.0,2.7,2.5487,127435.0
,急性気管支炎及び急性細気管支炎,True,　急性気管支炎及び急性細気管支炎（再掲）,inpatient,2005,2.0,2.9,2.55536,127768.0
,急性気管支炎及び急性細気管支炎,True,　急性気管支炎及び急性細気管支炎（再掲）,inpatient,2008,2.0,2.4,2.55384,127692.0
,急性気管支炎及び急性細気管支炎,True,　急性気管支炎及び急性細気管支炎（再掲）,inpatient,2011,2.0,1.9,2.55598,127799.0
,急性気管支炎及び急性細気管支炎,True,　急性気管支炎及び急性細気管支炎（再掲）,inpatient,2014,2.0,2.2,2.54166,127083.0
,急性気管支炎及び急性細気管支炎,True,　急性気管支炎及び急性細気管支炎（再掲）,inpatient,2017,2.0,2.3,2.53838,126919.0
,急性気管支炎及び急性細気管支炎,True,　急性気管支炎及び急性細気管支炎（再掲）,inpatient,2020,1.0,0.7,1.26146,126146.0
,急性気管支炎及び急性細気管支炎,True,　急性気管支炎及び急性細気管支炎（再掲）,inpatient,2023,1.0,0.9,1.24352,124352.0
,急性気管支炎及び急性細気管支炎,True,　急性気管支炎及び急性細気管支炎（再掲）,outpatient,1996,92.0,116.3,115.79488,125864.0
,急性気管支炎及び急性細気管支炎,True,　急性気管支炎及び急性細気管支炎（再掲）,outpatient,1999,88.0,112.0,111.48368,126686.0
,急性気管支炎及び急性細気管支炎,True,　急性気管支炎及び急性細気管支炎（再掲）,outpatient,2002,92.0,117.7,117.2402,127435.0
,急性気管支炎及び急性細気管支炎,True,　急性気管支炎及び急性細気管支炎（再掲）,outpatient,2005,97.0,124.2,123.93496,127768.0
,急性気管支炎及び急性細気管支炎,True,　急性気管支炎及び急性細気管支炎（再掲）,outpatient,2008,78.0,100.0,99.59976,127692.0
,急性気管支炎及び急性細気管支炎,True,　急性気管支炎及び急性細気管支炎（再掲）,outpatient,2011,94.0,117.4,120.13106,127799.0
,急性気管支炎及び急性細気管支炎,True,　急性気管支炎及び急性細気管支炎（再掲）,outpatient,2014,80.0,101.4,101.6664,127083.0
,急性気管支炎及び急性細気管支炎,True,　急性気管支炎及び急性細気管支炎（再掲）,outpatient,2017,72.0,91.2,91.38168,126919.0
,急性気管支炎及び急性細気管支炎,True,　急性気管支炎及び急性細気管支炎（再掲）,outpatient,2020,37.0,46.4,46.67402,126146.0
,急性気管支炎及び急性細気管支炎,True,　急性気管支炎及び急性細気管支炎（再掲）,outpatient,2023,62.0,76.8,77.09824,124352.0
cancer,悪性新生物<腫瘍>,True,　（悪性新生物＜腫瘍＞）（再掲）,total,1996,208.0,261.4,261.79712,125864.0
cancer,悪性新生物<腫瘍>,True,　（悪性新生物＜腫瘍＞）（再掲）,total,1999,203.0,256.7,257.17258,126686.0
cancer,悪性新生物<腫瘍>,True,　（悪性新生物＜腫瘍＞）（再掲）,total,2002,203.0,259.1,258.69305,127435.0
cancer,悪性新生物<腫瘍>,True,　（悪性新生物＜腫瘍＞）（再掲）,total,2005,223.0,285.0,284.92264,127768.0
cancer,悪性新生物<腫瘍>,True,　（悪性新生物＜腫瘍＞）（再掲）,total,2008,233.0,297.8,297.52236,127692.0
cancer,悪性新生物<腫瘍>,True,　（悪性新生物＜腫瘍＞）（再掲）,total,2011,238.0,298.3,304.16162,127799.0
cancer,悪性新生物<腫瘍>,True,　（悪性新生物＜腫瘍＞）（再掲）,total,2014,237.0,300.8,301.18671,127083.0
cancer,悪性新生物<腫瘍>,True,　（悪性新生物＜腫瘍＞）（再掲）,total,2017,244.0,309.8,309.68236,126919.0
cancer,悪性新生物<腫瘍>,True,　（悪性新生物＜腫瘍＞）（再掲）,total,2020,234.0,295.1,295.18164,126146.0
cancer,悪性新生物<腫瘍>,True,　（悪性新生物＜腫瘍＞）（再掲）,total,2023,235.0,292.5,292.2272,124352.0
cancer,悪性新生物<腫瘍>,True,　（悪性新生物＜腫瘍＞）（再掲）,inpatient,1996,107.0,134.4,134.67448,125864.0
cancer,悪性新生物<腫瘍>,True,　（悪性新生物＜腫瘍＞）（再掲）,inpatient,1999,108.0,136.8,136.82088,126686.0
cancer,悪性新生物<腫瘍>,True,　（悪性新生物＜腫瘍＞）（再掲）,inpatient,2002,109.0,139.4,138.90415,127435.0
cancer,悪性新生物<腫瘍>,True,　（悪性新生物＜腫瘍＞）（再掲）,inpatient,2005,113.0,144.9,144.37784,127768.0
cancer,悪性新生物<腫瘍>,True,　（悪性新生物＜腫瘍＞）（再掲）,inpatient,2008,111.0,141.4,141.73812,127692.0
cancer,悪性新生物<腫瘍>,True,　（悪性新生物＜腫瘍＞）（再掲）,inpatient,2011,107.0,134.8,136.74493,127799.0
cancer,悪性新生物<腫瘍>,True,　（悪性新生物＜腫瘍＞）（再掲）,inpatient,2014,102.0,129.4,129.62466,127083.0
cancer,悪性新生物<腫瘍>,True,　（悪性新生物＜腫瘍＞）（再掲）,inpatient,2017,100.0,126.1,126.919,126919.0
cancer,悪性新生物<腫瘍>,True,　（悪性新生物＜腫瘍＞）（再掲）,inpatient,2020,89.0,112.9,112.26994,126146.0
cancer,悪性新生物<腫瘍>,True,　（悪性新生物＜腫瘍＞）（再掲）,inpatient,2023,85.0,106.1,105.6992,124352.0
cancer,悪性新生物<腫瘍>,True,　（悪性新生物＜腫瘍＞）（再掲）,outpatient,1996,101.0,127.0,127.12264,125864.0
cancer,悪性新生物<腫瘍>,True,　（悪性新生物＜腫瘍＞）（再掲）,outpatient,1999,95.0,119.9,120.3517,126686.0
cancer,悪性新生物<腫瘍>,True,　（悪性新生物＜腫瘍＞）（再掲）,outpatient,2002,94.0,119.7,119.7889,127435.0
cancer,悪性新生物<腫瘍>,True,　（悪性新生物＜腫瘍＞）（再掲）,outpatient,2005,110.0,140.1,140.5448,127768.0
cancer,悪性新生物<腫瘍>,True,　（悪性新生物＜腫瘍＞）（再掲）,outpatient,2008,123.0,156.4,157.06116,127692.0
cancer,悪性新生物<腫瘍>,True,　（悪性新生物＜腫瘍＞）（再掲）,outpatient,2011,130.0,163.5,166.1387,127799.0
cancer,悪性新生物<腫瘍>,True,　（悪性新生物＜腫瘍＞）（再掲）,outpatient,2014,135.0,171.4,171.56205,127083.0
cancer,悪性新生物<腫瘍>,True,　（悪性新生物＜腫瘍＞）（再掲）,outpatient,2017,145.0,183.6,184.03255,126919.0
cancer,悪性新生物<腫瘍>,True,　（悪性新生物＜腫瘍＞）（再掲）,outpatient,2020,144.0,182.2,181.65024,126146.0
cancer,悪性新生物<腫瘍>,True,　（悪性新生物＜腫瘍＞）（再掲）,outpatient,2023,150.0,186.4,186.528,124352.0
,感染症及び寄生虫症,False,感染症及び寄生虫症,total,1996,197.0,247.7,247.95208,125864.0
,感染症及び寄生虫症,False,感染症及び寄生虫症,total,1999,194.0,246.3,245.77084,126686.0
,感染症及び寄生虫症,False,感染症及び寄生虫症,total,2002,197.0,250.7,251.04695,127435.0
,感染症及び寄生虫症,False,感染症及び寄生虫症,total,2005,199.0,254.7,254.25832,127768.0
,感染症及び寄生虫症,False,感染症及び寄生虫症,total,2008,172.0,219.2,219.63024,127692.0
,感染症及び寄生虫症,False,感染症及び寄生虫症,total,2011,153.0,192.3,195.53247,127799.0
,感染症及び寄生虫症,False,感染症及び寄生虫症,total,2014,153.0,194.0,194.43699,127083.0
,感染症及び寄生虫症,False,感染症及び寄生虫症,total,2017,150.0,189.6,190.3785,126919.0
,感染症及び寄生虫症,False,感染症及び寄生虫症,total,2020,116.0,146.6,146.32936,126146.0
,感染症及び寄生虫症,False,感染症及び寄生虫症,total,2023,132.0,163.9,164.14464,124352.0
,感染症及び寄生虫症,False,感染症及び寄生虫症,inpatient,1996,28.0,35.8,35.24192,125864.0
,感染症及び寄生虫症,False,感染症及び寄生虫症,inpatient,1999,27.0,34.4,34.20522,126686.0
,感染症及び寄生虫症,False,感染症及び寄生虫症,inpatient,2002,25.0,31.6,31.85875,127435.0
,感染症及び寄生虫症,False,感染症及び寄生虫症,inpatient,2005,21.0,27.2,26.83128,127768.0
,感染症及び寄生虫症,False,感染症及び寄生虫症,inpatient,2008,19.0,24.6,24.26148,127692.0
,感染症及び寄生虫症,False,感染症及び寄生虫症,inpatient,2011,18.0,22.4,23.00382,127799.0
,感染症及び寄生虫症,False,感染症及び寄生虫症,inpatient,2014,16.0,20.7,20.33328,127083.0
,感染症及び寄生虫症,False,感染症及び寄生虫症,inpatient,2017,16.0,19.8,20.30704,126919.0
,感染症及び寄生虫症,False,感染症及び寄生虫症,inpatient,2020,13.0,16.3,16.39898,126146.0
,感染症及び寄生虫症,False,感染症及び寄生虫症,inpatient,2023,13.0,15.6,16.16576,124352.0
,感染症及び寄生虫症,False,感染症及び寄生虫症,outpatient,1996,168.0,212.0,211.45152,125864.0
,感染症及び寄生虫症,False,感染症及び寄生虫症,outpatient,1999,167.0,212.0,211.56562,126686.0
,感染症及び寄生虫症,False,感染症及び寄生虫症,outpatient,2002,172.0,219.0,219.1882,127435.0
,感染症及び寄生虫症,False,感染症及び寄生虫症,outpatient,2005,178.0,227.5,227.42704,127768.0
,感染症及び寄生虫症,False,感染症及び寄生虫症,outpatient,2008,152.0,194.6,194.09184,127692.0
,感染症及び寄生虫症,False,感染症及び寄生虫症,outpatient,2011,135.0,169.9,172.52865,127799.0
,感染症及び寄生虫症,False,感染症及び寄生虫症,outpatient,2014,136.0,173.3,172.83288,127083.0
,感染症及び寄生虫症,False,感染症及び寄生虫症,outpatient,2017,134.0,169.8,170.07146,126919.0
,感染症及び寄生虫症,False,感染症及び寄生虫症,outpatient,2020,103.0,130.4,129.93038,126146.0
,感染症及び寄生虫症,False,感染症及び寄生虫症,outpatient,2023,119.0,148.4,147.97888,124352.0
,"損傷,中毒及びその他の外因の影響",False,損傷，中毒及びその他の外因の影響,total,1996,347.0,437.0,436.74808,125864.0
,"損傷,中毒及びその他の外因の影響",False,損傷，中毒及びその他の外因の影響,total,1999,350.0,443.5,443.401,126686.0
,"損傷,中毒及びその他の外因の影響",False,損傷，中毒及びその他の外因の影響,total,2002,315.0,400.9,401.42025,127435.0
,"損傷,中毒及びその他の外因の影響",False,損傷，中毒及びその他の外因の影響,total,2005,334.0,426.4,426.74512,127768.0
,"損傷,中毒及びその他の外因の影響",False,損傷，中毒及びその他の外因の影響,total,2008,348.0,444.9,444.36816,127692.0
,"損傷,中毒及びその他の外因の影響",False,損傷，中毒及びその他の外因の影響,total,2011,352.0,442.4,449.85248,127799.0
,"損傷,中毒及びその他の外因の影響",False,損傷，中毒及びその他の外因の影響,total,2014,344.0,437.8,437.16552,127083.0
,"損傷,中毒及びその他の外因の影響",False,損傷，中毒及びその他の外因の影響,total,2017,345.0,436.7,437.87055,126919.0
,"損傷,中毒及びその他の外因の影響",False,損傷，中毒及びその他の外因の影響,total,2020,336.0,423.4,423.85056,126146.0
,"損傷,中毒及びその他の外因の影響",False,損傷，中毒及びその他の外因の影響,total,2023,334.0,415.5,415.33568,124352.0
,"損傷,中毒及びその他の外因の影響",False,損傷，中毒及びその他の外因の影響,inpatient,1996,93.0,117.2,117.05352,125864.0
,"損傷,中毒及びその他の外因の影響",False,損傷，中毒及びその他の外因の影響,inpatient,1999,95.0,120.5,120.3517,126686.0
,"損傷,中毒及びその他の外因の影響",False,損傷，中毒及びその他の外因の影響,inpatient,2002,93.0,118.6,118.51455,127435.0
,"損傷,中毒及びその他の外因の影響",False,損傷，中毒及びその他の外因の影響,inpatient,2005,96.0,122.5,122.65728,127768.0
,"損傷,中毒及びその他の外因の影響",False,損傷，中毒及びその他の外因の影響,inpatient,2008,98.0,125.6,125.13816,127692.0
,"損傷,中毒及びその他の外因の影響",False,損傷，中毒及びその他の外因の影響,inpatient,2011,99.0,124.8,126.52101,127799.0
,"損傷,中毒及びその他の外因の影響",False,損傷，中毒及びその他の外因の影響,inpatient,2014,103.0,131.3,130.89549,127083.0
,"損傷,中毒及びその他の外因の影響",False,損傷，中毒及びその他の外因の影響,inpatient,2017,109.0,137.7,138.34171,126919.0
,"損傷,中毒及びその他の外因の影響",False,損傷，中毒及びその他の外因の影響,inpatient,2020,107.0,134.5,134.97622,126146.0
,"損傷,中毒及びその他の外因の影響",False,損傷，中毒及びその他の外因の影響,inpatient,2023,107.0,133.5,133.05664,124352.0
,"損傷,中毒及びその他の外因の影響",False,損傷，中毒及びその他の外因の影響,outpatient,1996,254.0,319.8,319.69456,125864.0
,"損傷,中毒及びその他の外因の影響",False,損傷，中毒及びその他の外因の影響,outpatient,1999,255.0,323.1,323.0493,126686.0
,"損傷,中毒及びその他の外因の影響",False,損傷，中毒及びその他の外因の影響,outpatient,2002,221.0,282.2,281.63135,127435.0
,"損傷,中毒及びその他の外因の影響",False,損傷，中毒及びその他の外因の影響,outpatient,2005,238.0,303.9,304.08784,127768.0
,"損傷,中毒及びその他の外因の影響",False,損傷，中毒及びその他の外因の影響,outpatient,2008,250.0,319.3,319.23,127692.0
,"損傷,中毒及びその他の外因の影響",False,損傷，中毒及びその他の外因の影響,outpatient,2011,253.0,317.6,323.33147,127799.0
,"損傷,中毒及びその他の外因の影響",False,損傷，中毒及びその他の外因の影響,outpatient,2014,241.0,306.5,306.27003,127083.0
,"損傷,中毒及びその他の外因の影響",False,損傷，中毒及びその他の外因の影響,outpatient,2017,236.0,299.0,299.52884,126919.0
,"損傷,中毒及びその他の外因の影響",False,損傷，中毒及びその他の外因の影響,outpatient,2020,229.0,289.0,288.87434,126146.0
,"損傷,中毒及びその他の外因の影響",False,損傷，中毒及びその他の外因の影響,outpatient,2023,227.0,281.9,282.27904,124352.0
neoplasm_all,新生物<腫瘍>,False,新生物＜腫瘍＞,total,1996,287.0,361.1,361.22968,125864.0
neoplasm_all,新生物<腫瘍>,False,新生物＜腫瘍＞,total,1999,277.0,351.2,350.92022,126686.0
neoplasm_all,新生物<腫瘍>,False,新生物＜腫瘍＞,total,2002,272.0,346.5,346.6232,127435.0
neoplasm_all,新生物<腫瘍>,False,新生物＜腫瘍＞,total,2005,293.0,374.5,374.36024,127768.0
neoplasm_all,新生物<腫瘍>,False,新生物＜腫瘍＞,total,2008,296.0,377.3,377.96832,127692.0
neoplasm_all,新生物<腫瘍>,False,新生物＜腫瘍＞,total,2011,295.0,370.5,377.00705,127799.0
neoplasm_all,新生物<腫瘍>,False,新生物＜腫瘍＞,total,2014,296.0,376.5,376.16568,127083.0
neoplasm_all,新生物<腫瘍>,False,新生物＜腫瘍＞,total,2017,309.0,391.6,392.17971,126919.0
neoplasm_all,新生物<腫瘍>,False,新生物＜腫瘍＞,total,2020,296.0,373.7,373.39216,126146.0
neoplasm_all,新生物<腫瘍>,False,新生物＜腫瘍＞,total,2023,303.0,377.0,376.78656,124352.0
neoplasm_all,新生物<腫瘍>,False,新生物＜腫瘍＞,inpatient,1996,134.0,168.2,168.65776,125864.0
neoplasm_all,新生物<腫瘍>,False,新生物＜腫瘍＞,inpatient,1999,134.0,169.3,169.75924,126686.0
neoplasm_all,新生物<腫瘍>,False,新生物＜腫瘍＞,inpatient,2002,131.0,166.5,166.93985,127435.0
neoplasm_all,新生物<腫瘍>,False,新生物＜腫瘍＞,inpatient,2005,133.0,169.8,169.93144,127768.0
neoplasm_all,新生物<腫瘍>,False,新生物＜腫瘍＞,inpatient,2008,125.0,159.2,159.615,127692.0
neoplasm_all,新生物<腫瘍>,False,新生物＜腫瘍＞,inpatient,2011,120.0,150.6,153.3588,127799.0
neoplasm_all,新生物<腫瘍>,False,新生物＜腫瘍＞,inpatient,2014,114.0,144.9,144.87462,127083.0
neoplasm_all,新生物<腫瘍>,False,新生物＜腫瘍＞,inpatient,2017,112.0,142.2,142.14928,126919.0
neoplasm_all,新生物<腫瘍>,False,新生物＜腫瘍＞,inpatient,2020,100.0,126.7,126.146,126146.0
neoplasm_all,新生物<腫瘍>,False,新生物＜腫瘍＞,inpatient,2023,96.0,118.8,119.37792,124352.0
neoplasm_all,新生物<腫瘍>,False,新生物＜腫瘍＞,outpatient,1996,153.0,192.9,192.57192,125864.0
neoplasm_all,新生物<腫瘍>,False,新生物＜腫瘍＞,outpatient,1999,144.0,181.9,182.42784,126686.0
neoplasm_all,新生物<腫瘍>,False,新生物＜腫瘍＞,outpatient,2002,141.0,180.0,179.68335,127435.0
neoplasm_all,新生物<腫瘍>,False,新生物＜腫瘍＞,outpatient,2005,160.0,204.6,204.4288,127768.0
neoplasm_all,新生物<腫瘍>,False,新生物＜腫瘍＞,outpatient,2008,171.0,218.2,218.35332,127692.0
neoplasm_all,新生物<腫瘍>,False,新生物＜腫瘍＞,outpatient,2011,175.0,219.9,223.64825,127799.0
neoplasm_all,新生物<腫瘍>,False,新生物＜腫瘍＞,outpatient,2014,182.0,231.6,231.29106,127083.0
neoplasm_all,新生物<腫瘍>,False,新生物＜腫瘍＞,outpatient,2017,197.0,249.5,250.03043,126919.0
neoplasm_all,新生物<腫瘍>,False,新生物＜腫瘍＞,outpatient,2020,196.0,247.0,247.24616,126146.0
neoplasm_all,新生物<腫瘍>,False,新生物＜腫瘍＞,outpatient,2023,208.0,258.2,258.65216,124352.0
,歯の補てつ,True,　歯の補てつ（再掲）,total,1996,202.0,254.1,254.24528,125864.0
,歯の補てつ,True,　歯の補てつ（再掲）,total,1999,176.0,222.4,222.96736,126686.0
,歯の補てつ,True,　歯の補てつ（再掲）,total,2002,194.0,246.7,247.2239,127435.0
,歯の補てつ,True,　歯の補てつ（再掲）,total,2005,209.0,267.5,267.03512,127768.0
,歯の補てつ,True,　歯の補てつ（再掲）,total,2008,237.0,302.6,302.63004,127692.0
,歯の補てつ,True,　歯の補てつ（再掲）,total,2011,249.0,313.0,318.21951,127799.0
,歯の補てつ,True,　歯の補てつ（再掲）,total,2014,241.0,305.7,306.27003,127083.0
,歯の補てつ,True,　歯の補てつ（再掲）,total,2017,231.0,292.4,293.18289,126919.0
,歯の補てつ,True,　歯の補てつ（再掲）,total,2020,195.0,246.2,245.9847,126146.0
,歯の補てつ,True,　歯の補てつ（再掲）,total,2023,177.0,220.4,220.10304,124352.0
,歯の補てつ,True,　歯の補てつ（再掲）,inpatient,1996,0.0,0.0,0.0,125864.0
,歯の補てつ,True,　歯の補てつ（再掲）,inpatient,1999,0.0,0.0,0.0,126686.0
,歯の補てつ,True,　歯の補てつ（再掲）,inpatient,2002,0.0,0.0,0.0,127435.0
,歯の補てつ,True,　歯の補てつ（再掲）,inpatient,2005,0.0,0.0,0.0,127768.0
,歯の補てつ,True,　歯の補てつ（再掲）,inpatient,2008,0.0,0.0,0.0,127692.0
,歯の補てつ,True,　歯の補てつ（再掲）,inpatient,2011,0.0,0.0,0.0,127799.0
,歯の補てつ,True,　歯の補てつ（再掲）,inpatient,2014,0.0,0.0,0.0,127083.0
,歯の補てつ,True,　歯の補てつ（再掲）,inpatient,2017,0.0,0.0,0.0,126919.0
,歯の補てつ,True,　歯の補てつ（再掲）,inpatient,2020,0.0,0.0,0.0,126146.0
,歯の補てつ,True,　歯の補てつ（再掲）,inpatient,2023,,,,124352.0
,歯の補てつ,True,　歯の補てつ（再掲）,outpatient,1996,202.0,254.0,254.24528,125864.0
,歯の補てつ,True,　歯の補てつ（再掲）,outpatient,1999,176.0,222.4,222.96736,126686.0
,歯の補てつ,True,　歯の補てつ（再掲）,outpatient,2002,194.0,246.7,247.2239,127435.0
,歯の補てつ,True,　歯の補てつ（再掲）,outpatient,2005,209.0,267.5,267.03512,127768.0
,歯の補てつ,True,　歯の補てつ（再掲）,outpatient,2008,237.0,302.6,302.63004,127692.0
,歯の補てつ,True,　歯の補てつ（再掲）,outpatient,2011,249.0,313.0,318.21951,127799.0
,歯の補てつ,True,　歯の補てつ（再掲）,outpatient,2014,241.0,305.7,306.27003,127083.0
,歯の補てつ,True,　歯の補てつ（再掲）,outpatient,2017,231.0,292.4,293.18289,126919.0
,歯の補てつ,True,　歯の補てつ（再掲）,outpatient,2020,195.0,246.2,245.9847,126146.0
,歯の補てつ,True,　歯の補てつ（再掲）,outpatient,2023,177.0,220.4,220.10304,124352.0
,歯肉炎及び歯周疾患,True,　歯肉炎及び歯周疾患（再掲）,total,1996,188.0,236.9,236.62432,125864.0
,歯肉炎及び歯周疾患,True,　歯肉炎及び歯周疾患（再掲）,total,1999,182.0,230.4,230.56852,126686.0
,歯肉炎及び歯周疾患,True,　歯肉炎及び歯周疾患（再掲）,total,2002,209.0,266.7,266.33915,127435.0
,歯肉炎及び歯周疾患,True,　歯肉炎及び歯周疾患（再掲）,total,2005,249.0,318.1,318.14232,127768.0
,歯肉炎及び歯周疾患,True,　歯肉炎及び歯周疾患（再掲）,total,2008,287.0,366.8,366.47604,127692.0
,歯肉炎及び歯周疾患,True,　歯肉炎及び歯周疾患（再掲）,total,2011,319.0,400.6,407.67881,127799.0
,歯肉炎及び歯周疾患,True,　歯肉炎及び歯周疾患（再掲）,total,2014,350.0,444.9,444.7905,127083.0
,歯肉炎及び歯周疾患,True,　歯肉炎及び歯周疾患（再掲）,total,2017,370.0,469.2,469.6003,126919.0
,歯肉炎及び歯周疾患,True,　歯肉炎及び歯周疾患（再掲）,total,2020,401.0,505.5,505.84546,126146.0
,歯肉炎及び歯周疾患,True,　歯肉炎及び歯周疾患（再掲）,total,2023,443.0,550.8,550.87936,124352.0
,歯肉炎及び歯周疾患,True,　歯肉炎及び歯周疾患（再掲）,inpatient,1996,0.0,0.1,0.0,125864.0
,歯肉炎及び歯周疾患,True,　歯肉炎及び歯周疾患（再掲）,inpatient,1999,0.0,0.3,0.0,126686.0
,歯肉炎及び歯周疾患,True,　歯肉炎及び歯周疾患（再掲）,inpatient,2002,0.0,0.2,0.0,127435.0
,歯肉炎及び歯周疾患,True,　歯肉炎及び歯周疾患（再掲）,inpatient,2005,0.0,0.2,0.0,127768.0
,歯肉炎及び歯周疾患,True,　歯肉炎及び歯周疾患（再掲）,inpatient,2008,0.0,0.1,0.0,127692.0
,歯肉炎及び歯周疾患,True,　歯肉炎及び歯周疾患（再掲）,inpatient,2011,0.0,0.1,0.0,127799.0
,歯肉炎及び歯周疾患,True,　歯肉炎及び歯周疾患（再掲）,inpatient,2014,0.0,0.2,0.0,127083.0
,歯肉炎及び歯周疾患,True,　歯肉炎及び歯周疾患（再掲）,inpatient,2017,0.0,0.1,0.0,126919.0
,歯肉炎及び歯周疾患,True,　歯肉炎及び歯周疾患（再掲）,inpatient,2020,0.0,0.1,0.0,126146.0
,歯肉炎及び歯周疾患,True,　歯肉炎及び歯周疾患（再掲）,inpatient,2023,0.0,0.2,0.0,124352.0
,歯肉炎及び歯周疾患,True,　歯肉炎及び歯周疾患（再掲）,outpatient,1996,188.0,236.7,236.62432,125864.0
,歯肉炎及び歯周疾患,True,　歯肉炎及び歯周疾患（再掲）,outpatient,1999,182.0,230.1,230.56852,126686.0
,歯肉炎及び歯周疾患,True,　歯肉炎及び歯周疾患（再掲）,outpatient,2002,209.0,266.4,266.33915,127435.0
,歯肉炎及び歯周疾患,True,　歯肉炎及び歯周疾患（再掲）,outpatient,2005,249.0,317.8,318.14232,127768.0
,歯肉炎及び歯周疾患,True,　歯肉炎及び歯周疾患（再掲）,outpatient,2008,287.0,366.7,366.47604,127692.0
,歯肉炎及び歯周疾患,True,　歯肉炎及び歯周疾患（再掲）,outpatient,2011,319.0,400.5,407.67881,127799.0
,歯肉炎及び歯周疾患,True,　歯肉炎及び歯周疾患（再掲）,outpatient,2014,350.0,444.7,444.7905,127083.0
,歯肉炎及び歯周疾患,True,　歯肉炎及び歯周疾患（再掲）,outpatient,2017,370.0,469.1,469.6003,126919.0
,歯肉炎及び歯周疾患,True,　歯肉炎及び歯周疾患（再掲）,outpatient,2020,401.0,505.4,505.84546,126146.0
,歯肉炎及び歯周疾患,True,　歯肉炎及び歯周疾患（再掲）,outpatient,2023,443.0,550.6,550.87936,124352.0
,"気管,気管支及び肺の悪性新生物<腫瘍>",True,　気管，気管支及び肺の悪性新生物＜腫瘍＞（再掲）,total,1996,21.0,26.1,26.43144,125864.0
,"気管,気管支及び肺の悪性新生物<腫瘍>",True,　気管，気管支及び肺の悪性新生物＜腫瘍＞（再掲）,total,1999,21.0,27.2,26.60406,126686.0
,"気管,気管支及び肺の悪性新生物<腫瘍>",True,　気管，気管支及び肺の悪性新生物＜腫瘍＞（再掲）,total,2002,23.0,29.1,29.31005,127435.0
,"気管,気管支及び肺の悪性新生物<腫瘍>",True,　気管，気管支及び肺の悪性新生物＜腫瘍＞（再掲）,total,2005,26.0,33.3,33.21968,127768.0
,"気管,気管支及び肺の悪性新生物<腫瘍>",True,　気管，気管支及び肺の悪性新生物＜腫瘍＞（再掲）,total,2008,27.0,35.0,34.47684,127692.0
,"気管,気管支及び肺の悪性新生物<腫瘍>",True,　気管，気管支及び肺の悪性新生物＜腫瘍＞（再掲）,total,2011,28.0,34.7,35.78372,127799.0
,"気管,気管支及び肺の悪性新生物<腫瘍>",True,　気管，気管支及び肺の悪性新生物＜腫瘍＞（再掲）,total,2014,27.0,34.9,34.31241,127083.0
,"気管,気管支及び肺の悪性新生物<腫瘍>",True,　気管，気管支及び肺の悪性新生物＜腫瘍＞（再掲）,total,2017,28.0,34.9,35.53732,126919.0
,"気管,気管支及び肺の悪性新生物<腫瘍>",True,　気管，気管支及び肺の悪性新生物＜腫瘍＞（再掲）,total,2020,27.0,34.5,34.05942,126146.0
,"気管,気管支及び肺の悪性新生物<腫瘍>",True,　気管，気管支及び肺の悪性新生物＜腫瘍＞（再掲）,total,2023,26.0,32.9,32.33152,124352.0
,"気管,気管支及び肺の悪性新生物<腫瘍>",True,　気管，気管支及び肺の悪性新生物＜腫瘍＞（再掲）,inpatient,1996,14.0,17.2,17.62096,125864.0
,"気管,気管支及び肺の悪性新生物<腫瘍>",True,　気管，気管支及び肺の悪性新生物＜腫瘍＞（再掲）,inpatient,1999,14.0,18.2,17.73604,126686.0
,"気管,気管支及び肺の悪性新生物<腫瘍>",True,　気管，気管支及び肺の悪性新生物＜腫瘍＞（再掲）,inpatient,2002,15.0,19.0,19.11525,127435.0
,"気管,気管支及び肺の悪性新生物<腫瘍>",True,　気管，気管支及び肺の悪性新生物＜腫瘍＞（再掲）,inpatient,2005,16.0,20.3,20.44288,127768.0
,"気管,気管支及び肺の悪性新生物<腫瘍>",True,　気管，気管支及び肺の悪性新生物＜腫瘍＞（再掲）,inpatient,2008,16.0,20.3,20.43072,127692.0
,"気管,気管支及び肺の悪性新生物<腫瘍>",True,　気管，気管支及び肺の悪性新生物＜腫瘍＞（再掲）,inpatient,2011,15.0,19.3,19.16985,127799.0
,"気管,気管支及び肺の悪性新生物<腫瘍>",True,　気管，気管支及び肺の悪性新生物＜腫瘍＞（再掲）,inpatient,2014,15.0,18.8,19.06245,127083.0
,"気管,気管支及び肺の悪性新生物<腫瘍>",True,　気管，気管支及び肺の悪性新生物＜腫瘍＞（再掲）,inpatient,2017,14.0,17.8,17.76866,126919.0
,"気管,気管支及び肺の悪性新生物<腫瘍>",True,　気管，気管支及び肺の悪性新生物＜腫瘍＞（再掲）,inpatient,2020,13.0,15.9,16.39898,126146.0
,"気管,気管支及び肺の悪性新生物<腫瘍>",True,　気管，気管支及び肺の悪性新生物＜腫瘍＞（再掲）,inpatient,2023,12.0,14.3,14.92224,124352.0
,"気管,気管支及び肺の悪性新生物<腫瘍>",True,　気管，気管支及び肺の悪性新生物＜腫瘍＞（再掲）,outpatient,1996,7.0,8.9,8.81048,125864.0
,"気管,気管支及び肺の悪性新生物<腫瘍>",True,　気管，気管支及び肺の悪性新生物＜腫瘍＞（再掲）,outpatient,1999,7.0,9.0,8.86802,126686.0
,"気管,気管支及び肺の悪性新生物<腫瘍>",True,　気管，気管支及び肺の悪性新生物＜腫瘍＞（再掲）,outpatient,2002,8.0,10.1,10.1948,127435.0
,"気管,気管支及び肺の悪性新生物<腫瘍>",True,　気管，気管支及び肺の悪性新生物＜腫瘍＞（再掲）,outpatient,2005,10.0,12.9,12.7768,127768.0
,"気管,気管支及び肺の悪性新生物<腫瘍>",True,　気管，気管支及び肺の悪性新生物＜腫瘍＞（再掲）,outpatient,2008,11.0,14.6,14.04612,127692.0
,"気管,気管支及び肺の悪性新生物<腫瘍>",True,　気管，気管支及び肺の悪性新生物＜腫瘍＞（再掲）,outpatient,2011,12.0,15.4,15.33588,127799.0
,"気管,気管支及び肺の悪性新生物<腫瘍>",True,　気管，気管支及び肺の悪性新生物＜腫瘍＞（再掲）,outpatient,2014,13.0,16.1,16.52079,127083.0
,"気管,気管支及び肺の悪性新生物<腫瘍>",True,　気管，気管支及び肺の悪性新生物＜腫瘍＞（再掲）,outpatient,2017,13.0,17.1,16.49947,126919.0
,"気管,気管支及び肺の悪性新生物<腫瘍>",True,　気管，気管支及び肺の悪性新生物＜腫瘍＞（再掲）,outpatient,2020,15.0,18.6,18.9219,126146.0
,"気管,気管支及び肺の悪性新生物<腫瘍>",True,　気管，気管支及び肺の悪性新生物＜腫瘍＞（再掲）,outpatient,2023,15.0,18.6,18.6528,124352.0
,気管支炎及び慢性閉塞性肺疾患,True,　気管支炎及び慢性閉塞性肺疾患（再掲）,total,1996,51.0,64.1,64.19064,125864.0
,気管支炎及び慢性閉塞性肺疾患,True,　気管支炎及び慢性閉塞性肺疾患（再掲）,total,1999,43.0,54.2,54.47498,126686.0
,気管支炎及び慢性閉塞性肺疾患,True,　気管支炎及び慢性閉塞性肺疾患（再掲）,total,2002,36.0,45.5,45.8766,127435.0
,気管支炎及び慢性閉塞性肺疾患,True,　気管支炎及び慢性閉塞性肺疾患（再掲）,total,2005,38.0,48.6,48.55184,127768.0
,気管支炎及び慢性閉塞性肺疾患,True,　気管支炎及び慢性閉塞性肺疾患（再掲）,total,2008,32.0,41.2,40.86144,127692.0
,気管支炎及び慢性閉塞性肺疾患,True,　気管支炎及び慢性閉塞性肺疾患（再掲）,total,2011,33.0,41.5,42.17367,127799.0
,気管支炎及び慢性閉塞性肺疾患,True,　気管支炎及び慢性閉塞性肺疾患（再掲）,total,2014,31.0,39.9,39.39573,127083.0
,気管支炎及び慢性閉塞性肺疾患,True,　気管支炎及び慢性閉塞性肺疾患（再掲）,total,2017,24.0,30.8,30.46056,126919.0
,気管支炎及び慢性閉塞性肺疾患,True,　気管支炎及び慢性閉塞性肺疾患（再掲）,total,2020,19.0,23.7,23.96774,126146.0
,気管支炎及び慢性閉塞性肺疾患,True,　気管支炎及び慢性閉塞性肺疾患（再掲）,total,2023,21.0,25.5,26.11392,124352.0
,気管支炎及び慢性閉塞性肺疾患,True,　気管支炎及び慢性閉塞性肺疾患（再掲）,inpatient,1996,7.0,8.9,8.81048,125864.0
,気管支炎及び慢性閉塞性肺疾患,True,　気管支炎及び慢性閉塞性肺疾患（再掲）,inpatient,1999,7.0,8.7,8.86802,126686.0
,気管支炎及び慢性閉塞性肺疾患,True,　気管支炎及び慢性閉塞性肺疾患（再掲）,inpatient,2002,6.0,7.7,7.6461,127435.0
,気管支炎及び慢性閉塞性肺疾患,True,　気管支炎及び慢性閉塞性肺疾患（再掲）,inpatient,2005,6.0,7.5,7.66608,127768.0
,気管支炎及び慢性閉塞性肺疾患,True,　気管支炎及び慢性閉塞性肺疾患（再掲）,inpatient,2008,7.0,8.9,8.93844,127692.0
,気管支炎及び慢性閉塞性肺疾患,True,　気管支炎及び慢性閉塞性肺疾患（再掲）,inpatient,2011,7.0,9.1,8.94593,127799.0
,気管支炎及び慢性閉塞性肺疾患,True,　気管支炎及び慢性閉塞性肺疾患（再掲）,inpatient,2014,7.0,8.3,8.89581,127083.0
,気管支炎及び慢性閉塞性肺疾患,True,　気管支炎及び慢性閉塞性肺疾患（再掲）,inpatient,2017,7.0,8.5,8.88433,126919.0
,気管支炎及び慢性閉塞性肺疾患,True,　気管支炎及び慢性閉塞性肺疾患（再掲）,inpatient,2020,5.0,6.5,6.3073,126146.0
,気管支炎及び慢性閉塞性肺疾患,True,　気管支炎及び慢性閉塞性肺疾患（再掲）,inpatient,2023,5.0,5.9,6.2176,124352.0
,気管支炎及び慢性閉塞性肺疾患,True,　気管支炎及び慢性閉塞性肺疾患（再掲）,outpatient,1996,44.0,55.1,55.38016,125864.0
,気管支炎及び慢性閉塞性肺疾患,True,　気管支炎及び慢性閉塞性肺疾患（再掲）,outpatient,1999,36.0,45.6,45.60696,126686.0
,気管支炎及び慢性閉塞性肺疾患,True,　気管支炎及び慢性閉塞性肺疾患（再掲）,outpatient,2002,30.0,37.8,38.2305,127435.0
,気管支炎及び慢性閉塞性肺疾患,True,　気管支炎及び慢性閉塞性肺疾患（再掲）,outpatient,2005,32.0,41.1,40.88576,127768.0
,気管支炎及び慢性閉塞性肺疾患,True,　気管支炎及び慢性閉塞性肺疾患（再掲）,outpatient,2008,25.0,32.2,31.923,127692.0
,気管支炎及び慢性閉塞性肺疾患,True,　気管支炎及び慢性閉塞性肺疾患（再掲）,outpatient,2011,26.0,32.4,33.22774,127799.0
,気管支炎及び慢性閉塞性肺疾患,True,　気管支炎及び慢性閉塞性肺疾患（再掲）,outpatient,2014,25.0,31.6,31.77075,127083.0
,気管支炎及び慢性閉塞性肺疾患,True,　気管支炎及び慢性閉塞性肺疾患（再掲）,outpatient,2017,18.0,22.3,22.84542,126919.0
,気管支炎及び慢性閉塞性肺疾患,True,　気管支炎及び慢性閉塞性肺疾患（再掲）,outpatient,2020,14.0,17.2,17.66044,126146.0
,気管支炎及び慢性閉塞性肺疾患,True,　気管支炎及び慢性閉塞性肺疾患（再掲）,outpatient,2023,16.0,19.7,19.89632,124352.0
,消化器系の疾患,False,消化器系の疾患,total,1996,1271.0,1599.3,1599.73144,125864.0
,消化器系の疾患,False,消化器系の疾患,total,1999,1085.0,1374.3,1374.5431,126686.0
,消化器系の疾患,False,消化器系の疾患,total,2002,1010.0,1286.9,1287.0935,127435.0
,消化器系の疾患,False,消化器系の疾患,total,2005,1075.0,1373.4,1373.506,127768.0
,消化器系の疾患,False,消化器系の疾患,total,2008,1032.0,1318.1,1317.78144,127692.0
,消化器系の疾患,False,消化器系の疾患,total,2011,1087.0,1364.6,1389.17513,127799.0
,消化器系の疾患,False,消化器系の疾患,total,2014,1083.0,1375.8,1376.30889,127083.0
,消化器系の疾患,False,消化器系の疾患,total,2017,1073.0,1359.3,1361.84087,126919.0
,消化器系の疾患,False,消化器系の疾患,total,2020,1055.0,1331.3,1330.8403,126146.0
,消化器系の疾患,False,消化器系の疾患,total,2023,1042.0,1296.1,1295.74784,124352.0
,消化器系の疾患,False,消化器系の疾患,inpatient,1996,73.0,91.6,91.88072,125864.0
,消化器系の疾患,False,消化器系の疾患,inpatient,1999,66.0,83.8,83.61276,126686.0
,消化器系の疾患,False,消化器系の疾患,inpatient,2002,59.0,75.4,75.18665,127435.0
,消化器系の疾患,False,消化器系の疾患,inpatient,2005,56.0,72.0,71.55008,127768.0
,消化器系の疾患,False,消化器系の疾患,inpatient,2008,54.0,68.4,68.95368,127692.0
,消化器系の疾患,False,消化器系の疾患,inpatient,2011,51.0,64.3,65.17749,127799.0
,消化器系の疾患,False,消化器系の疾患,inpatient,2014,52.0,65.9,66.08316,127083.0
,消化器系の疾患,False,消化器系の疾患,inpatient,2017,52.0,66.1,65.99788,126919.0
,消化器系の疾患,False,消化器系の疾患,inpatient,2020,48.0,60.5,60.55008,126146.0
,消化器系の疾患,False,消化器系の疾患,inpatient,2023,48.0,60.1,59.68896,124352.0
,消化器系の疾患,False,消化器系の疾患,outpatient,1996,1198.0,1507.7,1507.85072,125864.0
,消化器系の疾患,False,消化器系の疾患,outpatient,1999,1019.0,1290.5,1290.93034,126686.0
,消化器系の疾患,False,消化器系の疾患,outpatient,2002,951.0,1211.5,1211.90685,127435.0
,消化器系の疾患,False,消化器系の疾患,outpatient,2005,1019.0,1301.4,1301.95592,127768.0
,消化器系の疾患,False,消化器系の疾患,outpatient,2008,979.0,1249.8,1250.10468,127692.0
,消化器系の疾患,False,消化器系の疾患,outpatient,2011,1036.0,1300.3,1323.99764,127799.0
,消化器系の疾患,False,消化器系の疾患,outpatient,2014,1031.0,1310.0,1310.22573,127083.0
,消化器系の疾患,False,消化器系の疾患,outpatient,2017,1021.0,1293.2,1295.84299,126919.0
,消化器系の疾患,False,消化器系の疾患,outpatient,2020,1007.0,1270.8,1270.29022,126146.0
,消化器系の疾患,False,消化器系の疾患,outpatient,2023,994.0,1236.0,1236.05888,124352.0
,炎症性多発性関節障害,True,　炎症性多発性関節障害（再掲）,total,1996,68.0,85.1,85.58752,125864.0
,炎症性多発性関節障害,True,　炎症性多発性関節障害（再掲）,total,1999,61.0,76.7,77.27846,126686.0
,炎症性多発性関節障害,True,　炎症性多発性関節障害（再掲）,total,2002,54.0,68.6,68.8149,127435.0
,炎症性多発性関節障害,True,　炎症性多発性関節障害（再掲）,total,2005,56.0,71.0,71.55008,127768.0
,炎症性多発性関節障害,True,　炎症性多発性関節障害（再掲）,total,2008,51.0,65.1,65.12292,127692.0
,炎症性多発性関節障害,True,　炎症性多発性関節障害（再掲）,total,2011,50.0,62.5,63.8995,127799.0
,炎症性多発性関節障害,True,　炎症性多発性関節障害（再掲）,total,2014,43.0,54.4,54.64569,127083.0
,炎症性多発性関節障害,True,　炎症性多発性関節障害（再掲）,total,2017,43.0,54.0,54.57517,126919.0
,炎症性多発性関節障害,True,　炎症性多発性関節障害（再掲）,total,2020,45.0,56.5,56.7657,126146.0
,炎症性多発性関節障害,True,　炎症性多発性関節障害（再掲）,total,2023,40.0,50.2,49.7408,124352.0
,炎症性多発性関節障害,True,　炎症性多発性関節障害（再掲）,inpatient,1996,9.0,11.9,11.32776,125864.0
,炎症性多発性関節障害,True,　炎症性多発性関節障害（再掲）,inpatient,1999,9.0,11.5,11.40174,126686.0
,炎症性多発性関節障害,True,　炎症性多発性関節障害（再掲）,inpatient,2002,8.0,10.3,10.1948,127435.0
,炎症性多発性関節障害,True,　炎症性多発性関節障害（再掲）,inpatient,2005,7.0,9.0,8.94376,127768.0
,炎症性多発性関節障害,True,　炎症性多発性関節障害（再掲）,inpatient,2008,6.0,7.4,7.66152,127692.0
,炎症性多発性関節障害,True,　炎症性多発性関節障害（再掲）,inpatient,2011,4.0,5.3,5.11196,127799.0
,炎症性多発性関節障害,True,　炎症性多発性関節障害（再掲）,inpatient,2014,4.0,5.2,5.08332,127083.0
,炎症性多発性関節障害,True,　炎症性多発性関節障害（再掲）,inpatient,2017,3.0,4.4,3.80757,126919.0
,炎症性多発性関節障害,True,　炎症性多発性関節障害（再掲）,inpatient,2020,3.0,4.0,3.78438,126146.0
,炎症性多発性関節障害,True,　炎症性多発性関節障害（再掲）,inpatient,2023,3.0,3.5,3.73056,124352.0
,炎症性多発性関節障害,True,　炎症性多発性関節障害（再掲）,outpatient,1996,58.0,73.1,73.00112,125864.0
,炎症性多発性関節障害,True,　炎症性多発性関節障害（再掲）,outpatient,1999,52.0,65.3,65.87672,126686.0
,炎症性多発性関節障害,True,　炎症性多発性関節障害（再掲）,outpatient,2002,46.0,58.3,58.6201,127435.0
,炎症性多発性関節障害,True,　炎症性多発性関節障害（再掲）,outpatient,2005,49.0,62.0,62.60632,127768.0
,炎症性多発性関節障害,True,　炎症性多発性関節障害（再掲）,outpatient,2008,45.0,57.7,57.4614,127692.0
,炎症性多発性関節障害,True,　炎症性多発性関節障害（再掲）,outpatient,2011,46.0,57.2,58.78754,127799.0
,炎症性多発性関節障害,True,　炎症性多発性関節障害（再掲）,outpatient,2014,39.0,49.2,49.56237,127083.0
,炎症性多発性関節障害,True,　炎症性多発性関節障害（再掲）,outpatient,2017,39.0,49.6,49.49841,126919.0
,炎症性多発性関節障害,True,　炎症性多発性関節障害（再掲）,outpatient,2020,42.0,52.6,52.98132,126146.0
,炎症性多発性関節障害,True,　炎症性多発性関節障害（再掲）,outpatient,2023,38.0,46.7,47.25376,124352.0
,特殊目的用コード,False,特殊目的用コード,total,1996,,,,125864.0
,特殊目的用コード,False,特殊目的用コード,total,1999,,,,126686.0
,特殊目的用コード,False,特殊目的用コード,total,2002,,,,127435.0
,特殊目的用コード,False,特殊目的用コード,total,2005,,,,127768.0
,特殊目的用コード,False,特殊目的用コード,total,2008,,,,127692.0
,特殊目的用コード,False,特殊目的用コード,total,2011,,,,127799.0
,特殊目的用コード,False,特殊目的用コード,total,2014,,,,127083.0
,特殊目的用コード,False,特殊目的用コード,total,2017,,,,126919.0
,特殊目的用コード,False,特殊目的用コード,total,2020,5.0,6.7,6.3073,126146.0
,特殊目的用コード,False,特殊目的用コード,total,2023,35.0,44.1,43.5232,124352.0
,特殊目的用コード,False,特殊目的用コード,inpatient,1996,,,,125864.0
,特殊目的用コード,False,特殊目的用コード,inpatient,1999,,,,126686.0
,特殊目的用コード,False,特殊目的用コード,inpatient,2002,,,,127435.0
,特殊目的用コード,False,特殊目的用コード,inpatient,2005,,,,127768.0
,特殊目的用コード,False,特殊目的用コード,inpatient,2008,,,,127692.0
,特殊目的用コード,False,特殊目的用コード,inpatient,2011,,,,127799.0
,特殊目的用コード,False,特殊目的用コード,inpatient,2014,,,,127083.0
,特殊目的用コード,False,特殊目的用コード,inpatient,2017,,,,126919.0
,特殊目的用コード,False,特殊目的用コード,inpatient,2020,2.0,2.9,2.52292,126146.0
,特殊目的用コード,False,特殊目的用コード,inpatient,2023,12.0,14.8,14.92224,124352.0
,特殊目的用コード,False,特殊目的用コード,outpatient,1996,,,,125864.0
,特殊目的用コード,False,特殊目的用コード,outpatient,1999,,,,126686.0
,特殊目的用コード,False,特殊目的用コード,outpatient,2002,,,,127435.0
,特殊目的用コード,False,特殊目的用コード,outpatient,2005,,,,127768.0
,特殊目的用コード,False,特殊目的用コード,outpatient,2008,,,,127692.0
,特殊目的用コード,False,特殊目的用コード,outpatient,2011,,,,127799.0
,特殊目的用コード,False,特殊目的用コード,outpatient,2014,,,,127083.0
,特殊目的用コード,False,特殊目的用コード,outpatient,2017,,,,126919.0
,特殊目的用コード,False,特殊目的用コード,outpatient,2020,3.0,3.8,3.78438,126146.0
,特殊目的用コード,False,特殊目的用コード,outpatient,2023,24.0,29.3,29.84448,124352.0
,甲状腺障害,True,　甲状腺障害（再掲）,total,1996,24.0,30.4,30.20736,125864.0
,甲状腺障害,True,　甲状腺障害（再掲）,total,1999,25.0,32.0,31.6715,126686.0
,甲状腺障害,True,　甲状腺障害（再掲）,total,2002,22.0,28.3,28.0357,127435.0
,甲状腺障害,True,　甲状腺障害（再掲）,total,2005,22.0,27.6,28.10896,127768.0
,甲状腺障害,True,　甲状腺障害（再掲）,total,2008,22.0,28.3,28.09224,127692.0
,甲状腺障害,True,　甲状腺障害（再掲）,total,2011,24.0,30.1,30.67176,127799.0
,甲状腺障害,True,　甲状腺障害（再掲）,total,2014,31.0,39.9,39.39573,127083.0
,甲状腺障害,True,　甲状腺障害（再掲）,total,2017,26.0,33.1,32.99894,126919.0
,甲状腺障害,True,　甲状腺障害（再掲）,total,2020,27.0,33.8,34.05942,126146.0
,甲状腺障害,True,　甲状腺障害（再掲）,total,2023,24.0,30.5,29.84448,124352.0
,甲状腺障害,True,　甲状腺障害（再掲）,inpatient,1996,2.0,2.4,2.51728,125864.0
,甲状腺障害,True,　甲状腺障害（再掲）,inpatient,1999,2.0,1.9,2.53372,126686.0
,甲状腺障害,True,　甲状腺障害（再掲）,inpatient,2002,1.0,1.9,1.27435,127435.0
,甲状腺障害,True,　甲状腺障害（再掲）,inpatient,2005,1.0,1.4,1.27768,127768.0
,甲状腺障害,True,　甲状腺障害（再掲）,inpatient,2008,1.0,1.1,1.27692,127692.0
,甲状腺障害,True,　甲状腺障害（再掲）,inpatient,2011,1.0,1.2,1.27799,127799.0
,甲状腺障害,True,　甲状腺障害（再掲）,inpatient,2014,1.0,0.9,1.27083,127083.0
,甲状腺障害,True,　甲状腺障害（再掲）,inpatient,2017,1.0,0.9,1.26919,126919.0
,甲状腺障害,True,　甲状腺障害（再掲）,inpatient,2020,1.0,0.9,1.26146,126146.0
,甲状腺障害,True,　甲状腺障害（再掲）,inpatient,2023,1.0,0.9,1.24352,124352.0
,甲状腺障害,True,　甲状腺障害（再掲）,outpatient,1996,22.0,28.0,27.69008,125864.0
,甲状腺障害,True,　甲状腺障害（再掲）,outpatient,1999,24.0,30.1,30.40464,126686.0
,甲状腺障害,True,　甲状腺障害（再掲）,outpatient,2002,21.0,26.4,26.76135,127435.0
,甲状腺障害,True,　甲状腺障害（再掲）,outpatient,2005,20.0,26.1,25.5536,127768.0
,甲状腺障害,True,　甲状腺障害（再掲）,outpatient,2008,21.0,27.2,26.81532,127692.0
,甲状腺障害,True,　甲状腺障害（再掲）,outpatient,2011,23.0,28.9,29.39377,127799.0
,甲状腺障害,True,　甲状腺障害（再掲）,outpatient,2014,31.0,39.0,39.39573,127083.0
,甲状腺障害,True,　甲状腺障害（再掲）,outpatient,2017,25.0,32.2,31.72975,126919.0
,甲状腺障害,True,　甲状腺障害（再掲）,outpatient,2020,26.0,33.0,32.79796,126146.0
,甲状腺障害,True,　甲状腺障害（再掲）,outpatient,2023,24.0,29.5,29.84448,124352.0
,症)(再掲,True,　前立腺肥大（症）（再掲）,total,1996,24.0,29.6,30.20736,125864.0
,症)(再掲,True,　前立腺肥大（症）（再掲）,total,1999,23.0,29.7,29.13778,126686.0
,症)(再掲,True,　前立腺肥大（症）（再掲）,total,2002,25.0,31.6,31.85875,127435.0
,症)(再掲,True,　前立腺肥大（症）（再掲）,total,2005,30.0,38.1,38.3304,127768.0
,症)(再掲,True,　前立腺肥大（症）（再掲）,total,2008,27.0,33.9,34.47684,127692.0
,症)(再掲,True,　前立腺肥大（症）（再掲）,total,2011,25.0,31.8,31.94975,127799.0
,症)(再掲,True,　前立腺肥大（症）（再掲）,total,2014,28.0,35.4,35.58324,127083.0
,症)(再掲,True,　前立腺肥大（症）（再掲）,total,2017,26.0,33.3,32.99894,126919.0
,症)(再掲,True,　前立腺肥大（症）（再掲）,total,2020,29.0,36.4,36.58234,126146.0
,症)(再掲,True,　前立腺肥大（症）（再掲）,total,2023,32.0,40.0,39.79264,124352.0
,症)(再掲,True,　前立腺肥大（症）（再掲）,inpatient,1996,3.0,4.1,3.77592,125864.0
,症)(再掲,True,　前立腺肥大（症）（再掲）,inpatient,1999,3.0,3.9,3.80058,126686.0
,症)(再掲,True,　前立腺肥大（症）（再掲）,inpatient,2002,2.0,3.0,2.5487,127435.0
,症)(再掲,True,　前立腺肥大（症）（再掲）,inpatient,2005,2.0,2.6,2.55536,127768.0
,症)(再掲,True,　前立腺肥大（症）（再掲）,inpatient,2008,2.0,2.2,2.55384,127692.0
,症)(再掲,True,　前立腺肥大（症）（再掲）,inpatient,2011,1.0,1.5,1.27799,127799.0
,症)(再掲,True,　前立腺肥大（症）（再掲）,inpatient,2014,1.0,1.3,1.27083,127083.0
,症)(再掲,True,　前立腺肥大（症）（再掲）,inpatient,2017,1.0,1.3,1.26919,126919.0
,症)(再掲,True,　前立腺肥大（症）（再掲）,inpatient,2020,1.0,1.1,1.26146,126146.0
,症)(再掲,True,　前立腺肥大（症）（再掲）,inpatient,2023,1.0,1.2,1.24352,124352.0
,症)(再掲,True,　前立腺肥大（症）（再掲）,outpatient,1996,20.0,25.5,25.1728,125864.0
,症)(再掲,True,　前立腺肥大（症）（再掲）,outpatient,1999,20.0,25.8,25.3372,126686.0
,症)(再掲,True,　前立腺肥大（症）（再掲）,outpatient,2002,22.0,28.5,28.0357,127435.0
,症)(再掲,True,　前立腺肥大（症）（再掲）,outpatient,2005,28.0,35.5,35.77504,127768.0
,症)(再掲,True,　前立腺肥大（症）（再掲）,outpatient,2008,25.0,31.7,31.923,127692.0
,症)(再掲,True,　前立腺肥大（症）（再掲）,outpatient,2011,24.0,30.3,30.67176,127799.0
,症)(再掲,True,　前立腺肥大（症）（再掲）,outpatient,2014,27.0,34.1,34.31241,127083.0
,症)(再掲,True,　前立腺肥大（症）（再掲）,outpatient,2017,25.0,32.0,31.72975,126919.0
,症)(再掲,True,　前立腺肥大（症）（再掲）,outpatient,2020,28.0,35.3,35.32088,126146.0
,症)(再掲,True,　前立腺肥大（症）（再掲）,outpatient,2023,31.0,38.8,38.54912,124352.0
,"症状,徴候及び異常臨床所見・異常検査所見で他に分類されないもの",False,症状，徴候及び異常臨床所見・異常検査所見で他に分類されないもの,total,1996,84.0,105.1,105.72576,125864.0
,"症状,徴候及び異常臨床所見・異常検査所見で他に分類されないもの",False,症状，徴候及び異常臨床所見・異常検査所見で他に分類されないもの,total,1999,73.0,92.8,92.48078,126686.0
,"症状,徴候及び異常臨床所見・異常検査所見で他に分類されないもの",False,症状，徴候及び異常臨床所見・異常検査所見で他に分類されないもの,total,2002,68.0,87.2,86.6558,127435.0
,"症状,徴候及び異常臨床所見・異常検査所見で他に分類されないもの",False,症状，徴候及び異常臨床所見・異常検査所見で他に分類されないもの,total,2005,78.0,100.0,99.65904,127768.0
,"症状,徴候及び異常臨床所見・異常検査所見で他に分類されないもの",False,症状，徴候及び異常臨床所見・異常検査所見で他に分類されないもの,total,2008,82.0,105.3,104.70744,127692.0
,"症状,徴候及び異常臨床所見・異常検査所見で他に分類されないもの",False,症状，徴候及び異常臨床所見・異常検査所見で他に分類されないもの,total,2011,81.0,102.3,103.51719,127799.0
,"症状,徴候及び異常臨床所見・異常検査所見で他に分類されないもの",False,症状，徴候及び異常臨床所見・異常検査所見で他に分類されないもの,total,2014,73.0,92.9,92.77059,127083.0
,"症状,徴候及び異常臨床所見・異常検査所見で他に分類されないもの",False,症状，徴候及び異常臨床所見・異常検査所見で他に分類されないもの,total,2017,74.0,93.2,93.92006,126919.0
,"症状,徴候及び異常臨床所見・異常検査所見で他に分類されないもの",False,症状，徴候及び異常臨床所見・異常検査所見で他に分類されないもの,total,2020,69.0,87.0,87.04074,126146.0
,"症状,徴候及び異常臨床所見・異常検査所見で他に分類されないもの",False,症状，徴候及び異常臨床所見・異常検査所見で他に分類されないもの,total,2023,86.0,107.3,106.94272,124352.0
,"症状,徴候及び異常臨床所見・異常検査所見で他に分類されないもの",False,症状，徴候及び異常臨床所見・異常検査所見で他に分類されないもの,inpatient,1996,17.0,21.8,21.39688,125864.0
,"症状,徴候及び異常臨床所見・異常検査所見で他に分類されないもの",False,症状，徴候及び異常臨床所見・異常検査所見で他に分類されないもの,inpatient,1999,18.0,22.5,22.80348,126686.0
,"症状,徴候及び異常臨床所見・異常検査所見で他に分類されないもの",False,症状，徴候及び異常臨床所見・異常検査所見で他に分類されないもの,inpatient,2002,17.0,21.3,21.66395,127435.0
,"症状,徴候及び異常臨床所見・異常検査所見で他に分類されないもの",False,症状，徴候及び異常臨床所見・異常検査所見で他に分類されないもの,inpatient,2005,19.0,23.8,24.27592,127768.0
,"症状,徴候及び異常臨床所見・異常検査所見で他に分類されないもの",False,症状，徴候及び異常臨床所見・異常検査所見で他に分類されないもの,inpatient,2008,15.0,18.8,19.1538,127692.0
,"症状,徴候及び異常臨床所見・異常検査所見で他に分類されないもの",False,症状，徴候及び異常臨床所見・異常検査所見で他に分類されないもの,inpatient,2011,15.0,18.6,19.16985,127799.0
,"症状,徴候及び異常臨床所見・異常検査所見で他に分類されないもの",False,症状，徴候及び異常臨床所見・異常検査所見で他に分類されないもの,inpatient,2014,13.0,16.0,16.52079,127083.0
,"症状,徴候及び異常臨床所見・異常検査所見で他に分類されないもの",False,症状，徴候及び異常臨床所見・異常検査所見で他に分類されないもの,inpatient,2017,11.0,14.4,13.96109,126919.0
,"症状,徴候及び異常臨床所見・異常検査所見で他に分類されないもの",False,症状，徴候及び異常臨床所見・異常検査所見で他に分類されないもの,inpatient,2020,10.0,12.5,12.6146,126146.0
,"症状,徴候及び異常臨床所見・異常検査所見で他に分類されないもの",False,症状，徴候及び異常臨床所見・異常検査所見で他に分類されないもの,inpatient,2023,12.0,14.5,14.92224,124352.0
,"症状,徴候及び異常臨床所見・異常検査所見で他に分類されないもの",False,症状，徴候及び異常臨床所見・異常検査所見で他に分類されないもの,outpatient,1996,66.0,83.3,83.07024,125864.0
,"症状,徴候及び異常臨床所見・異常検査所見で他に分類されないもの",False,症状，徴候及び異常臨床所見・異常検査所見で他に分類されないもの,outpatient,1999,55.0,70.2,69.6773,126686.0
,"症状,徴候及び異常臨床所見・異常検査所見で他に分類されないもの",False,症状，徴候及び異常臨床所見・異常検査所見で他に分類されないもの,outpatient,2002,52.0,65.9,66.2662,127435.0
,"症状,徴候及び異常臨床所見・異常検査所見で他に分類されないもの",False,症状，徴候及び異常臨床所見・異常検査所見で他に分類されないもの,outpatient,2005,60.0,76.3,76.6608,127768.0
,"症状,徴候及び異常臨床所見・異常検査所見で他に分類されないもの",False,症状，徴候及び異常臨床所見・異常検査所見で他に分類されないもの,outpatient,2008,68.0,86.5,86.83056,127692.0
,"症状,徴候及び異常臨床所見・異常検査所見で他に分類されないもの",False,症状，徴候及び異常臨床所見・異常検査所見で他に分類されないもの,outpatient,2011,67.0,83.7,85.62533,127799.0
,"症状,徴候及び異常臨床所見・異常検査所見で他に分類されないもの",False,症状，徴候及び異常臨床所見・異常検査所見で他に分類されないもの,outpatient,2014,61.0,76.9,77.52063,127083.0
,"症状,徴候及び異常臨床所見・異常検査所見で他に分類されないもの",False,症状，徴候及び異常臨床所見・異常検査所見で他に分類されないもの,outpatient,2017,62.0,78.9,78.68978,126919.0
,"症状,徴候及び異常臨床所見・異常検査所見で他に分類されないもの",False,症状，徴候及び異常臨床所見・異常検査所見で他に分類されないもの,outpatient,2020,59.0,74.5,74.42614,126146.0
,"症状,徴候及び異常臨床所見・異常検査所見で他に分類されないもの",False,症状，徴候及び異常臨床所見・異常検査所見で他に分類されないもの,outpatient,2023,75.0,92.7,93.264,124352.0
,白内障,True,　白内障（再掲）,total,1996,104.0,130.8,130.89856,125864.0
,白内障,True,　白内障（再掲）,total,1999,106.0,133.9,134.28716,126686.0
,白内障,True,　白内障（再掲）,total,2002,85.0,107.8,108.31975,127435.0
,白内障,True,　白内障（再掲）,total,2005,86.0,109.6,109.88048,127768.0
,白内障,True,　白内障（再掲）,total,2008,62.0,79.2,79.16904,127692.0
,白内障,True,　白内障（再掲）,total,2011,73.0,91.5,93.29327,127799.0
,白内障,True,　白内障（再掲）,total,2014,67.0,85.1,85.14561,127083.0
,白内障,True,　白内障（再掲）,total,2017,72.0,90.8,91.38168,126919.0
,白内障,True,　白内障（再掲）,total,2020,56.0,70.9,70.64176,126146.0
,白内障,True,　白内障（再掲）,total,2023,58.0,72.5,72.12416,124352.0
,白内障,True,　白内障（再掲）,inpatient,1996,7.0,9.4,8.81048,125864.0
,白内障,True,　白内障（再掲）,inpatient,1999,8.0,10.5,10.13488,126686.0
,白内障,True,　白内障（再掲）,inpatient,2002,8.0,10.0,10.1948,127435.0
,白内障,True,　白内障（再掲）,inpatient,2005,6.0,8.0,7.66608,127768.0
,白内障,True,　白内障（再掲）,inpatient,2008,5.0,6.2,6.3846,127692.0
,白内障,True,　白内障（再掲）,inpatient,2011,6.0,7.5,7.66794,127799.0
,白内障,True,　白内障（再掲）,inpatient,2014,6.0,7.4,7.62498,127083.0
,白内障,True,　白内障（再掲）,inpatient,2017,6.0,7.5,7.61514,126919.0
,白内障,True,　白内障（再掲）,inpatient,2020,5.0,6.5,6.3073,126146.0
,白内障,True,　白内障（再掲）,inpatient,2023,5.0,6.1,6.2176,124352.0
,白内障,True,　白内障（再掲）,outpatient,1996,96.0,121.4,120.82944,125864.0
,白内障,True,　白内障（再掲）,outpatient,1999,97.0,123.4,122.88542,126686.0
,白内障,True,　白内障（再掲）,outpatient,2002,77.0,97.9,98.12495,127435.0
,白内障,True,　白内障（再掲）,outpatient,2005,80.0,101.6,102.2144,127768.0
,白内障,True,　白内障（再掲）,outpatient,2008,57.0,73.1,72.78444,127692.0
,白内障,True,　白内障（再掲）,outpatient,2011,67.0,84.0,85.62533,127799.0
,白内障,True,　白内障（再掲）,outpatient,2014,61.0,77.7,77.52063,127083.0
,白内障,True,　白内障（再掲）,outpatient,2017,66.0,83.4,83.76654,126919.0
,白内障,True,　白内障（再掲）,outpatient,2020,51.0,64.4,64.33446,126146.0
,白内障,True,　白内障（再掲）,outpatient,2023,53.0,66.5,65.90656,124352.0
,皮膚及び皮下組織の疾患,False,皮膚及び皮下組織の疾患,total,1996,213.0,267.7,268.09032,125864.0
,皮膚及び皮下組織の疾患,False,皮膚及び皮下組織の疾患,total,1999,226.0,286.7,286.31036,126686.0
,皮膚及び皮下組織の疾患,False,皮膚及び皮下組織の疾患,total,2002,180.0,229.0,229.383,127435.0
,皮膚及び皮下組織の疾患,False,皮膚及び皮下組織の疾患,total,2005,216.0,276.1,275.97888,127768.0
,皮膚及び皮下組織の疾患,False,皮膚及び皮下組織の疾患,total,2008,208.0,265.0,265.59936,127692.0
,皮膚及び皮下組織の疾患,False,皮膚及び皮下組織の疾患,total,2011,215.0,269.8,274.76785,127799.0
,皮膚及び皮下組織の疾患,False,皮膚及び皮下組織の疾患,total,2014,234.0,297.8,297.37422,127083.0
,皮膚及び皮下組織の疾患,False,皮膚及び皮下組織の疾患,total,2017,249.0,315.2,316.02831,126919.0
,皮膚及び皮下組織の疾患,False,皮膚及び皮下組織の疾患,total,2020,256.0,323.5,322.93376,126146.0
,皮膚及び皮下組織の疾患,False,皮膚及び皮下組織の疾患,total,2023,263.0,326.5,327.04576,124352.0
,皮膚及び皮下組織の疾患,False,皮膚及び皮下組織の疾患,inpatient,1996,6.0,7.3,7.55184,125864.0
,皮膚及び皮下組織の疾患,False,皮膚及び皮下組織の疾患,inpatient,1999,7.0,8.3,8.86802,126686.0
,皮膚及び皮下組織の疾患,False,皮膚及び皮下組織の疾患,inpatient,2002,7.0,8.6,8.92045,127435.0
,皮膚及び皮下組織の疾患,False,皮膚及び皮下組織の疾患,inpatient,2005,7.0,9.5,8.94376,127768.0
,皮膚及び皮下組織の疾患,False,皮膚及び皮下組織の疾患,inpatient,2008,10.0,12.3,12.7692,127692.0
,皮膚及び皮下組織の疾患,False,皮膚及び皮下組織の疾患,inpatient,2011,13.0,15.8,16.61387,127799.0
,皮膚及び皮下組織の疾患,False,皮膚及び皮下組織の疾患,inpatient,2014,9.0,10.9,11.43747,127083.0
,皮膚及び皮下組織の疾患,False,皮膚及び皮下組織の疾患,inpatient,2017,9.0,11.7,11.42271,126919.0
,皮膚及び皮下組織の疾患,False,皮膚及び皮下組織の疾患,inpatient,2020,9.0,12.0,11.35314,126146.0
,皮膚及び皮下組織の疾患,False,皮膚及び皮下組織の疾患,inpatient,2023,10.0,12.3,12.4352,124352.0
,皮膚及び皮下組織の疾患,False,皮膚及び皮下組織の疾患,outpatient,1996,207.0,260.3,260.53848,125864.0
,皮膚及び皮下組織の疾患,False,皮膚及び皮下組織の疾患,outpatient,1999,220.0,278.4,278.7092,126686.0
,皮膚及び皮下組織の疾患,False,皮膚及び皮下組織の疾患,outpatient,2002,173.0,220.4,220.46255,127435.0
,皮膚及び皮下組織の疾患,False,皮膚及び皮下組織の疾患,outpatient,2005,209.0,266.6,267.03512,127768.0
,皮膚及び皮下組織の疾患,False,皮膚及び皮下組織の疾患,outpatient,2008,198.0,252.7,252.83016,127692.0
,皮膚及び皮下組織の疾患,False,皮膚及び皮下組織の疾患,outpatient,2011,202.0,254.0,258.15398,127799.0
,皮膚及び皮下組織の疾患,False,皮膚及び皮下組織の疾患,outpatient,2014,226.0,286.9,287.20758,127083.0
,皮膚及び皮下組織の疾患,False,皮膚及び皮下組織の疾患,outpatient,2017,240.0,303.5,304.6056,126919.0
,皮膚及び皮下組織の疾患,False,皮膚及び皮下組織の疾患,outpatient,2020,247.0,311.6,311.58062,126146.0
,皮膚及び皮下組織の疾患,False,皮膚及び皮下組織の疾患,outpatient,2023,253.0,314.2,314.61056,124352.0
,皮膚及び粘膜の病変を伴うウイルス性疾患,True,　皮膚及び粘膜の病変を伴うウイルス性疾患（再掲）,total,1996,31.0,39.1,39.01784,125864.0
,皮膚及び粘膜の病変を伴うウイルス性疾患,True,　皮膚及び粘膜の病変を伴うウイルス性疾患（再掲）,total,1999,30.0,38.6,38.0058,126686.0
,皮膚及び粘膜の病変を伴うウイルス性疾患,True,　皮膚及び粘膜の病変を伴うウイルス性疾患（再掲）,total,2002,28.0,36.2,35.6818,127435.0
,皮膚及び粘膜の病変を伴うウイルス性疾患,True,　皮膚及び粘膜の病変を伴うウイルス性疾患（再掲）,total,2005,35.0,44.5,44.7188,127768.0
,皮膚及び粘膜の病変を伴うウイルス性疾患,True,　皮膚及び粘膜の病変を伴うウイルス性疾患（再掲）,total,2008,35.0,44.5,44.6922,127692.0
,皮膚及び粘膜の病変を伴うウイルス性疾患,True,　皮膚及び粘膜の病変を伴うウイルス性疾患（再掲）,total,2011,39.0,49.0,49.84161,127799.0
,皮膚及び粘膜の病変を伴うウイルス性疾患,True,　皮膚及び粘膜の病変を伴うウイルス性疾患（再掲）,total,2014,47.0,59.5,59.72901,127083.0
,皮膚及び粘膜の病変を伴うウイルス性疾患,True,　皮膚及び粘膜の病変を伴うウイルス性疾患（再掲）,total,2017,49.0,62.3,62.19031,126919.0
,皮膚及び粘膜の病変を伴うウイルス性疾患,True,　皮膚及び粘膜の病変を伴うウイルス性疾患（再掲）,total,2020,43.0,54.2,54.24278,126146.0
,皮膚及び粘膜の病変を伴うウイルス性疾患,True,　皮膚及び粘膜の病変を伴うウイルス性疾患（再掲）,total,2023,47.0,58.2,58.44544,124352.0
,皮膚及び粘膜の病変を伴うウイルス性疾患,True,　皮膚及び粘膜の病変を伴うウイルス性疾患（再掲）,inpatient,1996,2.0,2.7,2.51728,125864.0
,皮膚及び粘膜の病変を伴うウイルス性疾患,True,　皮膚及び粘膜の病変を伴うウイルス性疾患（再掲）,inpatient,1999,2.0,2.4,2.53372,126686.0
,皮膚及び粘膜の病変を伴うウイルス性疾患,True,　皮膚及び粘膜の病変を伴うウイルス性疾患（再掲）,inpatient,2002,2.0,2.2,2.5487,127435.0
,皮膚及び粘膜の病変を伴うウイルス性疾患,True,　皮膚及び粘膜の病変を伴うウイルス性疾患（再掲）,inpatient,2005,1.0,1.8,1.27768,127768.0
,皮膚及び粘膜の病変を伴うウイルス性疾患,True,　皮膚及び粘膜の病変を伴うウイルス性疾患（再掲）,inpatient,2008,1.0,1.6,1.27692,127692.0
,皮膚及び粘膜の病変を伴うウイルス性疾患,True,　皮膚及び粘膜の病変を伴うウイルス性疾患（再掲）,inpatient,2011,1.0,1.5,1.27799,127799.0
,皮膚及び粘膜の病変を伴うウイルス性疾患,True,　皮膚及び粘膜の病変を伴うウイルス性疾患（再掲）,inpatient,2014,1.0,1.4,1.27083,127083.0
,皮膚及び粘膜の病変を伴うウイルス性疾患,True,　皮膚及び粘膜の病変を伴うウイルス性疾患（再掲）,inpatient,2017,1.0,1.6,1.26919,126919.0
,皮膚及び粘膜の病変を伴うウイルス性疾患,True,　皮膚及び粘膜の病変を伴うウイルス性疾患（再掲）,inpatient,2020,1.0,1.3,1.26146,126146.0
,皮膚及び粘膜の病変を伴うウイルス性疾患,True,　皮膚及び粘膜の病変を伴うウイルス性疾患（再掲）,inpatient,2023,1.0,1.2,1.24352,124352.0
,皮膚及び粘膜の病変を伴うウイルス性疾患,True,　皮膚及び粘膜の病変を伴うウイルス性疾患（再掲）,outpatient,1996,29.0,36.4,36.50056,125864.0
,皮膚及び粘膜の病変を伴うウイルス性疾患,True,　皮膚及び粘膜の病変を伴うウイルス性疾患（再掲）,outpatient,1999,29.0,36.1,36.73894,126686.0
,皮膚及び粘膜の病変を伴うウイルス性疾患,True,　皮膚及び粘膜の病変を伴うウイルス性疾患（再掲）,outpatient,2002,27.0,34.0,34.40745,127435.0
,皮膚及び粘膜の病変を伴うウイルス性疾患,True,　皮膚及び粘膜の病変を伴うウイルス性疾患（再掲）,outpatient,2005,33.0,42.7,42.16344,127768.0
,皮膚及び粘膜の病変を伴うウイルス性疾患,True,　皮膚及び粘膜の病変を伴うウイルス性疾患（再掲）,outpatient,2008,34.0,42.9,43.41528,127692.0
,皮膚及び粘膜の病変を伴うウイルス性疾患,True,　皮膚及び粘膜の病変を伴うウイルス性疾患（再掲）,outpatient,2011,38.0,47.5,48.56362,127799.0
,皮膚及び粘膜の病変を伴うウイルス性疾患,True,　皮膚及び粘膜の病変を伴うウイルス性疾患（再掲）,outpatient,2014,46.0,58.1,58.45818,127083.0
,皮膚及び粘膜の病変を伴うウイルス性疾患,True,　皮膚及び粘膜の病変を伴うウイルス性疾患（再掲）,outpatient,2017,48.0,60.8,60.92112,126919.0
,皮膚及び粘膜の病変を伴うウイルス性疾患,True,　皮膚及び粘膜の病変を伴うウイルス性疾患（再掲）,outpatient,2020,42.0,53.0,52.98132,126146.0
,皮膚及び粘膜の病変を伴うウイルス性疾患,True,　皮膚及び粘膜の病変を伴うウイルス性疾患（再掲）,outpatient,2023,46.0,57.0,57.20192,124352.0
,真菌症,True,　真菌症（再掲）,total,1996,36.0,45.7,45.31104,125864.0
,真菌症,True,　真菌症（再掲）,total,1999,38.0,48.1,48.14068,126686.0
,真菌症,True,　真菌症（再掲）,total,2002,42.0,53.2,53.5227,127435.0
,真菌症,True,　真菌症（再掲）,total,2005,40.0,51.6,51.1072,127768.0
,真菌症,True,　真菌症（再掲）,total,2008,37.0,47.7,47.24604,127692.0
,真菌症,True,　真菌症（再掲）,total,2011,30.0,37.7,38.3397,127799.0
,真菌症,True,　真菌症（再掲）,total,2014,28.0,35.5,35.58324,127083.0
,真菌症,True,　真菌症（再掲）,total,2017,32.0,39.9,40.61408,126919.0
,真菌症,True,　真菌症（再掲）,total,2020,25.0,31.3,31.5365,126146.0
,真菌症,True,　真菌症（再掲）,total,2023,26.0,32.1,32.33152,124352.0
,真菌症,True,　真菌症（再掲）,inpatient,1996,0.0,0.5,0.0,125864.0
,真菌症,True,　真菌症（再掲）,inpatient,1999,0.0,0.5,0.0,126686.0
,真菌症,True,　真菌症（再掲）,inpatient,2002,0.0,0.6,0.0,127435.0
,真菌症,True,　真菌症（再掲）,inpatient,2005,1.0,0.6,1.27768,127768.0
,真菌症,True,　真菌症（再掲）,inpatient,2008,1.0,0.7,1.27692,127692.0
,真菌症,True,　真菌症（再掲）,inpatient,2011,1.0,0.8,1.27799,127799.0
,真菌症,True,　真菌症（再掲）,inpatient,2014,1.0,0.9,1.27083,127083.0
,真菌症,True,　真菌症（再掲）,inpatient,2017,1.0,0.9,1.26919,126919.0
,真菌症,True,　真菌症（再掲）,inpatient,2020,1.0,0.7,1.26146,126146.0
,真菌症,True,　真菌症（再掲）,inpatient,2023,1.0,0.7,1.24352,124352.0
,真菌症,True,　真菌症（再掲）,outpatient,1996,36.0,45.2,45.31104,125864.0
,真菌症,True,　真菌症（再掲）,outpatient,1999,38.0,47.5,48.14068,126686.0
,真菌症,True,　真菌症（再掲）,outpatient,2002,41.0,52.7,52.24835,127435.0
,真菌症,True,　真菌症（再掲）,outpatient,2005,40.0,51.0,51.1072,127768.0
,真菌症,True,　真菌症（再掲）,outpatient,2008,37.0,47.0,47.24604,127692.0
,真菌症,True,　真菌症（再掲）,outpatient,2011,29.0,36.9,37.06171,127799.0
,真菌症,True,　真菌症（再掲）,outpatient,2014,27.0,34.6,34.31241,127083.0
,真菌症,True,　真菌症（再掲）,outpatient,2017,31.0,39.0,39.34489,126919.0
,真菌症,True,　真菌症（再掲）,outpatient,2020,24.0,30.6,30.27504,126146.0
,真菌症,True,　真菌症（再掲）,outpatient,2023,25.0,31.4,31.088,124352.0
,眼及び付属器の疾患,False,眼及び付属器の疾患,total,1996,283.0,356.5,356.19512,125864.0
,眼及び付属器の疾患,False,眼及び付属器の疾患,total,1999,281.0,356.0,355.98766,126686.0
,眼及び付属器の疾患,False,眼及び付属器の疾患,total,2002,252.0,320.9,321.1362,127435.0
,眼及び付属器の疾患,False,眼及び付属器の疾患,total,2005,271.0,346.4,346.25128,127768.0
,眼及び付属器の疾患,False,眼及び付属器の疾患,total,2008,219.0,279.6,279.64548,127692.0
,眼及び付属器の疾患,False,眼及び付属器の疾患,total,2011,244.0,306.0,311.82956,127799.0
,眼及び付属器の疾患,False,眼及び付属器の疾患,total,2014,275.0,349.4,349.47825,127083.0
,眼及び付属器の疾患,False,眼及び付属器の疾患,total,2017,292.0,370.2,370.60348,126919.0
,眼及び付属器の疾患,False,眼及び付属器の疾患,total,2020,245.0,309.1,309.0577,126146.0
,眼及び付属器の疾患,False,眼及び付属器の疾患,total,2023,276.0,343.8,343.21152,124352.0
,眼及び付属器の疾患,False,眼及び付属器の疾患,inpatient,1996,11.0,14.3,13.84504,125864.0
,眼及び付属器の疾患,False,眼及び付属器の疾患,inpatient,1999,12.0,15.5,15.20232,126686.0
,眼及び付属器の疾患,False,眼及び付属器の疾患,inpatient,2002,12.0,14.7,15.2922,127435.0
,眼及び付属器の疾患,False,眼及び付属器の疾患,inpatient,2005,10.0,12.7,12.7768,127768.0
,眼及び付属器の疾患,False,眼及び付属器の疾患,inpatient,2008,8.0,10.3,10.21536,127692.0
,眼及び付属器の疾患,False,眼及び付属器の疾患,inpatient,2011,10.0,11.9,12.7799,127799.0
,眼及び付属器の疾患,False,眼及び付属器の疾患,inpatient,2014,9.0,11.5,11.43747,127083.0
,眼及び付属器の疾患,False,眼及び付属器の疾患,inpatient,2017,9.0,11.7,11.42271,126919.0
,眼及び付属器の疾患,False,眼及び付属器の疾患,inpatient,2020,8.0,10.2,10.09168,126146.0
,眼及び付属器の疾患,False,眼及び付属器の疾患,inpatient,2023,8.0,10.0,9.94816,124352.0
,眼及び付属器の疾患,False,眼及び付属器の疾患,outpatient,1996,272.0,342.3,342.35008,125864.0
,眼及び付属器の疾患,False,眼及び付属器の疾患,outpatient,1999,269.0,340.6,340.78534,126686.0
,眼及び付属器の疾患,False,眼及び付属器の疾患,outpatient,2002,240.0,306.3,305.844,127435.0
,眼及び付属器の疾患,False,眼及び付属器の疾患,outpatient,2005,261.0,333.7,333.47448,127768.0
,眼及び付属器の疾患,False,眼及び付属器の疾患,outpatient,2008,211.0,269.3,269.43012,127692.0
,眼及び付属器の疾患,False,眼及び付属器の疾患,outpatient,2011,234.0,294.1,299.04966,127799.0
,眼及び付属器の疾患,False,眼及び付属器の疾患,outpatient,2014,266.0,337.9,338.04078,127083.0
,眼及び付属器の疾患,False,眼及び付属器の疾患,outpatient,2017,283.0,358.5,359.18077,126919.0
,眼及び付属器の疾患,False,眼及び付属器の疾患,outpatient,2020,237.0,298.9,298.96602,126146.0
,眼及び付属器の疾患,False,眼及び付属器の疾患,outpatient,2023,268.0,333.7,333.26336,124352.0
,"神経症性障害,ストレス関連障害及び身体表現性障害",True,　神経症性障害，ストレス関連障害及び身体表現性障害（再掲）,total,1996,40.0,50.5,50.3456,125864.0
,"神経症性障害,ストレス関連障害及び身体表現性障害",True,　神経症性障害，ストレス関連障害及び身体表現性障害（再掲）,total,1999,36.0,45.8,45.60696,126686.0
,"神経症性障害,ストレス関連障害及び身体表現性障害",True,　神経症性障害，ストレス関連障害及び身体表現性障害（再掲）,total,2002,42.0,53.1,53.5227,127435.0
,"神経症性障害,ストレス関連障害及び身体表現性障害",True,　神経症性障害，ストレス関連障害及び身体表現性障害（再掲）,total,2005,44.0,55.6,56.21792,127768.0
,"神経症性障害,ストレス関連障害及び身体表現性障害",True,　神経症性障害，ストレス関連障害及び身体表現性障害（再掲）,total,2008,43.0,54.5,54.90756,127692.0
,"神経症性障害,ストレス関連障害及び身体表現性障害",True,　神経症性障害，ストレス関連障害及び身体表現性障害（再掲）,total,2011,42.0,52.9,53.67558,127799.0
,"神経症性障害,ストレス関連障害及び身体表現性障害",True,　神経症性障害，ストレス関連障害及び身体表現性障害（再掲）,total,2014,46.0,59.0,58.45818,127083.0
,"神経症性障害,ストレス関連障害及び身体表現性障害",True,　神経症性障害，ストレス関連障害及び身体表現性障害（再掲）,total,2017,51.0,65.0,64.72869,126919.0
,"神経症性障害,ストレス関連障害及び身体表現性障害",True,　神経症性障害，ストレス関連障害及び身体表現性障害（再掲）,total,2020,54.0,68.3,68.11884,126146.0
,"神経症性障害,ストレス関連障害及び身体表現性障害",True,　神経症性障害，ストレス関連障害及び身体表現性障害（再掲）,total,2023,47.0,58.4,58.44544,124352.0
,"神経症性障害,ストレス関連障害及び身体表現性障害",True,　神経症性障害，ストレス関連障害及び身体表現性障害（再掲）,inpatient,1996,6.0,7.2,7.55184,125864.0
,"神経症性障害,ストレス関連障害及び身体表現性障害",True,　神経症性障害，ストレス関連障害及び身体表現性障害（再掲）,inpatient,1999,6.0,7.0,7.60116,126686.0
,"神経症性障害,ストレス関連障害及び身体表現性障害",True,　神経症性障害，ストレス関連障害及び身体表現性障害（再掲）,inpatient,2002,5.0,5.8,6.37175,127435.0
,"神経症性障害,ストレス関連障害及び身体表現性障害",True,　神経症性障害，ストレス関連障害及び身体表現性障害（再掲）,inpatient,2005,4.0,5.4,5.11072,127768.0
,"神経症性障害,ストレス関連障害及び身体表現性障害",True,　神経症性障害，ストレス関連障害及び身体表現性障害（再掲）,inpatient,2008,4.0,4.9,5.10768,127692.0
,"神経症性障害,ストレス関連障害及び身体表現性障害",True,　神経症性障害，ストレス関連障害及び身体表現性障害（再掲）,inpatient,2011,4.0,5.6,5.11196,127799.0
,"神経症性障害,ストレス関連障害及び身体表現性障害",True,　神経症性障害，ストレス関連障害及び身体表現性障害（再掲）,inpatient,2014,4.0,5.6,5.08332,127083.0
,"神経症性障害,ストレス関連障害及び身体表現性障害",True,　神経症性障害，ストレス関連障害及び身体表現性障害（再掲）,inpatient,2017,4.0,5.5,5.07676,126919.0
,"神経症性障害,ストレス関連障害及び身体表現性障害",True,　神経症性障害，ストレス関連障害及び身体表現性障害（再掲）,inpatient,2020,5.0,5.8,6.3073,126146.0
,"神経症性障害,ストレス関連障害及び身体表現性障害",True,　神経症性障害，ストレス関連障害及び身体表現性障害（再掲）,inpatient,2023,4.0,5.5,4.97408,124352.0
,"神経症性障害,ストレス関連障害及び身体表現性障害",True,　神経症性障害，ストレス関連障害及び身体表現性障害（再掲）,outpatient,1996,34.0,43.3,42.79376,125864.0
,"神経症性障害,ストレス関連障害及び身体表現性障害",True,　神経症性障害，ストレス関連障害及び身体表現性障害（再掲）,outpatient,1999,31.0,38.8,39.27266,126686.0
,"神経症性障害,ストレス関連障害及び身体表現性障害",True,　神経症性障害，ストレス関連障害及び身体表現性障害（再掲）,outpatient,2002,37.0,47.3,47.15095,127435.0
,"神経症性障害,ストレス関連障害及び身体表現性障害",True,　神経症性障害，ストレス関連障害及び身体表現性障害（再掲）,outpatient,2005,39.0,50.2,49.82952,127768.0
,"神経症性障害,ストレス関連障害及び身体表現性障害",True,　神経症性障害，ストレス関連障害及び身体表現性障害（再掲）,outpatient,2008,39.0,49.6,49.79988,127692.0
,"神経症性障害,ストレス関連障害及び身体表現性障害",True,　神経症性障害，ストレス関連障害及び身体表現性障害（再掲）,outpatient,2011,38.0,47.4,48.56362,127799.0
,"神経症性障害,ストレス関連障害及び身体表現性障害",True,　神経症性障害，ストレス関連障害及び身体表現性障害（再掲）,outpatient,2014,42.0,53.4,53.37486,127083.0
,"神経症性障害,ストレス関連障害及び身体表現性障害",True,　神経症性障害，ストレス関連障害及び身体表現性障害（再掲）,outpatient,2017,47.0,59.4,59.65193,126919.0
,"神経症性障害,ストレス関連障害及び身体表現性障害",True,　神経症性障害，ストレス関連障害及び身体表現性障害（再掲）,outpatient,2020,50.0,62.5,63.073,126146.0
,"神経症性障害,ストレス関連障害及び身体表現性障害",True,　神経症性障害，ストレス関連障害及び身体表現性障害（再掲）,outpatient,2023,43.0,52.9,53.47136,124352.0
,神経系の疾患,False,神経系の疾患,total,1996,148.0,186.7,186.27872,125864.0
,神経系の疾患,False,神経系の疾患,total,1999,146.0,184.4,184.96156,126686.0
,神経系の疾患,False,神経系の疾患,total,2002,160.0,203.5,203.896,127435.0
,神経系の疾患,False,神経系の疾患,total,2005,188.0,240.6,240.20384,127768.0
,神経系の疾患,False,神経系の疾患,total,2008,187.0,238.4,238.78404,127692.0
,神経系の疾患,False,神経系の疾患,total,2011,211.0,264.7,269.65589,127799.0
,神経系の疾患,False,神経系の疾患,total,2014,232.0,295.1,294.83256,127083.0
,神経系の疾患,False,神経系の疾患,total,2017,230.0,291.2,291.9137,126919.0
,神経系の疾患,False,神経系の疾患,total,2020,231.0,291.5,291.39726,126146.0
,神経系の疾患,False,神経系の疾患,total,2023,229.0,285.0,284.76608,124352.0
,神経系の疾患,False,神経系の疾患,inpatient,1996,53.0,66.5,66.70792,125864.0
,神経系の疾患,False,神経系の疾患,inpatient,1999,57.0,72.8,72.21102,126686.0
,神経系の疾患,False,神経系の疾患,inpatient,2002,66.0,84.2,84.1071,127435.0
,神経系の疾患,False,神経系の疾患,inpatient,2005,76.0,97.3,97.10368,127768.0
,神経系の疾患,False,神経系の疾患,inpatient,2008,83.0,105.4,105.98436,127692.0
,神経系の疾患,False,神経系の疾患,inpatient,2011,92.0,114.9,117.57508,127799.0
,神経系の疾患,False,神経系の疾患,inpatient,2014,96.0,122.2,121.99968,127083.0
,神経系の疾患,False,神経系の疾患,inpatient,2017,100.0,126.2,126.919,126919.0
,神経系の疾患,False,神経系の疾患,inpatient,2020,100.0,125.8,126.146,126146.0
,神経系の疾患,False,神経系の疾患,inpatient,2023,99.0,123.2,123.10848,124352.0
,神経系の疾患,False,神経系の疾患,outpatient,1996,95.0,120.2,119.5708,125864.0
,神経系の疾患,False,神経系の疾患,outpatient,1999,88.0,111.6,111.48368,126686.0
,神経系の疾患,False,神経系の疾患,outpatient,2002,94.0,119.3,119.7889,127435.0
,神経系の疾患,False,神経系の疾患,outpatient,2005,112.0,143.2,143.10016,127768.0
,神経系の疾患,False,神経系の疾患,outpatient,2008,104.0,133.0,132.79968,127692.0
,神経系の疾患,False,神経系の疾患,outpatient,2011,119.0,149.8,152.08081,127799.0
,神経系の疾患,False,神経系の疾患,outpatient,2014,136.0,173.0,172.83288,127083.0
,神経系の疾患,False,神経系の疾患,outpatient,2017,130.0,164.9,164.9947,126919.0
,神経系の疾患,False,神経系の疾患,outpatient,2020,131.0,165.8,165.25126,126146.0
,神経系の疾患,False,神経系の疾患,outpatient,2023,130.0,161.8,161.6576,124352.0
,筋骨格系及び結合組織の疾患,False,筋骨格系及び結合組織の疾患,total,1996,823.0,1036.1,1035.86072,125864.0
,筋骨格系及び結合組織の疾患,False,筋骨格系及び結合組織の疾患,total,1999,760.0,962.4,962.8136,126686.0
,筋骨格系及び結合組織の疾患,False,筋骨格系及び結合組織の疾患,total,2002,748.0,953.6,953.2138,127435.0
,筋骨格系及び結合組織の疾患,False,筋骨格系及び結合組織の疾患,total,2005,823.0,1051.9,1051.53064,127768.0
,筋骨格系及び結合組織の疾患,False,筋骨格系及び結合組織の疾患,total,2008,794.0,1013.8,1013.87448,127692.0
,筋骨格系及び結合組織の疾患,False,筋骨格系及び結合組織の疾患,total,2011,848.0,1064.9,1083.73552,127799.0
,筋骨格系及び結合組織の疾患,False,筋骨格系及び結合組織の疾患,total,2014,746.0,947.7,948.03918,127083.0
,筋骨格系及び結合組織の疾患,False,筋骨格系及び結合組織の疾患,total,2017,749.0,948.6,950.62331,126919.0
,筋骨格系及び結合組織の疾患,False,筋骨格系及び結合組織の疾患,total,2020,777.0,980.3,980.15442,126146.0
,筋骨格系及び結合組織の疾患,False,筋骨格系及び結合組織の疾患,total,2023,707.0,878.6,879.16864,124352.0
,筋骨格系及び結合組織の疾患,False,筋骨格系及び結合組織の疾患,inpatient,1996,61.0,76.3,76.77704,125864.0
,筋骨格系及び結合組織の疾患,False,筋骨格系及び結合組織の疾患,inpatient,1999,60.0,76.3,76.0116,126686.0
,筋骨格系及び結合組織の疾患,False,筋骨格系及び結合組織の疾患,inpatient,2002,55.0,70.6,70.08925,127435.0
,筋骨格系及び結合組織の疾患,False,筋骨格系及び結合組織の疾患,inpatient,2005,54.0,68.8,68.99472,127768.0
,筋骨格系及び結合組織の疾患,False,筋骨格系及び結合組織の疾患,inpatient,2008,54.0,68.5,68.95368,127692.0
,筋骨格系及び結合組織の疾患,False,筋骨格系及び結合組織の疾患,inpatient,2011,50.0,63.1,63.8995,127799.0
,筋骨格系及び結合組織の疾患,False,筋骨格系及び結合組織の疾患,inpatient,2014,55.0,69.9,69.89565,127083.0
,筋骨格系及び結合組織の疾患,False,筋骨格系及び結合組織の疾患,inpatient,2017,56.0,71.3,71.07464,126919.0
,筋骨格系及び結合組織の疾患,False,筋骨格系及び結合組織の疾患,inpatient,2020,59.0,74.3,74.42614,126146.0
,筋骨格系及び結合組織の疾患,False,筋骨格系及び結合組織の疾患,inpatient,2023,59.0,73.6,73.36768,124352.0
,筋骨格系及び結合組織の疾患,False,筋骨格系及び結合組織の疾患,outpatient,1996,763.0,959.7,960.34232,125864.0
,筋骨格系及び結合組織の疾患,False,筋骨格系及び結合組織の疾患,outpatient,1999,699.0,886.1,885.53514,126686.0
,筋骨格系及び結合組織の疾患,False,筋骨格系及び結合組織の疾患,outpatient,2002,693.0,883.0,883.12455,127435.0
,筋骨格系及び結合組織の疾患,False,筋骨格系及び結合組織の疾患,outpatient,2005,769.0,983.1,982.53592,127768.0
,筋骨格系及び結合組織の疾患,False,筋骨格系及び結合組織の疾患,outpatient,2008,740.0,945.3,944.9208,127692.0
,筋骨格系及び結合組織の疾患,False,筋骨格系及び結合組織の疾患,outpatient,2011,798.0,1001.8,1019.83602,127799.0
,筋骨格系及び結合組織の疾患,False,筋骨格系及び結合組織の疾患,outpatient,2014,691.0,877.8,878.14353,127083.0
,筋骨格系及び結合組織の疾患,False,筋骨格系及び結合組織の疾患,outpatient,2017,692.0,877.2,878.27948,126919.0
,筋骨格系及び結合組織の疾患,False,筋骨格系及び結合組織の疾患,outpatient,2020,718.0,906.0,905.72828,126146.0
,筋骨格系及び結合組織の疾患,False,筋骨格系及び結合組織の疾患,outpatient,2023,647.0,805.1,804.55744,124352.0
,精神及び行動の障害,False,精神及び行動の障害,total,1996,383.0,481.5,482.05912,125864.0
,精神及び行動の障害,False,精神及び行動の障害,total,1999,387.0,490.0,490.27482,126686.0
,精神及び行動の障害,False,精神及び行動の障害,total,2002,415.0,529.1,528.85525,127435.0
,精神及び行動の障害,False,精神及び行動の障害,total,2005,431.0,550.7,550.68008,127768.0
,精神及び行動の障害,False,精神及び行動の障害,total,2008,418.0,533.8,533.75256,127692.0
,精神及び行動の障害,False,精神及び行動の障害,total,2011,401.0,503.5,512.47399,127799.0
,精神及び行動の障害,False,精神及び行動の障害,total,2014,412.0,523.2,523.58196,127083.0
,精神及び行動の障害,False,精神及び行動の障害,total,2017,405.0,512.9,514.02195,126919.0
,精神及び行動の障害,False,精神及び行動の障害,total,2020,399.0,503.1,503.32254,126146.0
,精神及び行動の障害,False,精神及び行動の障害,total,2023,368.0,457.7,457.61536,124352.0
,精神及び行動の障害,False,精神及び行動の障害,inpatient,1996,259.0,325.9,325.98776,125864.0
,精神及び行動の障害,False,精神及び行動の障害,inpatient,1999,263.0,333.5,333.18418,126686.0
,精神及び行動の障害,False,精神及び行動の障害,inpatient,2002,258.0,328.8,328.7823,127435.0
,精神及び行動の障害,False,精神及び行動の障害,inpatient,2005,255.0,326.2,325.8084,127768.0
,精神及び行動の障害,False,精神及び行動の障害,inpatient,2008,236.0,301.4,301.35312,127692.0
,精神及び行動の障害,False,精神及び行動の障害,inpatient,2011,225.0,282.3,287.54775,127799.0
,精神及び行動の障害,False,精神及び行動の障害,inpatient,2014,209.0,265.5,265.60347,127083.0
,精神及び行動の障害,False,精神及び行動の障害,inpatient,2017,199.0,252.0,252.56881,126919.0
,精神及び行動の障害,False,精神及び行動の障害,inpatient,2020,188.0,236.6,237.15448,126146.0
,精神及び行動の障害,False,精神及び行動の障害,inpatient,2023,171.0,213.1,212.64192,124352.0
,精神及び行動の障害,False,精神及び行動の障害,outpatient,1996,124.0,155.6,156.07136,125864.0
,精神及び行動の障害,False,精神及び行動の障害,outpatient,1999,123.0,156.4,155.82378,126686.0
,精神及び行動の障害,False,精神及び行動の障害,outpatient,2002,157.0,200.3,200.07295,127435.0
,精神及び行動の障害,False,精神及び行動の障害,outpatient,2005,176.0,224.5,224.87168,127768.0
,精神及び行動の障害,False,精神及び行動の障害,outpatient,2008,182.0,232.3,232.39944,127692.0
,精神及び行動の障害,False,精神及び行動の障害,outpatient,2011,176.0,221.2,224.92624,127799.0
,精神及び行動の障害,False,精神及び行動の障害,outpatient,2014,203.0,257.7,257.97849,127083.0
,精神及び行動の障害,False,精神及び行動の障害,outpatient,2017,206.0,260.9,261.45314,126919.0
,精神及び行動の障害,False,精神及び行動の障害,outpatient,2020,211.0,266.6,266.16806,126146.0
,精神及び行動の障害,False,精神及び行動の障害,outpatient,2023,197.0,244.6,244.97344,124352.0
,糖尿病,True,　糖尿病（再掲）,total,1996,189.0,237.4,237.88296,125864.0
,糖尿病,True,　糖尿病（再掲）,total,1999,178.0,226.0,225.50108,126686.0
,糖尿病,True,　糖尿病（再掲）,total,2002,173.0,219.9,220.46255,127435.0
,糖尿病,True,　糖尿病（再掲）,total,2005,182.0,232.7,232.53776,127768.0
,糖尿病,True,　糖尿病（再掲）,total,2008,168.0,214.2,214.52256,127692.0
,糖尿病,True,　糖尿病（再掲）,total,2011,185.0,232.4,236.42815,127799.0
,糖尿病,True,　糖尿病（再掲）,total,2014,191.0,243.3,242.72853,127083.0
,糖尿病,True,　糖尿病（再掲）,total,2017,192.0,242.9,243.68448,126919.0
,糖尿病,True,　糖尿病（再掲）,total,2020,183.0,230.3,230.84718,126146.0
,糖尿病,True,　糖尿病（再掲）,total,2023,175.0,218.1,217.616,124352.0
,糖尿病,True,　糖尿病（再掲）,inpatient,1996,34.0,42.6,42.79376,125864.0
,糖尿病,True,　糖尿病（再掲）,inpatient,1999,32.0,40.7,40.53952,126686.0
,糖尿病,True,　糖尿病（再掲）,inpatient,2002,27.0,34.1,34.40745,127435.0
,糖尿病,True,　糖尿病（再掲）,inpatient,2005,24.0,30.3,30.66432,127768.0
,糖尿病,True,　糖尿病（再掲）,inpatient,2008,20.0,26.2,25.5384,127692.0
,糖尿病,True,　糖尿病（再掲）,inpatient,2011,19.0,23.9,24.28181,127799.0
,糖尿病,True,　糖尿病（再掲）,inpatient,2014,16.0,20.9,20.33328,127083.0
,糖尿病,True,　糖尿病（再掲）,inpatient,2017,15.0,18.9,19.03785,126919.0
,糖尿病,True,　糖尿病（再掲）,inpatient,2020,12.0,15.2,15.13752,126146.0
,糖尿病,True,　糖尿病（再掲）,inpatient,2023,10.0,12.7,12.4352,124352.0
,糖尿病,True,　糖尿病（再掲）,outpatient,1996,155.0,194.9,195.0892,125864.0
,糖尿病,True,　糖尿病（再掲）,outpatient,1999,146.0,185.3,184.96156,126686.0
,糖尿病,True,　糖尿病（再掲）,outpatient,2002,146.0,185.8,186.0551,127435.0
,糖尿病,True,　糖尿病（再掲）,outpatient,2005,158.0,202.4,201.87344,127768.0
,糖尿病,True,　糖尿病（再掲）,outpatient,2008,147.0,188.0,187.70724,127692.0
,糖尿病,True,　糖尿病（再掲）,outpatient,2011,166.0,208.5,212.14634,127799.0
,糖尿病,True,　糖尿病（再掲）,outpatient,2014,175.0,222.3,222.39525,127083.0
,糖尿病,True,　糖尿病（再掲）,outpatient,2017,177.0,224.0,224.64663,126919.0
,糖尿病,True,　糖尿病（再掲）,outpatient,2020,170.0,215.0,214.4482,126146.0
,糖尿病,True,　糖尿病（再掲）,outpatient,2023,165.0,205.4,205.1808,124352.0
,"糸球体疾患,腎尿細管間質性疾患及び腎不全",True,　糸球体疾患，腎尿細管間質性疾患及び腎不全（再掲）,total,1996,78.0,97.7,98.17392,125864.0
,"糸球体疾患,腎尿細管間質性疾患及び腎不全",True,　糸球体疾患，腎尿細管間質性疾患及び腎不全（再掲）,total,1999,81.0,102.1,102.61566,126686.0
,"糸球体疾患,腎尿細管間質性疾患及び腎不全",True,　糸球体疾患，腎尿細管間質性疾患及び腎不全（再掲）,total,2002,91.0,115.8,115.96585,127435.0
,"糸球体疾患,腎尿細管間質性疾患及び腎不全",True,　糸球体疾患，腎尿細管間質性疾患及び腎不全（再掲）,total,2005,104.0,132.6,132.87872,127768.0
,"糸球体疾患,腎尿細管間質性疾患及び腎不全",True,　糸球体疾患，腎尿細管間質性疾患及び腎不全（再掲）,total,2008,133.0,170.2,169.83036,127692.0
,"糸球体疾患,腎尿細管間質性疾患及び腎不全",True,　糸球体疾患，腎尿細管間質性疾患及び腎不全（再掲）,total,2011,128.0,160.5,163.58272,127799.0
,"糸球体疾患,腎尿細管間質性疾患及び腎不全",True,　糸球体疾患，腎尿細管間質性疾患及び腎不全（再掲）,total,2014,120.0,152.0,152.4996,127083.0
,"糸球体疾患,腎尿細管間質性疾患及び腎不全",True,　糸球体疾患，腎尿細管間質性疾患及び腎不全（再掲）,total,2017,149.0,188.6,189.10931,126919.0
,"糸球体疾患,腎尿細管間質性疾患及び腎不全",True,　糸球体疾患，腎尿細管間質性疾患及び腎不全（再掲）,total,2020,134.0,168.5,169.03564,126146.0
,"糸球体疾患,腎尿細管間質性疾患及び腎不全",True,　糸球体疾患，腎尿細管間質性疾患及び腎不全（再掲）,total,2023,138.0,171.9,171.60576,124352.0
,"糸球体疾患,腎尿細管間質性疾患及び腎不全",True,　糸球体疾患，腎尿細管間質性疾患及び腎不全（再掲）,inpatient,1996,23.0,28.7,28.94872,125864.0
,"糸球体疾患,腎尿細管間質性疾患及び腎不全",True,　糸球体疾患，腎尿細管間質性疾患及び腎不全（再掲）,inpatient,1999,23.0,29.7,29.13778,126686.0
,"糸球体疾患,腎尿細管間質性疾患及び腎不全",True,　糸球体疾患，腎尿細管間質性疾患及び腎不全（再掲）,inpatient,2002,27.0,34.0,34.40745,127435.0
,"糸球体疾患,腎尿細管間質性疾患及び腎不全",True,　糸球体疾患，腎尿細管間質性疾患及び腎不全（再掲）,inpatient,2005,26.0,33.3,33.21968,127768.0
,"糸球体疾患,腎尿細管間質性疾患及び腎不全",True,　糸球体疾患，腎尿細管間質性疾患及び腎不全（再掲）,inpatient,2008,27.0,34.4,34.47684,127692.0
,"糸球体疾患,腎尿細管間質性疾患及び腎不全",True,　糸球体疾患，腎尿細管間質性疾患及び腎不全（再掲）,inpatient,2011,28.0,35.2,35.78372,127799.0
,"糸球体疾患,腎尿細管間質性疾患及び腎不全",True,　糸球体疾患，腎尿細管間質性疾患及び腎不全（再掲）,inpatient,2014,26.0,33.7,33.04158,127083.0
,"糸球体疾患,腎尿細管間質性疾患及び腎不全",True,　糸球体疾患，腎尿細管間質性疾患及び腎不全（再掲）,inpatient,2017,28.0,35.1,35.53732,126919.0
,"糸球体疾患,腎尿細管間質性疾患及び腎不全",True,　糸球体疾患，腎尿細管間質性疾患及び腎不全（再掲）,inpatient,2020,27.0,34.2,34.05942,126146.0
,"糸球体疾患,腎尿細管間質性疾患及び腎不全",True,　糸球体疾患，腎尿細管間質性疾患及び腎不全（再掲）,inpatient,2023,26.0,32.8,32.33152,124352.0
,"糸球体疾患,腎尿細管間質性疾患及び腎不全",True,　糸球体疾患，腎尿細管間質性疾患及び腎不全（再掲）,outpatient,1996,55.0,69.0,69.2252,125864.0
,"糸球体疾患,腎尿細管間質性疾患及び腎不全",True,　糸球体疾患，腎尿細管間質性疾患及び腎不全（再掲）,outpatient,1999,57.0,72.4,72.21102,126686.0
,"糸球体疾患,腎尿細管間質性疾患及び腎不全",True,　糸球体疾患，腎尿細管間質性疾患及び腎不全（再掲）,outpatient,2002,64.0,81.8,81.5584,127435.0
,"糸球体疾患,腎尿細管間質性疾患及び腎不全",True,　糸球体疾患，腎尿細管間質性疾患及び腎不全（再掲）,outpatient,2005,78.0,99.3,99.65904,127768.0
,"糸球体疾患,腎尿細管間質性疾患及び腎不全",True,　糸球体疾患，腎尿細管間質性疾患及び腎不全（再掲）,outpatient,2008,106.0,135.8,135.35352,127692.0
,"糸球体疾患,腎尿細管間質性疾患及び腎不全",True,　糸球体疾患，腎尿細管間質性疾患及び腎不全（再掲）,outpatient,2011,100.0,125.3,127.799,127799.0
,"糸球体疾患,腎尿細管間質性疾患及び腎不全",True,　糸球体疾患，腎尿細管間質性疾患及び腎不全（再掲）,outpatient,2014,93.0,118.4,118.18719,127083.0
,"糸球体疾患,腎尿細管間質性疾患及び腎不全",True,　糸球体疾患，腎尿細管間質性疾患及び腎不全（再掲）,outpatient,2017,121.0,153.6,153.57199,126919.0
,"糸球体疾患,腎尿細管間質性疾患及び腎不全",True,　糸球体疾患，腎尿細管間質性疾患及び腎不全（再掲）,outpatient,2020,106.0,134.3,133.71476,126146.0
,"糸球体疾患,腎尿細管間質性疾患及び腎不全",True,　糸球体疾患，腎尿細管間質性疾患及び腎不全（再掲）,outpatient,2023,112.0,139.1,139.27424,124352.0
,結核,True,　結核（再掲）,total,1996,15.0,18.8,18.8796,125864.0
,結核,True,　結核（再掲）,total,1999,14.0,17.4,17.73604,126686.0
,結核,True,　結核（再掲）,total,2002,10.0,12.4,12.7435,127435.0
,結核,True,　結核（再掲）,total,2005,7.0,9.2,8.94376,127768.0
,結核,True,　結核（再掲）,total,2008,6.0,7.1,7.66152,127692.0
,結核,True,　結核（再掲）,total,2011,5.0,5.9,6.38995,127799.0
,結核,True,　結核（再掲）,total,2014,4.0,5.1,5.08332,127083.0
,結核,True,　結核（再掲）,total,2017,3.0,4.3,3.80757,126919.0
,結核,True,　結核（再掲）,total,2020,2.0,3.1,2.52292,126146.0
,結核,True,　結核（再掲）,total,2023,2.0,2.2,2.48704,124352.0
,結核,True,　結核（再掲）,inpatient,1996,9.0,11.9,11.32776,125864.0
,結核,True,　結核（再掲）,inpatient,1999,9.0,11.2,11.40174,126686.0
,結核,True,　結核（再掲）,inpatient,2002,7.0,8.4,8.92045,127435.0
,結核,True,　結核（再掲）,inpatient,2005,5.0,6.1,6.3884,127768.0
,結核,True,　結核（再掲）,inpatient,2008,4.0,4.6,5.10768,127692.0
,結核,True,　結核（再掲）,inpatient,2011,3.0,3.9,3.83397,127799.0
,結核,True,　結核（再掲）,inpatient,2014,3.0,3.4,3.81249,127083.0
,結核,True,　結核（再掲）,inpatient,2017,2.0,2.8,2.53838,126919.0
,結核,True,　結核（再掲）,inpatient,2020,2.0,2.0,2.52292,126146.0
,結核,True,　結核（再掲）,inpatient,2023,1.0,1.3,1.24352,124352.0
,結核,True,　結核（再掲）,outpatient,1996,5.0,6.9,6.2932,125864.0
,結核,True,　結核（再掲）,outpatient,1999,5.0,6.2,6.3343,126686.0
,結核,True,　結核（再掲）,outpatient,2002,3.0,4.0,3.82305,127435.0
,結核,True,　結核（再掲）,outpatient,2005,2.0,3.1,2.55536,127768.0
,結核,True,　結核（再掲）,outpatient,2008,2.0,2.4,2.55384,127692.0
,結核,True,　結核（再掲）,outpatient,2011,2.0,2.0,2.55598,127799.0
,結核,True,　結核（再掲）,outpatient,2014,1.0,1.7,1.27083,127083.0
,結核,True,　結核（再掲）,outpatient,2017,1.0,1.5,1.26919,126919.0
,結核,True,　結核（再掲）,outpatient,2020,1.0,1.1,1.26146,126146.0
,結核,True,　結核（再掲）,outpatient,2023,1.0,0.9,1.24352,124352.0
,結腸及び直腸の悪性新生物<腫瘍>,True,　結腸及び直腸の悪性新生物＜腫瘍＞（再掲）,total,1996,33.0,42.0,41.53512,125864.0
,結腸及び直腸の悪性新生物<腫瘍>,True,　結腸及び直腸の悪性新生物＜腫瘍＞（再掲）,total,1999,32.0,40.3,40.53952,126686.0
,結腸及び直腸の悪性新生物<腫瘍>,True,　結腸及び直腸の悪性新生物＜腫瘍＞（再掲）,total,2002,31.0,39.1,39.50485,127435.0
,結腸及び直腸の悪性新生物<腫瘍>,True,　結腸及び直腸の悪性新生物＜腫瘍＞（再掲）,total,2005,31.0,39.4,39.60808,127768.0
,結腸及び直腸の悪性新生物<腫瘍>,True,　結腸及び直腸の悪性新生物＜腫瘍＞（再掲）,total,2008,34.0,43.1,43.41528,127692.0
,結腸及び直腸の悪性新生物<腫瘍>,True,　結腸及び直腸の悪性新生物＜腫瘍＞（再掲）,total,2011,34.0,43.2,43.45166,127799.0
,結腸及び直腸の悪性新生物<腫瘍>,True,　結腸及び直腸の悪性新生物＜腫瘍＞（再掲）,total,2014,37.0,46.9,47.02071,127083.0
,結腸及び直腸の悪性新生物<腫瘍>,True,　結腸及び直腸の悪性新生物＜腫瘍＞（再掲）,total,2017,38.0,48.4,48.22922,126919.0
,結腸及び直腸の悪性新生物<腫瘍>,True,　結腸及び直腸の悪性新生物＜腫瘍＞（再掲）,total,2020,35.0,44.4,44.1511,126146.0
,結腸及び直腸の悪性新生物<腫瘍>,True,　結腸及び直腸の悪性新生物＜腫瘍＞（再掲）,total,2023,35.0,43.9,43.5232,124352.0
,結腸及び直腸の悪性新生物<腫瘍>,True,　結腸及び直腸の悪性新生物＜腫瘍＞（再掲）,inpatient,1996,15.0,18.4,18.8796,125864.0
,結腸及び直腸の悪性新生物<腫瘍>,True,　結腸及び直腸の悪性新生物＜腫瘍＞（再掲）,inpatient,1999,15.0,18.6,19.0029,126686.0
,結腸及び直腸の悪性新生物<腫瘍>,True,　結腸及び直腸の悪性新生物＜腫瘍＞（再掲）,inpatient,2002,14.0,18.3,17.8409,127435.0
,結腸及び直腸の悪性新生物<腫瘍>,True,　結腸及び直腸の悪性新生物＜腫瘍＞（再掲）,inpatient,2005,15.0,19.2,19.1652,127768.0
,結腸及び直腸の悪性新生物<腫瘍>,True,　結腸及び直腸の悪性新生物＜腫瘍＞（再掲）,inpatient,2008,15.0,19.6,19.1538,127692.0
,結腸及び直腸の悪性新生物<腫瘍>,True,　結腸及び直腸の悪性新生物＜腫瘍＞（再掲）,inpatient,2011,15.0,19.2,19.16985,127799.0
,結腸及び直腸の悪性新生物<腫瘍>,True,　結腸及び直腸の悪性新生物＜腫瘍＞（再掲）,inpatient,2014,15.0,18.9,19.06245,127083.0
,結腸及び直腸の悪性新生物<腫瘍>,True,　結腸及び直腸の悪性新生物＜腫瘍＞（再掲）,inpatient,2017,15.0,18.7,19.03785,126919.0
,結腸及び直腸の悪性新生物<腫瘍>,True,　結腸及び直腸の悪性新生物＜腫瘍＞（再掲）,inpatient,2020,14.0,17.4,17.66044,126146.0
,結腸及び直腸の悪性新生物<腫瘍>,True,　結腸及び直腸の悪性新生物＜腫瘍＞（再掲）,inpatient,2023,13.0,15.8,16.16576,124352.0
,結腸及び直腸の悪性新生物<腫瘍>,True,　結腸及び直腸の悪性新生物＜腫瘍＞（再掲）,outpatient,1996,19.0,23.6,23.91416,125864.0
,結腸及び直腸の悪性新生物<腫瘍>,True,　結腸及び直腸の悪性新生物＜腫瘍＞（再掲）,outpatient,1999,17.0,21.7,21.53662,126686.0
,結腸及び直腸の悪性新生物<腫瘍>,True,　結腸及び直腸の悪性新生物＜腫瘍＞（再掲）,outpatient,2002,16.0,20.7,20.3896,127435.0
,結腸及び直腸の悪性新生物<腫瘍>,True,　結腸及び直腸の悪性新生物＜腫瘍＞（再掲）,outpatient,2005,16.0,20.2,20.44288,127768.0
,結腸及び直腸の悪性新生物<腫瘍>,True,　結腸及び直腸の悪性新生物＜腫瘍＞（再掲）,outpatient,2008,18.0,23.5,22.98456,127692.0
,結腸及び直腸の悪性新生物<腫瘍>,True,　結腸及び直腸の悪性新生物＜腫瘍＞（再掲）,outpatient,2011,19.0,24.0,24.28181,127799.0
,結腸及び直腸の悪性新生物<腫瘍>,True,　結腸及び直腸の悪性新生物＜腫瘍＞（再掲）,outpatient,2014,22.0,28.0,27.95826,127083.0
,結腸及び直腸の悪性新生物<腫瘍>,True,　結腸及び直腸の悪性新生物＜腫瘍＞（再掲）,outpatient,2017,23.0,29.7,29.19137,126919.0
,結腸及び直腸の悪性新生物<腫瘍>,True,　結腸及び直腸の悪性新生物＜腫瘍＞（再掲）,outpatient,2020,21.0,27.0,26.49066,126146.0
,結腸及び直腸の悪性新生物<腫瘍>,True,　結腸及び直腸の悪性新生物＜腫瘍＞（再掲）,outpatient,2023,23.0,28.0,28.60096,124352.0
,"統合失調症,統合失調症型障害及び妄想性障害",True,　統合失調症，統合失調症型障害及び妄想性障害（再掲）,total,1996,210.0,264.3,264.3144,125864.0
,"統合失調症,統合失調症型障害及び妄想性障害",True,　統合失調症，統合失調症型障害及び妄想性障害（再掲）,total,1999,205.0,260.1,259.7063,126686.0
,"統合失調症,統合失調症型障害及び妄想性障害",True,　統合失調症，統合失調症型障害及び妄想性障害（再掲）,total,2002,204.0,259.7,259.9674,127435.0
,"統合失調症,統合失調症型障害及び妄想性障害",True,　統合失調症，統合失調症型障害及び妄想性障害（再掲）,total,2005,205.0,261.8,261.9244,127768.0
,"統合失調症,統合失調症型障害及び妄想性障害",True,　統合失調症，統合失調症型障害及び妄想性障害（再掲）,total,2008,199.0,253.9,254.10708,127692.0
,"統合失調症,統合失調症型障害及び妄想性障害",True,　統合失調症，統合失調症型障害及び妄想性障害（再掲）,total,2011,187.0,234.8,238.98413,127799.0
,"統合失調症,統合失調症型障害及び妄想性障害",True,　統合失調症，統合失調症型障害及び妄想性障害（再掲）,total,2014,185.0,235.4,235.10355,127083.0
,"統合失調症,統合失調症型障害及び妄想性障害",True,　統合失調症，統合失調症型障害及び妄想性障害（再掲）,total,2017,171.0,216.2,217.03149,126919.0
,"統合失調症,統合失調症型障害及び妄想性障害",True,　統合失調症，統合失調症型障害及び妄想性障害（再掲）,total,2020,153.0,193.0,193.00338,126146.0
,"統合失調症,統合失調症型障害及び妄想性障害",True,　統合失調症，統合失調症型障害及び妄想性障害（再掲）,total,2023,141.0,175.8,175.33632,124352.0
,"統合失調症,統合失調症型障害及び妄想性障害",True,　統合失調症，統合失調症型障害及び妄想性障害（再掲）,inpatient,1996,172.0,216.6,216.48608,125864.0
,"統合失調症,統合失調症型障害及び妄想性障害",True,　統合失調症，統合失調症型障害及び妄想性障害（再掲）,inpatient,1999,169.0,213.5,214.09934,126686.0
,"統合失調症,統合失調症型障害及び妄想性障害",True,　統合失調症，統合失調症型障害及び妄想性障害（再掲）,inpatient,2002,159.0,203.2,202.62165,127435.0
,"統合失調症,統合失調症型障害及び妄想性障害",True,　統合失調症，統合失調症型障害及び妄想性障害（再掲）,inpatient,2005,156.0,198.9,199.31808,127768.0
,"統合失調症,統合失調症型障害及び妄想性障害",True,　統合失調症，統合失調症型障害及び妄想性障害（再掲）,inpatient,2008,147.0,187.4,187.70724,127692.0
,"統合失調症,統合失調症型障害及び妄想性障害",True,　統合失調症，統合失調症型障害及び妄想性障害（再掲）,inpatient,2011,139.0,174.1,177.64061,127799.0
,"統合失調症,統合失調症型障害及び妄想性障害",True,　統合失調症，統合失調症型障害及び妄想性障害（再掲）,inpatient,2014,130.0,165.8,165.2079,127083.0
,"統合失調症,統合失調症型障害及び妄想性障害",True,　統合失調症，統合失調症型障害及び妄想性障害（再掲）,inpatient,2017,121.0,153.5,153.57199,126919.0
,"統合失調症,統合失調症型障害及び妄想性障害",True,　統合失調症，統合失調症型障害及び妄想性障害（再掲）,inpatient,2020,113.0,143.0,142.54498,126146.0
,"統合失調症,統合失調症型障害及び妄想性障害",True,　統合失調症，統合失調症型障害及び妄想性障害（再掲）,inpatient,2023,102.0,126.4,126.83904,124352.0
,"統合失調症,統合失調症型障害及び妄想性障害",True,　統合失調症，統合失調症型障害及び妄想性障害（再掲）,outpatient,1996,38.0,47.7,47.82832,125864.0
,"統合失調症,統合失調症型障害及び妄想性障害",True,　統合失調症，統合失調症型障害及び妄想性障害（再掲）,outpatient,1999,37.0,46.6,46.87382,126686.0
,"統合失調症,統合失調症型障害及び妄想性障害",True,　統合失調症，統合失調症型障害及び妄想性障害（再掲）,outpatient,2002,44.0,56.5,56.0714,127435.0
,"統合失調症,統合失調症型障害及び妄想性障害",True,　統合失調症，統合失調症型障害及び妄想性障害（再掲）,outpatient,2005,49.0,62.9,62.60632,127768.0
,"統合失調症,統合失調症型障害及び妄想性障害",True,　統合失調症，統合失調症型障害及び妄想性障害（再掲）,outpatient,2008,52.0,66.5,66.39984,127692.0
,"統合失調症,統合失調症型障害及び妄想性障害",True,　統合失調症，統合失調症型障害及び妄想性障害（再掲）,outpatient,2011,48.0,60.6,61.34352,127799.0
,"統合失調症,統合失調症型障害及び妄想性障害",True,　統合失調症，統合失調症型障害及び妄想性障害（再掲）,outpatient,2014,55.0,69.7,69.89565,127083.0
,"統合失調症,統合失調症型障害及び妄想性障害",True,　統合失調症，統合失調症型障害及び妄想性障害（再掲）,outpatient,2017,49.0,62.7,62.19031,126919.0
,"統合失調症,統合失調症型障害及び妄想性障害",True,　統合失調症，統合失調症型障害及び妄想性障害（再掲）,outpatient,2020,40.0,50.0,50.4584,126146.0
,"統合失調症,統合失調症型障害及び妄想性障害",True,　統合失調症，統合失調症型障害及び妄想性障害（再掲）,outpatient,2023,40.0,49.5,49.7408,124352.0
,総数,False,総数,total,1996,7000.0,8810.3,8810.48,125864.0
,総数,False,総数,total,1999,6566.0,8318.6,8318.20276,126686.0
,総数,False,総数,total,2002,6222.0,7929.0,7929.0057,127435.0
,総数,False,総数,total,2005,6696.0,8555.2,8555.34528,127768.0
,総数,False,総数,total,2008,6467.0,8257.3,8257.84164,127692.0
,総数,False,総数,total,2011,6852.0,8601.5,8756.78748,127799.0
,総数,False,総数,total,2014,6734.0,8557.2,8557.76922,127083.0
,総数,False,総数,total,2017,6711.0,8503.6,8517.53409,126919.0
,総数,False,総数,total,2020,6618.0,8348.8,8348.34228,126146.0
,総数,False,総数,total,2023,6795.0,8450.3,8449.7184,124352.0
,総数,False,総数,inpatient,1996,1176.0,1480.5,1480.16064,125864.0
,総数,False,総数,inpatient,1999,1170.0,1482.6,1482.2262,126686.0
,総数,False,総数,inpatient,2002,1139.0,1451.0,1451.48465,127435.0
,総数,False,総数,inpatient,2005,1145.0,1462.8,1462.9436,127768.0
,総数,False,総数,inpatient,2008,1090.0,1392.4,1391.8428,127692.0
,総数,False,総数,inpatient,2011,1068.0,1341.0,1364.89332,127799.0
,総数,False,総数,inpatient,2014,1038.0,1318.8,1319.12154,127083.0
,総数,False,総数,inpatient,2017,1036.0,1312.6,1314.88084,126919.0
,総数,False,総数,inpatient,2020,960.0,1211.3,1211.0016,126146.0
,総数,False,総数,inpatient,2023,945.0,1175.3,1175.1264,124352.0
,総数,False,総数,outpatient,1996,5824.0,7329.8,7330.31936,125864.0
,総数,False,総数,outpatient,1999,5396.0,6835.9,6835.97656,126686.0
,総数,False,総数,outpatient,2002,5083.0,6478.0,6477.52105,127435.0
,総数,False,総数,outpatient,2005,5551.0,7092.4,7092.40168,127768.0
,総数,False,総数,outpatient,2008,5376.0,6865.0,6864.72192,127692.0
,総数,False,総数,outpatient,2011,5784.0,7260.5,7391.89416,127799.0
,総数,False,総数,outpatient,2014,5696.0,7238.4,7238.64768,127083.0
,総数,False,総数,outpatient,2017,5675.0,7191.0,7202.65325,126919.0
,総数,False,総数,outpatient,2020,5658.0,7137.5,7137.34068,126146.0
,総数,False,総数,outpatient,2023,5850.0,7275.0,7274.592,124352.0
,耳及び乳様突起の疾患,False,耳及び乳様突起の疾患,total,1996,112.0,141.5,140.96768,125864.0
,耳及び乳様突起の疾患,False,耳及び乳様突起の疾患,total,1999,110.0,139.3,139.3546,126686.0
,耳及び乳様突起の疾患,False,耳及び乳様突起の疾患,total,2002,82.0,105.0,104.4967,127435.0
,耳及び乳様突起の疾患,False,耳及び乳様突起の疾患,total,2005,92.0,117.6,117.54656,127768.0
,耳及び乳様突起の疾患,False,耳及び乳様突起の疾患,total,2008,98.0,125.0,125.13816,127692.0
,耳及び乳様突起の疾患,False,耳及び乳様突起の疾患,total,2011,94.0,117.5,120.13106,127799.0
,耳及び乳様突起の疾患,False,耳及び乳様突起の疾患,total,2014,81.0,103.0,102.93723,127083.0
,耳及び乳様突起の疾患,False,耳及び乳様突起の疾患,total,2017,80.0,101.8,101.5352,126919.0
,耳及び乳様突起の疾患,False,耳及び乳様突起の疾患,total,2020,78.0,97.9,98.39388,126146.0
,耳及び乳様突起の疾患,False,耳及び乳様突起の疾患,total,2023,67.0,83.0,83.31584,124352.0
,耳及び乳様突起の疾患,False,耳及び乳様突起の疾患,inpatient,1996,3.0,3.5,3.77592,125864.0
,耳及び乳様突起の疾患,False,耳及び乳様突起の疾患,inpatient,1999,3.0,3.7,3.80058,126686.0
,耳及び乳様突起の疾患,False,耳及び乳様突起の疾患,inpatient,2002,3.0,3.3,3.82305,127435.0
,耳及び乳様突起の疾患,False,耳及び乳様突起の疾患,inpatient,2005,2.0,3.0,2.55536,127768.0
,耳及び乳様突起の疾患,False,耳及び乳様突起の疾患,inpatient,2008,2.0,2.7,2.55384,127692.0
,耳及び乳様突起の疾患,False,耳及び乳様突起の疾患,inpatient,2011,2.0,2.7,2.55598,127799.0
,耳及び乳様突起の疾患,False,耳及び乳様突起の疾患,inpatient,2014,2.0,2.5,2.54166,127083.0
,耳及び乳様突起の疾患,False,耳及び乳様突起の疾患,inpatient,2017,2.0,2.6,2.53838,126919.0
,耳及び乳様突起の疾患,False,耳及び乳様突起の疾患,inpatient,2020,2.0,2.4,2.52292,126146.0
,耳及び乳様突起の疾患,False,耳及び乳様突起の疾患,inpatient,2023,2.0,1.9,2.48704,124352.0
,耳及び乳様突起の疾患,False,耳及び乳様突起の疾患,outpatient,1996,110.0,138.0,138.4504,125864.0
,耳及び乳様突起の疾患,False,耳及び乳様突起の疾患,outpatient,1999,107.0,135.5,135.55402,126686.0
,耳及び乳様突起の疾患,False,耳及び乳様突起の疾患,outpatient,2002,80.0,101.7,101.948,127435.0
,耳及び乳様突起の疾患,False,耳及び乳様突起の疾患,outpatient,2005,90.0,114.6,114.9912,127768.0
,耳及び乳様突起の疾患,False,耳及び乳様突起の疾患,outpatient,2008,96.0,122.4,122.58432,127692.0
,耳及び乳様突起の疾患,False,耳及び乳様突起の疾患,outpatient,2011,91.0,114.7,116.29709,127799.0
,耳及び乳様突起の疾患,False,耳及び乳様突起の疾患,outpatient,2014,79.0,100.5,100.39557,127083.0
,耳及び乳様突起の疾患,False,耳及び乳様突起の疾患,outpatient,2017,78.0,99.2,98.99682,126919.0
,耳及び乳様突起の疾患,False,耳及び乳様突起の疾患,outpatient,2020,76.0,95.5,95.87096,126146.0
,耳及び乳様突起の疾患,False,耳及び乳様突起の疾患,outpatient,2023,65.0,81.0,80.8288,124352.0
,肝疾患,True,　肝疾患（再掲）,total,1996,88.0,110.6,110.76032,125864.0
,肝疾患,True,　肝疾患（再掲）,total,1999,71.0,89.5,89.94706,126686.0
,肝疾患,True,　肝疾患（再掲）,total,2002,55.0,69.5,70.08925,127435.0
,肝疾患,True,　肝疾患（再掲）,total,2005,47.0,60.6,60.05096,127768.0
,肝疾患,True,　肝疾患（再掲）,total,2008,36.0,46.0,45.96912,127692.0
,肝疾患,True,　肝疾患（再掲）,total,2011,40.0,50.4,51.1196,127799.0
,肝疾患,True,　肝疾患（再掲）,total,2014,32.0,40.6,40.66656,127083.0
,肝疾患,True,　肝疾患（再掲）,total,2017,27.0,34.3,34.26813,126919.0
,肝疾患,True,　肝疾患（再掲）,total,2020,25.0,31.0,31.5365,126146.0
,肝疾患,True,　肝疾患（再掲）,total,2023,23.0,28.6,28.60096,124352.0
,肝疾患,True,　肝疾患（再掲）,inpatient,1996,18.0,22.9,22.65552,125864.0
,肝疾患,True,　肝疾患（再掲）,inpatient,1999,15.0,19.6,19.0029,126686.0
,肝疾患,True,　肝疾患（再掲）,inpatient,2002,12.0,15.1,15.2922,127435.0
,肝疾患,True,　肝疾患（再掲）,inpatient,2005,10.0,12.7,12.7768,127768.0
,肝疾患,True,　肝疾患（再掲）,inpatient,2008,8.0,9.8,10.21536,127692.0
,肝疾患,True,　肝疾患（再掲）,inpatient,2011,7.0,8.7,8.94593,127799.0
,肝疾患,True,　肝疾患（再掲）,inpatient,2014,6.0,8.0,7.62498,127083.0
,肝疾患,True,　肝疾患（再掲）,inpatient,2017,6.0,7.4,7.61514,126919.0
,肝疾患,True,　肝疾患（再掲）,inpatient,2020,5.0,6.2,6.3073,126146.0
,肝疾患,True,　肝疾患（再掲）,inpatient,2023,4.0,5.5,4.97408,124352.0
,肝疾患,True,　肝疾患（再掲）,outpatient,1996,70.0,87.7,88.1048,125864.0
,肝疾患,True,　肝疾患（再掲）,outpatient,1999,55.0,69.9,69.6773,126686.0
,肝疾患,True,　肝疾患（再掲）,outpatient,2002,43.0,54.4,54.79705,127435.0
,肝疾患,True,　肝疾患（再掲）,outpatient,2005,37.0,47.9,47.27416,127768.0
,肝疾患,True,　肝疾患（再掲）,outpatient,2008,28.0,36.2,35.75376,127692.0
,肝疾患,True,　肝疾患（再掲）,outpatient,2011,33.0,41.6,42.17367,127799.0
,肝疾患,True,　肝疾患（再掲）,outpatient,2014,26.0,32.6,33.04158,127083.0
,肝疾患,True,　肝疾患（再掲）,outpatient,2017,21.0,26.9,26.65299,126919.0
,肝疾患,True,　肝疾患（再掲）,outpatient,2020,20.0,24.8,25.2292,126146.0
,肝疾患,True,　肝疾患（再掲）,outpatient,2023,19.0,23.1,23.62688,124352.0
,肺炎,True,　肺炎（再掲）,total,1996,24.0,29.9,30.20736,125864.0
,肺炎,True,　肺炎（再掲）,total,1999,24.0,30.7,30.40464,126686.0
,肺炎,True,　肺炎（再掲）,total,2002,28.0,35.4,35.6818,127435.0
,肺炎,True,　肺炎（再掲）,total,2005,33.0,42.8,42.16344,127768.0
,肺炎,True,　肺炎（再掲）,total,2008,36.0,46.1,45.96912,127692.0
,肺炎,True,　肺炎（再掲）,total,2011,40.0,50.3,51.1196,127799.0
,肺炎,True,　肺炎（再掲）,total,2014,34.0,42.8,43.20822,127083.0
,肺炎,True,　肺炎（再掲）,total,2017,34.0,43.4,43.15246,126919.0
,肺炎,True,　肺炎（再掲）,total,2020,22.0,28.1,27.75212,126146.0
,肺炎,True,　肺炎（再掲）,total,2023,25.0,31.0,31.088,124352.0
,肺炎,True,　肺炎（再掲）,inpatient,1996,17.0,20.9,21.39688,125864.0
,肺炎,True,　肺炎（再掲）,inpatient,1999,19.0,23.9,24.07034,126686.0
,肺炎,True,　肺炎（再掲）,inpatient,2002,21.0,27.3,26.76135,127435.0
,肺炎,True,　肺炎（再掲）,inpatient,2005,27.0,34.2,34.49736,127768.0
,肺炎,True,　肺炎（再掲）,inpatient,2008,29.0,37.0,37.03068,127692.0
,肺炎,True,　肺炎（再掲）,inpatient,2011,31.0,38.3,39.61769,127799.0
,肺炎,True,　肺炎（再掲）,inpatient,2014,27.0,34.6,34.31241,127083.0
,肺炎,True,　肺炎（再掲）,inpatient,2017,28.0,35.6,35.53732,126919.0
,肺炎,True,　肺炎（再掲）,inpatient,2020,19.0,24.0,23.96774,126146.0
,肺炎,True,　肺炎（再掲）,inpatient,2023,21.0,26.3,26.11392,124352.0
,肺炎,True,　肺炎（再掲）,outpatient,1996,7.0,9.1,8.81048,125864.0
,肺炎,True,　肺炎（再掲）,outpatient,1999,5.0,6.8,6.3343,126686.0
,肺炎,True,　肺炎（再掲）,outpatient,2002,6.0,8.1,7.6461,127435.0
,肺炎,True,　肺炎（再掲）,outpatient,2005,7.0,8.6,8.94376,127768.0
,肺炎,True,　肺炎（再掲）,outpatient,2008,7.0,9.1,8.93844,127692.0
,肺炎,True,　肺炎（再掲）,outpatient,2011,10.0,12.0,12.7799,127799.0
,肺炎,True,　肺炎（再掲）,outpatient,2014,6.0,8.2,7.62498,127083.0
,肺炎,True,　肺炎（再掲）,outpatient,2017,6.0,7.8,7.61514,126919.0
,肺炎,True,　肺炎（再掲）,outpatient,2020,3.0,4.1,3.78438,126146.0
,肺炎,True,　肺炎（再掲）,outpatient,2023,4.0,4.7,4.97408,124352.0
,胃の悪性新生物<腫瘍>,True,　胃の悪性新生物＜腫瘍＞（再掲）,total,1996,42.0,53.0,52.86288,125864.0
,胃の悪性新生物<腫瘍>,True,　胃の悪性新生物＜腫瘍＞（再掲）,total,1999,37.0,46.9,46.87382,126686.0
,胃の悪性新生物<腫瘍>,True,　胃の悪性新生物＜腫瘍＞（再掲）,total,2002,31.0,40.1,39.50485,127435.0
,胃の悪性新生物<腫瘍>,True,　胃の悪性新生物＜腫瘍＞（再掲）,total,2005,30.0,38.1,38.3304,127768.0
,胃の悪性新生物<腫瘍>,True,　胃の悪性新生物＜腫瘍＞（再掲）,total,2008,30.0,38.5,38.3076,127692.0
,胃の悪性新生物<腫瘍>,True,　胃の悪性新生物＜腫瘍＞（再掲）,total,2011,27.0,34.1,34.50573,127799.0
,胃の悪性新生物<腫瘍>,True,　胃の悪性新生物＜腫瘍＞（再掲）,total,2014,26.0,32.7,33.04158,127083.0
,胃の悪性新生物<腫瘍>,True,　胃の悪性新生物＜腫瘍＞（再掲）,total,2017,26.0,32.4,32.99894,126919.0
,胃の悪性新生物<腫瘍>,True,　胃の悪性新生物＜腫瘍＞（再掲）,total,2020,21.0,26.4,26.49066,126146.0
,胃の悪性新生物<腫瘍>,True,　胃の悪性新生物＜腫瘍＞（再掲）,total,2023,19.0,24.1,23.62688,124352.0
,胃の悪性新生物<腫瘍>,True,　胃の悪性新生物＜腫瘍＞（再掲）,inpatient,1996,19.0,24.2,23.91416,125864.0
,胃の悪性新生物<腫瘍>,True,　胃の悪性新生物＜腫瘍＞（再掲）,inpatient,1999,18.0,22.7,22.80348,126686.0
,胃の悪性新生物<腫瘍>,True,　胃の悪性新生物＜腫瘍＞（再掲）,inpatient,2002,16.0,20.0,20.3896,127435.0
,胃の悪性新生物<腫瘍>,True,　胃の悪性新生物＜腫瘍＞（再掲）,inpatient,2005,15.0,18.8,19.1652,127768.0
,胃の悪性新生物<腫瘍>,True,　胃の悪性新生物＜腫瘍＞（再掲）,inpatient,2008,13.0,17.1,16.59996,127692.0
,胃の悪性新生物<腫瘍>,True,　胃の悪性新生物＜腫瘍＞（再掲）,inpatient,2011,12.0,14.9,15.33588,127799.0
,胃の悪性新生物<腫瘍>,True,　胃の悪性新生物＜腫瘍＞（再掲）,inpatient,2014,11.0,13.5,13.97913,127083.0
,胃の悪性新生物<腫瘍>,True,　胃の悪性新生物＜腫瘍＞（再掲）,inpatient,2017,10.0,12.5,12.6919,126919.0
,胃の悪性新生物<腫瘍>,True,　胃の悪性新生物＜腫瘍＞（再掲）,inpatient,2020,8.0,10.2,10.09168,126146.0
,胃の悪性新生物<腫瘍>,True,　胃の悪性新生物＜腫瘍＞（再掲）,inpatient,2023,7.0,8.6,8.70464,124352.0
,胃の悪性新生物<腫瘍>,True,　胃の悪性新生物＜腫瘍＞（再掲）,outpatient,1996,23.0,28.8,28.94872,125864.0
,胃の悪性新生物<腫瘍>,True,　胃の悪性新生物＜腫瘍＞（再掲）,outpatient,1999,19.0,24.1,24.07034,126686.0
,胃の悪性新生物<腫瘍>,True,　胃の悪性新生物＜腫瘍＞（再掲）,outpatient,2002,16.0,20.2,20.3896,127435.0
,胃の悪性新生物<腫瘍>,True,　胃の悪性新生物＜腫瘍＞（再掲）,outpatient,2005,15.0,19.3,19.1652,127768.0
,胃の悪性新生物<腫瘍>,True,　胃の悪性新生物＜腫瘍＞（再掲）,outpatient,2008,17.0,21.4,21.70764,127692.0
,胃の悪性新生物<腫瘍>,True,　胃の悪性新生物＜腫瘍＞（再掲）,outpatient,2011,15.0,19.2,19.16985,127799.0
,胃の悪性新生物<腫瘍>,True,　胃の悪性新生物＜腫瘍＞（再掲）,outpatient,2014,15.0,19.2,19.06245,127083.0
,胃の悪性新生物<腫瘍>,True,　胃の悪性新生物＜腫瘍＞（再掲）,outpatient,2017,16.0,19.9,20.30704,126919.0
,胃の悪性新生物<腫瘍>,True,　胃の悪性新生物＜腫瘍＞（再掲）,outpatient,2020,13.0,16.2,16.39898,126146.0
,胃の悪性新生物<腫瘍>,True,　胃の悪性新生物＜腫瘍＞（再掲）,outpatient,2023,12.0,15.5,14.92224,124352.0
,胃潰瘍及び十二指腸潰瘍,True,　胃潰瘍及び十二指腸潰瘍（再掲）,total,1996,106.0,134.0,133.41584,125864.0
,胃潰瘍及び十二指腸潰瘍,True,　胃潰瘍及び十二指腸潰瘍（再掲）,total,1999,83.0,105.1,105.14938,126686.0
,胃潰瘍及び十二指腸潰瘍,True,　胃潰瘍及び十二指腸潰瘍（再掲）,total,2002,67.0,85.0,85.38145,127435.0
,胃潰瘍及び十二指腸潰瘍,True,　胃潰瘍及び十二指腸潰瘍（再掲）,total,2005,55.0,70.2,70.2724,127768.0
,胃潰瘍及び十二指腸潰瘍,True,　胃潰瘍及び十二指腸潰瘍（再掲）,total,2008,45.0,57.3,57.4614,127692.0
,胃潰瘍及び十二指腸潰瘍,True,　胃潰瘍及び十二指腸潰瘍（再掲）,total,2011,35.0,44.0,44.72965,127799.0
,胃潰瘍及び十二指腸潰瘍,True,　胃潰瘍及び十二指腸潰瘍（再掲）,total,2014,27.0,34.5,34.31241,127083.0
,胃潰瘍及び十二指腸潰瘍,True,　胃潰瘍及び十二指腸潰瘍（再掲）,total,2017,19.0,23.7,24.11461,126919.0
,胃潰瘍及び十二指腸潰瘍,True,　胃潰瘍及び十二指腸潰瘍（再掲）,total,2020,11.0,14.3,13.87606,126146.0
,胃潰瘍及び十二指腸潰瘍,True,　胃潰瘍及び十二指腸潰瘍（再掲）,total,2023,10.0,12.4,12.4352,124352.0
,胃潰瘍及び十二指腸潰瘍,True,　胃潰瘍及び十二指腸潰瘍（再掲）,inpatient,1996,12.0,15.4,15.10368,125864.0
,胃潰瘍及び十二指腸潰瘍,True,　胃潰瘍及び十二指腸潰瘍（再掲）,inpatient,1999,10.0,12.9,12.6686,126686.0
,胃潰瘍及び十二指腸潰瘍,True,　胃潰瘍及び十二指腸潰瘍（再掲）,inpatient,2002,8.0,10.0,10.1948,127435.0
,胃潰瘍及び十二指腸潰瘍,True,　胃潰瘍及び十二指腸潰瘍（再掲）,inpatient,2005,6.0,8.1,7.66608,127768.0
,胃潰瘍及び十二指腸潰瘍,True,　胃潰瘍及び十二指腸潰瘍（再掲）,inpatient,2008,5.0,6.5,6.3846,127692.0
,胃潰瘍及び十二指腸潰瘍,True,　胃潰瘍及び十二指腸潰瘍（再掲）,inpatient,2011,4.0,5.0,5.11196,127799.0
,胃潰瘍及び十二指腸潰瘍,True,　胃潰瘍及び十二指腸潰瘍（再掲）,inpatient,2014,3.0,4.3,3.81249,127083.0
,胃潰瘍及び十二指腸潰瘍,True,　胃潰瘍及び十二指腸潰瘍（再掲）,inpatient,2017,3.0,3.2,3.80757,126919.0
,胃潰瘍及び十二指腸潰瘍,True,　胃潰瘍及び十二指腸潰瘍（再掲）,inpatient,2020,2.0,2.6,2.52292,126146.0
,胃潰瘍及び十二指腸潰瘍,True,　胃潰瘍及び十二指腸潰瘍（再掲）,inpatient,2023,2.0,2.5,2.48704,124352.0
,胃潰瘍及び十二指腸潰瘍,True,　胃潰瘍及び十二指腸潰瘍（再掲）,outpatient,1996,94.0,118.6,118.31216,125864.0
,胃潰瘍及び十二指腸潰瘍,True,　胃潰瘍及び十二指腸潰瘍（再掲）,outpatient,1999,73.0,92.2,92.48078,126686.0
,胃潰瘍及び十二指腸潰瘍,True,　胃潰瘍及び十二指腸潰瘍（再掲）,outpatient,2002,59.0,75.0,75.18665,127435.0
,胃潰瘍及び十二指腸潰瘍,True,　胃潰瘍及び十二指腸潰瘍（再掲）,outpatient,2005,49.0,62.2,62.60632,127768.0
,胃潰瘍及び十二指腸潰瘍,True,　胃潰瘍及び十二指腸潰瘍（再掲）,outpatient,2008,40.0,50.8,51.0768,127692.0
,胃潰瘍及び十二指腸潰瘍,True,　胃潰瘍及び十二指腸潰瘍（再掲）,outpatient,2011,31.0,39.0,39.61769,127799.0
,胃潰瘍及び十二指腸潰瘍,True,　胃潰瘍及び十二指腸潰瘍（再掲）,outpatient,2014,24.0,30.3,30.49992,127083.0
,胃潰瘍及び十二指腸潰瘍,True,　胃潰瘍及び十二指腸潰瘍（再掲）,outpatient,2017,16.0,20.5,20.30704,126919.0
,胃潰瘍及び十二指腸潰瘍,True,　胃潰瘍及び十二指腸潰瘍（再掲）,outpatient,2020,9.0,11.7,11.35314,126146.0
,胃潰瘍及び十二指腸潰瘍,True,　胃潰瘍及び十二指腸潰瘍（再掲）,outpatient,2023,8.0,9.9,9.94816,124352.0
,胃炎及び十二指腸炎,True,　胃炎及び十二指腸炎（再掲）,total,1996,110.0,138.6,138.4504,125864.0
,胃炎及び十二指腸炎,True,　胃炎及び十二指腸炎（再掲）,total,1999,84.0,105.8,106.41624,126686.0
,胃炎及び十二指腸炎,True,　胃炎及び十二指腸炎（再掲）,total,2002,69.0,87.9,87.93015,127435.0
,胃炎及び十二指腸炎,True,　胃炎及び十二指腸炎（再掲）,total,2005,67.0,85.3,85.60456,127768.0
,胃炎及び十二指腸炎,True,　胃炎及び十二指腸炎（再掲）,total,2008,52.0,66.8,66.39984,127692.0
,胃炎及び十二指腸炎,True,　胃炎及び十二指腸炎（再掲）,total,2011,49.0,61.6,62.62151,127799.0
,胃炎及び十二指腸炎,True,　胃炎及び十二指腸炎（再掲）,total,2014,58.0,74.2,73.70814,127083.0
,胃炎及び十二指腸炎,True,　胃炎及び十二指腸炎（再掲）,total,2017,53.0,66.6,67.26707,126919.0
,胃炎及び十二指腸炎,True,　胃炎及び十二指腸炎（再掲）,total,2020,48.0,60.6,60.55008,126146.0
,胃炎及び十二指腸炎,True,　胃炎及び十二指腸炎（再掲）,total,2023,46.0,57.4,57.20192,124352.0
,胃炎及び十二指腸炎,True,　胃炎及び十二指腸炎（再掲）,inpatient,1996,2.0,3.0,2.51728,125864.0
,胃炎及び十二指腸炎,True,　胃炎及び十二指腸炎（再掲）,inpatient,1999,2.0,2.4,2.53372,126686.0
,胃炎及び十二指腸炎,True,　胃炎及び十二指腸炎（再掲）,inpatient,2002,1.0,1.7,1.27435,127435.0
,胃炎及び十二指腸炎,True,　胃炎及び十二指腸炎（再掲）,inpatient,2005,1.0,1.4,1.27768,127768.0
,胃炎及び十二指腸炎,True,　胃炎及び十二指腸炎（再掲）,inpatient,2008,1.0,1.1,1.27692,127692.0
,胃炎及び十二指腸炎,True,　胃炎及び十二指腸炎（再掲）,inpatient,2011,1.0,0.7,1.27799,127799.0
,胃炎及び十二指腸炎,True,　胃炎及び十二指腸炎（再掲）,inpatient,2014,0.0,0.6,0.0,127083.0
,胃炎及び十二指腸炎,True,　胃炎及び十二指腸炎（再掲）,inpatient,2017,0.0,0.6,0.0,126919.0
,胃炎及び十二指腸炎,True,　胃炎及び十二指腸炎（再掲）,inpatient,2020,0.0,0.5,0.0,126146.0
,胃炎及び十二指腸炎,True,　胃炎及び十二指腸炎（再掲）,inpatient,2023,0.0,0.4,0.0,124352.0
,胃炎及び十二指腸炎,True,　胃炎及び十二指腸炎（再掲）,outpatient,1996,108.0,135.6,135.93312,125864.0
,胃炎及び十二指腸炎,True,　胃炎及び十二指腸炎（再掲）,outpatient,1999,82.0,103.5,103.88252,126686.0
,胃炎及び十二指腸炎,True,　胃炎及び十二指腸炎（再掲）,outpatient,2002,68.0,86.2,86.6558,127435.0
,胃炎及び十二指腸炎,True,　胃炎及び十二指腸炎（再掲）,outpatient,2005,66.0,83.9,84.32688,127768.0
,胃炎及び十二指腸炎,True,　胃炎及び十二指腸炎（再掲）,outpatient,2008,51.0,65.7,65.12292,127692.0
,胃炎及び十二指腸炎,True,　胃炎及び十二指腸炎（再掲）,outpatient,2011,49.0,60.9,62.62151,127799.0
,胃炎及び十二指腸炎,True,　胃炎及び十二指腸炎（再掲）,outpatient,2014,58.0,73.6,73.70814,127083.0
,胃炎及び十二指腸炎,True,　胃炎及び十二指腸炎（再掲）,outpatient,2017,52.0,66.1,65.99788,126919.0
,胃炎及び十二指腸炎,True,　胃炎及び十二指腸炎（再掲）,outpatient,2020,48.0,60.2,60.55008,126146.0
,胃炎及び十二指腸炎,True,　胃炎及び十二指腸炎（再掲）,outpatient,2023,46.0,57.0,57.20192,124352.0
,脊柱障害,True,　脊柱障害（再掲）,total,1996,429.0,540.3,539.95656,125864.0
,脊柱障害,True,　脊柱障害（再掲）,total,1999,401.0,507.4,508.01086,126686.0
,脊柱障害,True,　脊柱障害（再掲）,total,2002,390.0,496.6,496.9965,127435.0
,脊柱障害,True,　脊柱障害（再掲）,total,2005,433.0,553.1,553.23544,127768.0
,脊柱障害,True,　脊柱障害（再掲）,total,2008,402.0,513.3,513.32184,127692.0
,脊柱障害,True,　脊柱障害（再掲）,total,2011,421.0,528.7,538.03379,127799.0
,脊柱障害,True,　脊柱障害（再掲）,total,2014,378.0,481.0,480.37374,127083.0
,脊柱障害,True,　脊柱障害（再掲）,total,2017,350.0,443.2,444.2165,126919.0
,脊柱障害,True,　脊柱障害（再掲）,total,2020,364.0,459.4,459.17144,126146.0
,脊柱障害,True,　脊柱障害（再掲）,total,2023,327.0,406.2,406.63104,124352.0
,脊柱障害,True,　脊柱障害（再掲）,inpatient,1996,27.0,34.3,33.98328,125864.0
,脊柱障害,True,　脊柱障害（再掲）,inpatient,1999,27.0,34.4,34.20522,126686.0
,脊柱障害,True,　脊柱障害（再掲）,inpatient,2002,24.0,30.6,30.5844,127435.0
,脊柱障害,True,　脊柱障害（再掲）,inpatient,2005,23.0,28.9,29.38664,127768.0
,脊柱障害,True,　脊柱障害（再掲）,inpatient,2008,22.0,27.7,28.09224,127692.0
,脊柱障害,True,　脊柱障害（再掲）,inpatient,2011,19.0,23.6,24.28181,127799.0
,脊柱障害,True,　脊柱障害（再掲）,inpatient,2014,21.0,26.3,26.68743,127083.0
,脊柱障害,True,　脊柱障害（再掲）,inpatient,2017,19.0,24.4,24.11461,126919.0
,脊柱障害,True,　脊柱障害（再掲）,inpatient,2020,19.0,24.1,23.96774,126146.0
,脊柱障害,True,　脊柱障害（再掲）,inpatient,2023,17.0,21.3,21.13984,124352.0
,脊柱障害,True,　脊柱障害（再掲）,outpatient,1996,402.0,506.0,505.97328,125864.0
,脊柱障害,True,　脊柱障害（再掲）,outpatient,1999,373.0,473.0,472.53878,126686.0
,脊柱障害,True,　脊柱障害（再掲）,outpatient,2002,366.0,466.0,466.4121,127435.0
,脊柱障害,True,　脊柱障害（再掲）,outpatient,2005,410.0,524.2,523.8488,127768.0
,脊柱障害,True,　脊柱障害（再掲）,outpatient,2008,380.0,485.6,485.2296,127692.0
,脊柱障害,True,　脊柱障害（再掲）,outpatient,2011,402.0,505.1,513.75198,127799.0
,脊柱障害,True,　脊柱障害（再掲）,outpatient,2014,358.0,454.7,454.95714,127083.0
,脊柱障害,True,　脊柱障害（再掲）,outpatient,2017,331.0,418.8,420.10189,126919.0
,脊柱障害,True,　脊柱障害（再掲）,outpatient,2020,345.0,435.3,435.2037,126146.0
,脊柱障害,True,　脊柱障害（再掲）,outpatient,2023,309.0,384.9,384.24768,124352.0
cerebrovascular,脳血管疾患,True,　脳血管疾患（再掲）,total,1996,310.0,389.8,390.1784,125864.0
cerebrovascular,脳血管疾患,True,　脳血管疾患（再掲）,total,1999,288.0,364.9,364.85568,126686.0
cerebrovascular,脳血管疾患,True,　脳血管疾患（再掲）,total,2002,275.0,350.1,350.44625,127435.0
cerebrovascular,脳血管疾患,True,　脳血管疾患（再掲）,total,2005,279.0,356.5,356.47272,127768.0
cerebrovascular,脳血管疾患,True,　脳血管疾患（再掲）,total,2008,250.0,319.3,319.23,127692.0
cerebrovascular,脳血管疾患,True,　脳血管疾患（再掲）,total,2011,226.0,283.8,288.82574,127799.0
cerebrovascular,脳血管疾患,True,　脳血管疾患（再掲）,total,2014,199.0,253.4,252.89517,127083.0
cerebrovascular,脳血管疾患,True,　脳血管疾患（再掲）,total,2017,183.0,231.9,232.26177,126919.0
cerebrovascular,脳血管疾患,True,　脳血管疾患（再掲）,total,2020,157.0,197.5,198.04922,126146.0
cerebrovascular,脳血管疾患,True,　脳血管疾患（再掲）,total,2023,148.0,184.3,184.04096,124352.0
cerebrovascular,脳血管疾患,True,　脳血管疾患（再掲）,inpatient,1996,172.0,215.9,216.48608,125864.0
cerebrovascular,脳血管疾患,True,　脳血管疾患（再掲）,inpatient,1999,172.0,217.6,217.89992,126686.0
cerebrovascular,脳血管疾患,True,　脳血管疾患（再掲）,inpatient,2002,178.0,226.7,226.8343,127435.0
cerebrovascular,脳血管疾患,True,　脳血管疾患（再掲）,inpatient,2005,183.0,233.6,233.81544,127768.0
cerebrovascular,脳血管疾患,True,　脳血管疾患（再掲）,inpatient,2008,156.0,199.4,199.19952,127692.0
cerebrovascular,脳血管疾患,True,　脳血管疾患（再掲）,inpatient,2011,137.0,172.2,175.08463,127799.0
cerebrovascular,脳血管疾患,True,　脳血管疾患（再掲）,inpatient,2014,125.0,159.4,158.85375,127083.0
cerebrovascular,脳血管疾患,True,　脳血管疾患（再掲）,inpatient,2017,115.0,146.0,145.95685,126919.0
cerebrovascular,脳血管疾患,True,　脳血管疾患（再掲）,inpatient,2020,98.0,123.3,123.62308,126146.0
cerebrovascular,脳血管疾患,True,　脳血管疾患（再掲）,inpatient,2023,88.0,109.4,109.42976,124352.0
cerebrovascular,脳血管疾患,True,　脳血管疾患（再掲）,outpatient,1996,138.0,173.9,173.69232,125864.0
cerebrovascular,脳血管疾患,True,　脳血管疾患（再掲）,outpatient,1999,116.0,147.3,146.95576,126686.0
cerebrovascular,脳血管疾患,True,　脳血管疾患（再掲）,outpatient,2002,97.0,123.5,123.61195,127435.0
cerebrovascular,脳血管疾患,True,　脳血管疾患（再掲）,outpatient,2005,96.0,122.9,122.65728,127768.0
cerebrovascular,脳血管疾患,True,　脳血管疾患（再掲）,outpatient,2008,94.0,119.9,120.03048,127692.0
cerebrovascular,脳血管疾患,True,　脳血管疾患（再掲）,outpatient,2011,89.0,111.6,113.74111,127799.0
cerebrovascular,脳血管疾患,True,　脳血管疾患（再掲）,outpatient,2014,74.0,94.0,94.04142,127083.0
cerebrovascular,脳血管疾患,True,　脳血管疾患（再掲）,outpatient,2017,68.0,85.9,86.30492,126919.0
cerebrovascular,脳血管疾患,True,　脳血管疾患（再掲）,outpatient,2020,59.0,74.2,74.42614,126146.0
cerebrovascular,脳血管疾患,True,　脳血管疾患（再掲）,outpatient,2023,60.0,74.8,74.6112,124352.0
,腎尿路生殖器系の疾患,False,腎尿路生殖器系の疾患,total,1996,207.0,260.1,260.53848,125864.0
,腎尿路生殖器系の疾患,False,腎尿路生殖器系の疾患,total,1999,196.0,248.7,248.30456,126686.0
,腎尿路生殖器系の疾患,False,腎尿路生殖器系の疾患,total,2002,212.0,269.7,270.1622,127435.0
,腎尿路生殖器系の疾患,False,腎尿路生殖器系の疾患,total,2005,233.0,298.2,297.69944,127768.0
,腎尿路生殖器系の疾患,False,腎尿路生殖器系の疾患,total,2008,263.0,336.0,335.82996,127692.0
,腎尿路生殖器系の疾患,False,腎尿路生殖器系の疾患,total,2011,250.0,313.6,319.4975,127799.0
,腎尿路生殖器系の疾患,False,腎尿路生殖器系の疾患,total,2014,260.0,330.0,330.4158,127083.0
,腎尿路生殖器系の疾患,False,腎尿路生殖器系の疾患,total,2017,293.0,371.8,371.87267,126919.0
,腎尿路生殖器系の疾患,False,腎尿路生殖器系の疾患,total,2020,282.0,355.8,355.73172,126146.0
,腎尿路生殖器系の疾患,False,腎尿路生殖器系の疾患,total,2023,312.0,388.2,387.97824,124352.0
,腎尿路生殖器系の疾患,False,腎尿路生殖器系の疾患,inpatient,1996,34.0,43.4,42.79376,125864.0
,腎尿路生殖器系の疾患,False,腎尿路生殖器系の疾患,inpatient,1999,35.0,44.0,44.3401,126686.0
,腎尿路生殖器系の疾患,False,腎尿路生殖器系の疾患,inpatient,2002,37.0,46.9,47.15095,127435.0
,腎尿路生殖器系の疾患,False,腎尿路生殖器系の疾患,inpatient,2005,36.0,46.2,45.99648,127768.0
,腎尿路生殖器系の疾患,False,腎尿路生殖器系の疾患,inpatient,2008,37.0,47.3,47.24604,127692.0
,腎尿路生殖器系の疾患,False,腎尿路生殖器系の疾患,inpatient,2011,38.0,47.6,48.56362,127799.0
,腎尿路生殖器系の疾患,False,腎尿路生殖器系の疾患,inpatient,2014,37.0,46.9,47.02071,127083.0
,腎尿路生殖器系の疾患,False,腎尿路生殖器系の疾患,inpatient,2017,40.0,50.3,50.7676,126919.0
,腎尿路生殖器系の疾患,False,腎尿路生殖器系の疾患,inpatient,2020,41.0,51.5,51.71986,126146.0
,腎尿路生殖器系の疾患,False,腎尿路生殖器系の疾患,inpatient,2023,41.0,51.1,50.98432,124352.0
,腎尿路生殖器系の疾患,False,腎尿路生殖器系の疾患,outpatient,1996,172.0,216.7,216.48608,125864.0
,腎尿路生殖器系の疾患,False,腎尿路生殖器系の疾患,outpatient,1999,162.0,204.6,205.23132,126686.0
,腎尿路生殖器系の疾患,False,腎尿路生殖器系の疾患,outpatient,2002,175.0,222.8,223.01125,127435.0
,腎尿路生殖器系の疾患,False,腎尿路生殖器系の疾患,outpatient,2005,197.0,252.0,251.70296,127768.0
,腎尿路生殖器系の疾患,False,腎尿路生殖器系の疾患,outpatient,2008,226.0,288.7,288.58392,127692.0
,腎尿路生殖器系の疾患,False,腎尿路生殖器系の疾患,outpatient,2011,212.0,266.0,270.93388,127799.0
,腎尿路生殖器系の疾患,False,腎尿路生殖器系の疾患,outpatient,2014,223.0,283.1,283.39509,127083.0
,腎尿路生殖器系の疾患,False,腎尿路生殖器系の疾患,outpatient,2017,254.0,321.5,322.37426,126919.0
,腎尿路生殖器系の疾患,False,腎尿路生殖器系の疾患,outpatient,2020,241.0,304.3,304.01186,126146.0
,腎尿路生殖器系の疾患,False,腎尿路生殖器系の疾患,outpatient,2023,271.0,337.1,336.99392,124352.0
,腸管感染症,True,　腸管感染症（再掲）,total,1996,29.0,36.8,36.50056,125864.0
,腸管感染症,True,　腸管感染症（再掲）,total,1999,28.0,35.2,35.47208,126686.0
,腸管感染症,True,　腸管感染症（再掲）,total,2002,30.0,38.3,38.2305,127435.0
,腸管感染症,True,　腸管感染症（再掲）,total,2005,30.0,38.0,38.3304,127768.0
,腸管感染症,True,　腸管感染症（再掲）,total,2008,27.0,34.2,34.47684,127692.0
,腸管感染症,True,　腸管感染症（再掲）,total,2011,28.0,34.6,35.78372,127799.0
,腸管感染症,True,　腸管感染症（再掲）,total,2014,27.0,34.2,34.31241,127083.0
,腸管感染症,True,　腸管感染症（再掲）,total,2017,27.0,34.0,34.26813,126919.0
,腸管感染症,True,　腸管感染症（再掲）,total,2020,19.0,23.6,23.96774,126146.0
,腸管感染症,True,　腸管感染症（再掲）,total,2023,23.0,29.0,28.60096,124352.0
,腸管感染症,True,　腸管感染症（再掲）,inpatient,1996,4.0,4.4,5.03456,125864.0
,腸管感染症,True,　腸管感染症（再掲）,inpatient,1999,4.0,5.1,5.06744,126686.0
,腸管感染症,True,　腸管感染症（再掲）,inpatient,2002,4.0,5.1,5.0974,127435.0
,腸管感染症,True,　腸管感染症（再掲）,inpatient,2005,4.0,5.0,5.11072,127768.0
,腸管感染症,True,　腸管感染症（再掲）,inpatient,2008,4.0,4.5,5.10768,127692.0
,腸管感染症,True,　腸管感染症（再掲）,inpatient,2011,3.0,3.9,3.83397,127799.0
,腸管感染症,True,　腸管感染症（再掲）,inpatient,2014,3.0,4.1,3.81249,127083.0
,腸管感染症,True,　腸管感染症（再掲）,inpatient,2017,3.0,4.1,3.80757,126919.0
,腸管感染症,True,　腸管感染症（再掲）,inpatient,2020,3.0,3.3,3.78438,126146.0
,腸管感染症,True,　腸管感染症（再掲）,inpatient,2023,2.0,2.9,2.48704,124352.0
,腸管感染症,True,　腸管感染症（再掲）,outpatient,1996,26.0,32.3,32.72464,125864.0
,腸管感染症,True,　腸管感染症（再掲）,outpatient,1999,24.0,30.1,30.40464,126686.0
,腸管感染症,True,　腸管感染症（再掲）,outpatient,2002,26.0,33.1,33.1331,127435.0
,腸管感染症,True,　腸管感染症（再掲）,outpatient,2005,26.0,33.0,33.21968,127768.0
,腸管感染症,True,　腸管感染症（再掲）,outpatient,2008,23.0,29.7,29.36916,127692.0
,腸管感染症,True,　腸管感染症（再掲）,outpatient,2011,24.0,30.6,30.67176,127799.0
,腸管感染症,True,　腸管感染症（再掲）,outpatient,2014,24.0,30.1,30.49992,127083.0
,腸管感染症,True,　腸管感染症（再掲）,outpatient,2017,24.0,29.9,30.46056,126919.0
,腸管感染症,True,　腸管感染症（再掲）,outpatient,2020,16.0,20.3,20.18336,126146.0
,腸管感染症,True,　腸管感染症（再掲）,outpatient,2023,21.0,26.1,26.11392,124352.0
ischemic_heart,虚血性心疾患,True,　虚血性心疾患（再掲）,total,1996,111.0,139.1,139.70904,125864.0
ischemic_heart,虚血性心疾患,True,　虚血性心疾患（再掲）,total,1999,98.0,123.8,124.15228,126686.0
ischemic_heart,虚血性心疾患,True,　虚血性心疾患（再掲）,total,2002,79.0,100.5,100.67365,127435.0
ischemic_heart,虚血性心疾患,True,　虚血性心疾患（再掲）,total,2005,74.0,94.6,94.54832,127768.0
ischemic_heart,虚血性心疾患,True,　虚血性心疾患（再掲）,total,2008,68.0,86.8,86.83056,127692.0
ischemic_heart,虚血性心疾患,True,　虚血性心疾患（再掲）,total,2011,62.0,77.4,79.23538,127799.0
ischemic_heart,虚血性心疾患,True,　虚血性心疾患（再掲）,total,2014,59.0,75.0,74.97897,127083.0
ischemic_heart,虚血性心疾患,True,　虚血性心疾患（再掲）,total,2017,56.0,70.7,71.07464,126919.0
ischemic_heart,虚血性心疾患,True,　虚血性心疾患（再掲）,total,2020,52.0,65.2,65.59592,126146.0
ischemic_heart,虚血性心疾患,True,　虚血性心疾患（再掲）,total,2023,50.0,62.7,62.176,124352.0
ischemic_heart,虚血性心疾患,True,　虚血性心疾患（再掲）,inpatient,1996,26.0,32.3,32.72464,125864.0
ischemic_heart,虚血性心疾患,True,　虚血性心疾患（再掲）,inpatient,1999,23.0,28.6,29.13778,126686.0
ischemic_heart,虚血性心疾患,True,　虚血性心疾患（再掲）,inpatient,2002,19.0,24.3,24.21265,127435.0
ischemic_heart,虚血性心疾患,True,　虚血性心疾患（再掲）,inpatient,2005,16.0,20.9,20.44288,127768.0
ischemic_heart,虚血性心疾患,True,　虚血性心疾患（再掲）,inpatient,2008,15.0,18.9,19.1538,127692.0
ischemic_heart,虚血性心疾患,True,　虚血性心疾患（再掲）,inpatient,2011,13.0,16.1,16.61387,127799.0
ischemic_heart,虚血性心疾患,True,　虚血性心疾患（再掲）,inpatient,2014,12.0,15.3,15.24996,127083.0
ischemic_heart,虚血性心疾患,True,　虚血性心疾患（再掲）,inpatient,2017,12.0,15.3,15.23028,126919.0
ischemic_heart,虚血性心疾患,True,　虚血性心疾患（再掲）,inpatient,2020,9.0,11.9,11.35314,126146.0
ischemic_heart,虚血性心疾患,True,　虚血性心疾患（再掲）,inpatient,2023,8.0,10.5,9.94816,124352.0
ischemic_heart,虚血性心疾患,True,　虚血性心疾患（再掲）,outpatient,1996,85.0,106.8,106.9844,125864.0
ischemic_heart,虚血性心疾患,True,　虚血性心疾患（再掲）,outpatient,1999,75.0,95.2,95.0145,126686.0
ischemic_heart,虚血性心疾患,True,　虚血性心疾患（再掲）,outpatient,2002,60.0,76.1,76.461,127435.0
ischemic_heart,虚血性心疾患,True,　虚血性心疾患（再掲）,outpatient,2005,58.0,73.7,74.10544,127768.0
ischemic_heart,虚血性心疾患,True,　虚血性心疾患（再掲）,outpatient,2008,53.0,68.0,67.67676,127692.0
ischemic_heart,虚血性心疾患,True,　虚血性心疾患（再掲）,outpatient,2011,49.0,61.3,62.62151,127799.0
ischemic_heart,虚血性心疾患,True,　虚血性心疾患（再掲）,outpatient,2014,47.0,59.7,59.72901,127083.0
ischemic_heart,虚血性心疾患,True,　虚血性心疾患（再掲）,outpatient,2017,44.0,55.3,55.84436,126919.0
ischemic_heart,虚血性心疾患,True,　虚血性心疾患（再掲）,outpatient,2020,42.0,53.3,52.98132,126146.0
ischemic_heart,虚血性心疾患,True,　虚血性心疾患（再掲）,outpatient,2023,42.0,52.2,52.22784,124352.0
,血液及び造血器の疾患並びに免疫機構の障害,False,血液及び造血器の疾患並びに免疫機構の障害,total,1996,32.0,40.9,40.27648,125864.0
,血液及び造血器の疾患並びに免疫機構の障害,False,血液及び造血器の疾患並びに免疫機構の障害,total,1999,27.0,34.6,34.20522,126686.0
,血液及び造血器の疾患並びに免疫機構の障害,False,血液及び造血器の疾患並びに免疫機構の障害,total,2002,26.0,32.8,33.1331,127435.0
,血液及び造血器の疾患並びに免疫機構の障害,False,血液及び造血器の疾患並びに免疫機構の障害,total,2005,25.0,32.3,31.942,127768.0
,血液及び造血器の疾患並びに免疫機構の障害,False,血液及び造血器の疾患並びに免疫機構の障害,total,2008,22.0,28.4,28.09224,127692.0
,血液及び造血器の疾患並びに免疫機構の障害,False,血液及び造血器の疾患並びに免疫機構の障害,total,2011,23.0,28.9,29.39377,127799.0
,血液及び造血器の疾患並びに免疫機構の障害,False,血液及び造血器の疾患並びに免疫機構の障害,total,2014,22.0,27.9,27.95826,127083.0
,血液及び造血器の疾患並びに免疫機構の障害,False,血液及び造血器の疾患並びに免疫機構の障害,total,2017,21.0,27.0,26.65299,126919.0
,血液及び造血器の疾患並びに免疫機構の障害,False,血液及び造血器の疾患並びに免疫機構の障害,total,2020,19.0,23.8,23.96774,126146.0
,血液及び造血器の疾患並びに免疫機構の障害,False,血液及び造血器の疾患並びに免疫機構の障害,total,2023,21.0,25.9,26.11392,124352.0
,血液及び造血器の疾患並びに免疫機構の障害,False,血液及び造血器の疾患並びに免疫機構の障害,inpatient,1996,5.0,6.7,6.2932,125864.0
,血液及び造血器の疾患並びに免疫機構の障害,False,血液及び造血器の疾患並びに免疫機構の障害,inpatient,1999,5.0,6.6,6.3343,126686.0
,血液及び造血器の疾患並びに免疫機構の障害,False,血液及び造血器の疾患並びに免疫機構の障害,inpatient,2002,5.0,5.8,6.37175,127435.0
,血液及び造血器の疾患並びに免疫機構の障害,False,血液及び造血器の疾患並びに免疫機構の障害,inpatient,2005,5.0,5.9,6.3884,127768.0
,血液及び造血器の疾患並びに免疫機構の障害,False,血液及び造血器の疾患並びに免疫機構の障害,inpatient,2008,5.0,5.9,6.3846,127692.0
,血液及び造血器の疾患並びに免疫機構の障害,False,血液及び造血器の疾患並びに免疫機構の障害,inpatient,2011,5.0,6.5,6.38995,127799.0
,血液及び造血器の疾患並びに免疫機構の障害,False,血液及び造血器の疾患並びに免疫機構の障害,inpatient,2014,5.0,6.3,6.35415,127083.0
,血液及び造血器の疾患並びに免疫機構の障害,False,血液及び造血器の疾患並びに免疫機構の障害,inpatient,2017,5.0,5.9,6.34595,126919.0
,血液及び造血器の疾患並びに免疫機構の障害,False,血液及び造血器の疾患並びに免疫機構の障害,inpatient,2020,4.0,5.7,5.04584,126146.0
,血液及び造血器の疾患並びに免疫機構の障害,False,血液及び造血器の疾患並びに免疫機構の障害,inpatient,2023,5.0,5.6,6.2176,124352.0
,血液及び造血器の疾患並びに免疫機構の障害,False,血液及び造血器の疾患並びに免疫機構の障害,outpatient,1996,27.0,34.2,33.98328,125864.0
,血液及び造血器の疾患並びに免疫機構の障害,False,血液及び造血器の疾患並びに免疫機構の障害,outpatient,1999,22.0,28.1,27.87092,126686.0
,血液及び造血器の疾患並びに免疫機構の障害,False,血液及び造血器の疾患並びに免疫機構の障害,outpatient,2002,21.0,27.0,26.76135,127435.0
,血液及び造血器の疾患並びに免疫機構の障害,False,血液及び造血器の疾患並びに免疫機構の障害,outpatient,2005,21.0,26.4,26.83128,127768.0
,血液及び造血器の疾患並びに免疫機構の障害,False,血液及び造血器の疾患並びに免疫機構の障害,outpatient,2008,18.0,22.6,22.98456,127692.0
,血液及び造血器の疾患並びに免疫機構の障害,False,血液及び造血器の疾患並びに免疫機構の障害,outpatient,2011,18.0,22.3,23.00382,127799.0
,血液及び造血器の疾患並びに免疫機構の障害,False,血液及び造血器の疾患並びに免疫機構の障害,outpatient,2014,17.0,21.6,21.60411,127083.0
,血液及び造血器の疾患並びに免疫機構の障害,False,血液及び造血器の疾患並びに免疫機構の障害,outpatient,2017,17.0,21.1,21.57623,126919.0
,血液及び造血器の疾患並びに免疫機構の障害,False,血液及び造血器の疾患並びに免疫機構の障害,outpatient,2020,14.0,18.1,17.66044,126146.0
,血液及び造血器の疾患並びに免疫機構の障害,False,血液及び造血器の疾患並びに免疫機構の障害,outpatient,2023,16.0,20.3,19.89632,124352.0
,躁うつ病を含む)(再掲,True,　気分［感情］障害（躁うつ病を含む）（再掲）,total,1996,48.0,60.3,60.41472,125864.0
,躁うつ病を含む)(再掲,True,　気分［感情］障害（躁うつ病を含む）（再掲）,total,1999,51.0,64.0,64.60986,126686.0
,躁うつ病を含む)(再掲,True,　気分［感情］障害（躁うつ病を含む）（再掲）,total,2002,72.0,91.3,91.7532,127435.0
,躁うつ病を含む)(再掲,True,　気分［感情］障害（躁うつ病を含む）（再掲）,total,2005,82.0,104.8,104.76976,127768.0
,躁うつ病を含む)(再掲,True,　気分［感情］障害（躁うつ病を含む）（再掲）,total,2008,85.0,108.8,108.5382,127692.0
,躁うつ病を含む)(再掲,True,　気分［感情］障害（躁うつ病を含む）（再掲）,total,2011,83.0,103.6,106.07317,127799.0
,躁うつ病を含む)(再掲,True,　気分［感情］障害（躁うつ病を含む）（再掲）,total,2014,88.0,112.2,111.83304,127083.0
,躁うつ病を含む)(再掲,True,　気分［感情］障害（躁うつ病を含む）（再掲）,total,2017,94.0,119.5,119.30386,126919.0
,躁うつ病を含む)(再掲,True,　気分［感情］障害（躁うつ病を含む）（再掲）,total,2020,95.0,119.4,119.8387,126146.0
,躁うつ病を含む)(再掲,True,　気分［感情］障害（躁うつ病を含む）（再掲）,total,2023,83.0,103.5,103.21216,124352.0
,躁うつ病を含む)(再掲,True,　気分［感情］障害（躁うつ病を含む）（再掲）,inpatient,1996,18.0,22.3,22.65552,125864.0
,躁うつ病を含む)(再掲,True,　気分［感情］障害（躁うつ病を含む）（再掲）,inpatient,1999,20.0,25.5,25.3372,126686.0
,躁うつ病を含む)(再掲,True,　気分［感情］障害（躁うつ病を含む）（再掲）,inpatient,2002,21.0,26.4,26.76135,127435.0
,躁うつ病を含む)(再掲,True,　気分［感情］障害（躁うつ病を含む）（再掲）,inpatient,2005,22.0,27.8,28.10896,127768.0
,躁うつ病を含む)(再掲,True,　気分［感情］障害（躁うつ病を含む）（再掲）,inpatient,2008,22.0,28.7,28.09224,127692.0
,躁うつ病を含む)(再掲,True,　気分［感情］障害（躁うつ病を含む）（再掲）,inpatient,2011,23.0,29.1,29.39377,127799.0
,躁うつ病を含む)(再掲,True,　気分［感情］障害（躁うつ病を含む）（再掲）,inpatient,2014,23.0,28.8,29.22909,127083.0
,躁うつ病を含む)(再掲,True,　気分［感情］障害（躁うつ病を含む）（再掲）,inpatient,2017,24.0,29.9,30.46056,126919.0
,躁うつ病を含む)(再掲,True,　気分［感情］障害（躁うつ病を含む）（再掲）,inpatient,2020,22.0,28.0,27.75212,126146.0
,躁うつ病を含む)(再掲,True,　気分［感情］障害（躁うつ病を含む）（再掲）,inpatient,2023,21.0,26.6,26.11392,124352.0
,躁うつ病を含む)(再掲,True,　気分［感情］障害（躁うつ病を含む）（再掲）,outpatient,1996,30.0,38.0,37.7592,125864.0
,躁うつ病を含む)(再掲,True,　気分［感情］障害（躁うつ病を含む）（再掲）,outpatient,1999,30.0,38.6,38.0058,126686.0
,躁うつ病を含む)(再掲,True,　気分［感情］障害（躁うつ病を含む）（再掲）,outpatient,2002,51.0,64.9,64.99185,127435.0
,躁うつ病を含む)(再掲,True,　気分［感情］障害（躁うつ病を含む）（再掲）,outpatient,2005,60.0,77.0,76.6608,127768.0
,躁うつ病を含む)(再掲,True,　気分［感情］障害（躁うつ病を含む）（再掲）,outpatient,2008,63.0,80.1,80.44596,127692.0
,躁うつ病を含む)(再掲,True,　気分［感情］障害（躁うつ病を含む）（再掲）,outpatient,2011,59.0,74.5,75.40141,127799.0
,躁うつ病を含む)(再掲,True,　気分［感情］障害（躁うつ病を含む）（再掲）,outpatient,2014,66.0,83.4,83.87478,127083.0
,躁うつ病を含む)(再掲,True,　気分［感情］障害（躁うつ病を含む）（再掲）,outpatient,2017,71.0,89.6,90.11249,126919.0
,躁うつ病を含む)(再掲,True,　気分［感情］障害（躁うつ病を含む）（再掲）,outpatient,2020,72.0,91.4,90.82512,126146.0
,躁うつ病を含む)(再掲,True,　気分［感情］障害（躁うつ病を含む）（再掲）,outpatient,2023,62.0,76.8,77.09824,124352.0
,関節症,True,　関節症（再掲）,total,1996,142.0,178.1,178.72688,125864.0
,関節症,True,　関節症（再掲）,total,1999,142.0,180.3,179.89412,126686.0
,関節症,True,　関節症（再掲）,total,2002,154.0,196.2,196.2499,127435.0
,関節症,True,　関節症（再掲）,total,2005,171.0,218.3,218.48328,127768.0
,関節症,True,　関節症（再掲）,total,2008,174.0,221.6,222.18408,127692.0
,関節症,True,　関節症（再掲）,total,2011,202.0,253.4,258.15398,127799.0
,関節症,True,　関節症（再掲）,total,2014,165.0,209.7,209.68695,127083.0
,関節症,True,　関節症（再掲）,total,2017,173.0,219.4,219.56987,126919.0
,関節症,True,　関節症（再掲）,total,2020,169.0,213.0,213.18674,126146.0
,関節症,True,　関節症（再掲）,total,2023,160.0,198.6,198.9632,124352.0
,関節症,True,　関節症（再掲）,inpatient,1996,10.0,12.8,12.5864,125864.0
,関節症,True,　関節症（再掲）,inpatient,1999,11.0,13.5,13.93546,126686.0
,関節症,True,　関節症（再掲）,inpatient,2002,11.0,13.9,14.01785,127435.0
,関節症,True,　関節症（再掲）,inpatient,2005,10.0,12.9,12.7768,127768.0
,関節症,True,　関節症（再掲）,inpatient,2008,12.0,15.0,15.32304,127692.0
,関節症,True,　関節症（再掲）,inpatient,2011,11.0,13.9,14.05789,127799.0
,関節症,True,　関節症（再掲）,inpatient,2014,12.0,15.7,15.24996,127083.0
,関節症,True,　関節症（再掲）,inpatient,2017,13.0,15.9,16.49947,126919.0
,関節症,True,　関節症（再掲）,inpatient,2020,14.0,17.1,17.66044,126146.0
,関節症,True,　関節症（再掲）,inpatient,2023,14.0,17.0,17.40928,124352.0
,関節症,True,　関節症（再掲）,outpatient,1996,131.0,165.3,164.88184,125864.0
,関節症,True,　関節症（再掲）,outpatient,1999,132.0,166.8,167.22552,126686.0
,関節症,True,　関節症（再掲）,outpatient,2002,143.0,182.3,182.23205,127435.0
,関節症,True,　関節症（再掲）,outpatient,2005,161.0,205.4,205.70648,127768.0
,関節症,True,　関節症（再掲）,outpatient,2008,162.0,206.6,206.86104,127692.0
,関節症,True,　関節症（再掲）,outpatient,2011,191.0,239.5,244.09609,127799.0
,関節症,True,　関節症（再掲）,outpatient,2014,153.0,194.0,194.43699,127083.0
,関節症,True,　関節症（再掲）,outpatient,2017,161.0,203.5,204.33959,126919.0
,関節症,True,　関節症（再掲）,outpatient,2020,155.0,195.9,195.5263,126146.0
,関節症,True,　関節症（再掲）,outpatient,2023,146.0,181.6,181.55392,124352.0
,骨の密度及び構造の障害,True,　骨の密度及び構造の障害（再掲）,total,1996,69.0,86.6,86.84616,125864.0
,骨の密度及び構造の障害,True,　骨の密度及び構造の障害（再掲）,total,1999,53.0,66.6,67.14358,126686.0
,骨の密度及び構造の障害,True,　骨の密度及び構造の障害（再掲）,total,2002,51.0,65.6,64.99185,127435.0
,骨の密度及び構造の障害,True,　骨の密度及び構造の障害（再掲）,total,2005,51.0,65.6,65.16168,127768.0
,骨の密度及び構造の障害,True,　骨の密度及び構造の障害（再掲）,total,2008,48.0,61.7,61.29216,127692.0
,骨の密度及び構造の障害,True,　骨の密度及び構造の障害（再掲）,total,2011,45.0,56.1,57.50955,127799.0
,骨の密度及び構造の障害,True,　骨の密度及び構造の障害（再掲）,total,2014,46.0,58.0,58.45818,127083.0
,骨の密度及び構造の障害,True,　骨の密度及び構造の障害（再掲）,total,2017,49.0,61.7,62.19031,126919.0
,骨の密度及び構造の障害,True,　骨の密度及び構造の障害（再掲）,total,2020,53.0,66.7,66.85738,126146.0
,骨の密度及び構造の障害,True,　骨の密度及び構造の障害（再掲）,total,2023,49.0,61.2,60.93248,124352.0
,骨の密度及び構造の障害,True,　骨の密度及び構造の障害（再掲）,inpatient,1996,4.0,5.4,5.03456,125864.0
,骨の密度及び構造の障害,True,　骨の密度及び構造の障害（再掲）,inpatient,1999,4.0,5.0,5.06744,126686.0
,骨の密度及び構造の障害,True,　骨の密度及び構造の障害（再掲）,inpatient,2002,3.0,3.3,3.82305,127435.0
,骨の密度及び構造の障害,True,　骨の密度及び構造の障害（再掲）,inpatient,2005,2.0,3.0,2.55536,127768.0
,骨の密度及び構造の障害,True,　骨の密度及び構造の障害（再掲）,inpatient,2008,2.0,2.0,2.55384,127692.0
,骨の密度及び構造の障害,True,　骨の密度及び構造の障害（再掲）,inpatient,2011,1.0,1.5,1.27799,127799.0
,骨の密度及び構造の障害,True,　骨の密度及び構造の障害（再掲）,inpatient,2014,2.0,1.9,2.54166,127083.0
,骨の密度及び構造の障害,True,　骨の密度及び構造の障害（再掲）,inpatient,2017,2.0,2.0,2.53838,126919.0
,骨の密度及び構造の障害,True,　骨の密度及び構造の障害（再掲）,inpatient,2020,1.0,1.8,1.26146,126146.0
,骨の密度及び構造の障害,True,　骨の密度及び構造の障害（再掲）,inpatient,2023,1.0,1.4,1.24352,124352.0
,骨の密度及び構造の障害,True,　骨の密度及び構造の障害（再掲）,outpatient,1996,65.0,81.2,81.8116,125864.0
,骨の密度及び構造の障害,True,　骨の密度及び構造の障害（再掲）,outpatient,1999,49.0,61.6,62.07614,126686.0
,骨の密度及び構造の障害,True,　骨の密度及び構造の障害（再掲）,outpatient,2002,49.0,62.3,62.44315,127435.0
,骨の密度及び構造の障害,True,　骨の密度及び構造の障害（再掲）,outpatient,2005,49.0,62.6,62.60632,127768.0
,骨の密度及び構造の障害,True,　骨の密度及び構造の障害（再掲）,outpatient,2008,47.0,59.8,60.01524,127692.0
,骨の密度及び構造の障害,True,　骨の密度及び構造の障害（再掲）,outpatient,2011,44.0,54.6,56.23156,127799.0
,骨の密度及び構造の障害,True,　骨の密度及び構造の障害（再掲）,outpatient,2014,44.0,56.1,55.91652,127083.0
,骨の密度及び構造の障害,True,　骨の密度及び構造の障害（再掲）,outpatient,2017,47.0,59.7,59.65193,126919.0
,骨の密度及び構造の障害,True,　骨の密度及び構造の障害（再掲）,outpatient,2020,51.0,65.0,64.33446,126146.0
,骨の密度及び構造の障害,True,　骨の密度及び構造の障害（再掲）,outpatient,2023,48.0,59.8,59.68896,124352.0
,骨折,True,　骨折（再掲）,total,1996,121.0,151.9,152.29544,125864.0
,骨折,True,　骨折（再掲）,total,1999,127.0,160.5,160.89122,126686.0
,骨折,True,　骨折（再掲）,total,2002,122.0,155.5,155.4707,127435.0
,骨折,True,　骨折（再掲）,total,2005,131.0,167.8,167.37608,127768.0
,骨折,True,　骨折（再掲）,total,2008,141.0,179.7,180.04572,127692.0
,骨折,True,　骨折（再掲）,total,2011,145.0,182.3,185.30855,127799.0
,骨折,True,　骨折（再掲）,total,2014,144.0,183.4,182.99952,127083.0
,骨折,True,　骨折（再掲）,total,2017,155.0,196.0,196.72445,126919.0
,骨折,True,　骨折（再掲）,total,2020,154.0,194.2,194.26484,126146.0
,骨折,True,　骨折（再掲）,total,2023,156.0,194.4,193.98912,124352.0
,骨折,True,　骨折（再掲）,inpatient,1996,58.0,73.1,73.00112,125864.0
,骨折,True,　骨折（再掲）,inpatient,1999,61.0,77.0,77.27846,126686.0
,骨折,True,　骨折（再掲）,inpatient,2002,62.0,79.2,79.0097,127435.0
,骨折,True,　骨折（再掲）,inpatient,2005,65.0,82.5,83.0492,127768.0
,骨折,True,　骨折（再掲）,inpatient,2008,67.0,85.2,85.55364,127692.0
,骨折,True,　骨折（再掲）,inpatient,2011,68.0,85.6,86.90332,127799.0
,骨折,True,　骨折（再掲）,inpatient,2014,72.0,91.4,91.49976,127083.0
,骨折,True,　骨折（再掲）,inpatient,2017,77.0,97.4,97.72763,126919.0
,骨折,True,　骨折（再掲）,inpatient,2020,77.0,97.4,97.13242,126146.0
,骨折,True,　骨折（再掲）,inpatient,2023,77.0,96.3,95.75104,124352.0
,骨折,True,　骨折（再掲）,outpatient,1996,63.0,78.8,79.29432,125864.0
,骨折,True,　骨折（再掲）,outpatient,1999,66.0,83.6,83.61276,126686.0
,骨折,True,　骨折（再掲）,outpatient,2002,60.0,76.3,76.461,127435.0
,骨折,True,　骨折（再掲）,outpatient,2005,67.0,85.3,85.60456,127768.0
,骨折,True,　骨折（再掲）,outpatient,2008,74.0,94.6,94.49208,127692.0
,骨折,True,　骨折（再掲）,outpatient,2011,77.0,96.7,98.40523,127799.0
,骨折,True,　骨折（再掲）,outpatient,2014,72.0,92.0,91.49976,127083.0
,骨折,True,　骨折（再掲）,outpatient,2017,78.0,98.6,98.99682,126919.0
,骨折,True,　骨折（再掲）,outpatient,2020,77.0,96.8,97.13242,126146.0
,骨折,True,　骨折（再掲）,outpatient,2023,79.0,98.1,98.23808,124352.0
hypertensive,高血圧性疾患,True,　高血圧性疾患（再掲）,total,1996,587.0,739.4,738.82168,125864.0
hypertensive,高血圧性疾患,True,　高血圧性疾患（再掲）,total,1999,531.0,672.6,672.70266,126686.0
hypertensive,高血圧性疾患,True,　高血圧性疾患（再掲）,total,2002,477.0,607.5,607.86495,127435.0
hypertensive,高血圧性疾患,True,　高血圧性疾患（再掲）,total,2005,513.0,655.8,655.44984,127768.0
hypertensive,高血圧性疾患,True,　高血圧性疾患（再掲）,total,2008,478.0,610.1,610.36776,127692.0
hypertensive,高血圧性疾患,True,　高血圧性疾患（再掲）,total,2011,534.0,670.6,682.44666,127799.0
hypertensive,高血圧性疾患,True,　高血圧性疾患（再掲）,total,2014,533.0,677.8,677.35239,127083.0
hypertensive,高血圧性疾患,True,　高血圧性疾患（再掲）,total,2017,515.0,652.5,653.63285,126919.0
hypertensive,高血圧性疾患,True,　高血圧性疾患（再掲）,total,2020,475.0,598.8,599.1935,126146.0
hypertensive,高血圧性疾患,True,　高血圧性疾患（再掲）,total,2023,491.0,610.6,610.56832,124352.0
hypertensive,高血圧性疾患,True,　高血圧性疾患（再掲）,inpatient,1996,23.0,29.1,28.94872,125864.0
hypertensive,高血圧性疾患,True,　高血圧性疾患（再掲）,inpatient,1999,17.0,21.6,21.53662,126686.0
hypertensive,高血圧性疾患,True,　高血圧性疾患（再掲）,inpatient,2002,11.0,13.7,14.01785,127435.0
hypertensive,高血圧性疾患,True,　高血圧性疾患（再掲）,inpatient,2005,9.0,11.6,11.49912,127768.0
hypertensive,高血圧性疾患,True,　高血圧性疾患（再掲）,inpatient,2008,7.0,8.7,8.93844,127692.0
hypertensive,高血圧性疾患,True,　高血圧性疾患（再掲）,inpatient,2011,6.0,7.1,7.66794,127799.0
hypertensive,高血圧性疾患,True,　高血圧性疾患（再掲）,inpatient,2014,5.0,6.4,6.35415,127083.0
hypertensive,高血圧性疾患,True,　高血圧性疾患（再掲）,inpatient,2017,4.0,5.6,5.07676,126919.0
hypertensive,高血圧性疾患,True,　高血圧性疾患（再掲）,inpatient,2020,4.0,4.5,5.04584,126146.0
hypertensive,高血圧性疾患,True,　高血圧性疾患（再掲）,inpatient,2023,3.0,4.2,3.73056,124352.0
hypertensive,高血圧性疾患,True,　高血圧性疾患（再掲）,outpatient,1996,564.0,710.3,709.87296,125864.0
hypertensive,高血圧性疾患,True,　高血圧性疾患（再掲）,outpatient,1999,514.0,651.0,651.16604,126686.0
hypertensive,高血圧性疾患,True,　高血圧性疾患（再掲）,outpatient,2002,466.0,593.9,593.8471,127435.0
hypertensive,高血圧性疾患,True,　高血圧性疾患（再掲）,outpatient,2005,504.0,644.2,643.95072,127768.0
hypertensive,高血圧性疾患,True,　高血圧性疾患（再掲）,outpatient,2008,471.0,601.3,601.42932,127692.0
hypertensive,高血圧性疾患,True,　高血圧性疾患（再掲）,outpatient,2011,529.0,663.5,676.05671,127799.0
hypertensive,高血圧性疾患,True,　高血圧性疾患（再掲）,outpatient,2014,528.0,671.4,670.99824,127083.0
hypertensive,高血圧性疾患,True,　高血圧性疾患（再掲）,outpatient,2017,511.0,646.9,648.55609,126919.0
hypertensive,高血圧性疾患,True,　高血圧性疾患（再掲）,outpatient,2020,471.0,594.4,594.14766,126146.0
hypertensive,高血圧性疾患,True,　高血圧性疾患（再掲）,outpatient,2023,488.0,606.4,606.83776,124352.0
