disease_norm,sex,age_code,age_low,age_high,age_is_recap,age_is_total,facility,los_days
総数,total,total,,,False,True,総数,35.6
総数,total,total,,,False,True,病院,37.4
総数,total,total,,,False,True,一般診療所,18.5
総数,male,total,,,False,True,総数,34.3
総数,male,total,,,False,True,病院,35.5
総数,male,total,,,False,True,一般診療所,17.3
総数,female,total,,,False,True,総数,36.7
総数,female,total,,,False,True,病院,39.2
総数,female,total,,,False,True,一般診療所,19.1
感染症及び寄生虫症,total,total,,,False,True,総数,22.7
感染症及び寄生虫症,total,total,,,False,True,病院,23.1
感染症及び寄生虫症,total,total,,,False,True,一般診療所,13.2
感染症及び寄生虫症,male,total,,,False,True,総数,23.7
感染症及び寄生虫症,male,total,,,False,True,病院,24.0
感染症及び寄生虫症,male,total,,,False,True,一般診療所,18.0
感染症及び寄生虫症,female,total,,,False,True,総数,21.6
感染症及び寄生虫症,female,total,,,False,True,病院,22.3
感染症及び寄生虫症,female,total,,,False,True,一般診療所,10.0
腸管感染症,total,total,,,False,True,総数,10.2
腸管感染症,total,total,,,False,True,病院,10.3
腸管感染症,total,total,,,False,True,一般診療所,7.8
腸管感染症,male,total,,,False,True,総数,10.4
腸管感染症,male,total,,,False,True,病院,10.6
腸管感染症,male,total,,,False,True,一般診療所,6.6
腸管感染症,female,total,,,False,True,総数,10.0
腸管感染症,female,total,,,False,True,病院,10.1
腸管感染症,female,total,,,False,True,一般診療所,8.4
結核,total,total,,,False,True,総数,60.3
結核,total,total,,,False,True,病院,60.3
結核,male,total,,,False,True,総数,64.8
結核,male,total,,,False,True,病院,64.8
結核,female,total,,,False,True,総数,52.4
結核,female,total,,,False,True,病院,52.4
皮膚及び粘膜の病変を伴うウイルス疾患,total,total,,,False,True,総数,11.3
皮膚及び粘膜の病変を伴うウイルス疾患,total,total,,,False,True,病院,11.3
皮膚及び粘膜の病変を伴うウイルス疾患,total,total,,,False,True,一般診療所,12.0
皮膚及び粘膜の病変を伴うウイルス疾患,male,total,,,False,True,総数,10.2
皮膚及び粘膜の病変を伴うウイルス疾患,male,total,,,False,True,病院,10.1
皮膚及び粘膜の病変を伴うウイルス疾患,male,total,,,False,True,一般診療所,10.9
皮膚及び粘膜の病変を伴うウイルス疾患,female,total,,,False,True,総数,12.2
皮膚及び粘膜の病変を伴うウイルス疾患,female,total,,,False,True,病院,12.2
皮膚及び粘膜の病変を伴うウイルス疾患,female,total,,,False,True,一般診療所,12.6
真菌症,total,total,,,False,True,総数,37.0
真菌症,total,total,,,False,True,病院,37.1
真菌症,total,total,,,False,True,一般診療所,7.0
真菌症,male,total,,,False,True,総数,41.2
真菌症,male,total,,,False,True,病院,41.5
真菌症,male,total,,,False,True,一般診療所,7.0
真菌症,female,total,,,False,True,総数,30.2
真菌症,female,total,,,False,True,病院,30.2
新生物,total,total,,,False,True,総数,22.4
新生物,total,total,,,False,True,病院,22.5
新生物,total,total,,,False,True,一般診療所,20.6
新生物,male,total,,,False,True,総数,22.7
新生物,male,total,,,False,True,病院,22.8
新生物,male,total,,,False,True,一般診療所,18.5
新生物,female,total,,,False,True,総数,22.1
新生物,female,total,,,False,True,病院,22.1
新生物,female,total,,,False,True,一般診療所,22.6
悪性新生物,total,total,,,False,True,総数,23.9
悪性新生物,total,total,,,False,True,病院,23.9
悪性新生物,total,total,,,False,True,一般診療所,24.7
悪性新生物,male,total,,,False,True,総数,23.6
悪性新生物,male,total,,,False,True,病院,23.7
悪性新生物,male,total,,,False,True,一般診療所,21.6
悪性新生物,female,total,,,False,True,総数,24.3
悪性新生物,female,total,,,False,True,病院,24.2
悪性新生物,female,total,,,False,True,一般診療所,28.3
胃の悪性新生物,total,total,,,False,True,総数,26.8
胃の悪性新生物,total,total,,,False,True,病院,26.2
胃の悪性新生物,total,total,,,False,True,一般診療所,51.3
胃の悪性新生物,male,total,,,False,True,総数,24.1
胃の悪性新生物,male,total,,,False,True,病院,24.1
胃の悪性新生物,male,total,,,False,True,一般診療所,23.0
胃の悪性新生物,female,total,,,False,True,総数,32.9
胃の悪性新生物,female,total,,,False,True,病院,31.0
胃の悪性新生物,female,total,,,False,True,一般診療所,77.6
結腸及び直腸の悪性新生物,total,total,,,False,True,総数,19.2
結腸及び直腸の悪性新生物,total,total,,,False,True,病院,19.2
結腸及び直腸の悪性新生物,total,total,,,False,True,一般診療所,20.9
結腸及び直腸の悪性新生物,male,total,,,False,True,総数,18.4
結腸及び直腸の悪性新生物,male,total,,,False,True,病院,18.4
結腸及び直腸の悪性新生物,male,total,,,False,True,一般診療所,15.6
結腸及び直腸の悪性新生物,female,total,,,False,True,総数,20.4
結腸及び直腸の悪性新生物,female,total,,,False,True,病院,20.2
結腸及び直腸の悪性新生物,female,total,,,False,True,一般診療所,25.6
"気管,気管支及び肺の悪性新生物",total,total,,,False,True,総数,27.2
"気管,気管支及び肺の悪性新生物",total,total,,,False,True,病院,27.2
"気管,気管支及び肺の悪性新生物",total,total,,,False,True,一般診療所,29.2
"気管,気管支及び肺の悪性新生物",male,total,,,False,True,総数,26.3
"気管,気管支及び肺の悪性新生物",male,total,,,False,True,病院,26.4
"気管,気管支及び肺の悪性新生物",male,total,,,False,True,一般診療所,14.2
"気管,気管支及び肺の悪性新生物",female,total,,,False,True,総数,29.2
"気管,気管支及び肺の悪性新生物",female,total,,,False,True,病院,28.8
"気管,気管支及び肺の悪性新生物",female,total,,,False,True,一般診療所,53.2
血液及び造血器の疾患並びに免疫機構の障害,total,total,,,False,True,総数,25.1
血液及び造血器の疾患並びに免疫機構の障害,total,total,,,False,True,病院,25.7
血液及び造血器の疾患並びに免疫機構の障害,total,total,,,False,True,一般診療所,10.4
血液及び造血器の疾患並びに免疫機構の障害,male,total,,,False,True,総数,22.9
血液及び造血器の疾患並びに免疫機構の障害,male,total,,,False,True,病院,23.1
血液及び造血器の疾患並びに免疫機構の障害,male,total,,,False,True,一般診療所,12.3
血液及び造血器の疾患並びに免疫機構の障害,female,total,,,False,True,総数,26.7
血液及び造血器の疾患並びに免疫機構の障害,female,total,,,False,True,病院,27.8
血液及び造血器の疾患並びに免疫機構の障害,female,total,,,False,True,一般診療所,10.0
"内分泌,栄養及び代謝疾患",total,total,,,False,True,総数,32.0
"内分泌,栄養及び代謝疾患",total,total,,,False,True,病院,31.8
"内分泌,栄養及び代謝疾患",total,total,,,False,True,一般診療所,35.2
"内分泌,栄養及び代謝疾患",male,total,,,False,True,総数,28.5
"内分泌,栄養及び代謝疾患",male,total,,,False,True,病院,28.6
"内分泌,栄養及び代謝疾患",male,total,,,False,True,一般診療所,27.6
"内分泌,栄養及び代謝疾患",female,total,,,False,True,総数,35.8
"内分泌,栄養及び代謝疾患",female,total,,,False,True,病院,35.3
"内分泌,栄養及び代謝疾患",female,total,,,False,True,一般診療所,44.1
甲状腺障害,total,total,,,False,True,総数,17.0
甲状腺障害,total,total,,,False,True,病院,17.4
甲状腺障害,total,total,,,False,True,一般診療所,4.9
甲状腺障害,male,total,,,False,True,総数,14.5
甲状腺障害,male,total,,,False,True,病院,15.2
甲状腺障害,male,total,,,False,True,一般診療所,2.0
甲状腺障害,female,total,,,False,True,総数,17.9
甲状腺障害,female,total,,,False,True,病院,18.2
甲状腺障害,female,total,,,False,True,一般診療所,6.5
糖尿病,total,total,,,False,True,総数,38.6
糖尿病,total,total,,,False,True,病院,38.1
糖尿病,total,total,,,False,True,一般診療所,46.6
糖尿病,male,total,,,False,True,総数,32.0
糖尿病,male,total,,,False,True,病院,31.7
糖尿病,male,total,,,False,True,一般診療所,36.2
糖尿病,female,total,,,False,True,総数,47.1
糖尿病,female,total,,,False,True,病院,46.2
糖尿病,female,total,,,False,True,一般診療所,61.0
精神及び行動の障害,total,total,,,False,True,総数,290.6
精神及び行動の障害,total,total,,,False,True,病院,305.3
精神及び行動の障害,total,total,,,False,True,一般診療所,27.0
精神及び行動の障害,male,total,,,False,True,総数,340.1
精神及び行動の障害,male,total,,,False,True,病院,355.1
精神及び行動の障害,male,total,,,False,True,一般診療所,23.1
精神及び行動の障害,female,total,,,False,True,総数,249.9
精神及び行動の障害,female,total,,,False,True,病院,263.8
精神及び行動の障害,female,total,,,False,True,一般診療所,29.4
"統合失調症,統合失調症型障害及び妄想性障害",total,total,,,False,True,総数,543.4
"統合失調症,統合失調症型障害及び妄想性障害",total,total,,,False,True,病院,546.7
"統合失調症,統合失調症型障害及び妄想性障害",total,total,,,False,True,一般診療所,18.8
"統合失調症,統合失調症型障害及び妄想性障害",male,total,,,False,True,総数,654.9
"統合失調症,統合失調症型障害及び妄想性障害",male,total,,,False,True,病院,656.6
"統合失調症,統合失調症型障害及び妄想性障害",male,total,,,False,True,一般診療所,6.7
"統合失調症,統合失調症型障害及び妄想性障害",female,total,,,False,True,総数,443.0
"統合失調症,統合失調症型障害及び妄想性障害",female,total,,,False,True,病院,447.1
"統合失調症,統合失調症型障害及び妄想性障害",female,total,,,False,True,一般診療所,21.6
気分[感情]障害(躁うつ病を含む),total,total,,,False,True,総数,109.7
気分[感情]障害(躁うつ病を含む),total,total,,,False,True,病院,113.1
気分[感情]障害(躁うつ病を含む),total,total,,,False,True,一般診療所,40.6
気分[感情]障害(躁うつ病を含む),male,total,,,False,True,総数,117.2
気分[感情]障害(躁うつ病を含む),male,total,,,False,True,病院,120.2
気分[感情]障害(躁うつ病を含む),male,total,,,False,True,一般診療所,51.6
気分[感情]障害(躁うつ病を含む),female,total,,,False,True,総数,105.8
気分[感情]障害(躁うつ病を含む),female,total,,,False,True,病院,109.3
気分[感情]障害(躁うつ病を含む),female,total,,,False,True,一般診療所,35.2
"神経症性障害,ストレス関連障害及び身体表現性障害",total,total,,,False,True,総数,44.2
"神経症性障害,ストレス関連障害及び身体表現性障害",total,total,,,False,True,病院,47.0
"神経症性障害,ストレス関連障害及び身体表現性障害",total,total,,,False,True,一般診療所,22.0
"神経症性障害,ストレス関連障害及び身体表現性障害",male,total,,,False,True,総数,47.5
"神経症性障害,ストレス関連障害及び身体表現性障害",male,total,,,False,True,病院,50.6
"神経症性障害,ストレス関連障害及び身体表現性障害",male,total,,,False,True,一般診療所,21.6
"神経症性障害,ストレス関連障害及び身体表現性障害",female,total,,,False,True,総数,42.8
"神経症性障害,ストレス関連障害及び身体表現性障害",female,total,,,False,True,病院,45.4
"神経症性障害,ストレス関連障害及び身体表現性障害",female,total,,,False,True,一般診療所,22.1
神経系の疾患,total,total,,,False,True,総数,74.1
神経系の疾患,total,total,,,False,True,病院,76.2
神経系の疾患,total,total,,,False,True,一般診療所,46.1
神経系の疾患,male,total,,,False,True,総数,61.2
神経系の疾患,male,total,,,False,True,病院,64.2
神経系の疾患,male,total,,,False,True,一般診療所,19.0
神経系の疾患,female,total,,,False,True,総数,89.6
神経系の疾患,female,total,,,False,True,病院,90.7
神経系の疾患,female,total,,,False,True,一般診療所,75.8
眼及び付属器の疾患,total,total,,,False,True,総数,7.4
眼及び付属器の疾患,total,total,,,False,True,病院,8.1
眼及び付属器の疾患,total,total,,,False,True,一般診療所,3.3
眼及び付属器の疾患,male,total,,,False,True,総数,7.2
眼及び付属器の疾患,male,total,,,False,True,病院,7.7
眼及び付属器の疾患,male,total,,,False,True,一般診療所,3.3
眼及び付属器の疾患,female,total,,,False,True,総数,7.5
眼及び付属器の疾患,female,total,,,False,True,病院,8.4
眼及び付属器の疾患,female,total,,,False,True,一般診療所,3.3
白内障,total,total,,,False,True,総数,6.5
白内障,total,total,,,False,True,病院,7.3
白内障,total,total,,,False,True,一般診療所,3.0
白内障,male,total,,,False,True,総数,6.0
白内障,male,total,,,False,True,病院,6.6
白内障,male,total,,,False,True,一般診療所,3.0
白内障,female,total,,,False,True,総数,6.8
白内障,female,total,,,False,True,病院,7.7
白内障,female,total,,,False,True,一般診療所,3.1
耳及び乳様突起の疾患,total,total,,,False,True,総数,10.2
耳及び乳様突起の疾患,total,total,,,False,True,病院,10.3
耳及び乳様突起の疾患,total,total,,,False,True,一般診療所,9.0
耳及び乳様突起の疾患,male,total,,,False,True,総数,9.9
耳及び乳様突起の疾患,male,total,,,False,True,病院,10.1
耳及び乳様突起の疾患,male,total,,,False,True,一般診療所,6.2
耳及び乳様突起の疾患,female,total,,,False,True,総数,10.4
耳及び乳様突起の疾患,female,total,,,False,True,病院,10.4
耳及び乳様突起の疾患,female,total,,,False,True,一般診療所,10.3
循環器系の疾患,total,total,,,False,True,総数,52.7
循環器系の疾患,total,total,,,False,True,病院,54.5
循環器系の疾患,total,total,,,False,True,一般診療所,33.4
循環器系の疾患,male,total,,,False,True,総数,40.1
循環器系の疾患,male,total,,,False,True,病院,41.6
循環器系の疾患,male,total,,,False,True,一般診療所,21.8
循環器系の疾患,female,total,,,False,True,総数,68.5
循環器系の疾患,female,total,,,False,True,病院,71.5
循環器系の疾患,female,total,,,False,True,一般診療所,43.5
高血圧性疾患,total,total,,,False,True,総数,45.8
高血圧性疾患,total,total,,,False,True,病院,43.8
高血圧性疾患,total,total,,,False,True,一般診療所,53.4
高血圧性疾患,male,total,,,False,True,総数,25.5
高血圧性疾患,male,total,,,False,True,病院,27.8
高血圧性疾患,male,total,,,False,True,一般診療所,15.7
高血圧性疾患,female,total,,,False,True,総数,56.9
高血圧性疾患,female,total,,,False,True,病院,52.7
高血圧性疾患,female,total,,,False,True,一般診療所,71.7
心疾患(高血圧性のものを除く),total,total,,,False,True,総数,24.2
心疾患(高血圧性のものを除く),total,total,,,False,True,病院,23.1
心疾患(高血圧性のものを除く),total,total,,,False,True,一般診療所,49.0
心疾患(高血圧性のものを除く),male,total,,,False,True,総数,16.7
心疾患(高血圧性のものを除く),male,total,,,False,True,病院,16.8
心疾患(高血圧性のものを除く),male,total,,,False,True,一般診療所,15.1
心疾患(高血圧性のものを除く),female,total,,,False,True,総数,35.3
心疾患(高血圧性のものを除く),female,total,,,False,True,病院,32.8
心疾患(高血圧性のものを除く),female,total,,,False,True,一般診療所,74.6
虚血性心疾患,total,total,,,False,True,総数,13.3
虚血性心疾患,total,total,,,False,True,病院,12.8
虚血性心疾患,total,total,,,False,True,一般診療所,23.6
虚血性心疾患,male,total,,,False,True,総数,10.9
虚血性心疾患,male,total,,,False,True,病院,11.1
虚血性心疾患,male,total,,,False,True,一般診療所,4.5
虚血性心疾患,female,total,,,False,True,総数,18.6
虚血性心疾患,female,total,,,False,True,病院,16.7
虚血性心疾患,female,total,,,False,True,一般診療所,46.5
脳血管疾患,total,total,,,False,True,総数,104.7
脳血管疾患,total,total,,,False,True,病院,109.2
脳血管疾患,total,total,,,False,True,一般診療所,50.2
脳血管疾患,male,total,,,False,True,総数,85.3
脳血管疾患,male,total,,,False,True,病院,88.3
脳血管疾患,male,total,,,False,True,一般診療所,46.0
脳血管疾患,female,total,,,False,True,総数,125.8
脳血管疾患,female,total,,,False,True,病院,132.4
脳血管疾患,female,total,,,False,True,一般診療所,54.0
呼吸器系の疾患,total,total,,,False,True,総数,27.3
呼吸器系の疾患,total,total,,,False,True,病院,28.0
呼吸器系の疾患,total,total,,,False,True,一般診療所,16.4
呼吸器系の疾患,male,total,,,False,True,総数,24.4
呼吸器系の疾患,male,total,,,False,True,病院,25.1
呼吸器系の疾患,male,total,,,False,True,一般診療所,14.0
呼吸器系の疾患,female,total,,,False,True,総数,31.2
呼吸器系の疾患,female,total,,,False,True,病院,32.0
呼吸器系の疾患,female,total,,,False,True,一般診療所,19.4
急性上気道感染症,total,total,,,False,True,総数,5.8
急性上気道感染症,total,total,,,False,True,病院,5.9
急性上気道感染症,total,total,,,False,True,一般診療所,2.1
急性上気道感染症,male,total,,,False,True,総数,5.9
急性上気道感染症,male,total,,,False,True,病院,6.1
急性上気道感染症,male,total,,,False,True,一般診療所,2.3
急性上気道感染症,female,total,,,False,True,総数,5.6
急性上気道感染症,female,total,,,False,True,病院,5.7
急性上気道感染症,female,total,,,False,True,一般診療所,2.0
肺炎,total,total,,,False,True,総数,31.7
肺炎,total,total,,,False,True,病院,33.1
肺炎,total,total,,,False,True,一般診療所,13.4
肺炎,male,total,,,False,True,総数,27.6
肺炎,male,total,,,False,True,病院,28.9
肺炎,male,total,,,False,True,一般診療所,11.3
肺炎,female,total,,,False,True,総数,36.5
肺炎,female,total,,,False,True,病院,38.2
肺炎,female,total,,,False,True,一般診療所,15.9
急性気管支炎及び急性細気管支炎,total,total,,,False,True,総数,12.6
急性気管支炎及び急性細気管支炎,total,total,,,False,True,病院,13.0
急性気管支炎及び急性細気管支炎,total,total,,,False,True,一般診療所,7.5
急性気管支炎及び急性細気管支炎,male,total,,,False,True,総数,8.1
急性気管支炎及び急性細気管支炎,male,total,,,False,True,病院,8.4
急性気管支炎及び急性細気管支炎,male,total,,,False,True,一般診療所,4.5
急性気管支炎及び急性細気管支炎,female,total,,,False,True,総数,17.2
急性気管支炎及び急性細気管支炎,female,total,,,False,True,病院,18.0
急性気管支炎及び急性細気管支炎,female,total,,,False,True,一般診療所,9.7
気管支炎及び慢性閉塞性肺疾患,total,total,,,False,True,総数,35.9
気管支炎及び慢性閉塞性肺疾患,total,total,,,False,True,病院,35.1
気管支炎及び慢性閉塞性肺疾患,total,total,,,False,True,一般診療所,48.7
気管支炎及び慢性閉塞性肺疾患,male,total,,,False,True,総数,35.9
気管支炎及び慢性閉塞性肺疾患,male,total,,,False,True,病院,34.7
気管支炎及び慢性閉塞性肺疾患,male,total,,,False,True,一般診療所,54.0
気管支炎及び慢性閉塞性肺疾患,female,total,,,False,True,総数,35.9
気管支炎及び慢性閉塞性肺疾患,female,total,,,False,True,病院,35.9
気管支炎及び慢性閉塞性肺疾患,female,total,,,False,True,一般診療所,35.1
喘息,total,total,,,False,True,総数,12.1
喘息,total,total,,,False,True,病院,12.8
喘息,total,total,,,False,True,一般診療所,6.7
喘息,male,total,,,False,True,総数,10.2
喘息,male,total,,,False,True,病院,10.8
喘息,male,total,,,False,True,一般診療所,6.2
喘息,female,total,,,False,True,総数,14.4
喘息,female,total,,,False,True,病院,15.3
喘息,female,total,,,False,True,一般診療所,7.4
消化器系の疾患,total,total,,,False,True,総数,14.6
消化器系の疾患,total,total,,,False,True,病院,15.1
消化器系の疾患,total,total,,,False,True,一般診療所,9.2
消化器系の疾患,male,total,,,False,True,総数,13.8
消化器系の疾患,male,total,,,False,True,病院,14.1
消化器系の疾患,male,total,,,False,True,一般診療所,9.7
消化器系の疾患,female,total,,,False,True,総数,15.8
消化器系の疾患,female,total,,,False,True,病院,16.5
消化器系の疾患,female,total,,,False,True,一般診療所,8.7
う蝕,total,total,,,False,True,総数,7.2
う蝕,total,total,,,False,True,病院,7.2
う蝕,male,total,,,False,True,総数,9.0
う蝕,male,total,,,False,True,病院,9.0
う蝕,female,total,,,False,True,総数,5.3
う蝕,female,total,,,False,True,病院,5.3
歯肉炎及び歯周疾患,total,total,,,False,True,総数,8.1
歯肉炎及び歯周疾患,total,total,,,False,True,病院,8.1
歯肉炎及び歯周疾患,male,total,,,False,True,総数,9.0
歯肉炎及び歯周疾患,male,total,,,False,True,病院,9.0
歯肉炎及び歯周疾患,female,total,,,False,True,総数,7.2
歯肉炎及び歯周疾患,female,total,,,False,True,病院,7.2
胃潰瘍及び十二指腸潰瘍,total,total,,,False,True,総数,21.9
胃潰瘍及び十二指腸潰瘍,total,total,,,False,True,病院,22.4
胃潰瘍及び十二指腸潰瘍,total,total,,,False,True,一般診療所,16.7
胃潰瘍及び十二指腸潰瘍,male,total,,,False,True,総数,22.6
胃潰瘍及び十二指腸潰瘍,male,total,,,False,True,病院,23.0
胃潰瘍及び十二指腸潰瘍,male,total,,,False,True,一般診療所,16.5
胃潰瘍及び十二指腸潰瘍,female,total,,,False,True,総数,20.7
胃潰瘍及び十二指腸潰瘍,female,total,,,False,True,病院,21.2
胃潰瘍及び十二指腸潰瘍,female,total,,,False,True,一般診療所,17.0
胃炎及び十二指腸炎,total,total,,,False,True,総数,15.7
胃炎及び十二指腸炎,total,total,,,False,True,病院,16.3
胃炎及び十二指腸炎,total,total,,,False,True,一般診療所,10.1
胃炎及び十二指腸炎,male,total,,,False,True,総数,9.3
胃炎及び十二指腸炎,male,total,,,False,True,病院,9.3
胃炎及び十二指腸炎,male,total,,,False,True,一般診療所,6.9
胃炎及び十二指腸炎,female,total,,,False,True,総数,20.5
胃炎及び十二指腸炎,female,total,,,False,True,病院,22.1
胃炎及び十二指腸炎,female,total,,,False,True,一般診療所,10.7
肝疾患,total,total,,,False,True,総数,29.8
肝疾患,total,total,,,False,True,病院,28.7
肝疾患,total,total,,,False,True,一般診療所,45.3
肝疾患,male,total,,,False,True,総数,27.6
肝疾患,male,total,,,False,True,病院,26.0
肝疾患,male,total,,,False,True,一般診療所,44.2
肝疾患,female,total,,,False,True,総数,33.2
肝疾患,female,total,,,False,True,病院,32.5
肝疾患,female,total,,,False,True,一般診療所,48.5
皮膚及び皮下組織の疾患,total,total,,,False,True,総数,26.1
皮膚及び皮下組織の疾患,total,total,,,False,True,病院,26.6
皮膚及び皮下組織の疾患,total,total,,,False,True,一般診療所,15.1
皮膚及び皮下組織の疾患,male,total,,,False,True,総数,23.3
皮膚及び皮下組織の疾患,male,total,,,False,True,病院,23.8
皮膚及び皮下組織の疾患,male,total,,,False,True,一般診療所,13.4
皮膚及び皮下組織の疾患,female,total,,,False,True,総数,29.0
皮膚及び皮下組織の疾患,female,total,,,False,True,病院,29.5
皮膚及び皮下組織の疾患,female,total,,,False,True,一般診療所,17.0
筋骨格系及び結合組織の疾患,total,total,,,False,True,総数,36.0
筋骨格系及び結合組織の疾患,total,total,,,False,True,病院,35.3
筋骨格系及び結合組織の疾患,total,total,,,False,True,一般診療所,41.5
筋骨格系及び結合組織の疾患,male,total,,,False,True,総数,30.1
筋骨格系及び結合組織の疾患,male,total,,,False,True,病院,30.5
筋骨格系及び結合組織の疾患,male,total,,,False,True,一般診療所,26.2
筋骨格系及び結合組織の疾患,female,total,,,False,True,総数,40.1
筋骨格系及び結合組織の疾患,female,total,,,False,True,病院,38.7
筋骨格系及び結合組織の疾患,female,total,,,False,True,一般診療所,52.0
炎症性多発性関節障害,total,total,,,False,True,総数,35.3
炎症性多発性関節障害,total,total,,,False,True,病院,34.4
炎症性多発性関節障害,total,total,,,False,True,一般診療所,48.4
炎症性多発性関節障害,male,total,,,False,True,総数,24.5
炎症性多発性関節障害,male,total,,,False,True,病院,24.0
炎症性多発性関節障害,male,total,,,False,True,一般診療所,34.9
炎症性多発性関節障害,female,total,,,False,True,総数,38.5
炎症性多発性関節障害,female,total,,,False,True,病院,37.6
炎症性多発性関節障害,female,total,,,False,True,一般診療所,51.2
関節症,total,total,,,False,True,総数,38.5
関節症,total,total,,,False,True,病院,38.4
関節症,total,total,,,False,True,一般診療所,39.4
関節症,male,total,,,False,True,総数,32.6
関節症,male,total,,,False,True,病院,33.2
関節症,male,total,,,False,True,一般診療所,28.1
関節症,female,total,,,False,True,総数,39.8
関節症,female,total,,,False,True,病院,39.6
関節症,female,total,,,False,True,一般診療所,42.2
脊柱障害,total,total,,,False,True,総数,33.1
脊柱障害,total,total,,,False,True,病院,31.6
脊柱障害,total,total,,,False,True,一般診療所,42.4
脊柱障害,male,total,,,False,True,総数,28.9
脊柱障害,male,total,,,False,True,病院,29.2
脊柱障害,male,total,,,False,True,一般診療所,27.2
脊柱障害,female,total,,,False,True,総数,37.8
脊柱障害,female,total,,,False,True,病院,34.4
脊柱障害,female,total,,,False,True,一般診療所,57.6
骨の密度及び構造の障害,total,total,,,False,True,総数,51.3
骨の密度及び構造の障害,total,total,,,False,True,病院,52.2
骨の密度及び構造の障害,total,total,,,False,True,一般診療所,46.7
骨の密度及び構造の障害,male,total,,,False,True,総数,27.0
骨の密度及び構造の障害,male,total,,,False,True,病院,28.4
骨の密度及び構造の障害,male,total,,,False,True,一般診療所,8.2
骨の密度及び構造の障害,female,total,,,False,True,総数,67.5
骨の密度及び構造の障害,female,total,,,False,True,病院,71.5
骨の密度及び構造の障害,female,total,,,False,True,一般診療所,54.3
腎尿路生殖器系の疾患,total,total,,,False,True,総数,24.2
腎尿路生殖器系の疾患,total,total,,,False,True,病院,24.8
腎尿路生殖器系の疾患,total,total,,,False,True,一般診療所,18.0
腎尿路生殖器系の疾患,male,total,,,False,True,総数,23.4
腎尿路生殖器系の疾患,male,total,,,False,True,病院,24.2
腎尿路生殖器系の疾患,male,total,,,False,True,一般診療所,15.2
腎尿路生殖器系の疾患,female,total,,,False,True,総数,25.1
腎尿路生殖器系の疾患,female,total,,,False,True,病院,25.4
腎尿路生殖器系の疾患,female,total,,,False,True,一般診療所,21.6
"糸球体疾患,腎尿細管間質性疾患及び腎不全",total,total,,,False,True,総数,41.3
"糸球体疾患,腎尿細管間質性疾患及び腎不全",total,total,,,False,True,病院,42.3
"糸球体疾患,腎尿細管間質性疾患及び腎不全",total,total,,,False,True,一般診療所,30.8
"糸球体疾患,腎尿細管間質性疾患及び腎不全",male,total,,,False,True,総数,41.7
"糸球体疾患,腎尿細管間質性疾患及び腎不全",male,total,,,False,True,病院,42.8
"糸球体疾患,腎尿細管間質性疾患及び腎不全",male,total,,,False,True,一般診療所,28.8
"糸球体疾患,腎尿細管間質性疾患及び腎不全",female,total,,,False,True,総数,40.8
"糸球体疾患,腎尿細管間質性疾患及び腎不全",female,total,,,False,True,病院,41.7
"糸球体疾患,腎尿細管間質性疾患及び腎不全",female,total,,,False,True,一般診療所,32.4
前立腺肥大(症),total,total,,,False,True,総数,10.2
前立腺肥大(症),total,total,,,False,True,病院,11.0
前立腺肥大(症),total,total,,,False,True,一般診療所,7.1
前立腺肥大(症),male,total,,,False,True,総数,10.2
前立腺肥大(症),male,total,,,False,True,病院,11.0
前立腺肥大(症),male,total,,,False,True,一般診療所,7.1
乳房及び女性生殖器の疾患,total,total,,,False,True,総数,9.7
乳房及び女性生殖器の疾患,total,total,,,False,True,病院,10.0
乳房及び女性生殖器の疾患,total,total,,,False,True,一般診療所,5.4
乳房及び女性生殖器の疾患,male,total,,,False,True,総数,7.0
乳房及び女性生殖器の疾患,male,total,,,False,True,病院,7.0
乳房及び女性生殖器の疾患,female,total,,,False,True,総数,9.7
乳房及び女性生殖器の疾患,female,total,,,False,True,病院,10.0
乳房及び女性生殖器の疾患,female,total,,,False,True,一般診療所,5.4
"妊娠,分娩及び産じょく",total,total,,,False,True,総数,8.0
"妊娠,分娩及び産じょく",total,total,,,False,True,病院,9.1
"妊娠,分娩及び産じょく",total,total,,,False,True,一般診療所,6.1
"妊娠,分娩及び産じょく",female,total,,,False,True,総数,8.0
"妊娠,分娩及び産じょく",female,total,,,False,True,病院,9.1
"妊娠,分娩及び産じょく",female,total,,,False,True,一般診療所,6.1
妊娠高血圧症候群,total,total,,,False,True,総数,11.4
妊娠高血圧症候群,total,total,,,False,True,病院,12.2
妊娠高血圧症候群,total,total,,,False,True,一般診療所,8.5
妊娠高血圧症候群,female,total,,,False,True,総数,11.4
妊娠高血圧症候群,female,total,,,False,True,病院,12.2
妊娠高血圧症候群,female,total,,,False,True,一般診療所,8.5
周産期に発生した病態,total,total,,,False,True,総数,10.8
周産期に発生した病態,total,total,,,False,True,病院,12.3
周産期に発生した病態,total,total,,,False,True,一般診療所,4.1
周産期に発生した病態,male,total,,,False,True,総数,10.9
周産期に発生した病態,male,total,,,False,True,病院,12.3
周産期に発生した病態,male,total,,,False,True,一般診療所,4.4
周産期に発生した病態,female,total,,,False,True,総数,10.8
周産期に発生した病態,female,total,,,False,True,病院,12.3
周産期に発生した病態,female,total,,,False,True,一般診療所,3.8
"先天奇形,変形及び染色体異常",total,total,,,False,True,総数,19.9
"先天奇形,変形及び染色体異常",total,total,,,False,True,病院,20.3
"先天奇形,変形及び染色体異常",total,total,,,False,True,一般診療所,7.7
"先天奇形,変形及び染色体異常",male,total,,,False,True,総数,20.0
"先天奇形,変形及び染色体異常",male,total,,,False,True,病院,20.6
"先天奇形,変形及び染色体異常",male,total,,,False,True,一般診療所,3.4
"先天奇形,変形及び染色体異常",female,total,,,False,True,総数,19.7
"先天奇形,変形及び染色体異常",female,total,,,False,True,病院,20.0
"先天奇形,変形及び染色体異常",female,total,,,False,True,一般診療所,11.9
"症状,徴候及び異常臨床所見・異常検査所見で他に分類されないもの",total,total,,,False,True,総数,20.6
"症状,徴候及び異常臨床所見・異常検査所見で他に分類されないもの",total,total,,,False,True,病院,20.9
"症状,徴候及び異常臨床所見・異常検査所見で他に分類されないもの",total,total,,,False,True,一般診療所,16.6
"症状,徴候及び異常臨床所見・異常検査所見で他に分類されないもの",male,total,,,False,True,総数,19.0
"症状,徴候及び異常臨床所見・異常検査所見で他に分類されないもの",male,total,,,False,True,病院,19.3
"症状,徴候及び異常臨床所見・異常検査所見で他に分類されないもの",male,total,,,False,True,一般診療所,14.0
"症状,徴候及び異常臨床所見・異常検査所見で他に分類されないもの",female,total,,,False,True,総数,21.8
"症状,徴候及び異常臨床所見・異常検査所見で他に分類されないもの",female,total,,,False,True,病院,22.3
"症状,徴候及び異常臨床所見・異常検査所見で他に分類されないもの",female,total,,,False,True,一般診療所,17.7
"損傷,中毒及びその他の外因の影響",total,total,,,False,True,総数,34.8
"損傷,中毒及びその他の外因の影響",total,total,,,False,True,病院,34.2
"損傷,中毒及びその他の外因の影響",total,total,,,False,True,一般診療所,40.7
"損傷,中毒及びその他の外因の影響",male,total,,,False,True,総数,28.3
"損傷,中毒及びその他の外因の影響",male,total,,,False,True,病院,28.1
"損傷,中毒及びその他の外因の影響",male,total,,,False,True,一般診療所,29.8
"損傷,中毒及びその他の外因の影響",female,total,,,False,True,総数,40.6
"損傷,中毒及びその他の外因の影響",female,total,,,False,True,病院,39.7
"損傷,中毒及びその他の外因の影響",female,total,,,False,True,一般診療所,48.5
骨折,total,total,,,False,True,総数,43.2
骨折,total,total,,,False,True,病院,41.9
骨折,total,total,,,False,True,一般診療所,56.0
骨折,male,total,,,False,True,総数,31.2
骨折,male,total,,,False,True,病院,30.3
骨折,male,total,,,False,True,一般診療所,41.6
骨折,female,total,,,False,True,総数,50.8
骨折,female,total,,,False,True,病院,49.4
骨折,female,total,,,False,True,一般診療所,62.8
健康状態に影響を及ぼす要因及び保健サービスの利用,total,total,,,False,True,総数,9.1
健康状態に影響を及ぼす要因及び保健サービスの利用,total,total,,,False,True,病院,9.6
健康状態に影響を及ぼす要因及び保健サービスの利用,total,total,,,False,True,一般診療所,6.4
健康状態に影響を及ぼす要因及び保健サービスの利用,male,total,,,False,True,総数,7.3
健康状態に影響を及ぼす要因及び保健サービスの利用,male,total,,,False,True,病院,7.3
健康状態に影響を及ぼす要因及び保健サービスの利用,male,total,,,False,True,一般診療所,7.6
健康状態に影響を及ぼす要因及び保健サービスの利用,female,total,,,False,True,総数,10.0
健康状態に影響を及ぼす要因及び保健サービスの利用,female,total,,,False,True,病院,11.2
健康状態に影響を及ぼす要因及び保健サービスの利用,female,total,,,False,True,一般診療所,6.3
歯の補てつ,total,total,,,False,True,総数,2.7
歯の補てつ,total,total,,,False,True,病院,2.7
歯の補てつ,male,total,,,False,True,総数,2.3
歯の補てつ,male,total,,,False,True,病院,2.3
歯の補てつ,female,total,,,False,True,総数,3.0
歯の補てつ,female,total,,,False,True,病院,3.0
総数,total,a00,0.0,0.0,False,False,総数,9.9
総数,total,a00,0.0,0.0,False,False,病院,10.9
総数,total,a00,0.0,0.0,False,False,一般診療所,3.6
総数,male,a00,0.0,0.0,False,False,総数,9.8
総数,male,a00,0.0,0.0,False,False,病院,10.8
総数,male,a00,0.0,0.0,False,False,一般診療所,3.5
総数,female,a00,0.0,0.0,False,False,総数,10.0
総数,female,a00,0.0,0.0,False,False,病院,10.9
総数,female,a00,0.0,0.0,False,False,一般診療所,3.7
感染症及び寄生虫症,total,a00,0.0,0.0,False,False,総数,5.7
感染症及び寄生虫症,total,a00,0.0,0.0,False,False,病院,6.1
感染症及び寄生虫症,total,a00,0.0,0.0,False,False,一般診療所,1.4
感染症及び寄生虫症,male,a00,0.0,0.0,False,False,総数,5.9
感染症及び寄生虫症,male,a00,0.0,0.0,False,False,病院,6.5
感染症及び寄生虫症,male,a00,0.0,0.0,False,False,一般診療所,1.2
感染症及び寄生虫症,female,a00,0.0,0.0,False,False,総数,5.3
感染症及び寄生虫症,female,a00,0.0,0.0,False,False,病院,5.7
感染症及び寄生虫症,female,a00,0.0,0.0,False,False,一般診療所,1.8
腸管感染症,total,a00,0.0,0.0,False,False,総数,4.6
腸管感染症,total,a00,0.0,0.0,False,False,病院,5.1
腸管感染症,male,a00,0.0,0.0,False,False,総数,4.3
腸管感染症,male,a00,0.0,0.0,False,False,病院,4.6
腸管感染症,female,a00,0.0,0.0,False,False,総数,5.0
腸管感染症,female,a00,0.0,0.0,False,False,病院,5.8
結核,total,a00,0.0,0.0,False,False,総数,4.0
結核,total,a00,0.0,0.0,False,False,病院,4.0
結核,male,a00,0.0,0.0,False,False,総数,4.0
結核,male,a00,0.0,0.0,False,False,病院,4.0
皮膚及び粘膜の病変を伴うウイルス疾患,total,a00,0.0,0.0,False,False,総数,4.3
皮膚及び粘膜の病変を伴うウイルス疾患,total,a00,0.0,0.0,False,False,病院,5.1
皮膚及び粘膜の病変を伴うウイルス疾患,male,a00,0.0,0.0,False,False,総数,4.3
皮膚及び粘膜の病変を伴うウイルス疾患,male,a00,0.0,0.0,False,False,病院,5.6
皮膚及び粘膜の病変を伴うウイルス疾患,female,a00,0.0,0.0,False,False,総数,4.3
皮膚及び粘膜の病変を伴うウイルス疾患,female,a00,0.0,0.0,False,False,病院,4.3
新生物,total,a00,0.0,0.0,False,False,総数,13.4
新生物,total,a00,0.0,0.0,False,False,病院,13.4
新生物,male,a00,0.0,0.0,False,False,総数,13.5
新生物,male,a00,0.0,0.0,False,False,病院,13.5
新生物,female,a00,0.0,0.0,False,False,総数,13.4
新生物,female,a00,0.0,0.0,False,False,病院,13.4
悪性新生物,total,a00,0.0,0.0,False,False,総数,21.3
悪性新生物,total,a00,0.0,0.0,False,False,病院,21.3
悪性新生物,male,a00,0.0,0.0,False,False,総数,28.3
悪性新生物,male,a00,0.0,0.0,False,False,病院,28.3
悪性新生物,female,a00,0.0,0.0,False,False,総数,11.9
悪性新生物,female,a00,0.0,0.0,False,False,病院,11.9
胃の悪性新生物,total,a00,0.0,0.0,False,False,総数,19.3
胃の悪性新生物,total,a00,0.0,0.0,False,False,病院,19.3
胃の悪性新生物,male,a00,0.0,0.0,False,False,総数,20.5
胃の悪性新生物,male,a00,0.0,0.0,False,False,病院,20.5
胃の悪性新生物,female,a00,0.0,0.0,False,False,総数,17.0
胃の悪性新生物,female,a00,0.0,0.0,False,False,病院,17.0
結腸及び直腸の悪性新生物,total,a00,0.0,0.0,False,False,総数,4.0
結腸及び直腸の悪性新生物,total,a00,0.0,0.0,False,False,病院,4.0
結腸及び直腸の悪性新生物,male,a00,0.0,0.0,False,False,総数,4.0
結腸及び直腸の悪性新生物,male,a00,0.0,0.0,False,False,病院,4.0
"気管,気管支及び肺の悪性新生物",total,a00,0.0,0.0,False,False,総数,32.8
"気管,気管支及び肺の悪性新生物",total,a00,0.0,0.0,False,False,病院,32.8
"気管,気管支及び肺の悪性新生物",male,a00,0.0,0.0,False,False,総数,56.5
"気管,気管支及び肺の悪性新生物",male,a00,0.0,0.0,False,False,病院,56.5
"気管,気管支及び肺の悪性新生物",female,a00,0.0,0.0,False,False,総数,8.8
"気管,気管支及び肺の悪性新生物",female,a00,0.0,0.0,False,False,病院,8.8
血液及び造血器の疾患並びに免疫機構の障害,total,a00,0.0,0.0,False,False,総数,11.8
血液及び造血器の疾患並びに免疫機構の障害,total,a00,0.0,0.0,False,False,病院,11.8
血液及び造血器の疾患並びに免疫機構の障害,male,a00,0.0,0.0,False,False,総数,11.0
血液及び造血器の疾患並びに免疫機構の障害,male,a00,0.0,0.0,False,False,病院,11.0
血液及び造血器の疾患並びに免疫機構の障害,female,a00,0.0,0.0,False,False,総数,13.2
血液及び造血器の疾患並びに免疫機構の障害,female,a00,0.0,0.0,False,False,病院,13.2
"内分泌,栄養及び代謝疾患",total,a00,0.0,0.0,False,False,総数,7.0
"内分泌,栄養及び代謝疾患",total,a00,0.0,0.0,False,False,病院,8.2
"内分泌,栄養及び代謝疾患",total,a00,0.0,0.0,False,False,一般診療所,4.5
"内分泌,栄養及び代謝疾患",male,a00,0.0,0.0,False,False,総数,7.4
"内分泌,栄養及び代謝疾患",male,a00,0.0,0.0,False,False,病院,8.3
"内分泌,栄養及び代謝疾患",male,a00,0.0,0.0,False,False,一般診療所,5.2
"内分泌,栄養及び代謝疾患",female,a00,0.0,0.0,False,False,総数,6.6
"内分泌,栄養及び代謝疾患",female,a00,0.0,0.0,False,False,病院,8.0
"内分泌,栄養及び代謝疾患",female,a00,0.0,0.0,False,False,一般診療所,3.9
甲状腺障害,total,a00,0.0,0.0,False,False,総数,6.1
甲状腺障害,total,a00,0.0,0.0,False,False,病院,6.1
甲状腺障害,male,a00,0.0,0.0,False,False,総数,6.6
甲状腺障害,male,a00,0.0,0.0,False,False,病院,6.6
甲状腺障害,female,a00,0.0,0.0,False,False,総数,5.7
甲状腺障害,female,a00,0.0,0.0,False,False,病院,5.7
糖尿病,total,a00,0.0,0.0,False,False,総数,25.6
糖尿病,total,a00,0.0,0.0,False,False,病院,25.6
糖尿病,male,a00,0.0,0.0,False,False,総数,16.0
糖尿病,male,a00,0.0,0.0,False,False,病院,16.0
糖尿病,female,a00,0.0,0.0,False,False,総数,31.1
糖尿病,female,a00,0.0,0.0,False,False,病院,31.1
精神及び行動の障害,total,a00,0.0,0.0,False,False,総数,7.6
精神及び行動の障害,total,a00,0.0,0.0,False,False,病院,8.4
精神及び行動の障害,total,a00,0.0,0.0,False,False,一般診療所,2.7
精神及び行動の障害,male,a00,0.0,0.0,False,False,総数,6.0
精神及び行動の障害,male,a00,0.0,0.0,False,False,病院,7.0
精神及び行動の障害,male,a00,0.0,0.0,False,False,一般診療所,2.7
精神及び行動の障害,female,a00,0.0,0.0,False,False,総数,10.1
精神及び行動の障害,female,a00,0.0,0.0,False,False,病院,10.1
"統合失調症,統合失調症型障害及び妄想性障害",total,a00,0.0,0.0,False,False,総数,51.0
"統合失調症,統合失調症型障害及び妄想性障害",total,a00,0.0,0.0,False,False,病院,51.0
"統合失調症,統合失調症型障害及び妄想性障害",male,a00,0.0,0.0,False,False,総数,32.0
"統合失調症,統合失調症型障害及び妄想性障害",male,a00,0.0,0.0,False,False,病院,32.0
"統合失調症,統合失調症型障害及び妄想性障害",female,a00,0.0,0.0,False,False,総数,60.5
"統合失調症,統合失調症型障害及び妄想性障害",female,a00,0.0,0.0,False,False,病院,60.5
"神経症性障害,ストレス関連障害及び身体表現性障害",total,a00,0.0,0.0,False,False,総数,5.8
"神経症性障害,ストレス関連障害及び身体表現性障害",total,a00,0.0,0.0,False,False,病院,6.4
"神経症性障害,ストレス関連障害及び身体表現性障害",total,a00,0.0,0.0,False,False,一般診療所,2.7
"神経症性障害,ストレス関連障害及び身体表現性障害",male,a00,0.0,0.0,False,False,総数,5.3
"神経症性障害,ストレス関連障害及び身体表現性障害",male,a00,0.0,0.0,False,False,病院,6.3
"神経症性障害,ストレス関連障害及び身体表現性障害",male,a00,0.0,0.0,False,False,一般診療所,2.7
"神経症性障害,ストレス関連障害及び身体表現性障害",female,a00,0.0,0.0,False,False,総数,6.5
"神経症性障害,ストレス関連障害及び身体表現性障害",female,a00,0.0,0.0,False,False,病院,6.5
神経系の疾患,total,a00,0.0,0.0,False,False,総数,14.2
神経系の疾患,total,a00,0.0,0.0,False,False,病院,14.2
神経系の疾患,male,a00,0.0,0.0,False,False,総数,13.4
神経系の疾患,male,a00,0.0,0.0,False,False,病院,13.4
神経系の疾患,female,a00,0.0,0.0,False,False,総数,15.5
神経系の疾患,female,a00,0.0,0.0,False,False,病院,15.5
眼及び付属器の疾患,total,a00,0.0,0.0,False,False,総数,8.5
眼及び付属器の疾患,total,a00,0.0,0.0,False,False,病院,10.5
眼及び付属器の疾患,total,a00,0.0,0.0,False,False,一般診療所,3.6
眼及び付属器の疾患,male,a00,0.0,0.0,False,False,総数,6.0
眼及び付属器の疾患,male,a00,0.0,0.0,False,False,病院,7.8
眼及び付属器の疾患,male,a00,0.0,0.0,False,False,一般診療所,3.4
眼及び付属器の疾患,female,a00,0.0,0.0,False,False,総数,11.8
眼及び付属器の疾患,female,a00,0.0,0.0,False,False,病院,13.1
眼及び付属器の疾患,female,a00,0.0,0.0,False,False,一般診療所,4.0
耳及び乳様突起の疾患,total,a00,0.0,0.0,False,False,総数,5.0
耳及び乳様突起の疾患,total,a00,0.0,0.0,False,False,病院,5.0
耳及び乳様突起の疾患,male,a00,0.0,0.0,False,False,総数,4.3
耳及び乳様突起の疾患,male,a00,0.0,0.0,False,False,病院,4.3
耳及び乳様突起の疾患,female,a00,0.0,0.0,False,False,総数,5.9
耳及び乳様突起の疾患,female,a00,0.0,0.0,False,False,病院,5.9
循環器系の疾患,total,a00,0.0,0.0,False,False,総数,14.0
循環器系の疾患,total,a00,0.0,0.0,False,False,病院,14.4
循環器系の疾患,total,a00,0.0,0.0,False,False,一般診療所,6.0
循環器系の疾患,male,a00,0.0,0.0,False,False,総数,17.5
循環器系の疾患,male,a00,0.0,0.0,False,False,病院,17.5
循環器系の疾患,female,a00,0.0,0.0,False,False,総数,9.7
循環器系の疾患,female,a00,0.0,0.0,False,False,病院,10.2
循環器系の疾患,female,a00,0.0,0.0,False,False,一般診療所,6.0
高血圧性疾患,total,a00,0.0,0.0,False,False,総数,2.0
高血圧性疾患,total,a00,0.0,0.0,False,False,病院,2.0
高血圧性疾患,male,a00,0.0,0.0,False,False,総数,2.0
高血圧性疾患,male,a00,0.0,0.0,False,False,病院,2.0
心疾患(高血圧性のものを除く),total,a00,0.0,0.0,False,False,総数,11.5
心疾患(高血圧性のものを除く),total,a00,0.0,0.0,False,False,病院,11.9
心疾患(高血圧性のものを除く),total,a00,0.0,0.0,False,False,一般診療所,6.0
心疾患(高血圧性のものを除く),male,a00,0.0,0.0,False,False,総数,14.6
心疾患(高血圧性のものを除く),male,a00,0.0,0.0,False,False,病院,14.6
心疾患(高血圧性のものを除く),female,a00,0.0,0.0,False,False,総数,8.6
心疾患(高血圧性のものを除く),female,a00,0.0,0.0,False,False,病院,8.9
心疾患(高血圧性のものを除く),female,a00,0.0,0.0,False,False,一般診療所,6.0
虚血性心疾患,total,a00,0.0,0.0,False,False,総数,11.2
虚血性心疾患,total,a00,0.0,0.0,False,False,病院,11.2
虚血性心疾患,male,a00,0.0,0.0,False,False,総数,12.9
虚血性心疾患,male,a00,0.0,0.0,False,False,病院,12.9
虚血性心疾患,female,a00,0.0,0.0,False,False,総数,2.0
虚血性心疾患,female,a00,0.0,0.0,False,False,病院,2.0
脳血管疾患,total,a00,0.0,0.0,False,False,総数,35.6
脳血管疾患,total,a00,0.0,0.0,False,False,病院,35.6
脳血管疾患,male,a00,0.0,0.0,False,False,総数,35.4
脳血管疾患,male,a00,0.0,0.0,False,False,病院,35.4
脳血管疾患,female,a00,0.0,0.0,False,False,総数,36.4
脳血管疾患,female,a00,0.0,0.0,False,False,病院,36.4
呼吸器系の疾患,total,a00,0.0,0.0,False,False,総数,5.4
呼吸器系の疾患,total,a00,0.0,0.0,False,False,病院,5.9
呼吸器系の疾患,total,a00,0.0,0.0,False,False,一般診療所,1.0
呼吸器系の疾患,male,a00,0.0,0.0,False,False,総数,5.5
呼吸器系の疾患,male,a00,0.0,0.0,False,False,病院,6.3
呼吸器系の疾患,male,a00,0.0,0.0,False,False,一般診療所,0.9
呼吸器系の疾患,female,a00,0.0,0.0,False,False,総数,5.1
呼吸器系の疾患,female,a00,0.0,0.0,False,False,病院,5.4
呼吸器系の疾患,female,a00,0.0,0.0,False,False,一般診療所,1.2
急性上気道感染症,total,a00,0.0,0.0,False,False,総数,4.5
急性上気道感染症,total,a00,0.0,0.0,False,False,病院,4.6
急性上気道感染症,male,a00,0.0,0.0,False,False,総数,4.8
急性上気道感染症,male,a00,0.0,0.0,False,False,病院,5.0
急性上気道感染症,female,a00,0.0,0.0,False,False,総数,4.2
急性上気道感染症,female,a00,0.0,0.0,False,False,病院,4.2
肺炎,total,a00,0.0,0.0,False,False,総数,5.6
肺炎,total,a00,0.0,0.0,False,False,病院,6.4
肺炎,total,a00,0.0,0.0,False,False,一般診療所,1.0
肺炎,male,a00,0.0,0.0,False,False,総数,5.8
肺炎,male,a00,0.0,0.0,False,False,病院,6.9
肺炎,male,a00,0.0,0.0,False,False,一般診療所,1.1
肺炎,female,a00,0.0,0.0,False,False,総数,5.4
肺炎,female,a00,0.0,0.0,False,False,病院,5.8
急性気管支炎及び急性細気管支炎,total,a00,0.0,0.0,False,False,総数,4.4
急性気管支炎及び急性細気管支炎,total,a00,0.0,0.0,False,False,病院,4.9
急性気管支炎及び急性細気管支炎,male,a00,0.0,0.0,False,False,総数,4.3
急性気管支炎及び急性細気管支炎,male,a00,0.0,0.0,False,False,病院,5.0
急性気管支炎及び急性細気管支炎,female,a00,0.0,0.0,False,False,総数,4.7
急性気管支炎及び急性細気管支炎,female,a00,0.0,0.0,False,False,病院,4.7
気管支炎及び慢性閉塞性肺疾患,total,a00,0.0,0.0,False,False,総数,6.1
気管支炎及び慢性閉塞性肺疾患,total,a00,0.0,0.0,False,False,病院,6.1
気管支炎及び慢性閉塞性肺疾患,male,a00,0.0,0.0,False,False,総数,6.1
気管支炎及び慢性閉塞性肺疾患,male,a00,0.0,0.0,False,False,病院,6.1
気管支炎及び慢性閉塞性肺疾患,female,a00,0.0,0.0,False,False,総数,6.0
気管支炎及び慢性閉塞性肺疾患,female,a00,0.0,0.0,False,False,病院,6.0
喘息,total,a00,0.0,0.0,False,False,総数,4.3
喘息,total,a00,0.0,0.0,False,False,病院,6.0
喘息,male,a00,0.0,0.0,False,False,総数,4.3
喘息,male,a00,0.0,0.0,False,False,病院,6.3
喘息,female,a00,0.0,0.0,False,False,総数,4.3
喘息,female,a00,0.0,0.0,False,False,病院,5.3
消化器系の疾患,total,a00,0.0,0.0,False,False,総数,10.0
消化器系の疾患,total,a00,0.0,0.0,False,False,病院,10.1
消化器系の疾患,male,a00,0.0,0.0,False,False,総数,9.5
消化器系の疾患,male,a00,0.0,0.0,False,False,病院,9.7
消化器系の疾患,female,a00,0.0,0.0,False,False,総数,10.8
消化器系の疾患,female,a00,0.0,0.0,False,False,病院,10.8
歯肉炎及び歯周疾患,total,a00,0.0,0.0,False,False,総数,38.2
歯肉炎及び歯周疾患,total,a00,0.0,0.0,False,False,病院,38.2
歯肉炎及び歯周疾患,male,a00,0.0,0.0,False,False,総数,51.6
歯肉炎及び歯周疾患,male,a00,0.0,0.0,False,False,病院,51.6
歯肉炎及び歯周疾患,female,a00,0.0,0.0,False,False,総数,31.9
歯肉炎及び歯周疾患,female,a00,0.0,0.0,False,False,病院,31.9
胃潰瘍及び十二指腸潰瘍,total,a00,0.0,0.0,False,False,総数,1.5
胃潰瘍及び十二指腸潰瘍,total,a00,0.0,0.0,False,False,病院,1.5
胃潰瘍及び十二指腸潰瘍,female,a00,0.0,0.0,False,False,総数,3.0
胃潰瘍及び十二指腸潰瘍,female,a00,0.0,0.0,False,False,病院,3.0
胃炎及び十二指腸炎,total,a00,0.0,0.0,False,False,総数,6.5
胃炎及び十二指腸炎,total,a00,0.0,0.0,False,False,病院,6.5
胃炎及び十二指腸炎,male,a00,0.0,0.0,False,False,総数,4.6
胃炎及び十二指腸炎,male,a00,0.0,0.0,False,False,病院,4.6
胃炎及び十二指腸炎,female,a00,0.0,0.0,False,False,総数,8.3
胃炎及び十二指腸炎,female,a00,0.0,0.0,False,False,病院,8.3
肝疾患,total,a00,0.0,0.0,False,False,総数,16.4
肝疾患,total,a00,0.0,0.0,False,False,病院,16.4
肝疾患,male,a00,0.0,0.0,False,False,総数,29.3
肝疾患,male,a00,0.0,0.0,False,False,病院,29.3
肝疾患,female,a00,0.0,0.0,False,False,総数,8.4
肝疾患,female,a00,0.0,0.0,False,False,病院,8.4
皮膚及び皮下組織の疾患,total,a00,0.0,0.0,False,False,総数,8.3
皮膚及び皮下組織の疾患,total,a00,0.0,0.0,False,False,病院,7.8
皮膚及び皮下組織の疾患,total,a00,0.0,0.0,False,False,一般診療所,10.5
皮膚及び皮下組織の疾患,male,a00,0.0,0.0,False,False,総数,8.7
皮膚及び皮下組織の疾患,male,a00,0.0,0.0,False,False,病院,8.7
皮膚及び皮下組織の疾患,female,a00,0.0,0.0,False,False,総数,7.9
皮膚及び皮下組織の疾患,female,a00,0.0,0.0,False,False,病院,6.5
皮膚及び皮下組織の疾患,female,a00,0.0,0.0,False,False,一般診療所,10.5
筋骨格系及び結合組織の疾患,total,a00,0.0,0.0,False,False,総数,14.6
筋骨格系及び結合組織の疾患,total,a00,0.0,0.0,False,False,病院,15.0
筋骨格系及び結合組織の疾患,total,a00,0.0,0.0,False,False,一般診療所,4.5
筋骨格系及び結合組織の疾患,male,a00,0.0,0.0,False,False,総数,14.7
筋骨格系及び結合組織の疾患,male,a00,0.0,0.0,False,False,病院,15.0
筋骨格系及び結合組織の疾患,male,a00,0.0,0.0,False,False,一般診療所,5.0
筋骨格系及び結合組織の疾患,female,a00,0.0,0.0,False,False,総数,14.5
筋骨格系及び結合組織の疾患,female,a00,0.0,0.0,False,False,病院,15.0
筋骨格系及び結合組織の疾患,female,a00,0.0,0.0,False,False,一般診療所,4.0
炎症性多発性関節障害,total,a00,0.0,0.0,False,False,総数,14.0
炎症性多発性関節障害,total,a00,0.0,0.0,False,False,病院,14.0
炎症性多発性関節障害,male,a00,0.0,0.0,False,False,総数,11.8
炎症性多発性関節障害,male,a00,0.0,0.0,False,False,病院,11.8
炎症性多発性関節障害,female,a00,0.0,0.0,False,False,総数,15.2
炎症性多発性関節障害,female,a00,0.0,0.0,False,False,病院,15.2
関節症,total,a00,0.0,0.0,False,False,総数,18.6
関節症,total,a00,0.0,0.0,False,False,病院,18.6
関節症,male,a00,0.0,0.0,False,False,総数,24.0
関節症,male,a00,0.0,0.0,False,False,病院,24.0
関節症,female,a00,0.0,0.0,False,False,総数,13.0
関節症,female,a00,0.0,0.0,False,False,病院,13.0
脊柱障害,total,a00,0.0,0.0,False,False,総数,17.0
脊柱障害,total,a00,0.0,0.0,False,False,病院,17.0
脊柱障害,male,a00,0.0,0.0,False,False,総数,13.2
脊柱障害,male,a00,0.0,0.0,False,False,病院,13.2
脊柱障害,female,a00,0.0,0.0,False,False,総数,25.0
脊柱障害,female,a00,0.0,0.0,False,False,病院,25.0
腎尿路生殖器系の疾患,total,a00,0.0,0.0,False,False,総数,6.8
腎尿路生殖器系の疾患,total,a00,0.0,0.0,False,False,病院,6.8
腎尿路生殖器系の疾患,total,a00,0.0,0.0,False,False,一般診療所,4.0
腎尿路生殖器系の疾患,male,a00,0.0,0.0,False,False,総数,7.0
腎尿路生殖器系の疾患,male,a00,0.0,0.0,False,False,病院,7.0
腎尿路生殖器系の疾患,male,a00,0.0,0.0,False,False,一般診療所,4.0
腎尿路生殖器系の疾患,female,a00,0.0,0.0,False,False,総数,6.6
腎尿路生殖器系の疾患,female,a00,0.0,0.0,False,False,病院,6.6
"糸球体疾患,腎尿細管間質性疾患及び腎不全",total,a00,0.0,0.0,False,False,総数,8.6
"糸球体疾患,腎尿細管間質性疾患及び腎不全",total,a00,0.0,0.0,False,False,病院,8.8
"糸球体疾患,腎尿細管間質性疾患及び腎不全",total,a00,0.0,0.0,False,False,一般診療所,4.0
"糸球体疾患,腎尿細管間質性疾患及び腎不全",male,a00,0.0,0.0,False,False,総数,8.3
"糸球体疾患,腎尿細管間質性疾患及び腎不全",male,a00,0.0,0.0,False,False,病院,8.5
"糸球体疾患,腎尿細管間質性疾患及び腎不全",male,a00,0.0,0.0,False,False,一般診療所,4.0
"糸球体疾患,腎尿細管間質性疾患及び腎不全",female,a00,0.0,0.0,False,False,総数,9.5
"糸球体疾患,腎尿細管間質性疾患及び腎不全",female,a00,0.0,0.0,False,False,病院,9.5
乳房及び女性生殖器の疾患,total,a00,0.0,0.0,False,False,総数,6.5
乳房及び女性生殖器の疾患,total,a00,0.0,0.0,False,False,病院,6.5
乳房及び女性生殖器の疾患,female,a00,0.0,0.0,False,False,総数,6.5
乳房及び女性生殖器の疾患,female,a00,0.0,0.0,False,False,病院,6.5
周産期に発生した病態,total,a00,0.0,0.0,False,False,総数,10.8
周産期に発生した病態,total,a00,0.0,0.0,False,False,病院,12.3
周産期に発生した病態,total,a00,0.0,0.0,False,False,一般診療所,4.1
周産期に発生した病態,male,a00,0.0,0.0,False,False,総数,10.9
周産期に発生した病態,male,a00,0.0,0.0,False,False,病院,12.3
周産期に発生した病態,male,a00,0.0,0.0,False,False,一般診療所,4.4
周産期に発生した病態,female,a00,0.0,0.0,False,False,総数,10.8
周産期に発生した病態,female,a00,0.0,0.0,False,False,病院,12.3
周産期に発生した病態,female,a00,0.0,0.0,False,False,一般診療所,3.8
"先天奇形,変形及び染色体異常",total,a00,0.0,0.0,False,False,総数,17.8
"先天奇形,変形及び染色体異常",total,a00,0.0,0.0,False,False,病院,18.3
"先天奇形,変形及び染色体異常",total,a00,0.0,0.0,False,False,一般診療所,1.0
"先天奇形,変形及び染色体異常",male,a00,0.0,0.0,False,False,総数,16.5
"先天奇形,変形及び染色体異常",male,a00,0.0,0.0,False,False,病院,17.2
"先天奇形,変形及び染色体異常",female,a00,0.0,0.0,False,False,総数,19.4
"先天奇形,変形及び染色体異常",female,a00,0.0,0.0,False,False,病院,19.6
"先天奇形,変形及び染色体異常",female,a00,0.0,0.0,False,False,一般診療所,5.0
"症状,徴候及び異常臨床所見・異常検査所見で他に分類されないもの",total,a00,0.0,0.0,False,False,総数,7.7
"症状,徴候及び異常臨床所見・異常検査所見で他に分類されないもの",total,a00,0.0,0.0,False,False,病院,8.2
"症状,徴候及び異常臨床所見・異常検査所見で他に分類されないもの",total,a00,0.0,0.0,False,False,一般診療所,4.2
"症状,徴候及び異常臨床所見・異常検査所見で他に分類されないもの",male,a00,0.0,0.0,False,False,総数,8.3
"症状,徴候及び異常臨床所見・異常検査所見で他に分類されないもの",male,a00,0.0,0.0,False,False,病院,8.7
"症状,徴候及び異常臨床所見・異常検査所見で他に分類されないもの",male,a00,0.0,0.0,False,False,一般診療所,5.4
"症状,徴候及び異常臨床所見・異常検査所見で他に分類されないもの",female,a00,0.0,0.0,False,False,総数,7.2
"症状,徴候及び異常臨床所見・異常検査所見で他に分類されないもの",female,a00,0.0,0.0,False,False,病院,7.8
"症状,徴候及び異常臨床所見・異常検査所見で他に分類されないもの",female,a00,0.0,0.0,False,False,一般診療所,3.2
"損傷,中毒及びその他の外因の影響",total,a00,0.0,0.0,False,False,総数,7.7
"損傷,中毒及びその他の外因の影響",total,a00,0.0,0.0,False,False,病院,8.2
"損傷,中毒及びその他の外因の影響",total,a00,0.0,0.0,False,False,一般診療所,1.0
"損傷,中毒及びその他の外因の影響",male,a00,0.0,0.0,False,False,総数,7.9
"損傷,中毒及びその他の外因の影響",male,a00,0.0,0.0,False,False,病院,8.7
"損傷,中毒及びその他の外因の影響",male,a00,0.0,0.0,False,False,一般診療所,1.0
"損傷,中毒及びその他の外因の影響",female,a00,0.0,0.0,False,False,総数,7.5
"損傷,中毒及びその他の外因の影響",female,a00,0.0,0.0,False,False,病院,7.5
骨折,total,a00,0.0,0.0,False,False,総数,7.8
骨折,total,a00,0.0,0.0,False,False,病院,10.4
骨折,total,a00,0.0,0.0,False,False,一般診療所,1.0
骨折,male,a00,0.0,0.0,False,False,総数,6.8
骨折,male,a00,0.0,0.0,False,False,病院,13.6
骨折,male,a00,0.0,0.0,False,False,一般診療所,1.0
骨折,female,a00,0.0,0.0,False,False,総数,8.9
骨折,female,a00,0.0,0.0,False,False,病院,8.9
健康状態に影響を及ぼす要因及び保健サービスの利用,total,a00,0.0,0.0,False,False,総数,9.0
健康状態に影響を及ぼす要因及び保健サービスの利用,total,a00,0.0,0.0,False,False,病院,9.2
健康状態に影響を及ぼす要因及び保健サービスの利用,total,a00,0.0,0.0,False,False,一般診療所,4.9
健康状態に影響を及ぼす要因及び保健サービスの利用,male,a00,0.0,0.0,False,False,総数,9.7
健康状態に影響を及ぼす要因及び保健サービスの利用,male,a00,0.0,0.0,False,False,病院,10.0
健康状態に影響を及ぼす要因及び保健サービスの利用,male,a00,0.0,0.0,False,False,一般診療所,5.1
健康状態に影響を及ぼす要因及び保健サービスの利用,female,a00,0.0,0.0,False,False,総数,8.3
健康状態に影響を及ぼす要因及び保健サービスの利用,female,a00,0.0,0.0,False,False,病院,8.5
健康状態に影響を及ぼす要因及び保健サービスの利用,female,a00,0.0,0.0,False,False,一般診療所,4.6
総数,total,a01_04,1.0,4.0,False,False,総数,6.9
総数,total,a01_04,1.0,4.0,False,False,病院,7.2
総数,total,a01_04,1.0,4.0,False,False,一般診療所,3.2
総数,male,a01_04,1.0,4.0,False,False,総数,6.7
総数,male,a01_04,1.0,4.0,False,False,病院,6.8
総数,male,a01_04,1.0,4.0,False,False,一般診療所,5.3
総数,female,a01_04,1.0,4.0,False,False,総数,7.1
総数,female,a01_04,1.0,4.0,False,False,病院,7.6
総数,female,a01_04,1.0,4.0,False,False,一般診療所,0.2
感染症及び寄生虫症,total,a01_04,1.0,4.0,False,False,総数,8.3
感染症及び寄生虫症,total,a01_04,1.0,4.0,False,False,病院,6.0
感染症及び寄生虫症,total,a01_04,1.0,4.0,False,False,一般診療所,52.3
感染症及び寄生虫症,male,a01_04,1.0,4.0,False,False,総数,10.4
感染症及び寄生虫症,male,a01_04,1.0,4.0,False,False,病院,6.0
感染症及び寄生虫症,male,a01_04,1.0,4.0,False,False,一般診療所,91.5
感染症及び寄生虫症,female,a01_04,1.0,4.0,False,False,総数,5.7
感染症及び寄生虫症,female,a01_04,1.0,4.0,False,False,病院,6.0
腸管感染症,total,a01_04,1.0,4.0,False,False,総数,4.7
腸管感染症,total,a01_04,1.0,4.0,False,False,病院,4.9
腸管感染症,male,a01_04,1.0,4.0,False,False,総数,5.2
腸管感染症,male,a01_04,1.0,4.0,False,False,病院,5.3
腸管感染症,female,a01_04,1.0,4.0,False,False,総数,4.0
腸管感染症,female,a01_04,1.0,4.0,False,False,病院,4.3
結核,total,a01_04,1.0,4.0,False,False,総数,6.1
結核,total,a01_04,1.0,4.0,False,False,病院,6.1
結核,male,a01_04,1.0,4.0,False,False,総数,1.6
結核,male,a01_04,1.0,4.0,False,False,病院,1.6
結核,female,a01_04,1.0,4.0,False,False,総数,9.6
結核,female,a01_04,1.0,4.0,False,False,病院,9.6
皮膚及び粘膜の病変を伴うウイルス疾患,total,a01_04,1.0,4.0,False,False,総数,4.8
皮膚及び粘膜の病変を伴うウイルス疾患,total,a01_04,1.0,4.0,False,False,病院,4.8
皮膚及び粘膜の病変を伴うウイルス疾患,male,a01_04,1.0,4.0,False,False,総数,3.5
皮膚及び粘膜の病変を伴うウイルス疾患,male,a01_04,1.0,4.0,False,False,病院,3.5
皮膚及び粘膜の病変を伴うウイルス疾患,female,a01_04,1.0,4.0,False,False,総数,6.2
皮膚及び粘膜の病変を伴うウイルス疾患,female,a01_04,1.0,4.0,False,False,病院,6.2
真菌症,total,a01_04,1.0,4.0,False,False,総数,2.0
真菌症,total,a01_04,1.0,4.0,False,False,病院,2.0
真菌症,male,a01_04,1.0,4.0,False,False,総数,2.0
真菌症,male,a01_04,1.0,4.0,False,False,病院,2.0
新生物,total,a01_04,1.0,4.0,False,False,総数,17.4
新生物,total,a01_04,1.0,4.0,False,False,病院,17.4
新生物,male,a01_04,1.0,4.0,False,False,総数,17.0
新生物,male,a01_04,1.0,4.0,False,False,病院,17.0
新生物,female,a01_04,1.0,4.0,False,False,総数,17.8
新生物,female,a01_04,1.0,4.0,False,False,病院,17.8
悪性新生物,total,a01_04,1.0,4.0,False,False,総数,32.9
悪性新生物,total,a01_04,1.0,4.0,False,False,病院,32.9
悪性新生物,male,a01_04,1.0,4.0,False,False,総数,30.2
悪性新生物,male,a01_04,1.0,4.0,False,False,病院,30.2
悪性新生物,female,a01_04,1.0,4.0,False,False,総数,36.0
悪性新生物,female,a01_04,1.0,4.0,False,False,病院,36.0
胃の悪性新生物,total,a01_04,1.0,4.0,False,False,総数,19.1
胃の悪性新生物,total,a01_04,1.0,4.0,False,False,病院,19.1
胃の悪性新生物,male,a01_04,1.0,4.0,False,False,総数,5.0
胃の悪性新生物,male,a01_04,1.0,4.0,False,False,病院,5.0
胃の悪性新生物,female,a01_04,1.0,4.0,False,False,総数,22.0
胃の悪性新生物,female,a01_04,1.0,4.0,False,False,病院,22.0
結腸及び直腸の悪性新生物,total,a01_04,1.0,4.0,False,False,総数,1.9
結腸及び直腸の悪性新生物,total,a01_04,1.0,4.0,False,False,病院,1.9
結腸及び直腸の悪性新生物,male,a01_04,1.0,4.0,False,False,総数,3.6
結腸及び直腸の悪性新生物,male,a01_04,1.0,4.0,False,False,病院,3.6
結腸及び直腸の悪性新生物,female,a01_04,1.0,4.0,False,False,総数,1.2
結腸及び直腸の悪性新生物,female,a01_04,1.0,4.0,False,False,病院,1.2
"気管,気管支及び肺の悪性新生物",total,a01_04,1.0,4.0,False,False,総数,40.4
"気管,気管支及び肺の悪性新生物",total,a01_04,1.0,4.0,False,False,病院,40.4
"気管,気管支及び肺の悪性新生物",male,a01_04,1.0,4.0,False,False,総数,57.9
"気管,気管支及び肺の悪性新生物",male,a01_04,1.0,4.0,False,False,病院,57.9
"気管,気管支及び肺の悪性新生物",female,a01_04,1.0,4.0,False,False,総数,6.0
"気管,気管支及び肺の悪性新生物",female,a01_04,1.0,4.0,False,False,病院,6.0
血液及び造血器の疾患並びに免疫機構の障害,total,a01_04,1.0,4.0,False,False,総数,12.1
血液及び造血器の疾患並びに免疫機構の障害,total,a01_04,1.0,4.0,False,False,病院,12.1
血液及び造血器の疾患並びに免疫機構の障害,male,a01_04,1.0,4.0,False,False,総数,8.6
血液及び造血器の疾患並びに免疫機構の障害,male,a01_04,1.0,4.0,False,False,病院,8.6
血液及び造血器の疾患並びに免疫機構の障害,female,a01_04,1.0,4.0,False,False,総数,16.0
血液及び造血器の疾患並びに免疫機構の障害,female,a01_04,1.0,4.0,False,False,病院,16.0
"内分泌,栄養及び代謝疾患",total,a01_04,1.0,4.0,False,False,総数,5.9
"内分泌,栄養及び代謝疾患",total,a01_04,1.0,4.0,False,False,病院,5.9
"内分泌,栄養及び代謝疾患",total,a01_04,1.0,4.0,False,False,一般診療所,1.0
"内分泌,栄養及び代謝疾患",male,a01_04,1.0,4.0,False,False,総数,7.0
"内分泌,栄養及び代謝疾患",male,a01_04,1.0,4.0,False,False,病院,7.0
"内分泌,栄養及び代謝疾患",female,a01_04,1.0,4.0,False,False,総数,4.3
"内分泌,栄養及び代謝疾患",female,a01_04,1.0,4.0,False,False,病院,4.3
"内分泌,栄養及び代謝疾患",female,a01_04,1.0,4.0,False,False,一般診療所,1.0
甲状腺障害,total,a01_04,1.0,4.0,False,False,総数,4.4
甲状腺障害,total,a01_04,1.0,4.0,False,False,病院,4.4
甲状腺障害,male,a01_04,1.0,4.0,False,False,総数,4.0
甲状腺障害,male,a01_04,1.0,4.0,False,False,病院,4.0
甲状腺障害,female,a01_04,1.0,4.0,False,False,総数,4.9
甲状腺障害,female,a01_04,1.0,4.0,False,False,病院,4.9
糖尿病,total,a01_04,1.0,4.0,False,False,総数,10.6
糖尿病,total,a01_04,1.0,4.0,False,False,病院,10.6
糖尿病,male,a01_04,1.0,4.0,False,False,総数,10.4
糖尿病,male,a01_04,1.0,4.0,False,False,病院,10.4
糖尿病,female,a01_04,1.0,4.0,False,False,総数,10.9
糖尿病,female,a01_04,1.0,4.0,False,False,病院,10.9
精神及び行動の障害,total,a01_04,1.0,4.0,False,False,総数,26.8
精神及び行動の障害,total,a01_04,1.0,4.0,False,False,病院,26.8
精神及び行動の障害,male,a01_04,1.0,4.0,False,False,総数,34.2
精神及び行動の障害,male,a01_04,1.0,4.0,False,False,病院,34.2
精神及び行動の障害,female,a01_04,1.0,4.0,False,False,総数,18.1
精神及び行動の障害,female,a01_04,1.0,4.0,False,False,病院,18.1
"統合失調症,統合失調症型障害及び妄想性障害",total,a01_04,1.0,4.0,False,False,総数,227.0
"統合失調症,統合失調症型障害及び妄想性障害",total,a01_04,1.0,4.0,False,False,病院,227.0
"統合失調症,統合失調症型障害及び妄想性障害",female,a01_04,1.0,4.0,False,False,総数,227.0
"統合失調症,統合失調症型障害及び妄想性障害",female,a01_04,1.0,4.0,False,False,病院,227.0
気分[感情]障害(躁うつ病を含む),total,a01_04,1.0,4.0,False,False,総数,0.5
気分[感情]障害(躁うつ病を含む),total,a01_04,1.0,4.0,False,False,病院,0.5
気分[感情]障害(躁うつ病を含む),male,a01_04,1.0,4.0,False,False,総数,1.0
気分[感情]障害(躁うつ病を含む),male,a01_04,1.0,4.0,False,False,病院,1.0
"神経症性障害,ストレス関連障害及び身体表現性障害",total,a01_04,1.0,4.0,False,False,総数,33.7
"神経症性障害,ストレス関連障害及び身体表現性障害",total,a01_04,1.0,4.0,False,False,病院,33.7
"神経症性障害,ストレス関連障害及び身体表現性障害",male,a01_04,1.0,4.0,False,False,総数,62.0
"神経症性障害,ストレス関連障害及び身体表現性障害",male,a01_04,1.0,4.0,False,False,病院,62.0
"神経症性障害,ストレス関連障害及び身体表現性障害",female,a01_04,1.0,4.0,False,False,総数,7.0
"神経症性障害,ストレス関連障害及び身体表現性障害",female,a01_04,1.0,4.0,False,False,病院,7.0
神経系の疾患,total,a01_04,1.0,4.0,False,False,総数,16.7
神経系の疾患,total,a01_04,1.0,4.0,False,False,病院,16.7
神経系の疾患,male,a01_04,1.0,4.0,False,False,総数,12.6
神経系の疾患,male,a01_04,1.0,4.0,False,False,病院,12.6
神経系の疾患,female,a01_04,1.0,4.0,False,False,総数,21.3
神経系の疾患,female,a01_04,1.0,4.0,False,False,病院,21.3
眼及び付属器の疾患,total,a01_04,1.0,4.0,False,False,総数,5.3
眼及び付属器の疾患,total,a01_04,1.0,4.0,False,False,病院,5.3
眼及び付属器の疾患,male,a01_04,1.0,4.0,False,False,総数,6.8
眼及び付属器の疾患,male,a01_04,1.0,4.0,False,False,病院,6.8
眼及び付属器の疾患,female,a01_04,1.0,4.0,False,False,総数,3.8
眼及び付属器の疾患,female,a01_04,1.0,4.0,False,False,病院,3.8
白内障,total,a01_04,1.0,4.0,False,False,総数,32.9
白内障,total,a01_04,1.0,4.0,False,False,病院,32.9
白内障,male,a01_04,1.0,4.0,False,False,総数,97.7
白内障,male,a01_04,1.0,4.0,False,False,病院,97.7
白内障,female,a01_04,1.0,4.0,False,False,総数,2.8
白内障,female,a01_04,1.0,4.0,False,False,病院,2.8
耳及び乳様突起の疾患,total,a01_04,1.0,4.0,False,False,総数,4.4
耳及び乳様突起の疾患,total,a01_04,1.0,4.0,False,False,病院,4.4
耳及び乳様突起の疾患,male,a01_04,1.0,4.0,False,False,総数,4.1
耳及び乳様突起の疾患,male,a01_04,1.0,4.0,False,False,病院,4.1
耳及び乳様突起の疾患,female,a01_04,1.0,4.0,False,False,総数,4.9
耳及び乳様突起の疾患,female,a01_04,1.0,4.0,False,False,病院,4.9
循環器系の疾患,total,a01_04,1.0,4.0,False,False,総数,14.6
循環器系の疾患,total,a01_04,1.0,4.0,False,False,病院,14.6
循環器系の疾患,male,a01_04,1.0,4.0,False,False,総数,16.6
循環器系の疾患,male,a01_04,1.0,4.0,False,False,病院,16.6
循環器系の疾患,female,a01_04,1.0,4.0,False,False,総数,12.2
循環器系の疾患,female,a01_04,1.0,4.0,False,False,病院,12.2
心疾患(高血圧性のものを除く),total,a01_04,1.0,4.0,False,False,総数,16.7
心疾患(高血圧性のものを除く),total,a01_04,1.0,4.0,False,False,病院,16.7
心疾患(高血圧性のものを除く),male,a01_04,1.0,4.0,False,False,総数,18.6
心疾患(高血圧性のものを除く),male,a01_04,1.0,4.0,False,False,病院,18.6
心疾患(高血圧性のものを除く),female,a01_04,1.0,4.0,False,False,総数,14.3
心疾患(高血圧性のものを除く),female,a01_04,1.0,4.0,False,False,病院,14.3
虚血性心疾患,total,a01_04,1.0,4.0,False,False,総数,3.4
虚血性心疾患,total,a01_04,1.0,4.0,False,False,病院,3.4
虚血性心疾患,male,a01_04,1.0,4.0,False,False,総数,4.0
虚血性心疾患,male,a01_04,1.0,4.0,False,False,病院,4.0
虚血性心疾患,female,a01_04,1.0,4.0,False,False,総数,2.8
虚血性心疾患,female,a01_04,1.0,4.0,False,False,病院,2.8
脳血管疾患,total,a01_04,1.0,4.0,False,False,総数,28.8
脳血管疾患,total,a01_04,1.0,4.0,False,False,病院,28.8
脳血管疾患,male,a01_04,1.0,4.0,False,False,総数,35.3
脳血管疾患,male,a01_04,1.0,4.0,False,False,病院,35.3
脳血管疾患,female,a01_04,1.0,4.0,False,False,総数,23.6
脳血管疾患,female,a01_04,1.0,4.0,False,False,病院,23.6
呼吸器系の疾患,total,a01_04,1.0,4.0,False,False,総数,5.0
呼吸器系の疾患,total,a01_04,1.0,4.0,False,False,病院,5.6
呼吸器系の疾患,total,a01_04,1.0,4.0,False,False,一般診療所,0.0
呼吸器系の疾患,male,a01_04,1.0,4.0,False,False,総数,4.9
呼吸器系の疾患,male,a01_04,1.0,4.0,False,False,病院,5.5
呼吸器系の疾患,male,a01_04,1.0,4.0,False,False,一般診療所,0.0
呼吸器系の疾患,female,a01_04,1.0,4.0,False,False,総数,5.1
呼吸器系の疾患,female,a01_04,1.0,4.0,False,False,病院,5.7
呼吸器系の疾患,female,a01_04,1.0,4.0,False,False,一般診療所,0.1
急性上気道感染症,total,a01_04,1.0,4.0,False,False,総数,4.4
急性上気道感染症,total,a01_04,1.0,4.0,False,False,病院,4.7
急性上気道感染症,male,a01_04,1.0,4.0,False,False,総数,4.7
急性上気道感染症,male,a01_04,1.0,4.0,False,False,病院,5.0
急性上気道感染症,female,a01_04,1.0,4.0,False,False,総数,4.0
急性上気道感染症,female,a01_04,1.0,4.0,False,False,病院,4.4
肺炎,total,a01_04,1.0,4.0,False,False,総数,4.9
肺炎,total,a01_04,1.0,4.0,False,False,病院,5.8
肺炎,total,a01_04,1.0,4.0,False,False,一般診療所,0.0
肺炎,male,a01_04,1.0,4.0,False,False,総数,4.8
肺炎,male,a01_04,1.0,4.0,False,False,病院,5.9
肺炎,female,a01_04,1.0,4.0,False,False,総数,5.0
肺炎,female,a01_04,1.0,4.0,False,False,病院,5.7
肺炎,female,a01_04,1.0,4.0,False,False,一般診療所,0.1
急性気管支炎及び急性細気管支炎,total,a01_04,1.0,4.0,False,False,総数,4.8
急性気管支炎及び急性細気管支炎,total,a01_04,1.0,4.0,False,False,病院,4.8
急性気管支炎及び急性細気管支炎,total,a01_04,1.0,4.0,False,False,一般診療所,3.0
急性気管支炎及び急性細気管支炎,male,a01_04,1.0,4.0,False,False,総数,5.0
急性気管支炎及び急性細気管支炎,male,a01_04,1.0,4.0,False,False,病院,5.0
急性気管支炎及び急性細気管支炎,female,a01_04,1.0,4.0,False,False,総数,4.4
急性気管支炎及び急性細気管支炎,female,a01_04,1.0,4.0,False,False,病院,4.4
急性気管支炎及び急性細気管支炎,female,a01_04,1.0,4.0,False,False,一般診療所,3.0
気管支炎及び慢性閉塞性肺疾患,total,a01_04,1.0,4.0,False,False,総数,6.1
気管支炎及び慢性閉塞性肺疾患,total,a01_04,1.0,4.0,False,False,病院,6.1
気管支炎及び慢性閉塞性肺疾患,total,a01_04,1.0,4.0,False,False,一般診療所,1.0
気管支炎及び慢性閉塞性肺疾患,male,a01_04,1.0,4.0,False,False,総数,6.2
気管支炎及び慢性閉塞性肺疾患,male,a01_04,1.0,4.0,False,False,病院,6.2
気管支炎及び慢性閉塞性肺疾患,male,a01_04,1.0,4.0,False,False,一般診療所,1.0
気管支炎及び慢性閉塞性肺疾患,female,a01_04,1.0,4.0,False,False,総数,5.9
気管支炎及び慢性閉塞性肺疾患,female,a01_04,1.0,4.0,False,False,病院,5.9
喘息,total,a01_04,1.0,4.0,False,False,総数,4.3
喘息,total,a01_04,1.0,4.0,False,False,病院,5.2
喘息,total,a01_04,1.0,4.0,False,False,一般診療所,0.0
喘息,male,a01_04,1.0,4.0,False,False,総数,4.3
喘息,male,a01_04,1.0,4.0,False,False,病院,5.1
喘息,male,a01_04,1.0,4.0,False,False,一般診療所,0.0
喘息,female,a01_04,1.0,4.0,False,False,総数,4.2
喘息,female,a01_04,1.0,4.0,False,False,病院,5.3
喘息,female,a01_04,1.0,4.0,False,False,一般診療所,0.0
消化器系の疾患,total,a01_04,1.0,4.0,False,False,総数,3.8
消化器系の疾患,total,a01_04,1.0,4.0,False,False,病院,3.8
消化器系の疾患,male,a01_04,1.0,4.0,False,False,総数,3.9
消化器系の疾患,male,a01_04,1.0,4.0,False,False,病院,3.9
消化器系の疾患,female,a01_04,1.0,4.0,False,False,総数,3.6
消化器系の疾患,female,a01_04,1.0,4.0,False,False,病院,3.6
う蝕,total,a01_04,1.0,4.0,False,False,総数,1.5
う蝕,total,a01_04,1.0,4.0,False,False,病院,1.5
う蝕,male,a01_04,1.0,4.0,False,False,総数,1.2
う蝕,male,a01_04,1.0,4.0,False,False,病院,1.2
う蝕,female,a01_04,1.0,4.0,False,False,総数,1.9
う蝕,female,a01_04,1.0,4.0,False,False,病院,1.9
歯肉炎及び歯周疾患,total,a01_04,1.0,4.0,False,False,総数,4.0
歯肉炎及び歯周疾患,total,a01_04,1.0,4.0,False,False,病院,4.0
歯肉炎及び歯周疾患,male,a01_04,1.0,4.0,False,False,総数,4.4
歯肉炎及び歯周疾患,male,a01_04,1.0,4.0,False,False,病院,4.4
歯肉炎及び歯周疾患,female,a01_04,1.0,4.0,False,False,総数,3.5
歯肉炎及び歯周疾患,female,a01_04,1.0,4.0,False,False,病院,3.5
胃潰瘍及び十二指腸潰瘍,total,a01_04,1.0,4.0,False,False,総数,5.4
胃潰瘍及び十二指腸潰瘍,total,a01_04,1.0,4.0,False,False,病院,5.4
胃潰瘍及び十二指腸潰瘍,male,a01_04,1.0,4.0,False,False,総数,4.6
胃潰瘍及び十二指腸潰瘍,male,a01_04,1.0,4.0,False,False,病院,4.6
胃潰瘍及び十二指腸潰瘍,female,a01_04,1.0,4.0,False,False,総数,8.0
胃潰瘍及び十二指腸潰瘍,female,a01_04,1.0,4.0,False,False,病院,8.0
胃炎及び十二指腸炎,total,a01_04,1.0,4.0,False,False,総数,5.1
胃炎及び十二指腸炎,total,a01_04,1.0,4.0,False,False,病院,5.1
胃炎及び十二指腸炎,male,a01_04,1.0,4.0,False,False,総数,5.1
胃炎及び十二指腸炎,male,a01_04,1.0,4.0,False,False,病院,5.1
肝疾患,total,a01_04,1.0,4.0,False,False,総数,6.9
肝疾患,total,a01_04,1.0,4.0,False,False,病院,6.9
肝疾患,male,a01_04,1.0,4.0,False,False,総数,7.5
肝疾患,male,a01_04,1.0,4.0,False,False,病院,7.5
肝疾患,female,a01_04,1.0,4.0,False,False,総数,6.6
肝疾患,female,a01_04,1.0,4.0,False,False,病院,6.6
皮膚及び皮下組織の疾患,total,a01_04,1.0,4.0,False,False,総数,5.5
皮膚及び皮下組織の疾患,total,a01_04,1.0,4.0,False,False,病院,6.2
皮膚及び皮下組織の疾患,male,a01_04,1.0,4.0,False,False,総数,5.1
皮膚及び皮下組織の疾患,male,a01_04,1.0,4.0,False,False,病院,6.3
皮膚及び皮下組織の疾患,female,a01_04,1.0,4.0,False,False,総数,6.1
皮膚及び皮下組織の疾患,female,a01_04,1.0,4.0,False,False,病院,6.1
筋骨格系及び結合組織の疾患,total,a01_04,1.0,4.0,False,False,総数,11.6
筋骨格系及び結合組織の疾患,total,a01_04,1.0,4.0,False,False,病院,11.6
筋骨格系及び結合組織の疾患,total,a01_04,1.0,4.0,False,False,一般診療所,4.0
筋骨格系及び結合組織の疾患,male,a01_04,1.0,4.0,False,False,総数,12.6
筋骨格系及び結合組織の疾患,male,a01_04,1.0,4.0,False,False,病院,12.6
筋骨格系及び結合組織の疾患,female,a01_04,1.0,4.0,False,False,総数,10.1
筋骨格系及び結合組織の疾患,female,a01_04,1.0,4.0,False,False,病院,10.2
筋骨格系及び結合組織の疾患,female,a01_04,1.0,4.0,False,False,一般診療所,4.0
炎症性多発性関節障害,total,a01_04,1.0,4.0,False,False,総数,13.4
炎症性多発性関節障害,total,a01_04,1.0,4.0,False,False,病院,14.3
炎症性多発性関節障害,total,a01_04,1.0,4.0,False,False,一般診療所,4.0
炎症性多発性関節障害,male,a01_04,1.0,4.0,False,False,総数,17.2
炎症性多発性関節障害,male,a01_04,1.0,4.0,False,False,病院,17.2
炎症性多発性関節障害,female,a01_04,1.0,4.0,False,False,総数,9.6
炎症性多発性関節障害,female,a01_04,1.0,4.0,False,False,病院,10.9
炎症性多発性関節障害,female,a01_04,1.0,4.0,False,False,一般診療所,4.0
脊柱障害,total,a01_04,1.0,4.0,False,False,総数,5.8
脊柱障害,total,a01_04,1.0,4.0,False,False,病院,5.8
脊柱障害,male,a01_04,1.0,4.0,False,False,総数,6.0
脊柱障害,male,a01_04,1.0,4.0,False,False,病院,6.0
脊柱障害,female,a01_04,1.0,4.0,False,False,総数,5.5
脊柱障害,female,a01_04,1.0,4.0,False,False,病院,5.5
骨の密度及び構造の障害,total,a01_04,1.0,4.0,False,False,総数,32.5
骨の密度及び構造の障害,total,a01_04,1.0,4.0,False,False,病院,32.5
骨の密度及び構造の障害,male,a01_04,1.0,4.0,False,False,総数,32.5
骨の密度及び構造の障害,male,a01_04,1.0,4.0,False,False,病院,32.5
腎尿路生殖器系の疾患,total,a01_04,1.0,4.0,False,False,総数,8.7
腎尿路生殖器系の疾患,total,a01_04,1.0,4.0,False,False,病院,8.8
腎尿路生殖器系の疾患,total,a01_04,1.0,4.0,False,False,一般診療所,2.0
腎尿路生殖器系の疾患,male,a01_04,1.0,4.0,False,False,総数,7.8
腎尿路生殖器系の疾患,male,a01_04,1.0,4.0,False,False,病院,7.9
腎尿路生殖器系の疾患,male,a01_04,1.0,4.0,False,False,一般診療所,2.0
腎尿路生殖器系の疾患,female,a01_04,1.0,4.0,False,False,総数,10.5
腎尿路生殖器系の疾患,female,a01_04,1.0,4.0,False,False,病院,10.5
"糸球体疾患,腎尿細管間質性疾患及び腎不全",total,a01_04,1.0,4.0,False,False,総数,13.7
"糸球体疾患,腎尿細管間質性疾患及び腎不全",total,a01_04,1.0,4.0,False,False,病院,13.7
"糸球体疾患,腎尿細管間質性疾患及び腎不全",male,a01_04,1.0,4.0,False,False,総数,13.2
"糸球体疾患,腎尿細管間質性疾患及び腎不全",male,a01_04,1.0,4.0,False,False,病院,13.2
"糸球体疾患,腎尿細管間質性疾患及び腎不全",female,a01_04,1.0,4.0,False,False,総数,14.4
"糸球体疾患,腎尿細管間質性疾患及び腎不全",female,a01_04,1.0,4.0,False,False,病院,14.4
乳房及び女性生殖器の疾患,total,a01_04,1.0,4.0,False,False,総数,6.3
乳房及び女性生殖器の疾患,total,a01_04,1.0,4.0,False,False,病院,6.3
乳房及び女性生殖器の疾患,female,a01_04,1.0,4.0,False,False,総数,6.3
乳房及び女性生殖器の疾患,female,a01_04,1.0,4.0,False,False,病院,6.3
"先天奇形,変形及び染色体異常",total,a01_04,1.0,4.0,False,False,総数,11.3
"先天奇形,変形及び染色体異常",total,a01_04,1.0,4.0,False,False,病院,11.4
"先天奇形,変形及び染色体異常",total,a01_04,1.0,4.0,False,False,一般診療所,3.9
"先天奇形,変形及び染色体異常",male,a01_04,1.0,4.0,False,False,総数,9.9
"先天奇形,変形及び染色体異常",male,a01_04,1.0,4.0,False,False,病院,9.9
"先天奇形,変形及び染色体異常",male,a01_04,1.0,4.0,False,False,一般診療所,3.0
"先天奇形,変形及び染色体異常",female,a01_04,1.0,4.0,False,False,総数,13.5
"先天奇形,変形及び染色体異常",female,a01_04,1.0,4.0,False,False,病院,13.6
"先天奇形,変形及び染色体異常",female,a01_04,1.0,4.0,False,False,一般診療所,5.0
"症状,徴候及び異常臨床所見・異常検査所見で他に分類されないもの",total,a01_04,1.0,4.0,False,False,総数,5.3
"症状,徴候及び異常臨床所見・異常検査所見で他に分類されないもの",total,a01_04,1.0,4.0,False,False,病院,5.6
"症状,徴候及び異常臨床所見・異常検査所見で他に分類されないもの",total,a01_04,1.0,4.0,False,False,一般診療所,0.0
"症状,徴候及び異常臨床所見・異常検査所見で他に分類されないもの",male,a01_04,1.0,4.0,False,False,総数,4.8
"症状,徴候及び異常臨床所見・異常検査所見で他に分類されないもの",male,a01_04,1.0,4.0,False,False,病院,5.1
"症状,徴候及び異常臨床所見・異常検査所見で他に分類されないもの",female,a01_04,1.0,4.0,False,False,総数,6.0
"症状,徴候及び異常臨床所見・異常検査所見で他に分類されないもの",female,a01_04,1.0,4.0,False,False,病院,6.4
"症状,徴候及び異常臨床所見・異常検査所見で他に分類されないもの",female,a01_04,1.0,4.0,False,False,一般診療所,0.1
"損傷,中毒及びその他の外因の影響",total,a01_04,1.0,4.0,False,False,総数,4.4
"損傷,中毒及びその他の外因の影響",total,a01_04,1.0,4.0,False,False,病院,4.3
"損傷,中毒及びその他の外因の影響",total,a01_04,1.0,4.0,False,False,一般診療所,7.9
"損傷,中毒及びその他の外因の影響",male,a01_04,1.0,4.0,False,False,総数,4.9
"損傷,中毒及びその他の外因の影響",male,a01_04,1.0,4.0,False,False,病院,4.7
"損傷,中毒及びその他の外因の影響",male,a01_04,1.0,4.0,False,False,一般診療所,9.0
"損傷,中毒及びその他の外因の影響",female,a01_04,1.0,4.0,False,False,総数,3.7
"損傷,中毒及びその他の外因の影響",female,a01_04,1.0,4.0,False,False,病院,3.7
"損傷,中毒及びその他の外因の影響",female,a01_04,1.0,4.0,False,False,一般診療所,3.0
骨折,total,a01_04,1.0,4.0,False,False,総数,4.7
骨折,total,a01_04,1.0,4.0,False,False,病院,5.0
骨折,total,a01_04,1.0,4.0,False,False,一般診療所,1.4
骨折,male,a01_04,1.0,4.0,False,False,総数,4.6
骨折,male,a01_04,1.0,4.0,False,False,病院,4.9
骨折,male,a01_04,1.0,4.0,False,False,一般診療所,1.0
骨折,female,a01_04,1.0,4.0,False,False,総数,5.0
骨折,female,a01_04,1.0,4.0,False,False,病院,5.1
骨折,female,a01_04,1.0,4.0,False,False,一般診療所,3.0
健康状態に影響を及ぼす要因及び保健サービスの利用,total,a01_04,1.0,4.0,False,False,総数,8.2
健康状態に影響を及ぼす要因及び保健サービスの利用,total,a01_04,1.0,4.0,False,False,病院,8.2
健康状態に影響を及ぼす要因及び保健サービスの利用,male,a01_04,1.0,4.0,False,False,総数,5.5
健康状態に影響を及ぼす要因及び保健サービスの利用,male,a01_04,1.0,4.0,False,False,病院,5.5
健康状態に影響を及ぼす要因及び保健サービスの利用,female,a01_04,1.0,4.0,False,False,総数,11.9
健康状態に影響を及ぼす要因及び保健サービスの利用,female,a01_04,1.0,4.0,False,False,病院,11.9
総数,total,a05_09,5.0,9.0,False,False,総数,8.5
総数,total,a05_09,5.0,9.0,False,False,病院,8.7
総数,total,a05_09,5.0,9.0,False,False,一般診療所,0.6
総数,male,a05_09,5.0,9.0,False,False,総数,8.7
総数,male,a05_09,5.0,9.0,False,False,病院,8.9
総数,male,a05_09,5.0,9.0,False,False,一般診療所,0.5
総数,female,a05_09,5.0,9.0,False,False,総数,8.4
総数,female,a05_09,5.0,9.0,False,False,病院,8.4
総数,female,a05_09,5.0,9.0,False,False,一般診療所,1.6
感染症及び寄生虫症,total,a05_09,5.0,9.0,False,False,総数,5.7
感染症及び寄生虫症,total,a05_09,5.0,9.0,False,False,病院,5.8
感染症及び寄生虫症,male,a05_09,5.0,9.0,False,False,総数,5.6
感染症及び寄生虫症,male,a05_09,5.0,9.0,False,False,病院,5.8
感染症及び寄生虫症,female,a05_09,5.0,9.0,False,False,総数,5.8
感染症及び寄生虫症,female,a05_09,5.0,9.0,False,False,病院,5.8
腸管感染症,total,a05_09,5.0,9.0,False,False,総数,5.1
腸管感染症,total,a05_09,5.0,9.0,False,False,病院,5.2
腸管感染症,male,a05_09,5.0,9.0,False,False,総数,5.7
腸管感染症,male,a05_09,5.0,9.0,False,False,病院,5.9
腸管感染症,female,a05_09,5.0,9.0,False,False,総数,4.3
腸管感染症,female,a05_09,5.0,9.0,False,False,病院,4.3
結核,total,a05_09,5.0,9.0,False,False,総数,31.2
結核,total,a05_09,5.0,9.0,False,False,病院,31.2
結核,male,a05_09,5.0,9.0,False,False,総数,24.6
結核,male,a05_09,5.0,9.0,False,False,病院,24.6
結核,female,a05_09,5.0,9.0,False,False,総数,44.0
結核,female,a05_09,5.0,9.0,False,False,病院,44.0
皮膚及び粘膜の病変を伴うウイルス疾患,total,a05_09,5.0,9.0,False,False,総数,7.5
皮膚及び粘膜の病変を伴うウイルス疾患,total,a05_09,5.0,9.0,False,False,病院,7.5
皮膚及び粘膜の病変を伴うウイルス疾患,male,a05_09,5.0,9.0,False,False,総数,4.1
皮膚及び粘膜の病変を伴うウイルス疾患,male,a05_09,5.0,9.0,False,False,病院,4.1
皮膚及び粘膜の病変を伴うウイルス疾患,female,a05_09,5.0,9.0,False,False,総数,11.6
皮膚及び粘膜の病変を伴うウイルス疾患,female,a05_09,5.0,9.0,False,False,病院,11.6
新生物,total,a05_09,5.0,9.0,False,False,総数,25.1
新生物,total,a05_09,5.0,9.0,False,False,病院,25.1
新生物,male,a05_09,5.0,9.0,False,False,総数,26.4
新生物,male,a05_09,5.0,9.0,False,False,病院,26.4
新生物,female,a05_09,5.0,9.0,False,False,総数,23.6
新生物,female,a05_09,5.0,9.0,False,False,病院,23.6
悪性新生物,total,a05_09,5.0,9.0,False,False,総数,37.0
悪性新生物,total,a05_09,5.0,9.0,False,False,病院,37.0
悪性新生物,male,a05_09,5.0,9.0,False,False,総数,40.0
悪性新生物,male,a05_09,5.0,9.0,False,False,病院,40.0
悪性新生物,female,a05_09,5.0,9.0,False,False,総数,32.9
悪性新生物,female,a05_09,5.0,9.0,False,False,病院,32.9
胃の悪性新生物,total,a05_09,5.0,9.0,False,False,総数,46.0
胃の悪性新生物,total,a05_09,5.0,9.0,False,False,病院,46.0
胃の悪性新生物,male,a05_09,5.0,9.0,False,False,総数,46.0
胃の悪性新生物,male,a05_09,5.0,9.0,False,False,病院,46.0
結腸及び直腸の悪性新生物,total,a05_09,5.0,9.0,False,False,総数,5.0
結腸及び直腸の悪性新生物,total,a05_09,5.0,9.0,False,False,病院,5.0
結腸及び直腸の悪性新生物,male,a05_09,5.0,9.0,False,False,総数,4.5
結腸及び直腸の悪性新生物,male,a05_09,5.0,9.0,False,False,病院,4.5
結腸及び直腸の悪性新生物,female,a05_09,5.0,9.0,False,False,総数,5.2
結腸及び直腸の悪性新生物,female,a05_09,5.0,9.0,False,False,病院,5.2
"気管,気管支及び肺の悪性新生物",total,a05_09,5.0,9.0,False,False,総数,6.7
"気管,気管支及び肺の悪性新生物",total,a05_09,5.0,9.0,False,False,病院,6.7
"気管,気管支及び肺の悪性新生物",male,a05_09,5.0,9.0,False,False,総数,7.2
"気管,気管支及び肺の悪性新生物",male,a05_09,5.0,9.0,False,False,病院,7.2
"気管,気管支及び肺の悪性新生物",female,a05_09,5.0,9.0,False,False,総数,5.0
"気管,気管支及び肺の悪性新生物",female,a05_09,5.0,9.0,False,False,病院,5.0
血液及び造血器の疾患並びに免疫機構の障害,total,a05_09,5.0,9.0,False,False,総数,13.2
血液及び造血器の疾患並びに免疫機構の障害,total,a05_09,5.0,9.0,False,False,病院,13.2
血液及び造血器の疾患並びに免疫機構の障害,male,a05_09,5.0,9.0,False,False,総数,12.0
血液及び造血器の疾患並びに免疫機構の障害,male,a05_09,5.0,9.0,False,False,病院,12.0
血液及び造血器の疾患並びに免疫機構の障害,female,a05_09,5.0,9.0,False,False,総数,14.5
血液及び造血器の疾患並びに免疫機構の障害,female,a05_09,5.0,9.0,False,False,病院,14.5
"内分泌,栄養及び代謝疾患",total,a05_09,5.0,9.0,False,False,総数,5.2
"内分泌,栄養及び代謝疾患",total,a05_09,5.0,9.0,False,False,病院,5.2
"内分泌,栄養及び代謝疾患",male,a05_09,5.0,9.0,False,False,総数,4.0
"内分泌,栄養及び代謝疾患",male,a05_09,5.0,9.0,False,False,病院,4.0
"内分泌,栄養及び代謝疾患",female,a05_09,5.0,9.0,False,False,総数,6.7
"内分泌,栄養及び代謝疾患",female,a05_09,5.0,9.0,False,False,病院,6.7
甲状腺障害,total,a05_09,5.0,9.0,False,False,総数,7.2
甲状腺障害,total,a05_09,5.0,9.0,False,False,病院,7.2
甲状腺障害,male,a05_09,5.0,9.0,False,False,総数,7.0
甲状腺障害,male,a05_09,5.0,9.0,False,False,病院,7.0
甲状腺障害,female,a05_09,5.0,9.0,False,False,総数,7.3
甲状腺障害,female,a05_09,5.0,9.0,False,False,病院,7.3
糖尿病,total,a05_09,5.0,9.0,False,False,総数,15.5
糖尿病,total,a05_09,5.0,9.0,False,False,病院,15.5
糖尿病,male,a05_09,5.0,9.0,False,False,総数,18.0
糖尿病,male,a05_09,5.0,9.0,False,False,病院,18.0
糖尿病,female,a05_09,5.0,9.0,False,False,総数,14.1
糖尿病,female,a05_09,5.0,9.0,False,False,病院,14.1
精神及び行動の障害,total,a05_09,5.0,9.0,False,False,総数,15.7
精神及び行動の障害,total,a05_09,5.0,9.0,False,False,病院,15.7
精神及び行動の障害,male,a05_09,5.0,9.0,False,False,総数,21.2
精神及び行動の障害,male,a05_09,5.0,9.0,False,False,病院,21.2
精神及び行動の障害,female,a05_09,5.0,9.0,False,False,総数,8.1
精神及び行動の障害,female,a05_09,5.0,9.0,False,False,病院,8.1
"統合失調症,統合失調症型障害及び妄想性障害",total,a05_09,5.0,9.0,False,False,総数,1.0
"統合失調症,統合失調症型障害及び妄想性障害",total,a05_09,5.0,9.0,False,False,病院,1.0
"統合失調症,統合失調症型障害及び妄想性障害",male,a05_09,5.0,9.0,False,False,総数,1.0
"統合失調症,統合失調症型障害及び妄想性障害",male,a05_09,5.0,9.0,False,False,病院,1.0
気分[感情]障害(躁うつ病を含む),total,a05_09,5.0,9.0,False,False,総数,44.0
気分[感情]障害(躁うつ病を含む),total,a05_09,5.0,9.0,False,False,病院,44.0
気分[感情]障害(躁うつ病を含む),male,a05_09,5.0,9.0,False,False,総数,44.0
気分[感情]障害(躁うつ病を含む),male,a05_09,5.0,9.0,False,False,病院,44.0
"神経症性障害,ストレス関連障害及び身体表現性障害",total,a05_09,5.0,9.0,False,False,総数,5.2
"神経症性障害,ストレス関連障害及び身体表現性障害",total,a05_09,5.0,9.0,False,False,病院,5.2
"神経症性障害,ストレス関連障害及び身体表現性障害",male,a05_09,5.0,9.0,False,False,総数,4.6
"神経症性障害,ストレス関連障害及び身体表現性障害",male,a05_09,5.0,9.0,False,False,病院,4.6
"神経症性障害,ストレス関連障害及び身体表現性障害",female,a05_09,5.0,9.0,False,False,総数,6.5
"神経症性障害,ストレス関連障害及び身体表現性障害",female,a05_09,5.0,9.0,False,False,病院,6.5
神経系の疾患,total,a05_09,5.0,9.0,False,False,総数,18.2
神経系の疾患,total,a05_09,5.0,9.0,False,False,病院,18.2
神経系の疾患,male,a05_09,5.0,9.0,False,False,総数,13.1
神経系の疾患,male,a05_09,5.0,9.0,False,False,病院,13.1
神経系の疾患,female,a05_09,5.0,9.0,False,False,総数,25.8
神経系の疾患,female,a05_09,5.0,9.0,False,False,病院,25.8
眼及び付属器の疾患,total,a05_09,5.0,9.0,False,False,総数,4.2
眼及び付属器の疾患,total,a05_09,5.0,9.0,False,False,病院,4.2
眼及び付属器の疾患,male,a05_09,5.0,9.0,False,False,総数,4.9
眼及び付属器の疾患,male,a05_09,5.0,9.0,False,False,病院,4.9
眼及び付属器の疾患,female,a05_09,5.0,9.0,False,False,総数,3.5
眼及び付属器の疾患,female,a05_09,5.0,9.0,False,False,病院,3.5
白内障,total,a05_09,5.0,9.0,False,False,総数,12.5
白内障,total,a05_09,5.0,9.0,False,False,病院,12.5
白内障,male,a05_09,5.0,9.0,False,False,総数,12.9
白内障,male,a05_09,5.0,9.0,False,False,病院,12.9
白内障,female,a05_09,5.0,9.0,False,False,総数,10.0
白内障,female,a05_09,5.0,9.0,False,False,病院,10.0
耳及び乳様突起の疾患,total,a05_09,5.0,9.0,False,False,総数,4.8
耳及び乳様突起の疾患,total,a05_09,5.0,9.0,False,False,病院,5.0
耳及び乳様突起の疾患,male,a05_09,5.0,9.0,False,False,総数,5.4
耳及び乳様突起の疾患,male,a05_09,5.0,9.0,False,False,病院,5.4
耳及び乳様突起の疾患,female,a05_09,5.0,9.0,False,False,総数,3.9
耳及び乳様突起の疾患,female,a05_09,5.0,9.0,False,False,病院,4.3
循環器系の疾患,total,a05_09,5.0,9.0,False,False,総数,9.9
循環器系の疾患,total,a05_09,5.0,9.0,False,False,病院,9.9
循環器系の疾患,male,a05_09,5.0,9.0,False,False,総数,11.6
循環器系の疾患,male,a05_09,5.0,9.0,False,False,病院,11.6
循環器系の疾患,female,a05_09,5.0,9.0,False,False,総数,8.1
循環器系の疾患,female,a05_09,5.0,9.0,False,False,病院,8.1
高血圧性疾患,total,a05_09,5.0,9.0,False,False,総数,28.5
高血圧性疾患,total,a05_09,5.0,9.0,False,False,病院,28.5
高血圧性疾患,male,a05_09,5.0,9.0,False,False,総数,44.0
高血圧性疾患,male,a05_09,5.0,9.0,False,False,病院,44.0
高血圧性疾患,female,a05_09,5.0,9.0,False,False,総数,14.4
高血圧性疾患,female,a05_09,5.0,9.0,False,False,病院,14.4
心疾患(高血圧性のものを除く),total,a05_09,5.0,9.0,False,False,総数,12.5
心疾患(高血圧性のものを除く),total,a05_09,5.0,9.0,False,False,病院,12.5
心疾患(高血圧性のものを除く),male,a05_09,5.0,9.0,False,False,総数,13.9
心疾患(高血圧性のものを除く),male,a05_09,5.0,9.0,False,False,病院,13.9
心疾患(高血圧性のものを除く),female,a05_09,5.0,9.0,False,False,総数,11.1
心疾患(高血圧性のものを除く),female,a05_09,5.0,9.0,False,False,病院,11.1
虚血性心疾患,total,a05_09,5.0,9.0,False,False,総数,5.6
虚血性心疾患,total,a05_09,5.0,9.0,False,False,病院,5.6
虚血性心疾患,male,a05_09,5.0,9.0,False,False,総数,6.6
虚血性心疾患,male,a05_09,5.0,9.0,False,False,病院,6.6
虚血性心疾患,female,a05_09,5.0,9.0,False,False,総数,4.4
虚血性心疾患,female,a05_09,5.0,9.0,False,False,病院,4.4
脳血管疾患,total,a05_09,5.0,9.0,False,False,総数,12.6
脳血管疾患,total,a05_09,5.0,9.0,False,False,病院,12.6
脳血管疾患,male,a05_09,5.0,9.0,False,False,総数,18.3
脳血管疾患,male,a05_09,5.0,9.0,False,False,病院,18.3
脳血管疾患,female,a05_09,5.0,9.0,False,False,総数,8.8
脳血管疾患,female,a05_09,5.0,9.0,False,False,病院,8.8
呼吸器系の疾患,total,a05_09,5.0,9.0,False,False,総数,5.3
呼吸器系の疾患,total,a05_09,5.0,9.0,False,False,病院,5.4
呼吸器系の疾患,total,a05_09,5.0,9.0,False,False,一般診療所,0.5
呼吸器系の疾患,male,a05_09,5.0,9.0,False,False,総数,5.3
呼吸器系の疾患,male,a05_09,5.0,9.0,False,False,病院,5.4
呼吸器系の疾患,female,a05_09,5.0,9.0,False,False,総数,5.4
呼吸器系の疾患,female,a05_09,5.0,9.0,False,False,病院,5.4
呼吸器系の疾患,female,a05_09,5.0,9.0,False,False,一般診療所,3.0
急性上気道感染症,total,a05_09,5.0,9.0,False,False,総数,4.0
急性上気道感染症,total,a05_09,5.0,9.0,False,False,病院,4.1
急性上気道感染症,male,a05_09,5.0,9.0,False,False,総数,3.9
急性上気道感染症,male,a05_09,5.0,9.0,False,False,病院,4.0
急性上気道感染症,female,a05_09,5.0,9.0,False,False,総数,4.2
急性上気道感染症,female,a05_09,5.0,9.0,False,False,病院,4.2
肺炎,total,a05_09,5.0,9.0,False,False,総数,5.9
肺炎,total,a05_09,5.0,9.0,False,False,病院,6.0
肺炎,male,a05_09,5.0,9.0,False,False,総数,6.3
肺炎,male,a05_09,5.0,9.0,False,False,病院,6.5
肺炎,female,a05_09,5.0,9.0,False,False,総数,5.5
肺炎,female,a05_09,5.0,9.0,False,False,病院,5.5
急性気管支炎及び急性細気管支炎,total,a05_09,5.0,9.0,False,False,総数,4.5
急性気管支炎及び急性細気管支炎,total,a05_09,5.0,9.0,False,False,病院,4.5
急性気管支炎及び急性細気管支炎,male,a05_09,5.0,9.0,False,False,総数,4.5
急性気管支炎及び急性細気管支炎,male,a05_09,5.0,9.0,False,False,病院,4.5
急性気管支炎及び急性細気管支炎,female,a05_09,5.0,9.0,False,False,総数,4.5
急性気管支炎及び急性細気管支炎,female,a05_09,5.0,9.0,False,False,病院,4.5
気管支炎及び慢性閉塞性肺疾患,total,a05_09,5.0,9.0,False,False,総数,4.1
気管支炎及び慢性閉塞性肺疾患,total,a05_09,5.0,9.0,False,False,病院,4.1
気管支炎及び慢性閉塞性肺疾患,male,a05_09,5.0,9.0,False,False,総数,4.1
気管支炎及び慢性閉塞性肺疾患,male,a05_09,5.0,9.0,False,False,病院,4.1
気管支炎及び慢性閉塞性肺疾患,female,a05_09,5.0,9.0,False,False,総数,4.0
気管支炎及び慢性閉塞性肺疾患,female,a05_09,5.0,9.0,False,False,病院,4.0
喘息,total,a05_09,5.0,9.0,False,False,総数,4.5
喘息,total,a05_09,5.0,9.0,False,False,病院,4.6
喘息,male,a05_09,5.0,9.0,False,False,総数,4.4
喘息,male,a05_09,5.0,9.0,False,False,病院,4.5
喘息,female,a05_09,5.0,9.0,False,False,総数,4.7
喘息,female,a05_09,5.0,9.0,False,False,病院,4.7
消化器系の疾患,total,a05_09,5.0,9.0,False,False,総数,5.9
消化器系の疾患,total,a05_09,5.0,9.0,False,False,病院,5.9
消化器系の疾患,total,a05_09,5.0,9.0,False,False,一般診療所,2.0
消化器系の疾患,male,a05_09,5.0,9.0,False,False,総数,6.9
消化器系の疾患,male,a05_09,5.0,9.0,False,False,病院,6.9
消化器系の疾患,female,a05_09,5.0,9.0,False,False,総数,4.6
消化器系の疾患,female,a05_09,5.0,9.0,False,False,病院,4.6
消化器系の疾患,female,a05_09,5.0,9.0,False,False,一般診療所,2.0
う蝕,total,a05_09,5.0,9.0,False,False,総数,0.9
う蝕,total,a05_09,5.0,9.0,False,False,病院,0.9
う蝕,male,a05_09,5.0,9.0,False,False,総数,1.1
う蝕,male,a05_09,5.0,9.0,False,False,病院,1.1
う蝕,female,a05_09,5.0,9.0,False,False,総数,0.7
う蝕,female,a05_09,5.0,9.0,False,False,病院,0.7
歯肉炎及び歯周疾患,total,a05_09,5.0,9.0,False,False,総数,5.0
歯肉炎及び歯周疾患,total,a05_09,5.0,9.0,False,False,病院,5.0
歯肉炎及び歯周疾患,female,a05_09,5.0,9.0,False,False,総数,5.0
歯肉炎及び歯周疾患,female,a05_09,5.0,9.0,False,False,病院,5.0
胃潰瘍及び十二指腸潰瘍,total,a05_09,5.0,9.0,False,False,総数,4.9
胃潰瘍及び十二指腸潰瘍,total,a05_09,5.0,9.0,False,False,病院,4.9
胃潰瘍及び十二指腸潰瘍,male,a05_09,5.0,9.0,False,False,総数,2.0
胃潰瘍及び十二指腸潰瘍,male,a05_09,5.0,9.0,False,False,病院,2.0
胃潰瘍及び十二指腸潰瘍,female,a05_09,5.0,9.0,False,False,総数,6.3
胃潰瘍及び十二指腸潰瘍,female,a05_09,5.0,9.0,False,False,病院,6.3
胃炎及び十二指腸炎,total,a05_09,5.0,9.0,False,False,総数,4.4
胃炎及び十二指腸炎,total,a05_09,5.0,9.0,False,False,病院,4.4
胃炎及び十二指腸炎,male,a05_09,5.0,9.0,False,False,総数,3.9
胃炎及び十二指腸炎,male,a05_09,5.0,9.0,False,False,病院,3.9
胃炎及び十二指腸炎,female,a05_09,5.0,9.0,False,False,総数,5.1
胃炎及び十二指腸炎,female,a05_09,5.0,9.0,False,False,病院,5.1
肝疾患,total,a05_09,5.0,9.0,False,False,総数,15.5
肝疾患,total,a05_09,5.0,9.0,False,False,病院,15.5
肝疾患,male,a05_09,5.0,9.0,False,False,総数,10.8
肝疾患,male,a05_09,5.0,9.0,False,False,病院,10.8
肝疾患,female,a05_09,5.0,9.0,False,False,総数,25.0
肝疾患,female,a05_09,5.0,9.0,False,False,病院,25.0
皮膚及び皮下組織の疾患,total,a05_09,5.0,9.0,False,False,総数,5.5
皮膚及び皮下組織の疾患,total,a05_09,5.0,9.0,False,False,病院,6.1
皮膚及び皮下組織の疾患,male,a05_09,5.0,9.0,False,False,総数,4.6
皮膚及び皮下組織の疾患,male,a05_09,5.0,9.0,False,False,病院,5.5
皮膚及び皮下組織の疾患,female,a05_09,5.0,9.0,False,False,総数,7.0
皮膚及び皮下組織の疾患,female,a05_09,5.0,9.0,False,False,病院,7.0
筋骨格系及び結合組織の疾患,total,a05_09,5.0,9.0,False,False,総数,17.6
筋骨格系及び結合組織の疾患,total,a05_09,5.0,9.0,False,False,病院,17.6
筋骨格系及び結合組織の疾患,male,a05_09,5.0,9.0,False,False,総数,21.4
筋骨格系及び結合組織の疾患,male,a05_09,5.0,9.0,False,False,病院,21.4
筋骨格系及び結合組織の疾患,female,a05_09,5.0,9.0,False,False,総数,12.0
筋骨格系及び結合組織の疾患,female,a05_09,5.0,9.0,False,False,病院,12.0
炎症性多発性関節障害,total,a05_09,5.0,9.0,False,False,総数,18.0
炎症性多発性関節障害,total,a05_09,5.0,9.0,False,False,病院,18.0
炎症性多発性関節障害,male,a05_09,5.0,9.0,False,False,総数,22.6
炎症性多発性関節障害,male,a05_09,5.0,9.0,False,False,病院,22.6
炎症性多発性関節障害,female,a05_09,5.0,9.0,False,False,総数,11.4
炎症性多発性関節障害,female,a05_09,5.0,9.0,False,False,病院,11.4
関節症,total,a05_09,5.0,9.0,False,False,総数,5.0
関節症,total,a05_09,5.0,9.0,False,False,病院,5.0
関節症,female,a05_09,5.0,9.0,False,False,総数,5.0
関節症,female,a05_09,5.0,9.0,False,False,病院,5.0
脊柱障害,total,a05_09,5.0,9.0,False,False,総数,11.4
脊柱障害,total,a05_09,5.0,9.0,False,False,病院,11.4
脊柱障害,male,a05_09,5.0,9.0,False,False,総数,8.6
脊柱障害,male,a05_09,5.0,9.0,False,False,病院,8.6
脊柱障害,female,a05_09,5.0,9.0,False,False,総数,16.1
脊柱障害,female,a05_09,5.0,9.0,False,False,病院,16.1
骨の密度及び構造の障害,total,a05_09,5.0,9.0,False,False,総数,19.3
骨の密度及び構造の障害,total,a05_09,5.0,9.0,False,False,病院,19.3
骨の密度及び構造の障害,male,a05_09,5.0,9.0,False,False,総数,25.1
骨の密度及び構造の障害,male,a05_09,5.0,9.0,False,False,病院,25.1
骨の密度及び構造の障害,female,a05_09,5.0,9.0,False,False,総数,7.0
骨の密度及び構造の障害,female,a05_09,5.0,9.0,False,False,病院,7.0
腎尿路生殖器系の疾患,total,a05_09,5.0,9.0,False,False,総数,11.1
腎尿路生殖器系の疾患,total,a05_09,5.0,9.0,False,False,病院,11.4
腎尿路生殖器系の疾患,total,a05_09,5.0,9.0,False,False,一般診療所,2.0
腎尿路生殖器系の疾患,male,a05_09,5.0,9.0,False,False,総数,10.7
腎尿路生殖器系の疾患,male,a05_09,5.0,9.0,False,False,病院,11.3
腎尿路生殖器系の疾患,male,a05_09,5.0,9.0,False,False,一般診療所,2.0
腎尿路生殖器系の疾患,female,a05_09,5.0,9.0,False,False,総数,11.7
腎尿路生殖器系の疾患,female,a05_09,5.0,9.0,False,False,病院,11.7
"糸球体疾患,腎尿細管間質性疾患及び腎不全",total,a05_09,5.0,9.0,False,False,総数,16.9
"糸球体疾患,腎尿細管間質性疾患及び腎不全",total,a05_09,5.0,9.0,False,False,病院,16.9
"糸球体疾患,腎尿細管間質性疾患及び腎不全",male,a05_09,5.0,9.0,False,False,総数,19.5
"糸球体疾患,腎尿細管間質性疾患及び腎不全",male,a05_09,5.0,9.0,False,False,病院,19.5
"糸球体疾患,腎尿細管間質性疾患及び腎不全",female,a05_09,5.0,9.0,False,False,総数,14.1
"糸球体疾患,腎尿細管間質性疾患及び腎不全",female,a05_09,5.0,9.0,False,False,病院,14.1
乳房及び女性生殖器の疾患,total,a05_09,5.0,9.0,False,False,総数,2.5
乳房及び女性生殖器の疾患,total,a05_09,5.0,9.0,False,False,病院,2.5
乳房及び女性生殖器の疾患,female,a05_09,5.0,9.0,False,False,総数,2.5
乳房及び女性生殖器の疾患,female,a05_09,5.0,9.0,False,False,病院,2.5
"先天奇形,変形及び染色体異常",total,a05_09,5.0,9.0,False,False,総数,13.6
"先天奇形,変形及び染色体異常",total,a05_09,5.0,9.0,False,False,病院,13.6
"先天奇形,変形及び染色体異常",male,a05_09,5.0,9.0,False,False,総数,17.2
"先天奇形,変形及び染色体異常",male,a05_09,5.0,9.0,False,False,病院,17.2
"先天奇形,変形及び染色体異常",female,a05_09,5.0,9.0,False,False,総数,9.8
"先天奇形,変形及び染色体異常",female,a05_09,5.0,9.0,False,False,病院,9.8
"症状,徴候及び異常臨床所見・異常検査所見で他に分類されないもの",total,a05_09,5.0,9.0,False,False,総数,6.1
"症状,徴候及び異常臨床所見・異常検査所見で他に分類されないもの",total,a05_09,5.0,9.0,False,False,病院,6.5
"症状,徴候及び異常臨床所見・異常検査所見で他に分類されないもの",total,a05_09,5.0,9.0,False,False,一般診療所,0.5
"症状,徴候及び異常臨床所見・異常検査所見で他に分類されないもの",male,a05_09,5.0,9.0,False,False,総数,7.2
"症状,徴候及び異常臨床所見・異常検査所見で他に分類されないもの",male,a05_09,5.0,9.0,False,False,病院,7.9
"症状,徴候及び異常臨床所見・異常検査所見で他に分類されないもの",male,a05_09,5.0,9.0,False,False,一般診療所,0.4
"症状,徴候及び異常臨床所見・異常検査所見で他に分類されないもの",female,a05_09,5.0,9.0,False,False,総数,4.3
"症状,徴候及び異常臨床所見・異常検査所見で他に分類されないもの",female,a05_09,5.0,9.0,False,False,病院,4.3
"症状,徴候及び異常臨床所見・異常検査所見で他に分類されないもの",female,a05_09,5.0,9.0,False,False,一般診療所,1.0
"損傷,中毒及びその他の外因の影響",total,a05_09,5.0,9.0,False,False,総数,7.7
"損傷,中毒及びその他の外因の影響",total,a05_09,5.0,9.0,False,False,病院,7.9
"損傷,中毒及びその他の外因の影響",total,a05_09,5.0,9.0,False,False,一般診療所,1.0
"損傷,中毒及びその他の外因の影響",male,a05_09,5.0,9.0,False,False,総数,8.5
"損傷,中毒及びその他の外因の影響",male,a05_09,5.0,9.0,False,False,病院,8.8
"損傷,中毒及びその他の外因の影響",male,a05_09,5.0,9.0,False,False,一般診療所,1.0
"損傷,中毒及びその他の外因の影響",female,a05_09,5.0,9.0,False,False,総数,6.1
"損傷,中毒及びその他の外因の影響",female,a05_09,5.0,9.0,False,False,病院,6.1
骨折,total,a05_09,5.0,9.0,False,False,総数,6.5
骨折,total,a05_09,5.0,9.0,False,False,病院,6.8
骨折,total,a05_09,5.0,9.0,False,False,一般診療所,1.0
骨折,male,a05_09,5.0,9.0,False,False,総数,6.2
骨折,male,a05_09,5.0,9.0,False,False,病院,6.6
骨折,male,a05_09,5.0,9.0,False,False,一般診療所,1.0
骨折,female,a05_09,5.0,9.0,False,False,総数,7.0
骨折,female,a05_09,5.0,9.0,False,False,病院,7.0
健康状態に影響を及ぼす要因及び保健サービスの利用,total,a05_09,5.0,9.0,False,False,総数,4.0
健康状態に影響を及ぼす要因及び保健サービスの利用,total,a05_09,5.0,9.0,False,False,病院,4.0
健康状態に影響を及ぼす要因及び保健サービスの利用,male,a05_09,5.0,9.0,False,False,総数,4.1
健康状態に影響を及ぼす要因及び保健サービスの利用,male,a05_09,5.0,9.0,False,False,病院,4.1
健康状態に影響を及ぼす要因及び保健サービスの利用,female,a05_09,5.0,9.0,False,False,総数,3.8
健康状態に影響を及ぼす要因及び保健サービスの利用,female,a05_09,5.0,9.0,False,False,病院,3.8
総数,total,a10_14,10.0,14.0,False,False,総数,12.4
総数,total,a10_14,10.0,14.0,False,False,病院,12.6
総数,total,a10_14,10.0,14.0,False,False,一般診療所,6.5
総数,male,a10_14,10.0,14.0,False,False,総数,12.3
総数,male,a10_14,10.0,14.0,False,False,病院,12.5
総数,male,a10_14,10.0,14.0,False,False,一般診療所,4.3
総数,female,a10_14,10.0,14.0,False,False,総数,12.6
総数,female,a10_14,10.0,14.0,False,False,病院,12.7
総数,female,a10_14,10.0,14.0,False,False,一般診療所,9.3
感染症及び寄生虫症,total,a10_14,10.0,14.0,False,False,総数,8.7
感染症及び寄生虫症,total,a10_14,10.0,14.0,False,False,病院,8.7
感染症及び寄生虫症,total,a10_14,10.0,14.0,False,False,一般診療所,1.0
感染症及び寄生虫症,male,a10_14,10.0,14.0,False,False,総数,11.9
感染症及び寄生虫症,male,a10_14,10.0,14.0,False,False,病院,11.9
感染症及び寄生虫症,female,a10_14,10.0,14.0,False,False,総数,5.2
感染症及び寄生虫症,female,a10_14,10.0,14.0,False,False,病院,5.2
感染症及び寄生虫症,female,a10_14,10.0,14.0,False,False,一般診療所,1.0
腸管感染症,total,a10_14,10.0,14.0,False,False,総数,8.6
腸管感染症,total,a10_14,10.0,14.0,False,False,病院,8.6
腸管感染症,total,a10_14,10.0,14.0,False,False,一般診療所,1.0
腸管感染症,male,a10_14,10.0,14.0,False,False,総数,12.3
腸管感染症,male,a10_14,10.0,14.0,False,False,病院,12.3
腸管感染症,female,a10_14,10.0,14.0,False,False,総数,4.6
腸管感染症,female,a10_14,10.0,14.0,False,False,病院,4.6
腸管感染症,female,a10_14,10.0,14.0,False,False,一般診療所,1.0
結核,total,a10_14,10.0,14.0,False,False,総数,2.5
結核,total,a10_14,10.0,14.0,False,False,病院,2.5
結核,male,a10_14,10.0,14.0,False,False,総数,3.0
結核,male,a10_14,10.0,14.0,False,False,病院,3.0
結核,female,a10_14,10.0,14.0,False,False,総数,2.0
結核,female,a10_14,10.0,14.0,False,False,病院,2.0
皮膚及び粘膜の病変を伴うウイルス疾患,total,a10_14,10.0,14.0,False,False,総数,7.3
皮膚及び粘膜の病変を伴うウイルス疾患,total,a10_14,10.0,14.0,False,False,病院,7.3
皮膚及び粘膜の病変を伴うウイルス疾患,male,a10_14,10.0,14.0,False,False,総数,8.6
皮膚及び粘膜の病変を伴うウイルス疾患,male,a10_14,10.0,14.0,False,False,病院,8.6
皮膚及び粘膜の病変を伴うウイルス疾患,female,a10_14,10.0,14.0,False,False,総数,5.3
皮膚及び粘膜の病変を伴うウイルス疾患,female,a10_14,10.0,14.0,False,False,病院,5.3
真菌症,total,a10_14,10.0,14.0,False,False,総数,1.0
真菌症,total,a10_14,10.0,14.0,False,False,病院,1.0
真菌症,female,a10_14,10.0,14.0,False,False,総数,1.0
真菌症,female,a10_14,10.0,14.0,False,False,病院,1.0
新生物,total,a10_14,10.0,14.0,False,False,総数,25.6
新生物,total,a10_14,10.0,14.0,False,False,病院,25.6
新生物,male,a10_14,10.0,14.0,False,False,総数,26.6
新生物,male,a10_14,10.0,14.0,False,False,病院,26.6
新生物,female,a10_14,10.0,14.0,False,False,総数,24.4
新生物,female,a10_14,10.0,14.0,False,False,病院,24.4
悪性新生物,total,a10_14,10.0,14.0,False,False,総数,35.6
悪性新生物,total,a10_14,10.0,14.0,False,False,病院,35.6
悪性新生物,male,a10_14,10.0,14.0,False,False,総数,35.6
悪性新生物,male,a10_14,10.0,14.0,False,False,病院,35.6
悪性新生物,female,a10_14,10.0,14.0,False,False,総数,35.6
悪性新生物,female,a10_14,10.0,14.0,False,False,病院,35.6
胃の悪性新生物,total,a10_14,10.0,14.0,False,False,総数,10.0
胃の悪性新生物,total,a10_14,10.0,14.0,False,False,病院,10.0
胃の悪性新生物,male,a10_14,10.0,14.0,False,False,総数,10.0
胃の悪性新生物,male,a10_14,10.0,14.0,False,False,病院,10.0
結腸及び直腸の悪性新生物,total,a10_14,10.0,14.0,False,False,総数,11.4
結腸及び直腸の悪性新生物,total,a10_14,10.0,14.0,False,False,病院,11.4
結腸及び直腸の悪性新生物,male,a10_14,10.0,14.0,False,False,総数,13.3
結腸及び直腸の悪性新生物,male,a10_14,10.0,14.0,False,False,病院,13.3
結腸及び直腸の悪性新生物,female,a10_14,10.0,14.0,False,False,総数,2.0
結腸及び直腸の悪性新生物,female,a10_14,10.0,14.0,False,False,病院,2.0
"気管,気管支及び肺の悪性新生物",total,a10_14,10.0,14.0,False,False,総数,22.8
"気管,気管支及び肺の悪性新生物",total,a10_14,10.0,14.0,False,False,病院,22.8
"気管,気管支及び肺の悪性新生物",male,a10_14,10.0,14.0,False,False,総数,39.3
"気管,気管支及び肺の悪性新生物",male,a10_14,10.0,14.0,False,False,病院,39.3
"気管,気管支及び肺の悪性新生物",female,a10_14,10.0,14.0,False,False,総数,11.9
"気管,気管支及び肺の悪性新生物",female,a10_14,10.0,14.0,False,False,病院,11.9
血液及び造血器の疾患並びに免疫機構の障害,total,a10_14,10.0,14.0,False,False,総数,15.2
血液及び造血器の疾患並びに免疫機構の障害,total,a10_14,10.0,14.0,False,False,病院,15.2
血液及び造血器の疾患並びに免疫機構の障害,male,a10_14,10.0,14.0,False,False,総数,14.1
血液及び造血器の疾患並びに免疫機構の障害,male,a10_14,10.0,14.0,False,False,病院,14.1
血液及び造血器の疾患並びに免疫機構の障害,female,a10_14,10.0,14.0,False,False,総数,16.4
血液及び造血器の疾患並びに免疫機構の障害,female,a10_14,10.0,14.0,False,False,病院,16.4
"内分泌,栄養及び代謝疾患",total,a10_14,10.0,14.0,False,False,総数,9.9
"内分泌,栄養及び代謝疾患",total,a10_14,10.0,14.0,False,False,病院,9.8
"内分泌,栄養及び代謝疾患",total,a10_14,10.0,14.0,False,False,一般診療所,16.0
"内分泌,栄養及び代謝疾患",male,a10_14,10.0,14.0,False,False,総数,9.7
"内分泌,栄養及び代謝疾患",male,a10_14,10.0,14.0,False,False,病院,9.5
"内分泌,栄養及び代謝疾患",male,a10_14,10.0,14.0,False,False,一般診療所,16.0
"内分泌,栄養及び代謝疾患",female,a10_14,10.0,14.0,False,False,総数,10.0
"内分泌,栄養及び代謝疾患",female,a10_14,10.0,14.0,False,False,病院,10.0
甲状腺障害,total,a10_14,10.0,14.0,False,False,総数,16.9
甲状腺障害,total,a10_14,10.0,14.0,False,False,病院,16.9
甲状腺障害,male,a10_14,10.0,14.0,False,False,総数,10.4
甲状腺障害,male,a10_14,10.0,14.0,False,False,病院,10.4
甲状腺障害,female,a10_14,10.0,14.0,False,False,総数,18.5
甲状腺障害,female,a10_14,10.0,14.0,False,False,病院,18.5
糖尿病,total,a10_14,10.0,14.0,False,False,総数,21.5
糖尿病,total,a10_14,10.0,14.0,False,False,病院,21.9
糖尿病,total,a10_14,10.0,14.0,False,False,一般診療所,16.0
糖尿病,male,a10_14,10.0,14.0,False,False,総数,26.3
糖尿病,male,a10_14,10.0,14.0,False,False,病院,28.4
糖尿病,male,a10_14,10.0,14.0,False,False,一般診療所,16.0
糖尿病,female,a10_14,10.0,14.0,False,False,総数,17.8
糖尿病,female,a10_14,10.0,14.0,False,False,病院,17.8
精神及び行動の障害,total,a10_14,10.0,14.0,False,False,総数,44.1
精神及び行動の障害,total,a10_14,10.0,14.0,False,False,病院,44.1
精神及び行動の障害,male,a10_14,10.0,14.0,False,False,総数,46.1
精神及び行動の障害,male,a10_14,10.0,14.0,False,False,病院,46.1
精神及び行動の障害,female,a10_14,10.0,14.0,False,False,総数,42.8
精神及び行動の障害,female,a10_14,10.0,14.0,False,False,病院,42.8
"統合失調症,統合失調症型障害及び妄想性障害",total,a10_14,10.0,14.0,False,False,総数,48.8
"統合失調症,統合失調症型障害及び妄想性障害",total,a10_14,10.0,14.0,False,False,病院,48.8
"統合失調症,統合失調症型障害及び妄想性障害",male,a10_14,10.0,14.0,False,False,総数,22.8
"統合失調症,統合失調症型障害及び妄想性障害",male,a10_14,10.0,14.0,False,False,病院,22.8
"統合失調症,統合失調症型障害及び妄想性障害",female,a10_14,10.0,14.0,False,False,総数,65.8
"統合失調症,統合失調症型障害及び妄想性障害",female,a10_14,10.0,14.0,False,False,病院,65.8
気分[感情]障害(躁うつ病を含む),total,a10_14,10.0,14.0,False,False,総数,15.7
気分[感情]障害(躁うつ病を含む),total,a10_14,10.0,14.0,False,False,病院,15.7
気分[感情]障害(躁うつ病を含む),male,a10_14,10.0,14.0,False,False,総数,24.6
気分[感情]障害(躁うつ病を含む),male,a10_14,10.0,14.0,False,False,病院,24.6
気分[感情]障害(躁うつ病を含む),female,a10_14,10.0,14.0,False,False,総数,13.6
気分[感情]障害(躁うつ病を含む),female,a10_14,10.0,14.0,False,False,病院,13.6
"神経症性障害,ストレス関連障害及び身体表現性障害",total,a10_14,10.0,14.0,False,False,総数,28.4
"神経症性障害,ストレス関連障害及び身体表現性障害",total,a10_14,10.0,14.0,False,False,病院,28.4
"神経症性障害,ストレス関連障害及び身体表現性障害",male,a10_14,10.0,14.0,False,False,総数,32.1
"神経症性障害,ストレス関連障害及び身体表現性障害",male,a10_14,10.0,14.0,False,False,病院,32.1
"神経症性障害,ストレス関連障害及び身体表現性障害",female,a10_14,10.0,14.0,False,False,総数,26.1
"神経症性障害,ストレス関連障害及び身体表現性障害",female,a10_14,10.0,14.0,False,False,病院,26.1
神経系の疾患,total,a10_14,10.0,14.0,False,False,総数,32.9
神経系の疾患,total,a10_14,10.0,14.0,False,False,病院,33.2
神経系の疾患,total,a10_14,10.0,14.0,False,False,一般診療所,1.0
神経系の疾患,male,a10_14,10.0,14.0,False,False,総数,42.5
神経系の疾患,male,a10_14,10.0,14.0,False,False,病院,43.1
神経系の疾患,male,a10_14,10.0,14.0,False,False,一般診療所,1.0
神経系の疾患,female,a10_14,10.0,14.0,False,False,総数,20.4
神経系の疾患,female,a10_14,10.0,14.0,False,False,病院,20.4
眼及び付属器の疾患,total,a10_14,10.0,14.0,False,False,総数,11.4
眼及び付属器の疾患,total,a10_14,10.0,14.0,False,False,病院,11.4
眼及び付属器の疾患,male,a10_14,10.0,14.0,False,False,総数,7.4
眼及び付属器の疾患,male,a10_14,10.0,14.0,False,False,病院,7.4
眼及び付属器の疾患,female,a10_14,10.0,14.0,False,False,総数,16.0
眼及び付属器の疾患,female,a10_14,10.0,14.0,False,False,病院,16.0
白内障,total,a10_14,10.0,14.0,False,False,総数,4.1
白内障,total,a10_14,10.0,14.0,False,False,病院,4.1
白内障,male,a10_14,10.0,14.0,False,False,総数,5.0
白内障,male,a10_14,10.0,14.0,False,False,病院,5.0
白内障,female,a10_14,10.0,14.0,False,False,総数,3.4
白内障,female,a10_14,10.0,14.0,False,False,病院,3.4
耳及び乳様突起の疾患,total,a10_14,10.0,14.0,False,False,総数,8.4
耳及び乳様突起の疾患,total,a10_14,10.0,14.0,False,False,病院,8.4
耳及び乳様突起の疾患,male,a10_14,10.0,14.0,False,False,総数,8.0
耳及び乳様突起の疾患,male,a10_14,10.0,14.0,False,False,病院,8.0
耳及び乳様突起の疾患,female,a10_14,10.0,14.0,False,False,総数,8.9
耳及び乳様突起の疾患,female,a10_14,10.0,14.0,False,False,病院,8.9
循環器系の疾患,total,a10_14,10.0,14.0,False,False,総数,11.1
循環器系の疾患,total,a10_14,10.0,14.0,False,False,病院,11.5
循環器系の疾患,total,a10_14,10.0,14.0,False,False,一般診療所,1.9
循環器系の疾患,male,a10_14,10.0,14.0,False,False,総数,11.9
循環器系の疾患,male,a10_14,10.0,14.0,False,False,病院,12.3
循環器系の疾患,male,a10_14,10.0,14.0,False,False,一般診療所,1.0
循環器系の疾患,female,a10_14,10.0,14.0,False,False,総数,10.2
循環器系の疾患,female,a10_14,10.0,14.0,False,False,病院,10.5
循環器系の疾患,female,a10_14,10.0,14.0,False,False,一般診療所,3.0
高血圧性疾患,total,a10_14,10.0,14.0,False,False,総数,25.7
高血圧性疾患,total,a10_14,10.0,14.0,False,False,病院,25.7
高血圧性疾患,male,a10_14,10.0,14.0,False,False,総数,20.0
高血圧性疾患,male,a10_14,10.0,14.0,False,False,病院,20.0
高血圧性疾患,female,a10_14,10.0,14.0,False,False,総数,30.0
高血圧性疾患,female,a10_14,10.0,14.0,False,False,病院,30.0
心疾患(高血圧性のものを除く),total,a10_14,10.0,14.0,False,False,総数,11.4
心疾患(高血圧性のものを除く),total,a10_14,10.0,14.0,False,False,病院,11.4
心疾患(高血圧性のものを除く),male,a10_14,10.0,14.0,False,False,総数,16.0
心疾患(高血圧性のものを除く),male,a10_14,10.0,14.0,False,False,病院,16.0
心疾患(高血圧性のものを除く),female,a10_14,10.0,14.0,False,False,総数,7.3
心疾患(高血圧性のものを除く),female,a10_14,10.0,14.0,False,False,病院,7.3
虚血性心疾患,total,a10_14,10.0,14.0,False,False,総数,6.5
虚血性心疾患,total,a10_14,10.0,14.0,False,False,病院,6.5
虚血性心疾患,male,a10_14,10.0,14.0,False,False,総数,7.5
虚血性心疾患,male,a10_14,10.0,14.0,False,False,病院,7.5
虚血性心疾患,female,a10_14,10.0,14.0,False,False,総数,5.7
虚血性心疾患,female,a10_14,10.0,14.0,False,False,病院,5.7
脳血管疾患,total,a10_14,10.0,14.0,False,False,総数,21.3
脳血管疾患,total,a10_14,10.0,14.0,False,False,病院,21.3
脳血管疾患,male,a10_14,10.0,14.0,False,False,総数,23.1
脳血管疾患,male,a10_14,10.0,14.0,False,False,病院,23.1
脳血管疾患,female,a10_14,10.0,14.0,False,False,総数,19.3
脳血管疾患,female,a10_14,10.0,14.0,False,False,病院,19.3
呼吸器系の疾患,total,a10_14,10.0,14.0,False,False,総数,7.3
呼吸器系の疾患,total,a10_14,10.0,14.0,False,False,病院,7.4
呼吸器系の疾患,male,a10_14,10.0,14.0,False,False,総数,6.9
呼吸器系の疾患,male,a10_14,10.0,14.0,False,False,病院,7.1
呼吸器系の疾患,female,a10_14,10.0,14.0,False,False,総数,7.8
呼吸器系の疾患,female,a10_14,10.0,14.0,False,False,病院,7.8
急性上気道感染症,total,a10_14,10.0,14.0,False,False,総数,4.3
急性上気道感染症,total,a10_14,10.0,14.0,False,False,病院,4.3
急性上気道感染症,male,a10_14,10.0,14.0,False,False,総数,4.3
急性上気道感染症,male,a10_14,10.0,14.0,False,False,病院,4.3
急性上気道感染症,female,a10_14,10.0,14.0,False,False,総数,4.2
急性上気道感染症,female,a10_14,10.0,14.0,False,False,病院,4.2
肺炎,total,a10_14,10.0,14.0,False,False,総数,8.4
肺炎,total,a10_14,10.0,14.0,False,False,病院,8.4
肺炎,male,a10_14,10.0,14.0,False,False,総数,6.7
肺炎,male,a10_14,10.0,14.0,False,False,病院,6.7
肺炎,female,a10_14,10.0,14.0,False,False,総数,10.1
肺炎,female,a10_14,10.0,14.0,False,False,病院,10.1
急性気管支炎及び急性細気管支炎,total,a10_14,10.0,14.0,False,False,総数,5.2
急性気管支炎及び急性細気管支炎,total,a10_14,10.0,14.0,False,False,病院,5.2
急性気管支炎及び急性細気管支炎,male,a10_14,10.0,14.0,False,False,総数,4.9
急性気管支炎及び急性細気管支炎,male,a10_14,10.0,14.0,False,False,病院,4.9
急性気管支炎及び急性細気管支炎,female,a10_14,10.0,14.0,False,False,総数,5.4
急性気管支炎及び急性細気管支炎,female,a10_14,10.0,14.0,False,False,病院,5.4
気管支炎及び慢性閉塞性肺疾患,total,a10_14,10.0,14.0,False,False,総数,4.7
気管支炎及び慢性閉塞性肺疾患,total,a10_14,10.0,14.0,False,False,病院,6.5
気管支炎及び慢性閉塞性肺疾患,male,a10_14,10.0,14.0,False,False,総数,2.6
気管支炎及び慢性閉塞性肺疾患,male,a10_14,10.0,14.0,False,False,病院,4.8
気管支炎及び慢性閉塞性肺疾患,female,a10_14,10.0,14.0,False,False,総数,8.0
気管支炎及び慢性閉塞性肺疾患,female,a10_14,10.0,14.0,False,False,病院,8.0
喘息,total,a10_14,10.0,14.0,False,False,総数,7.2
喘息,total,a10_14,10.0,14.0,False,False,病院,7.2
喘息,male,a10_14,10.0,14.0,False,False,総数,7.6
喘息,male,a10_14,10.0,14.0,False,False,病院,7.6
喘息,female,a10_14,10.0,14.0,False,False,総数,6.7
喘息,female,a10_14,10.0,14.0,False,False,病院,6.7
消化器系の疾患,total,a10_14,10.0,14.0,False,False,総数,6.6
消化器系の疾患,total,a10_14,10.0,14.0,False,False,病院,6.8
消化器系の疾患,total,a10_14,10.0,14.0,False,False,一般診療所,3.4
消化器系の疾患,male,a10_14,10.0,14.0,False,False,総数,6.7
消化器系の疾患,male,a10_14,10.0,14.0,False,False,病院,6.7
消化器系の疾患,male,a10_14,10.0,14.0,False,False,一般診療所,3.9
消化器系の疾患,female,a10_14,10.0,14.0,False,False,総数,6.6
消化器系の疾患,female,a10_14,10.0,14.0,False,False,病院,6.8
消化器系の疾患,female,a10_14,10.0,14.0,False,False,一般診療所,3.1
う蝕,total,a10_14,10.0,14.0,False,False,総数,2.5
う蝕,total,a10_14,10.0,14.0,False,False,病院,2.5
う蝕,male,a10_14,10.0,14.0,False,False,総数,4.4
う蝕,male,a10_14,10.0,14.0,False,False,病院,4.4
う蝕,female,a10_14,10.0,14.0,False,False,総数,0.2
う蝕,female,a10_14,10.0,14.0,False,False,病院,0.2
歯肉炎及び歯周疾患,total,a10_14,10.0,14.0,False,False,総数,26.6
歯肉炎及び歯周疾患,total,a10_14,10.0,14.0,False,False,病院,26.6
歯肉炎及び歯周疾患,male,a10_14,10.0,14.0,False,False,総数,1.0
歯肉炎及び歯周疾患,male,a10_14,10.0,14.0,False,False,病院,1.0
歯肉炎及び歯周疾患,female,a10_14,10.0,14.0,False,False,総数,37.7
歯肉炎及び歯周疾患,female,a10_14,10.0,14.0,False,False,病院,37.7
胃潰瘍及び十二指腸潰瘍,total,a10_14,10.0,14.0,False,False,総数,6.9
胃潰瘍及び十二指腸潰瘍,total,a10_14,10.0,14.0,False,False,病院,6.9
胃潰瘍及び十二指腸潰瘍,male,a10_14,10.0,14.0,False,False,総数,7.2
胃潰瘍及び十二指腸潰瘍,male,a10_14,10.0,14.0,False,False,病院,7.2
胃潰瘍及び十二指腸潰瘍,female,a10_14,10.0,14.0,False,False,総数,5.3
胃潰瘍及び十二指腸潰瘍,female,a10_14,10.0,14.0,False,False,病院,5.3
胃炎及び十二指腸炎,total,a10_14,10.0,14.0,False,False,総数,5.9
胃炎及び十二指腸炎,total,a10_14,10.0,14.0,False,False,病院,5.9
胃炎及び十二指腸炎,male,a10_14,10.0,14.0,False,False,総数,2.2
胃炎及び十二指腸炎,male,a10_14,10.0,14.0,False,False,病院,2.2
胃炎及び十二指腸炎,female,a10_14,10.0,14.0,False,False,総数,7.7
胃炎及び十二指腸炎,female,a10_14,10.0,14.0,False,False,病院,7.7
肝疾患,total,a10_14,10.0,14.0,False,False,総数,15.2
肝疾患,total,a10_14,10.0,14.0,False,False,病院,15.2
肝疾患,male,a10_14,10.0,14.0,False,False,総数,22.5
肝疾患,male,a10_14,10.0,14.0,False,False,病院,22.5
肝疾患,female,a10_14,10.0,14.0,False,False,総数,7.2
肝疾患,female,a10_14,10.0,14.0,False,False,病院,7.2
皮膚及び皮下組織の疾患,total,a10_14,10.0,14.0,False,False,総数,11.2
皮膚及び皮下組織の疾患,total,a10_14,10.0,14.0,False,False,病院,11.2
皮膚及び皮下組織の疾患,male,a10_14,10.0,14.0,False,False,総数,14.0
皮膚及び皮下組織の疾患,male,a10_14,10.0,14.0,False,False,病院,14.0
皮膚及び皮下組織の疾患,female,a10_14,10.0,14.0,False,False,総数,6.6
皮膚及び皮下組織の疾患,female,a10_14,10.0,14.0,False,False,病院,6.6
筋骨格系及び結合組織の疾患,total,a10_14,10.0,14.0,False,False,総数,15.3
筋骨格系及び結合組織の疾患,total,a10_14,10.0,14.0,False,False,病院,15.6
筋骨格系及び結合組織の疾患,total,a10_14,10.0,14.0,False,False,一般診療所,6.4
筋骨格系及び結合組織の疾患,male,a10_14,10.0,14.0,False,False,総数,13.3
筋骨格系及び結合組織の疾患,male,a10_14,10.0,14.0,False,False,病院,13.7
筋骨格系及び結合組織の疾患,male,a10_14,10.0,14.0,False,False,一般診療所,4.0
筋骨格系及び結合組織の疾患,female,a10_14,10.0,14.0,False,False,総数,17.3
筋骨格系及び結合組織の疾患,female,a10_14,10.0,14.0,False,False,病院,17.6
筋骨格系及び結合組織の疾患,female,a10_14,10.0,14.0,False,False,一般診療所,9.0
炎症性多発性関節障害,total,a10_14,10.0,14.0,False,False,総数,14.0
炎症性多発性関節障害,total,a10_14,10.0,14.0,False,False,病院,14.0
炎症性多発性関節障害,male,a10_14,10.0,14.0,False,False,総数,14.7
炎症性多発性関節障害,male,a10_14,10.0,14.0,False,False,病院,14.7
炎症性多発性関節障害,female,a10_14,10.0,14.0,False,False,総数,13.4
炎症性多発性関節障害,female,a10_14,10.0,14.0,False,False,病院,13.4
関節症,total,a10_14,10.0,14.0,False,False,総数,8.1
関節症,total,a10_14,10.0,14.0,False,False,病院,8.1
関節症,male,a10_14,10.0,14.0,False,False,総数,15.8
関節症,male,a10_14,10.0,14.0,False,False,病院,15.8
関節症,female,a10_14,10.0,14.0,False,False,総数,4.7
関節症,female,a10_14,10.0,14.0,False,False,病院,4.7
脊柱障害,total,a10_14,10.0,14.0,False,False,総数,22.1
脊柱障害,total,a10_14,10.0,14.0,False,False,病院,22.1
脊柱障害,male,a10_14,10.0,14.0,False,False,総数,18.4
脊柱障害,male,a10_14,10.0,14.0,False,False,病院,18.4
脊柱障害,female,a10_14,10.0,14.0,False,False,総数,23.6
脊柱障害,female,a10_14,10.0,14.0,False,False,病院,23.6
骨の密度及び構造の障害,total,a10_14,10.0,14.0,False,False,総数,36.1
骨の密度及び構造の障害,total,a10_14,10.0,14.0,False,False,病院,36.1
骨の密度及び構造の障害,male,a10_14,10.0,14.0,False,False,総数,26.5
骨の密度及び構造の障害,male,a10_14,10.0,14.0,False,False,病院,26.5
骨の密度及び構造の障害,female,a10_14,10.0,14.0,False,False,総数,55.9
骨の密度及び構造の障害,female,a10_14,10.0,14.0,False,False,病院,55.9
腎尿路生殖器系の疾患,total,a10_14,10.0,14.0,False,False,総数,17.2
腎尿路生殖器系の疾患,total,a10_14,10.0,14.0,False,False,病院,17.5
腎尿路生殖器系の疾患,total,a10_14,10.0,14.0,False,False,一般診療所,1.0
腎尿路生殖器系の疾患,male,a10_14,10.0,14.0,False,False,総数,14.8
腎尿路生殖器系の疾患,male,a10_14,10.0,14.0,False,False,病院,14.8
腎尿路生殖器系の疾患,female,a10_14,10.0,14.0,False,False,総数,19.9
腎尿路生殖器系の疾患,female,a10_14,10.0,14.0,False,False,病院,20.7
腎尿路生殖器系の疾患,female,a10_14,10.0,14.0,False,False,一般診療所,1.0
"糸球体疾患,腎尿細管間質性疾患及び腎不全",total,a10_14,10.0,14.0,False,False,総数,22.7
"糸球体疾患,腎尿細管間質性疾患及び腎不全",total,a10_14,10.0,14.0,False,False,病院,22.7
"糸球体疾患,腎尿細管間質性疾患及び腎不全",male,a10_14,10.0,14.0,False,False,総数,22.2
"糸球体疾患,腎尿細管間質性疾患及び腎不全",male,a10_14,10.0,14.0,False,False,病院,22.2
"糸球体疾患,腎尿細管間質性疾患及び腎不全",female,a10_14,10.0,14.0,False,False,総数,23.3
"糸球体疾患,腎尿細管間質性疾患及び腎不全",female,a10_14,10.0,14.0,False,False,病院,23.3
乳房及び女性生殖器の疾患,total,a10_14,10.0,14.0,False,False,総数,6.0
乳房及び女性生殖器の疾患,total,a10_14,10.0,14.0,False,False,病院,7.1
乳房及び女性生殖器の疾患,total,a10_14,10.0,14.0,False,False,一般診療所,1.0
乳房及び女性生殖器の疾患,female,a10_14,10.0,14.0,False,False,総数,6.0
乳房及び女性生殖器の疾患,female,a10_14,10.0,14.0,False,False,病院,7.1
乳房及び女性生殖器の疾患,female,a10_14,10.0,14.0,False,False,一般診療所,1.0
"妊娠,分娩及び産じょく",total,a10_14,10.0,14.0,False,False,総数,15.5
"妊娠,分娩及び産じょく",total,a10_14,10.0,14.0,False,False,病院,15.5
"妊娠,分娩及び産じょく",female,a10_14,10.0,14.0,False,False,総数,15.5
"妊娠,分娩及び産じょく",female,a10_14,10.0,14.0,False,False,病院,15.5
"先天奇形,変形及び染色体異常",total,a10_14,10.0,14.0,False,False,総数,19.1
"先天奇形,変形及び染色体異常",total,a10_14,10.0,14.0,False,False,病院,19.1
"先天奇形,変形及び染色体異常",male,a10_14,10.0,14.0,False,False,総数,21.8
"先天奇形,変形及び染色体異常",male,a10_14,10.0,14.0,False,False,病院,21.8
"先天奇形,変形及び染色体異常",female,a10_14,10.0,14.0,False,False,総数,15.2
"先天奇形,変形及び染色体異常",female,a10_14,10.0,14.0,False,False,病院,15.2
"症状,徴候及び異常臨床所見・異常検査所見で他に分類されないもの",total,a10_14,10.0,14.0,False,False,総数,17.1
"症状,徴候及び異常臨床所見・異常検査所見で他に分類されないもの",total,a10_14,10.0,14.0,False,False,病院,17.1
"症状,徴候及び異常臨床所見・異常検査所見で他に分類されないもの",male,a10_14,10.0,14.0,False,False,総数,5.6
"症状,徴候及び異常臨床所見・異常検査所見で他に分類されないもの",male,a10_14,10.0,14.0,False,False,病院,5.6
"症状,徴候及び異常臨床所見・異常検査所見で他に分類されないもの",female,a10_14,10.0,14.0,False,False,総数,29.5
"症状,徴候及び異常臨床所見・異常検査所見で他に分類されないもの",female,a10_14,10.0,14.0,False,False,病院,29.5
"損傷,中毒及びその他の外因の影響",total,a10_14,10.0,14.0,False,False,総数,7.0
"損傷,中毒及びその他の外因の影響",total,a10_14,10.0,14.0,False,False,病院,6.9
"損傷,中毒及びその他の外因の影響",total,a10_14,10.0,14.0,False,False,一般診療所,8.0
"損傷,中毒及びその他の外因の影響",male,a10_14,10.0,14.0,False,False,総数,6.5
"損傷,中毒及びその他の外因の影響",male,a10_14,10.0,14.0,False,False,病院,6.7
"損傷,中毒及びその他の外因の影響",male,a10_14,10.0,14.0,False,False,一般診療所,4.8
"損傷,中毒及びその他の外因の影響",female,a10_14,10.0,14.0,False,False,総数,8.3
"損傷,中毒及びその他の外因の影響",female,a10_14,10.0,14.0,False,False,病院,7.6
"損傷,中毒及びその他の外因の影響",female,a10_14,10.0,14.0,False,False,一般診療所,13.4
骨折,total,a10_14,10.0,14.0,False,False,総数,6.4
骨折,total,a10_14,10.0,14.0,False,False,病院,6.5
骨折,total,a10_14,10.0,14.0,False,False,一般診療所,4.8
骨折,male,a10_14,10.0,14.0,False,False,総数,6.5
骨折,male,a10_14,10.0,14.0,False,False,病院,6.6
骨折,male,a10_14,10.0,14.0,False,False,一般診療所,5.0
骨折,female,a10_14,10.0,14.0,False,False,総数,5.8
骨折,female,a10_14,10.0,14.0,False,False,病院,5.9
骨折,female,a10_14,10.0,14.0,False,False,一般診療所,1.0
健康状態に影響を及ぼす要因及び保健サービスの利用,total,a10_14,10.0,14.0,False,False,総数,4.1
健康状態に影響を及ぼす要因及び保健サービスの利用,total,a10_14,10.0,14.0,False,False,病院,4.1
健康状態に影響を及ぼす要因及び保健サービスの利用,male,a10_14,10.0,14.0,False,False,総数,4.1
健康状態に影響を及ぼす要因及び保健サービスの利用,male,a10_14,10.0,14.0,False,False,病院,4.1
健康状態に影響を及ぼす要因及び保健サービスの利用,female,a10_14,10.0,14.0,False,False,総数,4.1
健康状態に影響を及ぼす要因及び保健サービスの利用,female,a10_14,10.0,14.0,False,False,病院,4.1
総数,total,a15_19,15.0,19.0,False,False,総数,13.3
総数,total,a15_19,15.0,19.0,False,False,病院,13.8
総数,total,a15_19,15.0,19.0,False,False,一般診療所,7.6
総数,male,a15_19,15.0,19.0,False,False,総数,13.5
総数,male,a15_19,15.0,19.0,False,False,病院,13.5
総数,male,a15_19,15.0,19.0,False,False,一般診療所,12.0
総数,female,a15_19,15.0,19.0,False,False,総数,13.2
総数,female,a15_19,15.0,19.0,False,False,病院,14.1
総数,female,a15_19,15.0,19.0,False,False,一般診療所,6.0
感染症及び寄生虫症,total,a15_19,15.0,19.0,False,False,総数,6.9
感染症及び寄生虫症,total,a15_19,15.0,19.0,False,False,病院,6.9
感染症及び寄生虫症,total,a15_19,15.0,19.0,False,False,一般診療所,2.0
感染症及び寄生虫症,male,a15_19,15.0,19.0,False,False,総数,7.9
感染症及び寄生虫症,male,a15_19,15.0,19.0,False,False,病院,7.9
感染症及び寄生虫症,female,a15_19,15.0,19.0,False,False,総数,5.8
感染症及び寄生虫症,female,a15_19,15.0,19.0,False,False,病院,5.9
感染症及び寄生虫症,female,a15_19,15.0,19.0,False,False,一般診療所,2.0
腸管感染症,total,a15_19,15.0,19.0,False,False,総数,4.9
腸管感染症,total,a15_19,15.0,19.0,False,False,病院,5.0
腸管感染症,total,a15_19,15.0,19.0,False,False,一般診療所,2.0
腸管感染症,male,a15_19,15.0,19.0,False,False,総数,5.4
腸管感染症,male,a15_19,15.0,19.0,False,False,病院,5.4
腸管感染症,female,a15_19,15.0,19.0,False,False,総数,4.4
腸管感染症,female,a15_19,15.0,19.0,False,False,病院,4.5
腸管感染症,female,a15_19,15.0,19.0,False,False,一般診療所,2.0
結核,total,a15_19,15.0,19.0,False,False,総数,42.5
結核,total,a15_19,15.0,19.0,False,False,病院,42.5
結核,male,a15_19,15.0,19.0,False,False,総数,47.4
結核,male,a15_19,15.0,19.0,False,False,病院,47.4
結核,female,a15_19,15.0,19.0,False,False,総数,27.8
結核,female,a15_19,15.0,19.0,False,False,病院,27.8
皮膚及び粘膜の病変を伴うウイルス疾患,total,a15_19,15.0,19.0,False,False,総数,6.9
皮膚及び粘膜の病変を伴うウイルス疾患,total,a15_19,15.0,19.0,False,False,病院,6.9
皮膚及び粘膜の病変を伴うウイルス疾患,male,a15_19,15.0,19.0,False,False,総数,7.0
皮膚及び粘膜の病変を伴うウイルス疾患,male,a15_19,15.0,19.0,False,False,病院,7.0
皮膚及び粘膜の病変を伴うウイルス疾患,female,a15_19,15.0,19.0,False,False,総数,6.8
皮膚及び粘膜の病変を伴うウイルス疾患,female,a15_19,15.0,19.0,False,False,病院,6.8
真菌症,total,a15_19,15.0,19.0,False,False,総数,18.0
真菌症,total,a15_19,15.0,19.0,False,False,病院,18.0
真菌症,male,a15_19,15.0,19.0,False,False,総数,13.0
真菌症,male,a15_19,15.0,19.0,False,False,病院,13.0
真菌症,female,a15_19,15.0,19.0,False,False,総数,20.2
真菌症,female,a15_19,15.0,19.0,False,False,病院,20.2
新生物,total,a15_19,15.0,19.0,False,False,総数,19.7
新生物,total,a15_19,15.0,19.0,False,False,病院,19.8
新生物,total,a15_19,15.0,19.0,False,False,一般診療所,3.0
新生物,male,a15_19,15.0,19.0,False,False,総数,28.0
新生物,male,a15_19,15.0,19.0,False,False,病院,28.0
新生物,female,a15_19,15.0,19.0,False,False,総数,12.7
新生物,female,a15_19,15.0,19.0,False,False,病院,12.8
新生物,female,a15_19,15.0,19.0,False,False,一般診療所,3.0
悪性新生物,total,a15_19,15.0,19.0,False,False,総数,32.7
悪性新生物,total,a15_19,15.0,19.0,False,False,病院,32.7
悪性新生物,male,a15_19,15.0,19.0,False,False,総数,39.4
悪性新生物,male,a15_19,15.0,19.0,False,False,病院,39.4
悪性新生物,female,a15_19,15.0,19.0,False,False,総数,22.1
悪性新生物,female,a15_19,15.0,19.0,False,False,病院,22.1
胃の悪性新生物,total,a15_19,15.0,19.0,False,False,総数,14.6
胃の悪性新生物,total,a15_19,15.0,19.0,False,False,病院,14.6
胃の悪性新生物,male,a15_19,15.0,19.0,False,False,総数,14.6
胃の悪性新生物,male,a15_19,15.0,19.0,False,False,病院,14.6
結腸及び直腸の悪性新生物,total,a15_19,15.0,19.0,False,False,総数,17.2
結腸及び直腸の悪性新生物,total,a15_19,15.0,19.0,False,False,病院,17.2
結腸及び直腸の悪性新生物,male,a15_19,15.0,19.0,False,False,総数,22.4
結腸及び直腸の悪性新生物,male,a15_19,15.0,19.0,False,False,病院,22.4
結腸及び直腸の悪性新生物,female,a15_19,15.0,19.0,False,False,総数,1.0
結腸及び直腸の悪性新生物,female,a15_19,15.0,19.0,False,False,病院,1.0
"気管,気管支及び肺の悪性新生物",total,a15_19,15.0,19.0,False,False,総数,32.1
"気管,気管支及び肺の悪性新生物",total,a15_19,15.0,19.0,False,False,病院,32.1
"気管,気管支及び肺の悪性新生物",male,a15_19,15.0,19.0,False,False,総数,53.7
"気管,気管支及び肺の悪性新生物",male,a15_19,15.0,19.0,False,False,病院,53.7
"気管,気管支及び肺の悪性新生物",female,a15_19,15.0,19.0,False,False,総数,4.0
"気管,気管支及び肺の悪性新生物",female,a15_19,15.0,19.0,False,False,病院,4.0
血液及び造血器の疾患並びに免疫機構の障害,total,a15_19,15.0,19.0,False,False,総数,15.1
血液及び造血器の疾患並びに免疫機構の障害,total,a15_19,15.0,19.0,False,False,病院,15.7
血液及び造血器の疾患並びに免疫機構の障害,total,a15_19,15.0,19.0,False,False,一般診療所,5.0
血液及び造血器の疾患並びに免疫機構の障害,male,a15_19,15.0,19.0,False,False,総数,17.0
血液及び造血器の疾患並びに免疫機構の障害,male,a15_19,15.0,19.0,False,False,病院,17.0
血液及び造血器の疾患並びに免疫機構の障害,female,a15_19,15.0,19.0,False,False,総数,13.7
血液及び造血器の疾患並びに免疫機構の障害,female,a15_19,15.0,19.0,False,False,病院,14.7
血液及び造血器の疾患並びに免疫機構の障害,female,a15_19,15.0,19.0,False,False,一般診療所,5.0
"内分泌,栄養及び代謝疾患",total,a15_19,15.0,19.0,False,False,総数,9.7
"内分泌,栄養及び代謝疾患",total,a15_19,15.0,19.0,False,False,病院,9.7
"内分泌,栄養及び代謝疾患",male,a15_19,15.0,19.0,False,False,総数,8.3
"内分泌,栄養及び代謝疾患",male,a15_19,15.0,19.0,False,False,病院,8.3
"内分泌,栄養及び代謝疾患",female,a15_19,15.0,19.0,False,False,総数,11.5
"内分泌,栄養及び代謝疾患",female,a15_19,15.0,19.0,False,False,病院,11.5
甲状腺障害,total,a15_19,15.0,19.0,False,False,総数,9.9
甲状腺障害,total,a15_19,15.0,19.0,False,False,病院,9.9
甲状腺障害,male,a15_19,15.0,19.0,False,False,総数,11.8
甲状腺障害,male,a15_19,15.0,19.0,False,False,病院,11.8
甲状腺障害,female,a15_19,15.0,19.0,False,False,総数,9.4
甲状腺障害,female,a15_19,15.0,19.0,False,False,病院,9.4
糖尿病,total,a15_19,15.0,19.0,False,False,総数,13.2
糖尿病,total,a15_19,15.0,19.0,False,False,病院,13.2
糖尿病,male,a15_19,15.0,19.0,False,False,総数,12.5
糖尿病,male,a15_19,15.0,19.0,False,False,病院,12.5
糖尿病,female,a15_19,15.0,19.0,False,False,総数,13.7
糖尿病,female,a15_19,15.0,19.0,False,False,病院,13.7
精神及び行動の障害,total,a15_19,15.0,19.0,False,False,総数,42.3
精神及び行動の障害,total,a15_19,15.0,19.0,False,False,病院,42.3
精神及び行動の障害,male,a15_19,15.0,19.0,False,False,総数,35.2
精神及び行動の障害,male,a15_19,15.0,19.0,False,False,病院,35.2
精神及び行動の障害,female,a15_19,15.0,19.0,False,False,総数,46.6
精神及び行動の障害,female,a15_19,15.0,19.0,False,False,病院,46.6
"統合失調症,統合失調症型障害及び妄想性障害",total,a15_19,15.0,19.0,False,False,総数,69.2
"統合失調症,統合失調症型障害及び妄想性障害",total,a15_19,15.0,19.0,False,False,病院,69.2
"統合失調症,統合失調症型障害及び妄想性障害",male,a15_19,15.0,19.0,False,False,総数,58.2
"統合失調症,統合失調症型障害及び妄想性障害",male,a15_19,15.0,19.0,False,False,病院,58.2
"統合失調症,統合失調症型障害及び妄想性障害",female,a15_19,15.0,19.0,False,False,総数,78.6
"統合失調症,統合失調症型障害及び妄想性障害",female,a15_19,15.0,19.0,False,False,病院,78.6
気分[感情]障害(躁うつ病を含む),total,a15_19,15.0,19.0,False,False,総数,31.2
気分[感情]障害(躁うつ病を含む),total,a15_19,15.0,19.0,False,False,病院,31.2
気分[感情]障害(躁うつ病を含む),male,a15_19,15.0,19.0,False,False,総数,20.2
気分[感情]障害(躁うつ病を含む),male,a15_19,15.0,19.0,False,False,病院,20.2
気分[感情]障害(躁うつ病を含む),female,a15_19,15.0,19.0,False,False,総数,35.4
気分[感情]障害(躁うつ病を含む),female,a15_19,15.0,19.0,False,False,病院,35.4
"神経症性障害,ストレス関連障害及び身体表現性障害",total,a15_19,15.0,19.0,False,False,総数,26.1
"神経症性障害,ストレス関連障害及び身体表現性障害",total,a15_19,15.0,19.0,False,False,病院,26.1
"神経症性障害,ストレス関連障害及び身体表現性障害",male,a15_19,15.0,19.0,False,False,総数,16.9
"神経症性障害,ストレス関連障害及び身体表現性障害",male,a15_19,15.0,19.0,False,False,病院,16.9
"神経症性障害,ストレス関連障害及び身体表現性障害",female,a15_19,15.0,19.0,False,False,総数,29.7
"神経症性障害,ストレス関連障害及び身体表現性障害",female,a15_19,15.0,19.0,False,False,病院,29.7
神経系の疾患,total,a15_19,15.0,19.0,False,False,総数,33.7
神経系の疾患,total,a15_19,15.0,19.0,False,False,病院,33.9
神経系の疾患,total,a15_19,15.0,19.0,False,False,一般診療所,2.0
神経系の疾患,male,a15_19,15.0,19.0,False,False,総数,30.9
神経系の疾患,male,a15_19,15.0,19.0,False,False,病院,30.9
神経系の疾患,female,a15_19,15.0,19.0,False,False,総数,36.9
神経系の疾患,female,a15_19,15.0,19.0,False,False,病院,37.5
神経系の疾患,female,a15_19,15.0,19.0,False,False,一般診療所,2.0
眼及び付属器の疾患,total,a15_19,15.0,19.0,False,False,総数,10.5
眼及び付属器の疾患,total,a15_19,15.0,19.0,False,False,病院,10.8
眼及び付属器の疾患,total,a15_19,15.0,19.0,False,False,一般診療所,5.0
眼及び付属器の疾患,male,a15_19,15.0,19.0,False,False,総数,10.7
眼及び付属器の疾患,male,a15_19,15.0,19.0,False,False,病院,11.1
眼及び付属器の疾患,male,a15_19,15.0,19.0,False,False,一般診療所,5.0
眼及び付属器の疾患,female,a15_19,15.0,19.0,False,False,総数,10.2
眼及び付属器の疾患,female,a15_19,15.0,19.0,False,False,病院,10.2
白内障,total,a15_19,15.0,19.0,False,False,総数,8.0
白内障,total,a15_19,15.0,19.0,False,False,病院,8.0
白内障,male,a15_19,15.0,19.0,False,False,総数,4.4
白内障,male,a15_19,15.0,19.0,False,False,病院,4.4
白内障,female,a15_19,15.0,19.0,False,False,総数,18.6
白内障,female,a15_19,15.0,19.0,False,False,病院,18.6
耳及び乳様突起の疾患,total,a15_19,15.0,19.0,False,False,総数,9.1
耳及び乳様突起の疾患,total,a15_19,15.0,19.0,False,False,病院,9.1
耳及び乳様突起の疾患,male,a15_19,15.0,19.0,False,False,総数,10.3
耳及び乳様突起の疾患,male,a15_19,15.0,19.0,False,False,病院,10.3
耳及び乳様突起の疾患,female,a15_19,15.0,19.0,False,False,総数,8.1
耳及び乳様突起の疾患,female,a15_19,15.0,19.0,False,False,病院,8.1
循環器系の疾患,total,a15_19,15.0,19.0,False,False,総数,13.8
循環器系の疾患,total,a15_19,15.0,19.0,False,False,病院,14.9
循環器系の疾患,total,a15_19,15.0,19.0,False,False,一般診療所,8.0
循環器系の疾患,male,a15_19,15.0,19.0,False,False,総数,12.5
循環器系の疾患,male,a15_19,15.0,19.0,False,False,病院,12.7
循環器系の疾患,male,a15_19,15.0,19.0,False,False,一般診療所,8.3
循環器系の疾患,female,a15_19,15.0,19.0,False,False,総数,15.1
循環器系の疾患,female,a15_19,15.0,19.0,False,False,病院,17.9
循環器系の疾患,female,a15_19,15.0,19.0,False,False,一般診療所,7.9
高血圧性疾患,total,a15_19,15.0,19.0,False,False,総数,12.1
高血圧性疾患,total,a15_19,15.0,19.0,False,False,病院,12.1
高血圧性疾患,male,a15_19,15.0,19.0,False,False,総数,12.1
高血圧性疾患,male,a15_19,15.0,19.0,False,False,病院,12.1
心疾患(高血圧性のものを除く),total,a15_19,15.0,19.0,False,False,総数,17.6
心疾患(高血圧性のものを除く),total,a15_19,15.0,19.0,False,False,病院,17.6
心疾患(高血圧性のものを除く),total,a15_19,15.0,19.0,False,False,一般診療所,18.0
心疾患(高血圧性のものを除く),male,a15_19,15.0,19.0,False,False,総数,13.1
心疾患(高血圧性のものを除く),male,a15_19,15.0,19.0,False,False,病院,12.9
心疾患(高血圧性のものを除く),male,a15_19,15.0,19.0,False,False,一般診療所,18.0
心疾患(高血圧性のものを除く),female,a15_19,15.0,19.0,False,False,総数,24.4
心疾患(高血圧性のものを除く),female,a15_19,15.0,19.0,False,False,病院,24.4
虚血性心疾患,total,a15_19,15.0,19.0,False,False,総数,16.8
虚血性心疾患,total,a15_19,15.0,19.0,False,False,病院,16.8
虚血性心疾患,male,a15_19,15.0,19.0,False,False,総数,9.8
虚血性心疾患,male,a15_19,15.0,19.0,False,False,病院,9.8
虚血性心疾患,female,a15_19,15.0,19.0,False,False,総数,34.6
虚血性心疾患,female,a15_19,15.0,19.0,False,False,病院,34.6
脳血管疾患,total,a15_19,15.0,19.0,False,False,総数,18.1
脳血管疾患,total,a15_19,15.0,19.0,False,False,病院,18.1
脳血管疾患,male,a15_19,15.0,19.0,False,False,総数,19.5
脳血管疾患,male,a15_19,15.0,19.0,False,False,病院,19.5
脳血管疾患,female,a15_19,15.0,19.0,False,False,総数,16.0
脳血管疾患,female,a15_19,15.0,19.0,False,False,病院,16.0
呼吸器系の疾患,total,a15_19,15.0,19.0,False,False,総数,8.0
呼吸器系の疾患,total,a15_19,15.0,19.0,False,False,病院,8.0
呼吸器系の疾患,total,a15_19,15.0,19.0,False,False,一般診療所,7.3
呼吸器系の疾患,male,a15_19,15.0,19.0,False,False,総数,7.5
呼吸器系の疾患,male,a15_19,15.0,19.0,False,False,病院,7.5
呼吸器系の疾患,male,a15_19,15.0,19.0,False,False,一般診療所,6.0
呼吸器系の疾患,female,a15_19,15.0,19.0,False,False,総数,9.0
呼吸器系の疾患,female,a15_19,15.0,19.0,False,False,病院,9.0
呼吸器系の疾患,female,a15_19,15.0,19.0,False,False,一般診療所,8.0
急性上気道感染症,total,a15_19,15.0,19.0,False,False,総数,5.4
急性上気道感染症,total,a15_19,15.0,19.0,False,False,病院,5.3
急性上気道感染症,total,a15_19,15.0,19.0,False,False,一般診療所,8.0
急性上気道感染症,male,a15_19,15.0,19.0,False,False,総数,5.2
急性上気道感染症,male,a15_19,15.0,19.0,False,False,病院,5.2
急性上気道感染症,female,a15_19,15.0,19.0,False,False,総数,5.6
急性上気道感染症,female,a15_19,15.0,19.0,False,False,病院,5.4
急性上気道感染症,female,a15_19,15.0,19.0,False,False,一般診療所,8.0
肺炎,total,a15_19,15.0,19.0,False,False,総数,8.8
肺炎,total,a15_19,15.0,19.0,False,False,病院,8.8
肺炎,male,a15_19,15.0,19.0,False,False,総数,7.1
肺炎,male,a15_19,15.0,19.0,False,False,病院,7.1
肺炎,female,a15_19,15.0,19.0,False,False,総数,11.3
肺炎,female,a15_19,15.0,19.0,False,False,病院,11.3
急性気管支炎及び急性細気管支炎,total,a15_19,15.0,19.0,False,False,総数,6.7
急性気管支炎及び急性細気管支炎,total,a15_19,15.0,19.0,False,False,病院,6.8
急性気管支炎及び急性細気管支炎,total,a15_19,15.0,19.0,False,False,一般診療所,6.0
急性気管支炎及び急性細気管支炎,male,a15_19,15.0,19.0,False,False,総数,7.5
急性気管支炎及び急性細気管支炎,male,a15_19,15.0,19.0,False,False,病院,7.7
急性気管支炎及び急性細気管支炎,male,a15_19,15.0,19.0,False,False,一般診療所,6.0
急性気管支炎及び急性細気管支炎,female,a15_19,15.0,19.0,False,False,総数,5.4
急性気管支炎及び急性細気管支炎,female,a15_19,15.0,19.0,False,False,病院,5.4
気管支炎及び慢性閉塞性肺疾患,total,a15_19,15.0,19.0,False,False,総数,17.8
気管支炎及び慢性閉塞性肺疾患,total,a15_19,15.0,19.0,False,False,病院,17.8
気管支炎及び慢性閉塞性肺疾患,male,a15_19,15.0,19.0,False,False,総数,5.9
気管支炎及び慢性閉塞性肺疾患,male,a15_19,15.0,19.0,False,False,病院,5.9
気管支炎及び慢性閉塞性肺疾患,female,a15_19,15.0,19.0,False,False,総数,32.0
気管支炎及び慢性閉塞性肺疾患,female,a15_19,15.0,19.0,False,False,病院,32.0
喘息,total,a15_19,15.0,19.0,False,False,総数,15.3
喘息,total,a15_19,15.0,19.0,False,False,病院,15.3
喘息,male,a15_19,15.0,19.0,False,False,総数,16.4
喘息,male,a15_19,15.0,19.0,False,False,病院,16.4
喘息,female,a15_19,15.0,19.0,False,False,総数,14.3
喘息,female,a15_19,15.0,19.0,False,False,病院,14.3
消化器系の疾患,total,a15_19,15.0,19.0,False,False,総数,7.5
消化器系の疾患,total,a15_19,15.0,19.0,False,False,病院,7.6
消化器系の疾患,total,a15_19,15.0,19.0,False,False,一般診療所,6.3
消化器系の疾患,male,a15_19,15.0,19.0,False,False,総数,8.0
消化器系の疾患,male,a15_19,15.0,19.0,False,False,病院,8.0
消化器系の疾患,male,a15_19,15.0,19.0,False,False,一般診療所,7.0
消化器系の疾患,female,a15_19,15.0,19.0,False,False,総数,6.9
消化器系の疾患,female,a15_19,15.0,19.0,False,False,病院,7.0
消化器系の疾患,female,a15_19,15.0,19.0,False,False,一般診療所,5.0
う蝕,total,a15_19,15.0,19.0,False,False,総数,1.5
う蝕,total,a15_19,15.0,19.0,False,False,病院,1.5
う蝕,male,a15_19,15.0,19.0,False,False,総数,1.1
う蝕,male,a15_19,15.0,19.0,False,False,病院,1.1
う蝕,female,a15_19,15.0,19.0,False,False,総数,2.3
う蝕,female,a15_19,15.0,19.0,False,False,病院,2.3
歯肉炎及び歯周疾患,total,a15_19,15.0,19.0,False,False,総数,3.2
歯肉炎及び歯周疾患,total,a15_19,15.0,19.0,False,False,病院,3.2
歯肉炎及び歯周疾患,male,a15_19,15.0,19.0,False,False,総数,2.1
歯肉炎及び歯周疾患,male,a15_19,15.0,19.0,False,False,病院,2.1
歯肉炎及び歯周疾患,female,a15_19,15.0,19.0,False,False,総数,4.1
歯肉炎及び歯周疾患,female,a15_19,15.0,19.0,False,False,病院,4.1
胃潰瘍及び十二指腸潰瘍,total,a15_19,15.0,19.0,False,False,総数,8.3
胃潰瘍及び十二指腸潰瘍,total,a15_19,15.0,19.0,False,False,病院,8.3
胃潰瘍及び十二指腸潰瘍,male,a15_19,15.0,19.0,False,False,総数,8.7
胃潰瘍及び十二指腸潰瘍,male,a15_19,15.0,19.0,False,False,病院,8.7
胃潰瘍及び十二指腸潰瘍,female,a15_19,15.0,19.0,False,False,総数,7.3
胃潰瘍及び十二指腸潰瘍,female,a15_19,15.0,19.0,False,False,病院,7.3
胃炎及び十二指腸炎,total,a15_19,15.0,19.0,False,False,総数,7.6
胃炎及び十二指腸炎,total,a15_19,15.0,19.0,False,False,病院,7.6
胃炎及び十二指腸炎,male,a15_19,15.0,19.0,False,False,総数,3.3
胃炎及び十二指腸炎,male,a15_19,15.0,19.0,False,False,病院,3.3
胃炎及び十二指腸炎,female,a15_19,15.0,19.0,False,False,総数,10.2
胃炎及び十二指腸炎,female,a15_19,15.0,19.0,False,False,病院,10.2
肝疾患,total,a15_19,15.0,19.0,False,False,総数,6.6
肝疾患,total,a15_19,15.0,19.0,False,False,病院,6.6
肝疾患,male,a15_19,15.0,19.0,False,False,総数,6.3
肝疾患,male,a15_19,15.0,19.0,False,False,病院,6.3
肝疾患,female,a15_19,15.0,19.0,False,False,総数,7.0
肝疾患,female,a15_19,15.0,19.0,False,False,病院,7.0
皮膚及び皮下組織の疾患,total,a15_19,15.0,19.0,False,False,総数,8.1
皮膚及び皮下組織の疾患,total,a15_19,15.0,19.0,False,False,病院,8.4
皮膚及び皮下組織の疾患,total,a15_19,15.0,19.0,False,False,一般診療所,1.0
皮膚及び皮下組織の疾患,male,a15_19,15.0,19.0,False,False,総数,8.0
皮膚及び皮下組織の疾患,male,a15_19,15.0,19.0,False,False,病院,8.2
皮膚及び皮下組織の疾患,male,a15_19,15.0,19.0,False,False,一般診療所,1.0
皮膚及び皮下組織の疾患,female,a15_19,15.0,19.0,False,False,総数,8.3
皮膚及び皮下組織の疾患,female,a15_19,15.0,19.0,False,False,病院,8.6
皮膚及び皮下組織の疾患,female,a15_19,15.0,19.0,False,False,一般診療所,1.0
筋骨格系及び結合組織の疾患,total,a15_19,15.0,19.0,False,False,総数,13.6
筋骨格系及び結合組織の疾患,total,a15_19,15.0,19.0,False,False,病院,13.6
筋骨格系及び結合組織の疾患,total,a15_19,15.0,19.0,False,False,一般診療所,12.4
筋骨格系及び結合組織の疾患,male,a15_19,15.0,19.0,False,False,総数,11.6
筋骨格系及び結合組織の疾患,male,a15_19,15.0,19.0,False,False,病院,11.6
筋骨格系及び結合組織の疾患,male,a15_19,15.0,19.0,False,False,一般診療所,12.8
筋骨格系及び結合組織の疾患,female,a15_19,15.0,19.0,False,False,総数,16.3
筋骨格系及び結合組織の疾患,female,a15_19,15.0,19.0,False,False,病院,16.4
筋骨格系及び結合組織の疾患,female,a15_19,15.0,19.0,False,False,一般診療所,9.0
炎症性多発性関節障害,total,a15_19,15.0,19.0,False,False,総数,9.4
炎症性多発性関節障害,total,a15_19,15.0,19.0,False,False,病院,9.4
炎症性多発性関節障害,male,a15_19,15.0,19.0,False,False,総数,18.9
炎症性多発性関節障害,male,a15_19,15.0,19.0,False,False,病院,18.9
炎症性多発性関節障害,female,a15_19,15.0,19.0,False,False,総数,6.9
炎症性多発性関節障害,female,a15_19,15.0,19.0,False,False,病院,6.9
関節症,total,a15_19,15.0,19.0,False,False,総数,34.5
関節症,total,a15_19,15.0,19.0,False,False,病院,34.5
関節症,male,a15_19,15.0,19.0,False,False,総数,21.4
関節症,male,a15_19,15.0,19.0,False,False,病院,21.4
関節症,female,a15_19,15.0,19.0,False,False,総数,40.1
関節症,female,a15_19,15.0,19.0,False,False,病院,40.1
脊柱障害,total,a15_19,15.0,19.0,False,False,総数,17.6
脊柱障害,total,a15_19,15.0,19.0,False,False,病院,17.6
脊柱障害,male,a15_19,15.0,19.0,False,False,総数,15.5
脊柱障害,male,a15_19,15.0,19.0,False,False,病院,15.5
脊柱障害,female,a15_19,15.0,19.0,False,False,総数,19.7
脊柱障害,female,a15_19,15.0,19.0,False,False,病院,19.7
骨の密度及び構造の障害,total,a15_19,15.0,19.0,False,False,総数,11.7
骨の密度及び構造の障害,total,a15_19,15.0,19.0,False,False,病院,10.0
骨の密度及び構造の障害,total,a15_19,15.0,19.0,False,False,一般診療所,20.0
骨の密度及び構造の障害,male,a15_19,15.0,19.0,False,False,総数,9.0
骨の密度及び構造の障害,male,a15_19,15.0,19.0,False,False,病院,6.2
骨の密度及び構造の障害,male,a15_19,15.0,19.0,False,False,一般診療所,20.0
骨の密度及び構造の障害,female,a15_19,15.0,19.0,False,False,総数,25.4
骨の密度及び構造の障害,female,a15_19,15.0,19.0,False,False,病院,25.4
腎尿路生殖器系の疾患,total,a15_19,15.0,19.0,False,False,総数,9.1
腎尿路生殖器系の疾患,total,a15_19,15.0,19.0,False,False,病院,9.4
腎尿路生殖器系の疾患,total,a15_19,15.0,19.0,False,False,一般診療所,5.3
腎尿路生殖器系の疾患,male,a15_19,15.0,19.0,False,False,総数,11.9
腎尿路生殖器系の疾患,male,a15_19,15.0,19.0,False,False,病院,12.1
腎尿路生殖器系の疾患,male,a15_19,15.0,19.0,False,False,一般診療所,9.7
腎尿路生殖器系の疾患,female,a15_19,15.0,19.0,False,False,総数,7.5
腎尿路生殖器系の疾患,female,a15_19,15.0,19.0,False,False,病院,7.8
腎尿路生殖器系の疾患,female,a15_19,15.0,19.0,False,False,一般診療所,4.0
"糸球体疾患,腎尿細管間質性疾患及び腎不全",total,a15_19,15.0,19.0,False,False,総数,11.9
"糸球体疾患,腎尿細管間質性疾患及び腎不全",total,a15_19,15.0,19.0,False,False,病院,12.5
"糸球体疾患,腎尿細管間質性疾患及び腎不全",total,a15_19,15.0,19.0,False,False,一般診療所,5.5
"糸球体疾患,腎尿細管間質性疾患及び腎不全",male,a15_19,15.0,19.0,False,False,総数,15.9
"糸球体疾患,腎尿細管間質性疾患及び腎不全",male,a15_19,15.0,19.0,False,False,病院,15.8
"糸球体疾患,腎尿細管間質性疾患及び腎不全",male,a15_19,15.0,19.0,False,False,一般診療所,19.0
"糸球体疾患,腎尿細管間質性疾患及び腎不全",female,a15_19,15.0,19.0,False,False,総数,9.2
"糸球体疾患,腎尿細管間質性疾患及び腎不全",female,a15_19,15.0,19.0,False,False,病院,10.0
"糸球体疾患,腎尿細管間質性疾患及び腎不全",female,a15_19,15.0,19.0,False,False,一般診療所,3.3
乳房及び女性生殖器の疾患,total,a15_19,15.0,19.0,False,False,総数,5.2
乳房及び女性生殖器の疾患,total,a15_19,15.0,19.0,False,False,病院,5.2
乳房及び女性生殖器の疾患,male,a15_19,15.0,19.0,False,False,総数,5.0
乳房及び女性生殖器の疾患,male,a15_19,15.0,19.0,False,False,病院,5.0
乳房及び女性生殖器の疾患,female,a15_19,15.0,19.0,False,False,総数,5.2
乳房及び女性生殖器の疾患,female,a15_19,15.0,19.0,False,False,病院,5.2
"妊娠,分娩及び産じょく",total,a15_19,15.0,19.0,False,False,総数,7.5
"妊娠,分娩及び産じょく",total,a15_19,15.0,19.0,False,False,病院,7.9
"妊娠,分娩及び産じょく",total,a15_19,15.0,19.0,False,False,一般診療所,6.8
"妊娠,分娩及び産じょく",female,a15_19,15.0,19.0,False,False,総数,7.5
"妊娠,分娩及び産じょく",female,a15_19,15.0,19.0,False,False,病院,7.9
"妊娠,分娩及び産じょく",female,a15_19,15.0,19.0,False,False,一般診療所,6.8
妊娠高血圧症候群,total,a15_19,15.0,19.0,False,False,総数,9.1
妊娠高血圧症候群,total,a15_19,15.0,19.0,False,False,病院,9.1
妊娠高血圧症候群,female,a15_19,15.0,19.0,False,False,総数,9.1
妊娠高血圧症候群,female,a15_19,15.0,19.0,False,False,病院,9.1
"先天奇形,変形及び染色体異常",total,a15_19,15.0,19.0,False,False,総数,26.1
"先天奇形,変形及び染色体異常",total,a15_19,15.0,19.0,False,False,病院,28.0
"先天奇形,変形及び染色体異常",total,a15_19,15.0,19.0,False,False,一般診療所,4.0
"先天奇形,変形及び染色体異常",male,a15_19,15.0,19.0,False,False,総数,11.9
"先天奇形,変形及び染色体異常",male,a15_19,15.0,19.0,False,False,病院,11.9
"先天奇形,変形及び染色体異常",female,a15_19,15.0,19.0,False,False,総数,38.3
"先天奇形,変形及び染色体異常",female,a15_19,15.0,19.0,False,False,病院,44.1
"先天奇形,変形及び染色体異常",female,a15_19,15.0,19.0,False,False,一般診療所,4.0
"症状,徴候及び異常臨床所見・異常検査所見で他に分類されないもの",total,a15_19,15.0,19.0,False,False,総数,3.9
"症状,徴候及び異常臨床所見・異常検査所見で他に分類されないもの",total,a15_19,15.0,19.0,False,False,病院,4.2
"症状,徴候及び異常臨床所見・異常検査所見で他に分類されないもの",male,a15_19,15.0,19.0,False,False,総数,5.2
"症状,徴候及び異常臨床所見・異常検査所見で他に分類されないもの",male,a15_19,15.0,19.0,False,False,病院,5.2
"症状,徴候及び異常臨床所見・異常検査所見で他に分類されないもの",female,a15_19,15.0,19.0,False,False,総数,3.0
"症状,徴候及び異常臨床所見・異常検査所見で他に分類されないもの",female,a15_19,15.0,19.0,False,False,病院,3.4
"損傷,中毒及びその他の外因の影響",total,a15_19,15.0,19.0,False,False,総数,13.8
"損傷,中毒及びその他の外因の影響",total,a15_19,15.0,19.0,False,False,病院,13.9
"損傷,中毒及びその他の外因の影響",total,a15_19,15.0,19.0,False,False,一般診療所,11.7
"損傷,中毒及びその他の外因の影響",male,a15_19,15.0,19.0,False,False,総数,15.0
"損傷,中毒及びその他の外因の影響",male,a15_19,15.0,19.0,False,False,病院,14.9
"損傷,中毒及びその他の外因の影響",male,a15_19,15.0,19.0,False,False,一般診療所,15.7
"損傷,中毒及びその他の外因の影響",female,a15_19,15.0,19.0,False,False,総数,11.4
"損傷,中毒及びその他の外因の影響",female,a15_19,15.0,19.0,False,False,病院,11.9
"損傷,中毒及びその他の外因の影響",female,a15_19,15.0,19.0,False,False,一般診療所,7.0
骨折,total,a15_19,15.0,19.0,False,False,総数,11.2
骨折,total,a15_19,15.0,19.0,False,False,病院,11.1
骨折,total,a15_19,15.0,19.0,False,False,一般診療所,18.7
骨折,male,a15_19,15.0,19.0,False,False,総数,10.7
骨折,male,a15_19,15.0,19.0,False,False,病院,10.6
骨折,male,a15_19,15.0,19.0,False,False,一般診療所,19.2
骨折,female,a15_19,15.0,19.0,False,False,総数,13.8
骨折,female,a15_19,15.0,19.0,False,False,病院,13.8
骨折,female,a15_19,15.0,19.0,False,False,一般診療所,17.0
健康状態に影響を及ぼす要因及び保健サービスの利用,total,a15_19,15.0,19.0,False,False,総数,4.5
健康状態に影響を及ぼす要因及び保健サービスの利用,total,a15_19,15.0,19.0,False,False,病院,5.1
健康状態に影響を及ぼす要因及び保健サービスの利用,total,a15_19,15.0,19.0,False,False,一般診療所,1.7
健康状態に影響を及ぼす要因及び保健サービスの利用,male,a15_19,15.0,19.0,False,False,総数,3.6
健康状態に影響を及ぼす要因及び保健サービスの利用,male,a15_19,15.0,19.0,False,False,病院,3.6
健康状態に影響を及ぼす要因及び保健サービスの利用,male,a15_19,15.0,19.0,False,False,一般診療所,3.0
健康状態に影響を及ぼす要因及び保健サービスの利用,female,a15_19,15.0,19.0,False,False,総数,4.7
健康状態に影響を及ぼす要因及び保健サービスの利用,female,a15_19,15.0,19.0,False,False,病院,5.6
健康状態に影響を及ぼす要因及び保健サービスの利用,female,a15_19,15.0,19.0,False,False,一般診療所,1.5
総数,total,a20_24,20.0,24.0,False,False,総数,11.9
総数,total,a20_24,20.0,24.0,False,False,病院,12.9
総数,total,a20_24,20.0,24.0,False,False,一般診療所,7.1
総数,male,a20_24,20.0,24.0,False,False,総数,15.1
総数,male,a20_24,20.0,24.0,False,False,病院,15.1
総数,male,a20_24,20.0,24.0,False,False,一般診療所,14.2
総数,female,a20_24,20.0,24.0,False,False,総数,10.1
総数,female,a20_24,20.0,24.0,False,False,病院,11.5
総数,female,a20_24,20.0,24.0,False,False,一般診療所,6.2
感染症及び寄生虫症,total,a20_24,20.0,24.0,False,False,総数,7.8
感染症及び寄生虫症,total,a20_24,20.0,24.0,False,False,病院,7.8
感染症及び寄生虫症,total,a20_24,20.0,24.0,False,False,一般診療所,5.3
感染症及び寄生虫症,male,a20_24,20.0,24.0,False,False,総数,7.1
感染症及び寄生虫症,male,a20_24,20.0,24.0,False,False,病院,7.2
感染症及び寄生虫症,male,a20_24,20.0,24.0,False,False,一般診療所,3.0
感染症及び寄生虫症,female,a20_24,20.0,24.0,False,False,総数,8.4
感染症及び寄生虫症,female,a20_24,20.0,24.0,False,False,病院,8.4
感染症及び寄生虫症,female,a20_24,20.0,24.0,False,False,一般診療所,6.7
腸管感染症,total,a20_24,20.0,24.0,False,False,総数,5.1
腸管感染症,total,a20_24,20.0,24.0,False,False,病院,5.1
腸管感染症,total,a20_24,20.0,24.0,False,False,一般診療所,3.0
腸管感染症,male,a20_24,20.0,24.0,False,False,総数,5.1
腸管感染症,male,a20_24,20.0,24.0,False,False,病院,5.1
腸管感染症,male,a20_24,20.0,24.0,False,False,一般診療所,3.0
腸管感染症,female,a20_24,20.0,24.0,False,False,総数,5.1
腸管感染症,female,a20_24,20.0,24.0,False,False,病院,5.1
結核,total,a20_24,20.0,24.0,False,False,総数,29.5
結核,total,a20_24,20.0,24.0,False,False,病院,29.5
結核,male,a20_24,20.0,24.0,False,False,総数,25.4
結核,male,a20_24,20.0,24.0,False,False,病院,25.4
結核,female,a20_24,20.0,24.0,False,False,総数,34.7
結核,female,a20_24,20.0,24.0,False,False,病院,34.7
皮膚及び粘膜の病変を伴うウイルス疾患,total,a20_24,20.0,24.0,False,False,総数,8.2
皮膚及び粘膜の病変を伴うウイルス疾患,total,a20_24,20.0,24.0,False,False,病院,8.2
皮膚及び粘膜の病変を伴うウイルス疾患,male,a20_24,20.0,24.0,False,False,総数,9.4
皮膚及び粘膜の病変を伴うウイルス疾患,male,a20_24,20.0,24.0,False,False,病院,9.4
皮膚及び粘膜の病変を伴うウイルス疾患,female,a20_24,20.0,24.0,False,False,総数,6.8
皮膚及び粘膜の病変を伴うウイルス疾患,female,a20_24,20.0,24.0,False,False,病院,6.8
真菌症,total,a20_24,20.0,24.0,False,False,総数,11.8
真菌症,total,a20_24,20.0,24.0,False,False,病院,11.8
真菌症,male,a20_24,20.0,24.0,False,False,総数,22.0
真菌症,male,a20_24,20.0,24.0,False,False,病院,22.0
真菌症,female,a20_24,20.0,24.0,False,False,総数,8.3
真菌症,female,a20_24,20.0,24.0,False,False,病院,8.3
新生物,total,a20_24,20.0,24.0,False,False,総数,15.0
新生物,total,a20_24,20.0,24.0,False,False,病院,15.1
新生物,total,a20_24,20.0,24.0,False,False,一般診療所,11.0
新生物,male,a20_24,20.0,24.0,False,False,総数,24.7
新生物,male,a20_24,20.0,24.0,False,False,病院,24.7
新生物,female,a20_24,20.0,24.0,False,False,総数,10.6
新生物,female,a20_24,20.0,24.0,False,False,病院,10.6
新生物,female,a20_24,20.0,24.0,False,False,一般診療所,11.0
悪性新生物,total,a20_24,20.0,24.0,False,False,総数,25.3
悪性新生物,total,a20_24,20.0,24.0,False,False,病院,25.3
悪性新生物,male,a20_24,20.0,24.0,False,False,総数,31.9
悪性新生物,male,a20_24,20.0,24.0,False,False,病院,31.9
悪性新生物,female,a20_24,20.0,24.0,False,False,総数,18.4
悪性新生物,female,a20_24,20.0,24.0,False,False,病院,18.4
胃の悪性新生物,total,a20_24,20.0,24.0,False,False,総数,18.4
胃の悪性新生物,total,a20_24,20.0,24.0,False,False,病院,18.4
胃の悪性新生物,male,a20_24,20.0,24.0,False,False,総数,23.1
胃の悪性新生物,male,a20_24,20.0,24.0,False,False,病院,23.1
胃の悪性新生物,female,a20_24,20.0,24.0,False,False,総数,13.4
胃の悪性新生物,female,a20_24,20.0,24.0,False,False,病院,13.4
結腸及び直腸の悪性新生物,total,a20_24,20.0,24.0,False,False,総数,18.4
結腸及び直腸の悪性新生物,total,a20_24,20.0,24.0,False,False,病院,18.4
結腸及び直腸の悪性新生物,male,a20_24,20.0,24.0,False,False,総数,20.0
結腸及び直腸の悪性新生物,male,a20_24,20.0,24.0,False,False,病院,20.0
結腸及び直腸の悪性新生物,female,a20_24,20.0,24.0,False,False,総数,16.1
結腸及び直腸の悪性新生物,female,a20_24,20.0,24.0,False,False,病院,16.1
"気管,気管支及び肺の悪性新生物",total,a20_24,20.0,24.0,False,False,総数,10.3
"気管,気管支及び肺の悪性新生物",total,a20_24,20.0,24.0,False,False,病院,10.3
"気管,気管支及び肺の悪性新生物",male,a20_24,20.0,24.0,False,False,総数,11.3
"気管,気管支及び肺の悪性新生物",male,a20_24,20.0,24.0,False,False,病院,11.3
"気管,気管支及び肺の悪性新生物",female,a20_24,20.0,24.0,False,False,総数,2.5
"気管,気管支及び肺の悪性新生物",female,a20_24,20.0,24.0,False,False,病院,2.5
血液及び造血器の疾患並びに免疫機構の障害,total,a20_24,20.0,24.0,False,False,総数,13.4
血液及び造血器の疾患並びに免疫機構の障害,total,a20_24,20.0,24.0,False,False,病院,15.2
血液及び造血器の疾患並びに免疫機構の障害,total,a20_24,20.0,24.0,False,False,一般診療所,5.9
血液及び造血器の疾患並びに免疫機構の障害,male,a20_24,20.0,24.0,False,False,総数,15.0
血液及び造血器の疾患並びに免疫機構の障害,male,a20_24,20.0,24.0,False,False,病院,15.0
血液及び造血器の疾患並びに免疫機構の障害,female,a20_24,20.0,24.0,False,False,総数,12.7
血液及び造血器の疾患並びに免疫機構の障害,female,a20_24,20.0,24.0,False,False,病院,15.4
血液及び造血器の疾患並びに免疫機構の障害,female,a20_24,20.0,24.0,False,False,一般診療所,5.9
"内分泌,栄養及び代謝疾患",total,a20_24,20.0,24.0,False,False,総数,12.2
"内分泌,栄養及び代謝疾患",total,a20_24,20.0,24.0,False,False,病院,12.2
"内分泌,栄養及び代謝疾患",male,a20_24,20.0,24.0,False,False,総数,10.3
"内分泌,栄養及び代謝疾患",male,a20_24,20.0,24.0,False,False,病院,10.3
"内分泌,栄養及び代謝疾患",female,a20_24,20.0,24.0,False,False,総数,13.7
"内分泌,栄養及び代謝疾患",female,a20_24,20.0,24.0,False,False,病院,13.7
甲状腺障害,total,a20_24,20.0,24.0,False,False,総数,10.7
甲状腺障害,total,a20_24,20.0,24.0,False,False,病院,10.7
甲状腺障害,male,a20_24,20.0,24.0,False,False,総数,8.0
甲状腺障害,male,a20_24,20.0,24.0,False,False,病院,8.0
甲状腺障害,female,a20_24,20.0,24.0,False,False,総数,11.4
甲状腺障害,female,a20_24,20.0,24.0,False,False,病院,11.4
糖尿病,total,a20_24,20.0,24.0,False,False,総数,17.4
糖尿病,total,a20_24,20.0,24.0,False,False,病院,17.4
糖尿病,male,a20_24,20.0,24.0,False,False,総数,15.7
糖尿病,male,a20_24,20.0,24.0,False,False,病院,15.7
糖尿病,female,a20_24,20.0,24.0,False,False,総数,18.9
糖尿病,female,a20_24,20.0,24.0,False,False,病院,18.9
精神及び行動の障害,total,a20_24,20.0,24.0,False,False,総数,49.2
精神及び行動の障害,total,a20_24,20.0,24.0,False,False,病院,49.4
精神及び行動の障害,total,a20_24,20.0,24.0,False,False,一般診療所,8.5
精神及び行動の障害,male,a20_24,20.0,24.0,False,False,総数,50.9
精神及び行動の障害,male,a20_24,20.0,24.0,False,False,病院,51.2
精神及び行動の障害,female,a20_24,20.0,24.0,False,False,総数,48.0
精神及び行動の障害,female,a20_24,20.0,24.0,False,False,病院,48.2
精神及び行動の障害,female,a20_24,20.0,24.0,False,False,一般診療所,16.0
"統合失調症,統合失調症型障害及び妄想性障害",total,a20_24,20.0,24.0,False,False,総数,77.2
"統合失調症,統合失調症型障害及び妄想性障害",total,a20_24,20.0,24.0,False,False,病院,77.2
"統合失調症,統合失調症型障害及び妄想性障害",male,a20_24,20.0,24.0,False,False,総数,87.1
"統合失調症,統合失調症型障害及び妄想性障害",male,a20_24,20.0,24.0,False,False,病院,87.1
"統合失調症,統合失調症型障害及び妄想性障害",female,a20_24,20.0,24.0,False,False,総数,68.6
"統合失調症,統合失調症型障害及び妄想性障害",female,a20_24,20.0,24.0,False,False,病院,68.6
気分[感情]障害(躁うつ病を含む),total,a20_24,20.0,24.0,False,False,総数,37.9
気分[感情]障害(躁うつ病を含む),total,a20_24,20.0,24.0,False,False,病院,38.4
気分[感情]障害(躁うつ病を含む),total,a20_24,20.0,24.0,False,False,一般診療所,16.0
気分[感情]障害(躁うつ病を含む),male,a20_24,20.0,24.0,False,False,総数,49.0
気分[感情]障害(躁うつ病を含む),male,a20_24,20.0,24.0,False,False,病院,49.0
気分[感情]障害(躁うつ病を含む),female,a20_24,20.0,24.0,False,False,総数,34.7
気分[感情]障害(躁うつ病を含む),female,a20_24,20.0,24.0,False,False,病院,35.1
気分[感情]障害(躁うつ病を含む),female,a20_24,20.0,24.0,False,False,一般診療所,16.0
"神経症性障害,ストレス関連障害及び身体表現性障害",total,a20_24,20.0,24.0,False,False,総数,32.6
"神経症性障害,ストレス関連障害及び身体表現性障害",total,a20_24,20.0,24.0,False,False,病院,32.6
"神経症性障害,ストレス関連障害及び身体表現性障害",male,a20_24,20.0,24.0,False,False,総数,26.6
"神経症性障害,ストレス関連障害及び身体表現性障害",male,a20_24,20.0,24.0,False,False,病院,26.6
"神経症性障害,ストレス関連障害及び身体表現性障害",female,a20_24,20.0,24.0,False,False,総数,35.4
"神経症性障害,ストレス関連障害及び身体表現性障害",female,a20_24,20.0,24.0,False,False,病院,35.4
神経系の疾患,total,a20_24,20.0,24.0,False,False,総数,17.8
神経系の疾患,total,a20_24,20.0,24.0,False,False,病院,17.9
神経系の疾患,total,a20_24,20.0,24.0,False,False,一般診療所,10.5
神経系の疾患,male,a20_24,20.0,24.0,False,False,総数,11.0
神経系の疾患,male,a20_24,20.0,24.0,False,False,病院,11.0
神経系の疾患,female,a20_24,20.0,24.0,False,False,総数,26.8
神経系の疾患,female,a20_24,20.0,24.0,False,False,病院,27.3
神経系の疾患,female,a20_24,20.0,24.0,False,False,一般診療所,10.5
眼及び付属器の疾患,total,a20_24,20.0,24.0,False,False,総数,8.0
眼及び付属器の疾患,total,a20_24,20.0,24.0,False,False,病院,8.0
眼及び付属器の疾患,male,a20_24,20.0,24.0,False,False,総数,8.4
眼及び付属器の疾患,male,a20_24,20.0,24.0,False,False,病院,8.4
眼及び付属器の疾患,female,a20_24,20.0,24.0,False,False,総数,7.5
眼及び付属器の疾患,female,a20_24,20.0,24.0,False,False,病院,7.5
白内障,total,a20_24,20.0,24.0,False,False,総数,4.2
白内障,total,a20_24,20.0,24.0,False,False,病院,4.2
白内障,male,a20_24,20.0,24.0,False,False,総数,3.5
白内障,male,a20_24,20.0,24.0,False,False,病院,3.5
白内障,female,a20_24,20.0,24.0,False,False,総数,5.4
白内障,female,a20_24,20.0,24.0,False,False,病院,5.4
耳及び乳様突起の疾患,total,a20_24,20.0,24.0,False,False,総数,8.8
耳及び乳様突起の疾患,total,a20_24,20.0,24.0,False,False,病院,9.2
耳及び乳様突起の疾患,total,a20_24,20.0,24.0,False,False,一般診療所,3.0
耳及び乳様突起の疾患,male,a20_24,20.0,24.0,False,False,総数,9.7
耳及び乳様突起の疾患,male,a20_24,20.0,24.0,False,False,病院,9.7
耳及び乳様突起の疾患,female,a20_24,20.0,24.0,False,False,総数,8.0
耳及び乳様突起の疾患,female,a20_24,20.0,24.0,False,False,病院,8.6
耳及び乳様突起の疾患,female,a20_24,20.0,24.0,False,False,一般診療所,3.0
循環器系の疾患,total,a20_24,20.0,24.0,False,False,総数,12.0
循環器系の疾患,total,a20_24,20.0,24.0,False,False,病院,14.4
循環器系の疾患,total,a20_24,20.0,24.0,False,False,一般診療所,5.7
循環器系の疾患,male,a20_24,20.0,24.0,False,False,総数,10.3
循環器系の疾患,male,a20_24,20.0,24.0,False,False,病院,11.2
循環器系の疾患,male,a20_24,20.0,24.0,False,False,一般診療所,6.5
循環器系の疾患,female,a20_24,20.0,24.0,False,False,総数,14.3
循環器系の疾患,female,a20_24,20.0,24.0,False,False,病院,19.4
循環器系の疾患,female,a20_24,20.0,24.0,False,False,一般診療所,5.0
高血圧性疾患,total,a20_24,20.0,24.0,False,False,総数,10.2
高血圧性疾患,total,a20_24,20.0,24.0,False,False,病院,10.8
高血圧性疾患,total,a20_24,20.0,24.0,False,False,一般診療所,7.0
高血圧性疾患,male,a20_24,20.0,24.0,False,False,総数,6.3
高血圧性疾患,male,a20_24,20.0,24.0,False,False,病院,6.3
高血圧性疾患,female,a20_24,20.0,24.0,False,False,総数,10.9
高血圧性疾患,female,a20_24,20.0,24.0,False,False,病院,12.0
高血圧性疾患,female,a20_24,20.0,24.0,False,False,一般診療所,7.0
心疾患(高血圧性のものを除く),total,a20_24,20.0,24.0,False,False,総数,14.1
心疾患(高血圧性のものを除く),total,a20_24,20.0,24.0,False,False,病院,14.1
心疾患(高血圧性のものを除く),male,a20_24,20.0,24.0,False,False,総数,10.6
心疾患(高血圧性のものを除く),male,a20_24,20.0,24.0,False,False,病院,10.6
心疾患(高血圧性のものを除く),female,a20_24,20.0,24.0,False,False,総数,21.4
心疾患(高血圧性のものを除く),female,a20_24,20.0,24.0,False,False,病院,21.4
虚血性心疾患,total,a20_24,20.0,24.0,False,False,総数,8.4
虚血性心疾患,total,a20_24,20.0,24.0,False,False,病院,8.4
虚血性心疾患,male,a20_24,20.0,24.0,False,False,総数,6.6
虚血性心疾患,male,a20_24,20.0,24.0,False,False,病院,6.6
虚血性心疾患,female,a20_24,20.0,24.0,False,False,総数,11.0
虚血性心疾患,female,a20_24,20.0,24.0,False,False,病院,11.0
脳血管疾患,total,a20_24,20.0,24.0,False,False,総数,27.7
脳血管疾患,total,a20_24,20.0,24.0,False,False,病院,27.7
脳血管疾患,male,a20_24,20.0,24.0,False,False,総数,21.6
脳血管疾患,male,a20_24,20.0,24.0,False,False,病院,21.6
脳血管疾患,female,a20_24,20.0,24.0,False,False,総数,35.9
脳血管疾患,female,a20_24,20.0,24.0,False,False,病院,35.9
呼吸器系の疾患,total,a20_24,20.0,24.0,False,False,総数,10.1
呼吸器系の疾患,total,a20_24,20.0,24.0,False,False,病院,10.2
呼吸器系の疾患,total,a20_24,20.0,24.0,False,False,一般診療所,6.0
呼吸器系の疾患,male,a20_24,20.0,24.0,False,False,総数,12.2
呼吸器系の疾患,male,a20_24,20.0,24.0,False,False,病院,12.3
呼吸器系の疾患,male,a20_24,20.0,24.0,False,False,一般診療所,3.0
呼吸器系の疾患,female,a20_24,20.0,24.0,False,False,総数,6.7
呼吸器系の疾患,female,a20_24,20.0,24.0,False,False,病院,6.7
呼吸器系の疾患,female,a20_24,20.0,24.0,False,False,一般診療所,7.6
急性上気道感染症,total,a20_24,20.0,24.0,False,False,総数,4.9
急性上気道感染症,total,a20_24,20.0,24.0,False,False,病院,4.9
急性上気道感染症,male,a20_24,20.0,24.0,False,False,総数,5.0
急性上気道感染症,male,a20_24,20.0,24.0,False,False,病院,5.0
急性上気道感染症,female,a20_24,20.0,24.0,False,False,総数,4.9
急性上気道感染症,female,a20_24,20.0,24.0,False,False,病院,4.9
肺炎,total,a20_24,20.0,24.0,False,False,総数,7.9
肺炎,total,a20_24,20.0,24.0,False,False,病院,7.9
肺炎,total,a20_24,20.0,24.0,False,False,一般診療所,7.6
肺炎,male,a20_24,20.0,24.0,False,False,総数,8.3
肺炎,male,a20_24,20.0,24.0,False,False,病院,8.3
肺炎,female,a20_24,20.0,24.0,False,False,総数,7.4
肺炎,female,a20_24,20.0,24.0,False,False,病院,7.4
肺炎,female,a20_24,20.0,24.0,False,False,一般診療所,7.6
急性気管支炎及び急性細気管支炎,total,a20_24,20.0,24.0,False,False,総数,5.2
急性気管支炎及び急性細気管支炎,total,a20_24,20.0,24.0,False,False,病院,5.6
急性気管支炎及び急性細気管支炎,total,a20_24,20.0,24.0,False,False,一般診療所,3.0
急性気管支炎及び急性細気管支炎,male,a20_24,20.0,24.0,False,False,総数,4.2
急性気管支炎及び急性細気管支炎,male,a20_24,20.0,24.0,False,False,病院,4.6
急性気管支炎及び急性細気管支炎,male,a20_24,20.0,24.0,False,False,一般診療所,3.0
急性気管支炎及び急性細気管支炎,female,a20_24,20.0,24.0,False,False,総数,6.5
急性気管支炎及び急性細気管支炎,female,a20_24,20.0,24.0,False,False,病院,6.5
気管支炎及び慢性閉塞性肺疾患,total,a20_24,20.0,24.0,False,False,総数,3.8
気管支炎及び慢性閉塞性肺疾患,total,a20_24,20.0,24.0,False,False,病院,3.8
気管支炎及び慢性閉塞性肺疾患,female,a20_24,20.0,24.0,False,False,総数,3.8
気管支炎及び慢性閉塞性肺疾患,female,a20_24,20.0,24.0,False,False,病院,3.8
喘息,total,a20_24,20.0,24.0,False,False,総数,6.4
喘息,total,a20_24,20.0,24.0,False,False,病院,6.4
喘息,male,a20_24,20.0,24.0,False,False,総数,5.2
喘息,male,a20_24,20.0,24.0,False,False,病院,5.2
喘息,female,a20_24,20.0,24.0,False,False,総数,7.3
喘息,female,a20_24,20.0,24.0,False,False,病院,7.3
消化器系の疾患,total,a20_24,20.0,24.0,False,False,総数,7.7
消化器系の疾患,total,a20_24,20.0,24.0,False,False,病院,7.9
消化器系の疾患,total,a20_24,20.0,24.0,False,False,一般診療所,5.0
消化器系の疾患,male,a20_24,20.0,24.0,False,False,総数,8.1
消化器系の疾患,male,a20_24,20.0,24.0,False,False,病院,8.4
消化器系の疾患,male,a20_24,20.0,24.0,False,False,一般診療所,5.5
消化器系の疾患,female,a20_24,20.0,24.0,False,False,総数,7.2
消化器系の疾患,female,a20_24,20.0,24.0,False,False,病院,7.3
消化器系の疾患,female,a20_24,20.0,24.0,False,False,一般診療所,2.9
う蝕,total,a20_24,20.0,24.0,False,False,総数,2.7
う蝕,total,a20_24,20.0,24.0,False,False,病院,2.7
う蝕,male,a20_24,20.0,24.0,False,False,総数,3.1
う蝕,male,a20_24,20.0,24.0,False,False,病院,3.1
う蝕,female,a20_24,20.0,24.0,False,False,総数,2.5
う蝕,female,a20_24,20.0,24.0,False,False,病院,2.5
歯肉炎及び歯周疾患,total,a20_24,20.0,24.0,False,False,総数,4.0
歯肉炎及び歯周疾患,total,a20_24,20.0,24.0,False,False,病院,4.0
歯肉炎及び歯周疾患,male,a20_24,20.0,24.0,False,False,総数,3.7
歯肉炎及び歯周疾患,male,a20_24,20.0,24.0,False,False,病院,3.7
歯肉炎及び歯周疾患,female,a20_24,20.0,24.0,False,False,総数,4.5
歯肉炎及び歯周疾患,female,a20_24,20.0,24.0,False,False,病院,4.5
胃潰瘍及び十二指腸潰瘍,total,a20_24,20.0,24.0,False,False,総数,6.9
胃潰瘍及び十二指腸潰瘍,total,a20_24,20.0,24.0,False,False,病院,8.1
胃潰瘍及び十二指腸潰瘍,total,a20_24,20.0,24.0,False,False,一般診療所,1.0
胃潰瘍及び十二指腸潰瘍,male,a20_24,20.0,24.0,False,False,総数,8.6
胃潰瘍及び十二指腸潰瘍,male,a20_24,20.0,24.0,False,False,病院,8.6
胃潰瘍及び十二指腸潰瘍,female,a20_24,20.0,24.0,False,False,総数,4.4
胃潰瘍及び十二指腸潰瘍,female,a20_24,20.0,24.0,False,False,病院,6.8
胃潰瘍及び十二指腸潰瘍,female,a20_24,20.0,24.0,False,False,一般診療所,1.0
胃炎及び十二指腸炎,total,a20_24,20.0,24.0,False,False,総数,3.6
胃炎及び十二指腸炎,total,a20_24,20.0,24.0,False,False,病院,3.5
胃炎及び十二指腸炎,total,a20_24,20.0,24.0,False,False,一般診療所,5.0
胃炎及び十二指腸炎,male,a20_24,20.0,24.0,False,False,総数,4.0
胃炎及び十二指腸炎,male,a20_24,20.0,24.0,False,False,病院,3.8
胃炎及び十二指腸炎,male,a20_24,20.0,24.0,False,False,一般診療所,5.0
胃炎及び十二指腸炎,female,a20_24,20.0,24.0,False,False,総数,3.4
胃炎及び十二指腸炎,female,a20_24,20.0,24.0,False,False,病院,3.4
肝疾患,total,a20_24,20.0,24.0,False,False,総数,11.1
肝疾患,total,a20_24,20.0,24.0,False,False,病院,11.1
肝疾患,male,a20_24,20.0,24.0,False,False,総数,11.9
肝疾患,male,a20_24,20.0,24.0,False,False,病院,11.9
肝疾患,female,a20_24,20.0,24.0,False,False,総数,10.5
肝疾患,female,a20_24,20.0,24.0,False,False,病院,10.5
皮膚及び皮下組織の疾患,total,a20_24,20.0,24.0,False,False,総数,9.6
皮膚及び皮下組織の疾患,total,a20_24,20.0,24.0,False,False,病院,9.8
皮膚及び皮下組織の疾患,total,a20_24,20.0,24.0,False,False,一般診療所,4.3
皮膚及び皮下組織の疾患,male,a20_24,20.0,24.0,False,False,総数,10.7
皮膚及び皮下組織の疾患,male,a20_24,20.0,24.0,False,False,病院,11.1
皮膚及び皮下組織の疾患,male,a20_24,20.0,24.0,False,False,一般診療所,5.0
皮膚及び皮下組織の疾患,female,a20_24,20.0,24.0,False,False,総数,8.2
皮膚及び皮下組織の疾患,female,a20_24,20.0,24.0,False,False,病院,8.3
皮膚及び皮下組織の疾患,female,a20_24,20.0,24.0,False,False,一般診療所,1.0
筋骨格系及び結合組織の疾患,total,a20_24,20.0,24.0,False,False,総数,20.9
筋骨格系及び結合組織の疾患,total,a20_24,20.0,24.0,False,False,病院,20.8
筋骨格系及び結合組織の疾患,total,a20_24,20.0,24.0,False,False,一般診療所,21.3
筋骨格系及び結合組織の疾患,male,a20_24,20.0,24.0,False,False,総数,24.2
筋骨格系及び結合組織の疾患,male,a20_24,20.0,24.0,False,False,病院,23.5
筋骨格系及び結合組織の疾患,male,a20_24,20.0,24.0,False,False,一般診療所,32.0
筋骨格系及び結合組織の疾患,female,a20_24,20.0,24.0,False,False,総数,15.6
筋骨格系及び結合組織の疾患,female,a20_24,20.0,24.0,False,False,病院,16.5
筋骨格系及び結合組織の疾患,female,a20_24,20.0,24.0,False,False,一般診療所,9.0
炎症性多発性関節障害,total,a20_24,20.0,24.0,False,False,総数,8.4
炎症性多発性関節障害,total,a20_24,20.0,24.0,False,False,病院,9.4
炎症性多発性関節障害,total,a20_24,20.0,24.0,False,False,一般診療所,3.0
炎症性多発性関節障害,male,a20_24,20.0,24.0,False,False,総数,8.8
炎症性多発性関節障害,male,a20_24,20.0,24.0,False,False,病院,8.8
炎症性多発性関節障害,female,a20_24,20.0,24.0,False,False,総数,8.1
炎症性多発性関節障害,female,a20_24,20.0,24.0,False,False,病院,9.8
炎症性多発性関節障害,female,a20_24,20.0,24.0,False,False,一般診療所,3.0
関節症,total,a20_24,20.0,24.0,False,False,総数,25.5
関節症,total,a20_24,20.0,24.0,False,False,病院,25.5
関節症,male,a20_24,20.0,24.0,False,False,総数,24.9
関節症,male,a20_24,20.0,24.0,False,False,病院,24.9
関節症,female,a20_24,20.0,24.0,False,False,総数,25.6
関節症,female,a20_24,20.0,24.0,False,False,病院,25.6
脊柱障害,total,a20_24,20.0,24.0,False,False,総数,19.6
脊柱障害,total,a20_24,20.0,24.0,False,False,病院,18.4
脊柱障害,total,a20_24,20.0,24.0,False,False,一般診療所,25.4
脊柱障害,male,a20_24,20.0,24.0,False,False,総数,22.6
脊柱障害,male,a20_24,20.0,24.0,False,False,病院,20.2
脊柱障害,male,a20_24,20.0,24.0,False,False,一般診療所,38.2
脊柱障害,female,a20_24,20.0,24.0,False,False,総数,13.5
脊柱障害,female,a20_24,20.0,24.0,False,False,病院,14.3
脊柱障害,female,a20_24,20.0,24.0,False,False,一般診療所,10.6
骨の密度及び構造の障害,total,a20_24,20.0,24.0,False,False,総数,12.3
骨の密度及び構造の障害,total,a20_24,20.0,24.0,False,False,病院,12.3
骨の密度及び構造の障害,male,a20_24,20.0,24.0,False,False,総数,12.7
骨の密度及び構造の障害,male,a20_24,20.0,24.0,False,False,病院,12.7
骨の密度及び構造の障害,female,a20_24,20.0,24.0,False,False,総数,9.7
骨の密度及び構造の障害,female,a20_24,20.0,24.0,False,False,病院,9.7
腎尿路生殖器系の疾患,total,a20_24,20.0,24.0,False,False,総数,7.0
腎尿路生殖器系の疾患,total,a20_24,20.0,24.0,False,False,病院,7.0
腎尿路生殖器系の疾患,total,a20_24,20.0,24.0,False,False,一般診療所,6.7
腎尿路生殖器系の疾患,male,a20_24,20.0,24.0,False,False,総数,8.4
腎尿路生殖器系の疾患,male,a20_24,20.0,24.0,False,False,病院,8.0
腎尿路生殖器系の疾患,male,a20_24,20.0,24.0,False,False,一般診療所,17.3
腎尿路生殖器系の疾患,female,a20_24,20.0,24.0,False,False,総数,6.5
腎尿路生殖器系の疾患,female,a20_24,20.0,24.0,False,False,病院,6.6
腎尿路生殖器系の疾患,female,a20_24,20.0,24.0,False,False,一般診療所,5.2
"糸球体疾患,腎尿細管間質性疾患及び腎不全",total,a20_24,20.0,24.0,False,False,総数,9.5
"糸球体疾患,腎尿細管間質性疾患及び腎不全",total,a20_24,20.0,24.0,False,False,病院,9.6
"糸球体疾患,腎尿細管間質性疾患及び腎不全",total,a20_24,20.0,24.0,False,False,一般診療所,7.7
"糸球体疾患,腎尿細管間質性疾患及び腎不全",male,a20_24,20.0,24.0,False,False,総数,12.7
"糸球体疾患,腎尿細管間質性疾患及び腎不全",male,a20_24,20.0,24.0,False,False,病院,12.1
"糸球体疾患,腎尿細管間質性疾患及び腎不全",male,a20_24,20.0,24.0,False,False,一般診療所,31.0
"糸球体疾患,腎尿細管間質性疾患及び腎不全",female,a20_24,20.0,24.0,False,False,総数,8.2
"糸球体疾患,腎尿細管間質性疾患及び腎不全",female,a20_24,20.0,24.0,False,False,病院,8.5
"糸球体疾患,腎尿細管間質性疾患及び腎不全",female,a20_24,20.0,24.0,False,False,一般診療所,3.9
乳房及び女性生殖器の疾患,total,a20_24,20.0,24.0,False,False,総数,5.4
乳房及び女性生殖器の疾患,total,a20_24,20.0,24.0,False,False,病院,5.3
乳房及び女性生殖器の疾患,total,a20_24,20.0,24.0,False,False,一般診療所,6.2
乳房及び女性生殖器の疾患,male,a20_24,20.0,24.0,False,False,総数,3.6
乳房及び女性生殖器の疾患,male,a20_24,20.0,24.0,False,False,病院,3.6
乳房及び女性生殖器の疾患,female,a20_24,20.0,24.0,False,False,総数,5.4
乳房及び女性生殖器の疾患,female,a20_24,20.0,24.0,False,False,病院,5.3
乳房及び女性生殖器の疾患,female,a20_24,20.0,24.0,False,False,一般診療所,6.2
"妊娠,分娩及び産じょく",total,a20_24,20.0,24.0,False,False,総数,7.0
"妊娠,分娩及び産じょく",total,a20_24,20.0,24.0,False,False,病院,7.7
"妊娠,分娩及び産じょく",total,a20_24,20.0,24.0,False,False,一般診療所,6.1
"妊娠,分娩及び産じょく",female,a20_24,20.0,24.0,False,False,総数,7.0
"妊娠,分娩及び産じょく",female,a20_24,20.0,24.0,False,False,病院,7.7
"妊娠,分娩及び産じょく",female,a20_24,20.0,24.0,False,False,一般診療所,6.1
妊娠高血圧症候群,total,a20_24,20.0,24.0,False,False,総数,11.9
妊娠高血圧症候群,total,a20_24,20.0,24.0,False,False,病院,11.1
妊娠高血圧症候群,total,a20_24,20.0,24.0,False,False,一般診療所,20.0
妊娠高血圧症候群,female,a20_24,20.0,24.0,False,False,総数,11.9
妊娠高血圧症候群,female,a20_24,20.0,24.0,False,False,病院,11.1
妊娠高血圧症候群,female,a20_24,20.0,24.0,False,False,一般診療所,20.0
"先天奇形,変形及び染色体異常",total,a20_24,20.0,24.0,False,False,総数,12.2
"先天奇形,変形及び染色体異常",total,a20_24,20.0,24.0,False,False,病院,13.7
"先天奇形,変形及び染色体異常",total,a20_24,20.0,24.0,False,False,一般診療所,3.0
"先天奇形,変形及び染色体異常",male,a20_24,20.0,24.0,False,False,総数,14.2
"先天奇形,変形及び染色体異常",male,a20_24,20.0,24.0,False,False,病院,17.6
"先天奇形,変形及び染色体異常",male,a20_24,20.0,24.0,False,False,一般診療所,3.0
"先天奇形,変形及び染色体異常",female,a20_24,20.0,24.0,False,False,総数,9.2
"先天奇形,変形及び染色体異常",female,a20_24,20.0,24.0,False,False,病院,9.2
"症状,徴候及び異常臨床所見・異常検査所見で他に分類されないもの",total,a20_24,20.0,24.0,False,False,総数,5.5
"症状,徴候及び異常臨床所見・異常検査所見で他に分類されないもの",total,a20_24,20.0,24.0,False,False,病院,5.6
"症状,徴候及び異常臨床所見・異常検査所見で他に分類されないもの",total,a20_24,20.0,24.0,False,False,一般診療所,2.8
"症状,徴候及び異常臨床所見・異常検査所見で他に分類されないもの",male,a20_24,20.0,24.0,False,False,総数,6.3
"症状,徴候及び異常臨床所見・異常検査所見で他に分類されないもの",male,a20_24,20.0,24.0,False,False,病院,6.4
"症状,徴候及び異常臨床所見・異常検査所見で他に分類されないもの",male,a20_24,20.0,24.0,False,False,一般診療所,2.0
"症状,徴候及び異常臨床所見・異常検査所見で他に分類されないもの",female,a20_24,20.0,24.0,False,False,総数,4.9
"症状,徴候及び異常臨床所見・異常検査所見で他に分類されないもの",female,a20_24,20.0,24.0,False,False,病院,5.0
"症状,徴候及び異常臨床所見・異常検査所見で他に分類されないもの",female,a20_24,20.0,24.0,False,False,一般診療所,3.5
"損傷,中毒及びその他の外因の影響",total,a20_24,20.0,24.0,False,False,総数,14.4
"損傷,中毒及びその他の外因の影響",total,a20_24,20.0,24.0,False,False,病院,14.0
"損傷,中毒及びその他の外因の影響",total,a20_24,20.0,24.0,False,False,一般診療所,18.8
"損傷,中毒及びその他の外因の影響",male,a20_24,20.0,24.0,False,False,総数,15.5
"損傷,中毒及びその他の外因の影響",male,a20_24,20.0,24.0,False,False,病院,14.8
"損傷,中毒及びその他の外因の影響",male,a20_24,20.0,24.0,False,False,一般診療所,23.5
"損傷,中毒及びその他の外因の影響",female,a20_24,20.0,24.0,False,False,総数,12.1
"損傷,中毒及びその他の外因の影響",female,a20_24,20.0,24.0,False,False,病院,12.2
"損傷,中毒及びその他の外因の影響",female,a20_24,20.0,24.0,False,False,一般診療所,11.4
骨折,total,a20_24,20.0,24.0,False,False,総数,20.6
骨折,total,a20_24,20.0,24.0,False,False,病院,20.5
骨折,total,a20_24,20.0,24.0,False,False,一般診療所,26.4
骨折,male,a20_24,20.0,24.0,False,False,総数,18.1
骨折,male,a20_24,20.0,24.0,False,False,病院,17.9
骨折,male,a20_24,20.0,24.0,False,False,一般診療所,26.4
骨折,female,a20_24,20.0,24.0,False,False,総数,30.9
骨折,female,a20_24,20.0,24.0,False,False,病院,30.9
健康状態に影響を及ぼす要因及び保健サービスの利用,total,a20_24,20.0,24.0,False,False,総数,8.2
健康状態に影響を及ぼす要因及び保健サービスの利用,total,a20_24,20.0,24.0,False,False,病院,9.1
健康状態に影響を及ぼす要因及び保健サービスの利用,total,a20_24,20.0,24.0,False,False,一般診療所,5.0
健康状態に影響を及ぼす要因及び保健サービスの利用,male,a20_24,20.0,24.0,False,False,総数,11.6
健康状態に影響を及ぼす要因及び保健サービスの利用,male,a20_24,20.0,24.0,False,False,病院,11.7
健康状態に影響を及ぼす要因及び保健サービスの利用,male,a20_24,20.0,24.0,False,False,一般診療所,3.0
健康状態に影響を及ぼす要因及び保健サービスの利用,female,a20_24,20.0,24.0,False,False,総数,6.2
健康状態に影響を及ぼす要因及び保健サービスの利用,female,a20_24,20.0,24.0,False,False,病院,6.9
健康状態に影響を及ぼす要因及び保健サービスの利用,female,a20_24,20.0,24.0,False,False,一般診療所,5.0
歯の補てつ,total,a20_24,20.0,24.0,False,False,総数,2.8
歯の補てつ,total,a20_24,20.0,24.0,False,False,病院,2.8
歯の補てつ,male,a20_24,20.0,24.0,False,False,総数,5.0
歯の補てつ,male,a20_24,20.0,24.0,False,False,病院,5.0
歯の補てつ,female,a20_24,20.0,24.0,False,False,総数,2.0
歯の補てつ,female,a20_24,20.0,24.0,False,False,病院,2.0
総数,total,a25_29,25.0,29.0,False,False,総数,11.4
総数,total,a25_29,25.0,29.0,False,False,病院,13.3
総数,total,a25_29,25.0,29.0,False,False,一般診療所,5.9
総数,male,a25_29,25.0,29.0,False,False,総数,19.3
総数,male,a25_29,25.0,29.0,False,False,病院,20.0
総数,male,a25_29,25.0,29.0,False,False,一般診療所,8.4
総数,female,a25_29,25.0,29.0,False,False,総数,9.2
総数,female,a25_29,25.0,29.0,False,False,病院,10.7
総数,female,a25_29,25.0,29.0,False,False,一般診療所,5.8
感染症及び寄生虫症,total,a25_29,25.0,29.0,False,False,総数,7.8
感染症及び寄生虫症,total,a25_29,25.0,29.0,False,False,病院,7.9
感染症及び寄生虫症,total,a25_29,25.0,29.0,False,False,一般診療所,4.1
感染症及び寄生虫症,male,a25_29,25.0,29.0,False,False,総数,8.9
感染症及び寄生虫症,male,a25_29,25.0,29.0,False,False,病院,8.9
感染症及び寄生虫症,female,a25_29,25.0,29.0,False,False,総数,6.7
感染症及び寄生虫症,female,a25_29,25.0,29.0,False,False,病院,6.8
感染症及び寄生虫症,female,a25_29,25.0,29.0,False,False,一般診療所,4.1
腸管感染症,total,a25_29,25.0,29.0,False,False,総数,4.6
腸管感染症,total,a25_29,25.0,29.0,False,False,病院,4.6
腸管感染症,total,a25_29,25.0,29.0,False,False,一般診療所,4.8
腸管感染症,male,a25_29,25.0,29.0,False,False,総数,4.6
腸管感染症,male,a25_29,25.0,29.0,False,False,病院,4.6
腸管感染症,female,a25_29,25.0,29.0,False,False,総数,4.6
腸管感染症,female,a25_29,25.0,29.0,False,False,病院,4.5
腸管感染症,female,a25_29,25.0,29.0,False,False,一般診療所,4.8
結核,total,a25_29,25.0,29.0,False,False,総数,33.9
結核,total,a25_29,25.0,29.0,False,False,病院,33.9
結核,male,a25_29,25.0,29.0,False,False,総数,40.4
結核,male,a25_29,25.0,29.0,False,False,病院,40.4
結核,female,a25_29,25.0,29.0,False,False,総数,27.0
結核,female,a25_29,25.0,29.0,False,False,病院,27.0
皮膚及び粘膜の病変を伴うウイルス疾患,total,a25_29,25.0,29.0,False,False,総数,9.7
皮膚及び粘膜の病変を伴うウイルス疾患,total,a25_29,25.0,29.0,False,False,病院,9.7
皮膚及び粘膜の病変を伴うウイルス疾患,male,a25_29,25.0,29.0,False,False,総数,9.9
皮膚及び粘膜の病変を伴うウイルス疾患,male,a25_29,25.0,29.0,False,False,病院,9.9
皮膚及び粘膜の病変を伴うウイルス疾患,female,a25_29,25.0,29.0,False,False,総数,9.5
皮膚及び粘膜の病変を伴うウイルス疾患,female,a25_29,25.0,29.0,False,False,病院,9.5
真菌症,total,a25_29,25.0,29.0,False,False,総数,6.2
真菌症,total,a25_29,25.0,29.0,False,False,病院,6.2
真菌症,female,a25_29,25.0,29.0,False,False,総数,6.2
真菌症,female,a25_29,25.0,29.0,False,False,病院,6.2
新生物,total,a25_29,25.0,29.0,False,False,総数,14.7
新生物,total,a25_29,25.0,29.0,False,False,病院,14.9
新生物,total,a25_29,25.0,29.0,False,False,一般診療所,2.9
新生物,male,a25_29,25.0,29.0,False,False,総数,21.9
新生物,male,a25_29,25.0,29.0,False,False,病院,21.9
新生物,female,a25_29,25.0,29.0,False,False,総数,12.2
新生物,female,a25_29,25.0,29.0,False,False,病院,12.5
新生物,female,a25_29,25.0,29.0,False,False,一般診療所,2.9
悪性新生物,total,a25_29,25.0,29.0,False,False,総数,24.0
悪性新生物,total,a25_29,25.0,29.0,False,False,病院,24.2
悪性新生物,total,a25_29,25.0,29.0,False,False,一般診療所,3.0
悪性新生物,male,a25_29,25.0,29.0,False,False,総数,26.8
悪性新生物,male,a25_29,25.0,29.0,False,False,病院,26.8
悪性新生物,female,a25_29,25.0,29.0,False,False,総数,22.0
悪性新生物,female,a25_29,25.0,29.0,False,False,病院,22.3
悪性新生物,female,a25_29,25.0,29.0,False,False,一般診療所,3.0
胃の悪性新生物,total,a25_29,25.0,29.0,False,False,総数,23.7
胃の悪性新生物,total,a25_29,25.0,29.0,False,False,病院,23.7
胃の悪性新生物,male,a25_29,25.0,29.0,False,False,総数,17.3
胃の悪性新生物,male,a25_29,25.0,29.0,False,False,病院,17.3
胃の悪性新生物,female,a25_29,25.0,29.0,False,False,総数,27.6
胃の悪性新生物,female,a25_29,25.0,29.0,False,False,病院,27.6
結腸及び直腸の悪性新生物,total,a25_29,25.0,29.0,False,False,総数,14.7
結腸及び直腸の悪性新生物,total,a25_29,25.0,29.0,False,False,病院,14.7
結腸及び直腸の悪性新生物,male,a25_29,25.0,29.0,False,False,総数,9.6
結腸及び直腸の悪性新生物,male,a25_29,25.0,29.0,False,False,病院,9.6
結腸及び直腸の悪性新生物,female,a25_29,25.0,29.0,False,False,総数,20.2
結腸及び直腸の悪性新生物,female,a25_29,25.0,29.0,False,False,病院,20.2
"気管,気管支及び肺の悪性新生物",total,a25_29,25.0,29.0,False,False,総数,10.0
"気管,気管支及び肺の悪性新生物",total,a25_29,25.0,29.0,False,False,病院,10.0
"気管,気管支及び肺の悪性新生物",male,a25_29,25.0,29.0,False,False,総数,11.5
"気管,気管支及び肺の悪性新生物",male,a25_29,25.0,29.0,False,False,病院,11.5
"気管,気管支及び肺の悪性新生物",female,a25_29,25.0,29.0,False,False,総数,7.8
"気管,気管支及び肺の悪性新生物",female,a25_29,25.0,29.0,False,False,病院,7.8
血液及び造血器の疾患並びに免疫機構の障害,total,a25_29,25.0,29.0,False,False,総数,11.0
血液及び造血器の疾患並びに免疫機構の障害,total,a25_29,25.0,29.0,False,False,病院,12.5
血液及び造血器の疾患並びに免疫機構の障害,total,a25_29,25.0,29.0,False,False,一般診療所,5.6
血液及び造血器の疾患並びに免疫機構の障害,male,a25_29,25.0,29.0,False,False,総数,14.8
血液及び造血器の疾患並びに免疫機構の障害,male,a25_29,25.0,29.0,False,False,病院,14.8
血液及び造血器の疾患並びに免疫機構の障害,female,a25_29,25.0,29.0,False,False,総数,9.8
血液及び造血器の疾患並びに免疫機構の障害,female,a25_29,25.0,29.0,False,False,病院,11.5
血液及び造血器の疾患並びに免疫機構の障害,female,a25_29,25.0,29.0,False,False,一般診療所,5.6
"内分泌,栄養及び代謝疾患",total,a25_29,25.0,29.0,False,False,総数,11.3
"内分泌,栄養及び代謝疾患",total,a25_29,25.0,29.0,False,False,病院,11.9
"内分泌,栄養及び代謝疾患",total,a25_29,25.0,29.0,False,False,一般診療所,7.4
"内分泌,栄養及び代謝疾患",male,a25_29,25.0,29.0,False,False,総数,10.3
"内分泌,栄養及び代謝疾患",male,a25_29,25.0,29.0,False,False,病院,11.2
"内分泌,栄養及び代謝疾患",male,a25_29,25.0,29.0,False,False,一般診療所,7.8
"内分泌,栄養及び代謝疾患",female,a25_29,25.0,29.0,False,False,総数,12.3
"内分泌,栄養及び代謝疾患",female,a25_29,25.0,29.0,False,False,病院,12.5
"内分泌,栄養及び代謝疾患",female,a25_29,25.0,29.0,False,False,一般診療所,2.0
甲状腺障害,total,a25_29,25.0,29.0,False,False,総数,11.9
甲状腺障害,total,a25_29,25.0,29.0,False,False,病院,11.9
甲状腺障害,male,a25_29,25.0,29.0,False,False,総数,12.2
甲状腺障害,male,a25_29,25.0,29.0,False,False,病院,12.2
甲状腺障害,female,a25_29,25.0,29.0,False,False,総数,11.8
甲状腺障害,female,a25_29,25.0,29.0,False,False,病院,11.8
糖尿病,total,a25_29,25.0,29.0,False,False,総数,12.2
糖尿病,total,a25_29,25.0,29.0,False,False,病院,13.7
糖尿病,total,a25_29,25.0,29.0,False,False,一般診療所,7.6
糖尿病,male,a25_29,25.0,29.0,False,False,総数,12.5
糖尿病,male,a25_29,25.0,29.0,False,False,病院,15.1
糖尿病,male,a25_29,25.0,29.0,False,False,一般診療所,8.0
糖尿病,female,a25_29,25.0,29.0,False,False,総数,11.8
糖尿病,female,a25_29,25.0,29.0,False,False,病院,12.2
糖尿病,female,a25_29,25.0,29.0,False,False,一般診療所,2.0
精神及び行動の障害,total,a25_29,25.0,29.0,False,False,総数,64.6
精神及び行動の障害,total,a25_29,25.0,29.0,False,False,病院,64.9
精神及び行動の障害,total,a25_29,25.0,29.0,False,False,一般診療所,10.0
精神及び行動の障害,male,a25_29,25.0,29.0,False,False,総数,89.9
精神及び行動の障害,male,a25_29,25.0,29.0,False,False,病院,89.9
精神及び行動の障害,female,a25_29,25.0,29.0,False,False,総数,46.1
精神及び行動の障害,female,a25_29,25.0,29.0,False,False,病院,46.5
精神及び行動の障害,female,a25_29,25.0,29.0,False,False,一般診療所,10.0
"統合失調症,統合失調症型障害及び妄想性障害",total,a25_29,25.0,29.0,False,False,総数,99.3
"統合失調症,統合失調症型障害及び妄想性障害",total,a25_29,25.0,29.0,False,False,病院,100.6
"統合失調症,統合失調症型障害及び妄想性障害",total,a25_29,25.0,29.0,False,False,一般診療所,10.0
"統合失調症,統合失調症型障害及び妄想性障害",male,a25_29,25.0,29.0,False,False,総数,128.8
"統合失調症,統合失調症型障害及び妄想性障害",male,a25_29,25.0,29.0,False,False,病院,128.8
"統合失調症,統合失調症型障害及び妄想性障害",female,a25_29,25.0,29.0,False,False,総数,69.5
"統合失調症,統合失調症型障害及び妄想性障害",female,a25_29,25.0,29.0,False,False,病院,71.3
"統合失調症,統合失調症型障害及び妄想性障害",female,a25_29,25.0,29.0,False,False,一般診療所,10.0
気分[感情]障害(躁うつ病を含む),total,a25_29,25.0,29.0,False,False,総数,37.5
気分[感情]障害(躁うつ病を含む),total,a25_29,25.0,29.0,False,False,病院,37.5
気分[感情]障害(躁うつ病を含む),male,a25_29,25.0,29.0,False,False,総数,41.8
気分[感情]障害(躁うつ病を含む),male,a25_29,25.0,29.0,False,False,病院,41.8
気分[感情]障害(躁うつ病を含む),female,a25_29,25.0,29.0,False,False,総数,35.6
気分[感情]障害(躁うつ病を含む),female,a25_29,25.0,29.0,False,False,病院,35.6
"神経症性障害,ストレス関連障害及び身体表現性障害",total,a25_29,25.0,29.0,False,False,総数,51.5
"神経症性障害,ストレス関連障害及び身体表現性障害",total,a25_29,25.0,29.0,False,False,病院,51.5
"神経症性障害,ストレス関連障害及び身体表現性障害",male,a25_29,25.0,29.0,False,False,総数,106.6
"神経症性障害,ストレス関連障害及び身体表現性障害",male,a25_29,25.0,29.0,False,False,病院,106.6
"神経症性障害,ストレス関連障害及び身体表現性障害",female,a25_29,25.0,29.0,False,False,総数,29.9
"神経症性障害,ストレス関連障害及び身体表現性障害",female,a25_29,25.0,29.0,False,False,病院,29.9
神経系の疾患,total,a25_29,25.0,29.0,False,False,総数,23.2
神経系の疾患,total,a25_29,25.0,29.0,False,False,病院,25.2
神経系の疾患,total,a25_29,25.0,29.0,False,False,一般診療所,1.3
神経系の疾患,male,a25_29,25.0,29.0,False,False,総数,28.5
神経系の疾患,male,a25_29,25.0,29.0,False,False,病院,32.6
神経系の疾患,male,a25_29,25.0,29.0,False,False,一般診療所,1.1
神経系の疾患,female,a25_29,25.0,29.0,False,False,総数,15.1
神経系の疾患,female,a25_29,25.0,29.0,False,False,病院,15.2
神経系の疾患,female,a25_29,25.0,29.0,False,False,一般診療所,5.0
眼及び付属器の疾患,total,a25_29,25.0,29.0,False,False,総数,8.9
眼及び付属器の疾患,total,a25_29,25.0,29.0,False,False,病院,8.9
眼及び付属器の疾患,male,a25_29,25.0,29.0,False,False,総数,7.7
眼及び付属器の疾患,male,a25_29,25.0,29.0,False,False,病院,7.7
眼及び付属器の疾患,female,a25_29,25.0,29.0,False,False,総数,11.1
眼及び付属器の疾患,female,a25_29,25.0,29.0,False,False,病院,11.1
白内障,total,a25_29,25.0,29.0,False,False,総数,2.6
白内障,total,a25_29,25.0,29.0,False,False,病院,2.6
白内障,male,a25_29,25.0,29.0,False,False,総数,2.7
白内障,male,a25_29,25.0,29.0,False,False,病院,2.7
白内障,female,a25_29,25.0,29.0,False,False,総数,2.5
白内障,female,a25_29,25.0,29.0,False,False,病院,2.5
耳及び乳様突起の疾患,total,a25_29,25.0,29.0,False,False,総数,9.2
耳及び乳様突起の疾患,total,a25_29,25.0,29.0,False,False,病院,9.4
耳及び乳様突起の疾患,total,a25_29,25.0,29.0,False,False,一般診療所,1.0
耳及び乳様突起の疾患,male,a25_29,25.0,29.0,False,False,総数,10.8
耳及び乳様突起の疾患,male,a25_29,25.0,29.0,False,False,病院,10.8
耳及び乳様突起の疾患,female,a25_29,25.0,29.0,False,False,総数,7.8
耳及び乳様突起の疾患,female,a25_29,25.0,29.0,False,False,病院,8.1
耳及び乳様突起の疾患,female,a25_29,25.0,29.0,False,False,一般診療所,1.0
循環器系の疾患,total,a25_29,25.0,29.0,False,False,総数,11.0
循環器系の疾患,total,a25_29,25.0,29.0,False,False,病院,13.5
循環器系の疾患,total,a25_29,25.0,29.0,False,False,一般診療所,5.9
循環器系の疾患,male,a25_29,25.0,29.0,False,False,総数,10.5
循環器系の疾患,male,a25_29,25.0,29.0,False,False,病院,12.3
循環器系の疾患,male,a25_29,25.0,29.0,False,False,一般診療所,5.1
循環器系の疾患,female,a25_29,25.0,29.0,False,False,総数,11.5
循環器系の疾患,female,a25_29,25.0,29.0,False,False,病院,14.9
循環器系の疾患,female,a25_29,25.0,29.0,False,False,一般診療所,6.3
高血圧性疾患,total,a25_29,25.0,29.0,False,False,総数,11.2
高血圧性疾患,total,a25_29,25.0,29.0,False,False,病院,11.2
高血圧性疾患,male,a25_29,25.0,29.0,False,False,総数,20.4
高血圧性疾患,male,a25_29,25.0,29.0,False,False,病院,20.4
高血圧性疾患,female,a25_29,25.0,29.0,False,False,総数,6.1
高血圧性疾患,female,a25_29,25.0,29.0,False,False,病院,6.1
心疾患(高血圧性のものを除く),total,a25_29,25.0,29.0,False,False,総数,12.3
心疾患(高血圧性のものを除く),total,a25_29,25.0,29.0,False,False,病院,12.8
心疾患(高血圧性のものを除く),total,a25_29,25.0,29.0,False,False,一般診療所,5.8
心疾患(高血圧性のものを除く),male,a25_29,25.0,29.0,False,False,総数,10.9
心疾患(高血圧性のものを除く),male,a25_29,25.0,29.0,False,False,病院,11.4
心疾患(高血圧性のものを除く),male,a25_29,25.0,29.0,False,False,一般診療所,2.0
心疾患(高血圧性のものを除く),female,a25_29,25.0,29.0,False,False,総数,14.7
心疾患(高血圧性のものを除く),female,a25_29,25.0,29.0,False,False,病院,15.4
心疾患(高血圧性のものを除く),female,a25_29,25.0,29.0,False,False,一般診療所,9.0
虚血性心疾患,total,a25_29,25.0,29.0,False,False,総数,7.9
虚血性心疾患,total,a25_29,25.0,29.0,False,False,病院,9.1
虚血性心疾患,total,a25_29,25.0,29.0,False,False,一般診療所,2.0
虚血性心疾患,male,a25_29,25.0,29.0,False,False,総数,5.8
虚血性心疾患,male,a25_29,25.0,29.0,False,False,病院,6.9
虚血性心疾患,male,a25_29,25.0,29.0,False,False,一般診療所,2.0
虚血性心疾患,female,a25_29,25.0,29.0,False,False,総数,15.4
虚血性心疾患,female,a25_29,25.0,29.0,False,False,病院,15.4
脳血管疾患,total,a25_29,25.0,29.0,False,False,総数,28.8
脳血管疾患,total,a25_29,25.0,29.0,False,False,病院,28.8
脳血管疾患,male,a25_29,25.0,29.0,False,False,総数,24.3
脳血管疾患,male,a25_29,25.0,29.0,False,False,病院,24.3
脳血管疾患,female,a25_29,25.0,29.0,False,False,総数,32.2
脳血管疾患,female,a25_29,25.0,29.0,False,False,病院,32.2
呼吸器系の疾患,total,a25_29,25.0,29.0,False,False,総数,10.4
呼吸器系の疾患,total,a25_29,25.0,29.0,False,False,病院,10.5
呼吸器系の疾患,total,a25_29,25.0,29.0,False,False,一般診療所,3.2
呼吸器系の疾患,male,a25_29,25.0,29.0,False,False,総数,12.5
呼吸器系の疾患,male,a25_29,25.0,29.0,False,False,病院,12.6
呼吸器系の疾患,male,a25_29,25.0,29.0,False,False,一般診療所,3.5
呼吸器系の疾患,female,a25_29,25.0,29.0,False,False,総数,6.4
呼吸器系の疾患,female,a25_29,25.0,29.0,False,False,病院,6.4
呼吸器系の疾患,female,a25_29,25.0,29.0,False,False,一般診療所,2.6
急性上気道感染症,total,a25_29,25.0,29.0,False,False,総数,11.0
急性上気道感染症,total,a25_29,25.0,29.0,False,False,病院,11.4
急性上気道感染症,total,a25_29,25.0,29.0,False,False,一般診療所,2.6
急性上気道感染症,male,a25_29,25.0,29.0,False,False,総数,14.8
急性上気道感染症,male,a25_29,25.0,29.0,False,False,病院,15.3
急性上気道感染症,male,a25_29,25.0,29.0,False,False,一般診療所,2.8
急性上気道感染症,female,a25_29,25.0,29.0,False,False,総数,4.7
急性上気道感染症,female,a25_29,25.0,29.0,False,False,病院,4.8
急性上気道感染症,female,a25_29,25.0,29.0,False,False,一般診療所,2.0
肺炎,total,a25_29,25.0,29.0,False,False,総数,7.9
肺炎,total,a25_29,25.0,29.0,False,False,病院,8.0
肺炎,total,a25_29,25.0,29.0,False,False,一般診療所,5.0
肺炎,male,a25_29,25.0,29.0,False,False,総数,8.7
肺炎,male,a25_29,25.0,29.0,False,False,病院,8.8
肺炎,male,a25_29,25.0,29.0,False,False,一般診療所,5.0
肺炎,female,a25_29,25.0,29.0,False,False,総数,6.9
肺炎,female,a25_29,25.0,29.0,False,False,病院,6.9
急性気管支炎及び急性細気管支炎,total,a25_29,25.0,29.0,False,False,総数,5.3
急性気管支炎及び急性細気管支炎,total,a25_29,25.0,29.0,False,False,病院,5.3
急性気管支炎及び急性細気管支炎,male,a25_29,25.0,29.0,False,False,総数,5.1
急性気管支炎及び急性細気管支炎,male,a25_29,25.0,29.0,False,False,病院,5.1
急性気管支炎及び急性細気管支炎,female,a25_29,25.0,29.0,False,False,総数,5.6
急性気管支炎及び急性細気管支炎,female,a25_29,25.0,29.0,False,False,病院,5.6
気管支炎及び慢性閉塞性肺疾患,total,a25_29,25.0,29.0,False,False,総数,4.8
気管支炎及び慢性閉塞性肺疾患,total,a25_29,25.0,29.0,False,False,病院,4.8
気管支炎及び慢性閉塞性肺疾患,male,a25_29,25.0,29.0,False,False,総数,3.5
気管支炎及び慢性閉塞性肺疾患,male,a25_29,25.0,29.0,False,False,病院,3.5
気管支炎及び慢性閉塞性肺疾患,female,a25_29,25.0,29.0,False,False,総数,5.4
気管支炎及び慢性閉塞性肺疾患,female,a25_29,25.0,29.0,False,False,病院,5.4
喘息,total,a25_29,25.0,29.0,False,False,総数,40.8
喘息,total,a25_29,25.0,29.0,False,False,病院,40.8
喘息,male,a25_29,25.0,29.0,False,False,総数,82.5
喘息,male,a25_29,25.0,29.0,False,False,病院,82.5
喘息,female,a25_29,25.0,29.0,False,False,総数,6.5
喘息,female,a25_29,25.0,29.0,False,False,病院,6.5
消化器系の疾患,total,a25_29,25.0,29.0,False,False,総数,7.6
消化器系の疾患,total,a25_29,25.0,29.0,False,False,病院,8.1
消化器系の疾患,total,a25_29,25.0,29.0,False,False,一般診療所,3.8
消化器系の疾患,male,a25_29,25.0,29.0,False,False,総数,8.7
消化器系の疾患,male,a25_29,25.0,29.0,False,False,病院,9.1
消化器系の疾患,male,a25_29,25.0,29.0,False,False,一般診療所,4.1
消化器系の疾患,female,a25_29,25.0,29.0,False,False,総数,6.6
消化器系の疾患,female,a25_29,25.0,29.0,False,False,病院,7.1
消化器系の疾患,female,a25_29,25.0,29.0,False,False,一般診療所,3.6
う蝕,total,a25_29,25.0,29.0,False,False,総数,3.8
う蝕,total,a25_29,25.0,29.0,False,False,病院,3.8
う蝕,male,a25_29,25.0,29.0,False,False,総数,4.2
う蝕,male,a25_29,25.0,29.0,False,False,病院,4.2
う蝕,female,a25_29,25.0,29.0,False,False,総数,2.9
う蝕,female,a25_29,25.0,29.0,False,False,病院,2.9
歯肉炎及び歯周疾患,total,a25_29,25.0,29.0,False,False,総数,4.5
歯肉炎及び歯周疾患,total,a25_29,25.0,29.0,False,False,病院,4.5
歯肉炎及び歯周疾患,male,a25_29,25.0,29.0,False,False,総数,2.7
歯肉炎及び歯周疾患,male,a25_29,25.0,29.0,False,False,病院,2.7
歯肉炎及び歯周疾患,female,a25_29,25.0,29.0,False,False,総数,5.2
歯肉炎及び歯周疾患,female,a25_29,25.0,29.0,False,False,病院,5.2
胃潰瘍及び十二指腸潰瘍,total,a25_29,25.0,29.0,False,False,総数,7.6
胃潰瘍及び十二指腸潰瘍,total,a25_29,25.0,29.0,False,False,病院,7.6
胃潰瘍及び十二指腸潰瘍,male,a25_29,25.0,29.0,False,False,総数,7.6
胃潰瘍及び十二指腸潰瘍,male,a25_29,25.0,29.0,False,False,病院,7.6
胃潰瘍及び十二指腸潰瘍,female,a25_29,25.0,29.0,False,False,総数,7.9
胃潰瘍及び十二指腸潰瘍,female,a25_29,25.0,29.0,False,False,病院,7.9
胃炎及び十二指腸炎,total,a25_29,25.0,29.0,False,False,総数,3.8
胃炎及び十二指腸炎,total,a25_29,25.0,29.0,False,False,病院,3.9
胃炎及び十二指腸炎,total,a25_29,25.0,29.0,False,False,一般診療所,3.0
胃炎及び十二指腸炎,male,a25_29,25.0,29.0,False,False,総数,4.9
胃炎及び十二指腸炎,male,a25_29,25.0,29.0,False,False,病院,4.9
胃炎及び十二指腸炎,female,a25_29,25.0,29.0,False,False,総数,3.3
胃炎及び十二指腸炎,female,a25_29,25.0,29.0,False,False,病院,3.4
胃炎及び十二指腸炎,female,a25_29,25.0,29.0,False,False,一般診療所,3.0
肝疾患,total,a25_29,25.0,29.0,False,False,総数,13.6
肝疾患,total,a25_29,25.0,29.0,False,False,病院,14.2
肝疾患,total,a25_29,25.0,29.0,False,False,一般診療所,8.0
肝疾患,male,a25_29,25.0,29.0,False,False,総数,14.3
肝疾患,male,a25_29,25.0,29.0,False,False,病院,14.3
肝疾患,female,a25_29,25.0,29.0,False,False,総数,12.8
肝疾患,female,a25_29,25.0,29.0,False,False,病院,13.9
肝疾患,female,a25_29,25.0,29.0,False,False,一般診療所,8.0
皮膚及び皮下組織の疾患,total,a25_29,25.0,29.0,False,False,総数,9.1
皮膚及び皮下組織の疾患,total,a25_29,25.0,29.0,False,False,病院,9.1
皮膚及び皮下組織の疾患,male,a25_29,25.0,29.0,False,False,総数,9.5
皮膚及び皮下組織の疾患,male,a25_29,25.0,29.0,False,False,病院,9.5
皮膚及び皮下組織の疾患,female,a25_29,25.0,29.0,False,False,総数,8.6
皮膚及び皮下組織の疾患,female,a25_29,25.0,29.0,False,False,病院,8.6
筋骨格系及び結合組織の疾患,total,a25_29,25.0,29.0,False,False,総数,14.3
筋骨格系及び結合組織の疾患,total,a25_29,25.0,29.0,False,False,病院,13.8
筋骨格系及び結合組織の疾患,total,a25_29,25.0,29.0,False,False,一般診療所,21.5
筋骨格系及び結合組織の疾患,male,a25_29,25.0,29.0,False,False,総数,13.9
筋骨格系及び結合組織の疾患,male,a25_29,25.0,29.0,False,False,病院,12.9
筋骨格系及び結合組織の疾患,male,a25_29,25.0,29.0,False,False,一般診療所,25.5
筋骨格系及び結合組織の疾患,female,a25_29,25.0,29.0,False,False,総数,15.0
筋骨格系及び結合組織の疾患,female,a25_29,25.0,29.0,False,False,病院,15.1
筋骨格系及び結合組織の疾患,female,a25_29,25.0,29.0,False,False,一般診療所,12.9
炎症性多発性関節障害,total,a25_29,25.0,29.0,False,False,総数,7.4
炎症性多発性関節障害,total,a25_29,25.0,29.0,False,False,病院,7.4
炎症性多発性関節障害,male,a25_29,25.0,29.0,False,False,総数,6.4
炎症性多発性関節障害,male,a25_29,25.0,29.0,False,False,病院,6.4
炎症性多発性関節障害,female,a25_29,25.0,29.0,False,False,総数,7.8
炎症性多発性関節障害,female,a25_29,25.0,29.0,False,False,病院,7.8
関節症,total,a25_29,25.0,29.0,False,False,総数,21.1
関節症,total,a25_29,25.0,29.0,False,False,病院,21.1
関節症,male,a25_29,25.0,29.0,False,False,総数,12.8
関節症,male,a25_29,25.0,29.0,False,False,病院,12.8
関節症,female,a25_29,25.0,29.0,False,False,総数,26.4
関節症,female,a25_29,25.0,29.0,False,False,病院,26.4
脊柱障害,total,a25_29,25.0,29.0,False,False,総数,13.0
脊柱障害,total,a25_29,25.0,29.0,False,False,病院,11.6
脊柱障害,total,a25_29,25.0,29.0,False,False,一般診療所,24.2
脊柱障害,male,a25_29,25.0,29.0,False,False,総数,13.7
脊柱障害,male,a25_29,25.0,29.0,False,False,病院,12.1
脊柱障害,male,a25_29,25.0,29.0,False,False,一般診療所,25.5
脊柱障害,female,a25_29,25.0,29.0,False,False,総数,11.4
脊柱障害,female,a25_29,25.0,29.0,False,False,病院,10.7
脊柱障害,female,a25_29,25.0,29.0,False,False,一般診療所,19.6
骨の密度及び構造の障害,total,a25_29,25.0,29.0,False,False,総数,20.1
骨の密度及び構造の障害,total,a25_29,25.0,29.0,False,False,病院,20.1
骨の密度及び構造の障害,male,a25_29,25.0,29.0,False,False,総数,23.1
骨の密度及び構造の障害,male,a25_29,25.0,29.0,False,False,病院,23.1
骨の密度及び構造の障害,female,a25_29,25.0,29.0,False,False,総数,3.6
骨の密度及び構造の障害,female,a25_29,25.0,29.0,False,False,病院,3.6
腎尿路生殖器系の疾患,total,a25_29,25.0,29.0,False,False,総数,6.5
腎尿路生殖器系の疾患,total,a25_29,25.0,29.0,False,False,病院,6.7
腎尿路生殖器系の疾患,total,a25_29,25.0,29.0,False,False,一般診療所,4.8
腎尿路生殖器系の疾患,male,a25_29,25.0,29.0,False,False,総数,7.8
腎尿路生殖器系の疾患,male,a25_29,25.0,29.0,False,False,病院,7.8
腎尿路生殖器系の疾患,male,a25_29,25.0,29.0,False,False,一般診療所,5.0
腎尿路生殖器系の疾患,female,a25_29,25.0,29.0,False,False,総数,6.2
腎尿路生殖器系の疾患,female,a25_29,25.0,29.0,False,False,病院,6.3
腎尿路生殖器系の疾患,female,a25_29,25.0,29.0,False,False,一般診療所,4.8
"糸球体疾患,腎尿細管間質性疾患及び腎不全",total,a25_29,25.0,29.0,False,False,総数,10.8
"糸球体疾患,腎尿細管間質性疾患及び腎不全",total,a25_29,25.0,29.0,False,False,病院,11.0
"糸球体疾患,腎尿細管間質性疾患及び腎不全",total,a25_29,25.0,29.0,False,False,一般診療所,2.6
"糸球体疾患,腎尿細管間質性疾患及び腎不全",male,a25_29,25.0,29.0,False,False,総数,14.4
"糸球体疾患,腎尿細管間質性疾患及び腎不全",male,a25_29,25.0,29.0,False,False,病院,14.4
"糸球体疾患,腎尿細管間質性疾患及び腎不全",female,a25_29,25.0,29.0,False,False,総数,9.0
"糸球体疾患,腎尿細管間質性疾患及び腎不全",female,a25_29,25.0,29.0,False,False,病院,9.3
"糸球体疾患,腎尿細管間質性疾患及び腎不全",female,a25_29,25.0,29.0,False,False,一般診療所,2.6
乳房及び女性生殖器の疾患,total,a25_29,25.0,29.0,False,False,総数,5.3
乳房及び女性生殖器の疾患,total,a25_29,25.0,29.0,False,False,病院,5.4
乳房及び女性生殖器の疾患,total,a25_29,25.0,29.0,False,False,一般診療所,5.1
乳房及び女性生殖器の疾患,male,a25_29,25.0,29.0,False,False,総数,1.0
乳房及び女性生殖器の疾患,male,a25_29,25.0,29.0,False,False,病院,1.0
乳房及び女性生殖器の疾患,female,a25_29,25.0,29.0,False,False,総数,5.4
乳房及び女性生殖器の疾患,female,a25_29,25.0,29.0,False,False,病院,5.4
乳房及び女性生殖器の疾患,female,a25_29,25.0,29.0,False,False,一般診療所,5.1
"妊娠,分娩及び産じょく",total,a25_29,25.0,29.0,False,False,総数,7.9
"妊娠,分娩及び産じょく",total,a25_29,25.0,29.0,False,False,病院,9.3
"妊娠,分娩及び産じょく",total,a25_29,25.0,29.0,False,False,一般診療所,6.0
"妊娠,分娩及び産じょく",female,a25_29,25.0,29.0,False,False,総数,7.9
"妊娠,分娩及び産じょく",female,a25_29,25.0,29.0,False,False,病院,9.3
"妊娠,分娩及び産じょく",female,a25_29,25.0,29.0,False,False,一般診療所,6.0
妊娠高血圧症候群,total,a25_29,25.0,29.0,False,False,総数,11.2
妊娠高血圧症候群,total,a25_29,25.0,29.0,False,False,病院,10.8
妊娠高血圧症候群,total,a25_29,25.0,29.0,False,False,一般診療所,12.3
妊娠高血圧症候群,female,a25_29,25.0,29.0,False,False,総数,11.2
妊娠高血圧症候群,female,a25_29,25.0,29.0,False,False,病院,10.8
妊娠高血圧症候群,female,a25_29,25.0,29.0,False,False,一般診療所,12.3
"先天奇形,変形及び染色体異常",total,a25_29,25.0,29.0,False,False,総数,10.3
"先天奇形,変形及び染色体異常",total,a25_29,25.0,29.0,False,False,病院,11.9
"先天奇形,変形及び染色体異常",total,a25_29,25.0,29.0,False,False,一般診療所,4.7
"先天奇形,変形及び染色体異常",male,a25_29,25.0,29.0,False,False,総数,9.9
"先天奇形,変形及び染色体異常",male,a25_29,25.0,29.0,False,False,病院,9.7
"先天奇形,変形及び染色体異常",male,a25_29,25.0,29.0,False,False,一般診療所,12.0
"先天奇形,変形及び染色体異常",female,a25_29,25.0,29.0,False,False,総数,10.6
"先天奇形,変形及び染色体異常",female,a25_29,25.0,29.0,False,False,病院,13.6
"先天奇形,変形及び染色体異常",female,a25_29,25.0,29.0,False,False,一般診療所,3.8
"症状,徴候及び異常臨床所見・異常検査所見で他に分類されないもの",total,a25_29,25.0,29.0,False,False,総数,6.0
"症状,徴候及び異常臨床所見・異常検査所見で他に分類されないもの",total,a25_29,25.0,29.0,False,False,病院,6.5
"症状,徴候及び異常臨床所見・異常検査所見で他に分類されないもの",total,a25_29,25.0,29.0,False,False,一般診療所,2.4
"症状,徴候及び異常臨床所見・異常検査所見で他に分類されないもの",male,a25_29,25.0,29.0,False,False,総数,8.9
"症状,徴候及び異常臨床所見・異常検査所見で他に分類されないもの",male,a25_29,25.0,29.0,False,False,病院,9.6
"症状,徴候及び異常臨床所見・異常検査所見で他に分類されないもの",male,a25_29,25.0,29.0,False,False,一般診療所,1.6
"症状,徴候及び異常臨床所見・異常検査所見で他に分類されないもの",female,a25_29,25.0,29.0,False,False,総数,4.8
"症状,徴候及び異常臨床所見・異常検査所見で他に分類されないもの",female,a25_29,25.0,29.0,False,False,病院,5.1
"症状,徴候及び異常臨床所見・異常検査所見で他に分類されないもの",female,a25_29,25.0,29.0,False,False,一般診療所,2.7
"損傷,中毒及びその他の外因の影響",total,a25_29,25.0,29.0,False,False,総数,15.1
"損傷,中毒及びその他の外因の影響",total,a25_29,25.0,29.0,False,False,病院,15.3
"損傷,中毒及びその他の外因の影響",total,a25_29,25.0,29.0,False,False,一般診療所,12.3
"損傷,中毒及びその他の外因の影響",male,a25_29,25.0,29.0,False,False,総数,17.5
"損傷,中毒及びその他の外因の影響",male,a25_29,25.0,29.0,False,False,病院,17.9
"損傷,中毒及びその他の外因の影響",male,a25_29,25.0,29.0,False,False,一般診療所,12.9
"損傷,中毒及びその他の外因の影響",female,a25_29,25.0,29.0,False,False,総数,9.6
"損傷,中毒及びその他の外因の影響",female,a25_29,25.0,29.0,False,False,病院,9.7
"損傷,中毒及びその他の外因の影響",female,a25_29,25.0,29.0,False,False,一般診療所,5.6
骨折,total,a25_29,25.0,29.0,False,False,総数,24.4
骨折,total,a25_29,25.0,29.0,False,False,病院,24.5
骨折,total,a25_29,25.0,29.0,False,False,一般診療所,22.9
骨折,male,a25_29,25.0,29.0,False,False,総数,25.4
骨折,male,a25_29,25.0,29.0,False,False,病院,25.5
骨折,male,a25_29,25.0,29.0,False,False,一般診療所,24.7
骨折,female,a25_29,25.0,29.0,False,False,総数,20.4
骨折,female,a25_29,25.0,29.0,False,False,病院,20.7
骨折,female,a25_29,25.0,29.0,False,False,一般診療所,2.0
健康状態に影響を及ぼす要因及び保健サービスの利用,total,a25_29,25.0,29.0,False,False,総数,5.9
健康状態に影響を及ぼす要因及び保健サービスの利用,total,a25_29,25.0,29.0,False,False,病院,6.5
健康状態に影響を及ぼす要因及び保健サービスの利用,total,a25_29,25.0,29.0,False,False,一般診療所,4.7
健康状態に影響を及ぼす要因及び保健サービスの利用,male,a25_29,25.0,29.0,False,False,総数,4.8
健康状態に影響を及ぼす要因及び保健サービスの利用,male,a25_29,25.0,29.0,False,False,病院,4.8
健康状態に影響を及ぼす要因及び保健サービスの利用,female,a25_29,25.0,29.0,False,False,総数,6.0
健康状態に影響を及ぼす要因及び保健サービスの利用,female,a25_29,25.0,29.0,False,False,病院,6.7
健康状態に影響を及ぼす要因及び保健サービスの利用,female,a25_29,25.0,29.0,False,False,一般診療所,4.7
歯の補てつ,total,a25_29,25.0,29.0,False,False,総数,6.5
歯の補てつ,total,a25_29,25.0,29.0,False,False,病院,6.5
歯の補てつ,male,a25_29,25.0,29.0,False,False,総数,6.5
歯の補てつ,male,a25_29,25.0,29.0,False,False,病院,6.5
総数,total,a30_34,30.0,34.0,False,False,総数,14.7
総数,total,a30_34,30.0,34.0,False,False,病院,17.3
総数,total,a30_34,30.0,34.0,False,False,一般診療所,6.2
総数,male,a30_34,30.0,34.0,False,False,総数,25.1
総数,male,a30_34,30.0,34.0,False,False,病院,26.7
総数,male,a30_34,30.0,34.0,False,False,一般診療所,7.9
総数,female,a30_34,30.0,34.0,False,False,総数,11.7
総数,female,a30_34,30.0,34.0,False,False,病院,13.9
総数,female,a30_34,30.0,34.0,False,False,一般診療所,6.1
感染症及び寄生虫症,total,a30_34,30.0,34.0,False,False,総数,9.8
感染症及び寄生虫症,total,a30_34,30.0,34.0,False,False,病院,10.0
感染症及び寄生虫症,total,a30_34,30.0,34.0,False,False,一般診療所,5.1
感染症及び寄生虫症,male,a30_34,30.0,34.0,False,False,総数,11.0
感染症及び寄生虫症,male,a30_34,30.0,34.0,False,False,病院,11.3
感染症及び寄生虫症,male,a30_34,30.0,34.0,False,False,一般診療所,5.8
感染症及び寄生虫症,female,a30_34,30.0,34.0,False,False,総数,8.3
感染症及び寄生虫症,female,a30_34,30.0,34.0,False,False,病院,8.5
感染症及び寄生虫症,female,a30_34,30.0,34.0,False,False,一般診療所,4.0
腸管感染症,total,a30_34,30.0,34.0,False,False,総数,4.6
腸管感染症,total,a30_34,30.0,34.0,False,False,病院,4.6
腸管感染症,total,a30_34,30.0,34.0,False,False,一般診療所,4.0
腸管感染症,male,a30_34,30.0,34.0,False,False,総数,4.8
腸管感染症,male,a30_34,30.0,34.0,False,False,病院,4.8
腸管感染症,male,a30_34,30.0,34.0,False,False,一般診療所,5.6
腸管感染症,female,a30_34,30.0,34.0,False,False,総数,4.3
腸管感染症,female,a30_34,30.0,34.0,False,False,病院,4.4
腸管感染症,female,a30_34,30.0,34.0,False,False,一般診療所,1.0
結核,total,a30_34,30.0,34.0,False,False,総数,45.0
結核,total,a30_34,30.0,34.0,False,False,病院,45.0
結核,male,a30_34,30.0,34.0,False,False,総数,48.2
結核,male,a30_34,30.0,34.0,False,False,病院,48.2
結核,female,a30_34,30.0,34.0,False,False,総数,40.1
結核,female,a30_34,30.0,34.0,False,False,病院,40.1
皮膚及び粘膜の病変を伴うウイルス疾患,total,a30_34,30.0,34.0,False,False,総数,8.3
皮膚及び粘膜の病変を伴うウイルス疾患,total,a30_34,30.0,34.0,False,False,病院,8.5
皮膚及び粘膜の病変を伴うウイルス疾患,total,a30_34,30.0,34.0,False,False,一般診療所,6.3
皮膚及び粘膜の病変を伴うウイルス疾患,male,a30_34,30.0,34.0,False,False,総数,8.2
皮膚及び粘膜の病変を伴うウイルス疾患,male,a30_34,30.0,34.0,False,False,病院,8.6
皮膚及び粘膜の病変を伴うウイルス疾患,male,a30_34,30.0,34.0,False,False,一般診療所,6.3
皮膚及び粘膜の病変を伴うウイルス疾患,female,a30_34,30.0,34.0,False,False,総数,8.4
皮膚及び粘膜の病変を伴うウイルス疾患,female,a30_34,30.0,34.0,False,False,病院,8.4
真菌症,total,a30_34,30.0,34.0,False,False,総数,10.4
真菌症,total,a30_34,30.0,34.0,False,False,病院,11.9
真菌症,total,a30_34,30.0,34.0,False,False,一般診療所,6.0
真菌症,male,a30_34,30.0,34.0,False,False,総数,10.0
真菌症,male,a30_34,30.0,34.0,False,False,病院,14.0
真菌症,male,a30_34,30.0,34.0,False,False,一般診療所,6.0
真菌症,female,a30_34,30.0,34.0,False,False,総数,10.8
真菌症,female,a30_34,30.0,34.0,False,False,病院,10.8
新生物,total,a30_34,30.0,34.0,False,False,総数,14.4
新生物,total,a30_34,30.0,34.0,False,False,病院,14.7
新生物,total,a30_34,30.0,34.0,False,False,一般診療所,3.9
新生物,male,a30_34,30.0,34.0,False,False,総数,19.2
新生物,male,a30_34,30.0,34.0,False,False,病院,19.2
新生物,female,a30_34,30.0,34.0,False,False,総数,13.1
新生物,female,a30_34,30.0,34.0,False,False,病院,13.4
新生物,female,a30_34,30.0,34.0,False,False,一般診療所,3.9
悪性新生物,total,a30_34,30.0,34.0,False,False,総数,19.2
悪性新生物,total,a30_34,30.0,34.0,False,False,病院,19.7
悪性新生物,total,a30_34,30.0,34.0,False,False,一般診療所,2.7
悪性新生物,male,a30_34,30.0,34.0,False,False,総数,24.5
悪性新生物,male,a30_34,30.0,34.0,False,False,病院,24.5
悪性新生物,female,a30_34,30.0,34.0,False,False,総数,16.5
悪性新生物,female,a30_34,30.0,34.0,False,False,病院,17.2
悪性新生物,female,a30_34,30.0,34.0,False,False,一般診療所,2.7
胃の悪性新生物,total,a30_34,30.0,34.0,False,False,総数,16.5
胃の悪性新生物,total,a30_34,30.0,34.0,False,False,病院,16.5
胃の悪性新生物,male,a30_34,30.0,34.0,False,False,総数,16.4
胃の悪性新生物,male,a30_34,30.0,34.0,False,False,病院,16.4
胃の悪性新生物,female,a30_34,30.0,34.0,False,False,総数,16.7
胃の悪性新生物,female,a30_34,30.0,34.0,False,False,病院,16.7
結腸及び直腸の悪性新生物,total,a30_34,30.0,34.0,False,False,総数,11.8
結腸及び直腸の悪性新生物,total,a30_34,30.0,34.0,False,False,病院,11.8
結腸及び直腸の悪性新生物,male,a30_34,30.0,34.0,False,False,総数,11.5
結腸及び直腸の悪性新生物,male,a30_34,30.0,34.0,False,False,病院,11.5
結腸及び直腸の悪性新生物,female,a30_34,30.0,34.0,False,False,総数,12.1
結腸及び直腸の悪性新生物,female,a30_34,30.0,34.0,False,False,病院,12.1
"気管,気管支及び肺の悪性新生物",total,a30_34,30.0,34.0,False,False,総数,12.3
"気管,気管支及び肺の悪性新生物",total,a30_34,30.0,34.0,False,False,病院,12.3
"気管,気管支及び肺の悪性新生物",male,a30_34,30.0,34.0,False,False,総数,13.1
"気管,気管支及び肺の悪性新生物",male,a30_34,30.0,34.0,False,False,病院,13.1
"気管,気管支及び肺の悪性新生物",female,a30_34,30.0,34.0,False,False,総数,11.2
"気管,気管支及び肺の悪性新生物",female,a30_34,30.0,34.0,False,False,病院,11.2
血液及び造血器の疾患並びに免疫機構の障害,total,a30_34,30.0,34.0,False,False,総数,10.3
血液及び造血器の疾患並びに免疫機構の障害,total,a30_34,30.0,34.0,False,False,病院,11.5
血液及び造血器の疾患並びに免疫機構の障害,total,a30_34,30.0,34.0,False,False,一般診療所,5.2
血液及び造血器の疾患並びに免疫機構の障害,male,a30_34,30.0,34.0,False,False,総数,16.8
血液及び造血器の疾患並びに免疫機構の障害,male,a30_34,30.0,34.0,False,False,病院,16.8
血液及び造血器の疾患並びに免疫機構の障害,female,a30_34,30.0,34.0,False,False,総数,8.4
血液及び造血器の疾患並びに免疫機構の障害,female,a30_34,30.0,34.0,False,False,病院,9.4
血液及び造血器の疾患並びに免疫機構の障害,female,a30_34,30.0,34.0,False,False,一般診療所,5.2
"内分泌,栄養及び代謝疾患",total,a30_34,30.0,34.0,False,False,総数,13.4
"内分泌,栄養及び代謝疾患",total,a30_34,30.0,34.0,False,False,病院,13.5
"内分泌,栄養及び代謝疾患",total,a30_34,30.0,34.0,False,False,一般診療所,8.0
"内分泌,栄養及び代謝疾患",male,a30_34,30.0,34.0,False,False,総数,14.3
"内分泌,栄養及び代謝疾患",male,a30_34,30.0,34.0,False,False,病院,14.3
"内分泌,栄養及び代謝疾患",female,a30_34,30.0,34.0,False,False,総数,12.4
"内分泌,栄養及び代謝疾患",female,a30_34,30.0,34.0,False,False,病院,12.5
"内分泌,栄養及び代謝疾患",female,a30_34,30.0,34.0,False,False,一般診療所,8.0
甲状腺障害,total,a30_34,30.0,34.0,False,False,総数,9.4
甲状腺障害,total,a30_34,30.0,34.0,False,False,病院,9.4
甲状腺障害,male,a30_34,30.0,34.0,False,False,総数,9.2
甲状腺障害,male,a30_34,30.0,34.0,False,False,病院,9.2
甲状腺障害,female,a30_34,30.0,34.0,False,False,総数,9.4
甲状腺障害,female,a30_34,30.0,34.0,False,False,病院,9.4
糖尿病,total,a30_34,30.0,34.0,False,False,総数,15.9
糖尿病,total,a30_34,30.0,34.0,False,False,病院,16.0
糖尿病,total,a30_34,30.0,34.0,False,False,一般診療所,8.0
糖尿病,male,a30_34,30.0,34.0,False,False,総数,17.3
糖尿病,male,a30_34,30.0,34.0,False,False,病院,17.3
糖尿病,female,a30_34,30.0,34.0,False,False,総数,13.7
糖尿病,female,a30_34,30.0,34.0,False,False,病院,13.9
糖尿病,female,a30_34,30.0,34.0,False,False,一般診療所,8.0
精神及び行動の障害,total,a30_34,30.0,34.0,False,False,総数,87.3
精神及び行動の障害,total,a30_34,30.0,34.0,False,False,病院,88.2
精神及び行動の障害,total,a30_34,30.0,34.0,False,False,一般診療所,17.4
精神及び行動の障害,male,a30_34,30.0,34.0,False,False,総数,105.9
精神及び行動の障害,male,a30_34,30.0,34.0,False,False,病院,107.8
精神及び行動の障害,male,a30_34,30.0,34.0,False,False,一般診療所,20.8
精神及び行動の障害,female,a30_34,30.0,34.0,False,False,総数,72.5
精神及び行動の障害,female,a30_34,30.0,34.0,False,False,病院,72.8
精神及び行動の障害,female,a30_34,30.0,34.0,False,False,一般診療所,4.0
"統合失調症,統合失調症型障害及び妄想性障害",total,a30_34,30.0,34.0,False,False,総数,128.1
"統合失調症,統合失調症型障害及び妄想性障害",total,a30_34,30.0,34.0,False,False,病院,128.8
"統合失調症,統合失調症型障害及び妄想性障害",total,a30_34,30.0,34.0,False,False,一般診療所,2.0
"統合失調症,統合失調症型障害及び妄想性障害",male,a30_34,30.0,34.0,False,False,総数,146.6
"統合失調症,統合失調症型障害及び妄想性障害",male,a30_34,30.0,34.0,False,False,病院,148.2
"統合失調症,統合失調症型障害及び妄想性障害",male,a30_34,30.0,34.0,False,False,一般診療所,2.0
"統合失調症,統合失調症型障害及び妄想性障害",female,a30_34,30.0,34.0,False,False,総数,110.9
"統合失調症,統合失調症型障害及び妄想性障害",female,a30_34,30.0,34.0,False,False,病院,110.9
気分[感情]障害(躁うつ病を含む),total,a30_34,30.0,34.0,False,False,総数,46.3
気分[感情]障害(躁うつ病を含む),total,a30_34,30.0,34.0,False,False,病院,47.5
気分[感情]障害(躁うつ病を含む),total,a30_34,30.0,34.0,False,False,一般診療所,5.9
気分[感情]障害(躁うつ病を含む),male,a30_34,30.0,34.0,False,False,総数,55.6
気分[感情]障害(躁うつ病を含む),male,a30_34,30.0,34.0,False,False,病院,58.4
気分[感情]障害(躁うつ病を含む),male,a30_34,30.0,34.0,False,False,一般診療所,7.0
気分[感情]障害(躁うつ病を含む),female,a30_34,30.0,34.0,False,False,総数,41.4
気分[感情]障害(躁うつ病を含む),female,a30_34,30.0,34.0,False,False,病院,42.0
気分[感情]障害(躁うつ病を含む),female,a30_34,30.0,34.0,False,False,一般診療所,4.0
"神経症性障害,ストレス関連障害及び身体表現性障害",total,a30_34,30.0,34.0,False,False,総数,25.9
"神経症性障害,ストレス関連障害及び身体表現性障害",total,a30_34,30.0,34.0,False,False,病院,25.9
"神経症性障害,ストレス関連障害及び身体表現性障害",male,a30_34,30.0,34.0,False,False,総数,29.2
"神経症性障害,ストレス関連障害及び身体表現性障害",male,a30_34,30.0,34.0,False,False,病院,29.2
"神経症性障害,ストレス関連障害及び身体表現性障害",female,a30_34,30.0,34.0,False,False,総数,24.6
"神経症性障害,ストレス関連障害及び身体表現性障害",female,a30_34,30.0,34.0,False,False,病院,24.6
神経系の疾患,total,a30_34,30.0,34.0,False,False,総数,85.1
神経系の疾患,total,a30_34,30.0,34.0,False,False,病院,91.9
神経系の疾患,total,a30_34,30.0,34.0,False,False,一般診療所,1.8
神経系の疾患,male,a30_34,30.0,34.0,False,False,総数,91.3
神経系の疾患,male,a30_34,30.0,34.0,False,False,病院,101.7
神経系の疾患,male,a30_34,30.0,34.0,False,False,一般診療所,1.9
神経系の疾患,female,a30_34,30.0,34.0,False,False,総数,75.4
神経系の疾患,female,a30_34,30.0,34.0,False,False,病院,77.5
神経系の疾患,female,a30_34,30.0,34.0,False,False,一般診療所,1.0
眼及び付属器の疾患,total,a30_34,30.0,34.0,False,False,総数,9.3
眼及び付属器の疾患,total,a30_34,30.0,34.0,False,False,病院,9.3
眼及び付属器の疾患,male,a30_34,30.0,34.0,False,False,総数,9.3
眼及び付属器の疾患,male,a30_34,30.0,34.0,False,False,病院,9.3
眼及び付属器の疾患,female,a30_34,30.0,34.0,False,False,総数,9.2
眼及び付属器の疾患,female,a30_34,30.0,34.0,False,False,病院,9.2
白内障,total,a30_34,30.0,34.0,False,False,総数,4.4
白内障,total,a30_34,30.0,34.0,False,False,病院,4.4
白内障,male,a30_34,30.0,34.0,False,False,総数,4.1
白内障,male,a30_34,30.0,34.0,False,False,病院,4.1
白内障,female,a30_34,30.0,34.0,False,False,総数,5.1
白内障,female,a30_34,30.0,34.0,False,False,病院,5.1
耳及び乳様突起の疾患,total,a30_34,30.0,34.0,False,False,総数,9.0
耳及び乳様突起の疾患,total,a30_34,30.0,34.0,False,False,病院,9.3
耳及び乳様突起の疾患,total,a30_34,30.0,34.0,False,False,一般診療所,1.0
耳及び乳様突起の疾患,male,a30_34,30.0,34.0,False,False,総数,10.1
耳及び乳様突起の疾患,male,a30_34,30.0,34.0,False,False,病院,10.8
耳及び乳様突起の疾患,male,a30_34,30.0,34.0,False,False,一般診療所,1.0
耳及び乳様突起の疾患,female,a30_34,30.0,34.0,False,False,総数,8.0
耳及び乳様突起の疾患,female,a30_34,30.0,34.0,False,False,病院,8.0
循環器系の疾患,total,a30_34,30.0,34.0,False,False,総数,11.7
循環器系の疾患,total,a30_34,30.0,34.0,False,False,病院,16.1
循環器系の疾患,total,a30_34,30.0,34.0,False,False,一般診療所,5.2
循環器系の疾患,male,a30_34,30.0,34.0,False,False,総数,13.1
循環器系の疾患,male,a30_34,30.0,34.0,False,False,病院,17.1
循環器系の疾患,male,a30_34,30.0,34.0,False,False,一般診療所,4.6
循環器系の疾患,female,a30_34,30.0,34.0,False,False,総数,10.3
循環器系の疾患,female,a30_34,30.0,34.0,False,False,病院,14.8
循環器系の疾患,female,a30_34,30.0,34.0,False,False,一般診療所,5.6
高血圧性疾患,total,a30_34,30.0,34.0,False,False,総数,7.9
高血圧性疾患,total,a30_34,30.0,34.0,False,False,病院,7.9
高血圧性疾患,male,a30_34,30.0,34.0,False,False,総数,12.0
高血圧性疾患,male,a30_34,30.0,34.0,False,False,病院,12.0
高血圧性疾患,female,a30_34,30.0,34.0,False,False,総数,6.3
高血圧性疾患,female,a30_34,30.0,34.0,False,False,病院,6.3
心疾患(高血圧性のものを除く),total,a30_34,30.0,34.0,False,False,総数,11.1
心疾患(高血圧性のものを除く),total,a30_34,30.0,34.0,False,False,病院,11.3
心疾患(高血圧性のものを除く),total,a30_34,30.0,34.0,False,False,一般診療所,6.5
心疾患(高血圧性のものを除く),male,a30_34,30.0,34.0,False,False,総数,11.7
心疾患(高血圧性のものを除く),male,a30_34,30.0,34.0,False,False,病院,11.7
心疾患(高血圧性のものを除く),female,a30_34,30.0,34.0,False,False,総数,10.0
心疾患(高血圧性のものを除く),female,a30_34,30.0,34.0,False,False,病院,10.5
心疾患(高血圧性のものを除く),female,a30_34,30.0,34.0,False,False,一般診療所,6.5
虚血性心疾患,total,a30_34,30.0,34.0,False,False,総数,6.8
虚血性心疾患,total,a30_34,30.0,34.0,False,False,病院,6.9
虚血性心疾患,total,a30_34,30.0,34.0,False,False,一般診療所,6.0
虚血性心疾患,male,a30_34,30.0,34.0,False,False,総数,6.3
虚血性心疾患,male,a30_34,30.0,34.0,False,False,病院,6.3
虚血性心疾患,female,a30_34,30.0,34.0,False,False,総数,8.3
虚血性心疾患,female,a30_34,30.0,34.0,False,False,病院,9.7
虚血性心疾患,female,a30_34,30.0,34.0,False,False,一般診療所,6.0
脳血管疾患,total,a30_34,30.0,34.0,False,False,総数,33.8
脳血管疾患,total,a30_34,30.0,34.0,False,False,病院,34.3
脳血管疾患,total,a30_34,30.0,34.0,False,False,一般診療所,1.0
脳血管疾患,male,a30_34,30.0,34.0,False,False,総数,43.3
脳血管疾患,male,a30_34,30.0,34.0,False,False,病院,43.3
脳血管疾患,female,a30_34,30.0,34.0,False,False,総数,24.6
脳血管疾患,female,a30_34,30.0,34.0,False,False,病院,25.4
脳血管疾患,female,a30_34,30.0,34.0,False,False,一般診療所,1.0
呼吸器系の疾患,total,a30_34,30.0,34.0,False,False,総数,7.3
呼吸器系の疾患,total,a30_34,30.0,34.0,False,False,病院,7.4
呼吸器系の疾患,total,a30_34,30.0,34.0,False,False,一般診療所,5.6
呼吸器系の疾患,male,a30_34,30.0,34.0,False,False,総数,7.3
呼吸器系の疾患,male,a30_34,30.0,34.0,False,False,病院,7.4
呼吸器系の疾患,male,a30_34,30.0,34.0,False,False,一般診療所,5.6
呼吸器系の疾患,female,a30_34,30.0,34.0,False,False,総数,7.3
呼吸器系の疾患,female,a30_34,30.0,34.0,False,False,病院,7.3
呼吸器系の疾患,female,a30_34,30.0,34.0,False,False,一般診療所,6.0
急性上気道感染症,total,a30_34,30.0,34.0,False,False,総数,5.7
急性上気道感染症,total,a30_34,30.0,34.0,False,False,病院,5.4
急性上気道感染症,total,a30_34,30.0,34.0,False,False,一般診療所,15.2
急性上気道感染症,male,a30_34,30.0,34.0,False,False,総数,5.9
急性上気道感染症,male,a30_34,30.0,34.0,False,False,病院,5.6
急性上気道感染症,male,a30_34,30.0,34.0,False,False,一般診療所,15.2
急性上気道感染症,female,a30_34,30.0,34.0,False,False,総数,5.1
急性上気道感染症,female,a30_34,30.0,34.0,False,False,病院,5.1
肺炎,total,a30_34,30.0,34.0,False,False,総数,8.0
肺炎,total,a30_34,30.0,34.0,False,False,病院,8.0
肺炎,total,a30_34,30.0,34.0,False,False,一般診療所,6.0
肺炎,male,a30_34,30.0,34.0,False,False,総数,8.2
肺炎,male,a30_34,30.0,34.0,False,False,病院,8.2
肺炎,female,a30_34,30.0,34.0,False,False,総数,7.7
肺炎,female,a30_34,30.0,34.0,False,False,病院,7.8
肺炎,female,a30_34,30.0,34.0,False,False,一般診療所,6.0
急性気管支炎及び急性細気管支炎,total,a30_34,30.0,34.0,False,False,総数,6.4
急性気管支炎及び急性細気管支炎,total,a30_34,30.0,34.0,False,False,病院,6.4
急性気管支炎及び急性細気管支炎,male,a30_34,30.0,34.0,False,False,総数,5.9
急性気管支炎及び急性細気管支炎,male,a30_34,30.0,34.0,False,False,病院,5.9
急性気管支炎及び急性細気管支炎,female,a30_34,30.0,34.0,False,False,総数,6.7
急性気管支炎及び急性細気管支炎,female,a30_34,30.0,34.0,False,False,病院,6.7
気管支炎及び慢性閉塞性肺疾患,total,a30_34,30.0,34.0,False,False,総数,10.8
気管支炎及び慢性閉塞性肺疾患,total,a30_34,30.0,34.0,False,False,病院,10.8
気管支炎及び慢性閉塞性肺疾患,male,a30_34,30.0,34.0,False,False,総数,15.9
気管支炎及び慢性閉塞性肺疾患,male,a30_34,30.0,34.0,False,False,病院,15.9
気管支炎及び慢性閉塞性肺疾患,female,a30_34,30.0,34.0,False,False,総数,9.1
気管支炎及び慢性閉塞性肺疾患,female,a30_34,30.0,34.0,False,False,病院,9.1
喘息,total,a30_34,30.0,34.0,False,False,総数,5.3
喘息,total,a30_34,30.0,34.0,False,False,病院,5.7
喘息,total,a30_34,30.0,34.0,False,False,一般診療所,4.0
喘息,male,a30_34,30.0,34.0,False,False,総数,4.8
喘息,male,a30_34,30.0,34.0,False,False,病院,5.4
喘息,male,a30_34,30.0,34.0,False,False,一般診療所,4.0
喘息,female,a30_34,30.0,34.0,False,False,総数,5.9
喘息,female,a30_34,30.0,34.0,False,False,病院,5.9
消化器系の疾患,total,a30_34,30.0,34.0,False,False,総数,11.0
消化器系の疾患,total,a30_34,30.0,34.0,False,False,病院,11.7
消化器系の疾患,total,a30_34,30.0,34.0,False,False,一般診療所,6.6
消化器系の疾患,male,a30_34,30.0,34.0,False,False,総数,13.2
消化器系の疾患,male,a30_34,30.0,34.0,False,False,病院,14.6
消化器系の疾患,male,a30_34,30.0,34.0,False,False,一般診療所,5.5
消化器系の疾患,female,a30_34,30.0,34.0,False,False,総数,8.2
消化器系の疾患,female,a30_34,30.0,34.0,False,False,病院,8.3
消化器系の疾患,female,a30_34,30.0,34.0,False,False,一般診療所,8.0
う蝕,total,a30_34,30.0,34.0,False,False,総数,1.4
う蝕,total,a30_34,30.0,34.0,False,False,病院,1.4
う蝕,male,a30_34,30.0,34.0,False,False,総数,1.1
う蝕,male,a30_34,30.0,34.0,False,False,病院,1.1
う蝕,female,a30_34,30.0,34.0,False,False,総数,1.8
う蝕,female,a30_34,30.0,34.0,False,False,病院,1.8
歯肉炎及び歯周疾患,total,a30_34,30.0,34.0,False,False,総数,3.3
歯肉炎及び歯周疾患,total,a30_34,30.0,34.0,False,False,病院,3.3
歯肉炎及び歯周疾患,male,a30_34,30.0,34.0,False,False,総数,5.2
歯肉炎及び歯周疾患,male,a30_34,30.0,34.0,False,False,病院,5.2
歯肉炎及び歯周疾患,female,a30_34,30.0,34.0,False,False,総数,1.4
歯肉炎及び歯周疾患,female,a30_34,30.0,34.0,False,False,病院,1.4
胃潰瘍及び十二指腸潰瘍,total,a30_34,30.0,34.0,False,False,総数,61.8
胃潰瘍及び十二指腸潰瘍,total,a30_34,30.0,34.0,False,False,病院,67.8
胃潰瘍及び十二指腸潰瘍,total,a30_34,30.0,34.0,False,False,一般診療所,15.1
胃潰瘍及び十二指腸潰瘍,male,a30_34,30.0,34.0,False,False,総数,90.7
胃潰瘍及び十二指腸潰瘍,male,a30_34,30.0,34.0,False,False,病院,96.3
胃潰瘍及び十二指腸潰瘍,male,a30_34,30.0,34.0,False,False,一般診療所,8.0
胃潰瘍及び十二指腸潰瘍,female,a30_34,30.0,34.0,False,False,総数,10.2
胃潰瘍及び十二指腸潰瘍,female,a30_34,30.0,34.0,False,False,病院,7.9
胃潰瘍及び十二指腸潰瘍,female,a30_34,30.0,34.0,False,False,一般診療所,19.0
胃炎及び十二指腸炎,total,a30_34,30.0,34.0,False,False,総数,4.6
胃炎及び十二指腸炎,total,a30_34,30.0,34.0,False,False,病院,4.9
胃炎及び十二指腸炎,total,a30_34,30.0,34.0,False,False,一般診療所,1.0
胃炎及び十二指腸炎,male,a30_34,30.0,34.0,False,False,総数,2.9
胃炎及び十二指腸炎,male,a30_34,30.0,34.0,False,False,病院,2.9
胃炎及び十二指腸炎,female,a30_34,30.0,34.0,False,False,総数,5.7
胃炎及び十二指腸炎,female,a30_34,30.0,34.0,False,False,病院,6.5
胃炎及び十二指腸炎,female,a30_34,30.0,34.0,False,False,一般診療所,1.0
肝疾患,total,a30_34,30.0,34.0,False,False,総数,18.5
肝疾患,total,a30_34,30.0,34.0,False,False,病院,14.5
肝疾患,total,a30_34,30.0,34.0,False,False,一般診療所,78.8
肝疾患,male,a30_34,30.0,34.0,False,False,総数,13.8
肝疾患,male,a30_34,30.0,34.0,False,False,病院,13.3
肝疾患,male,a30_34,30.0,34.0,False,False,一般診療所,22.0
肝疾患,female,a30_34,30.0,34.0,False,False,総数,23.6
肝疾患,female,a30_34,30.0,34.0,False,False,病院,15.7
肝疾患,female,a30_34,30.0,34.0,False,False,一般診療所,122.0
皮膚及び皮下組織の疾患,total,a30_34,30.0,34.0,False,False,総数,10.2
皮膚及び皮下組織の疾患,total,a30_34,30.0,34.0,False,False,病院,10.3
皮膚及び皮下組織の疾患,total,a30_34,30.0,34.0,False,False,一般診療所,5.4
皮膚及び皮下組織の疾患,male,a30_34,30.0,34.0,False,False,総数,10.5
皮膚及び皮下組織の疾患,male,a30_34,30.0,34.0,False,False,病院,10.5
皮膚及び皮下組織の疾患,male,a30_34,30.0,34.0,False,False,一般診療所,10.0
皮膚及び皮下組織の疾患,female,a30_34,30.0,34.0,False,False,総数,9.7
皮膚及び皮下組織の疾患,female,a30_34,30.0,34.0,False,False,病院,10.0
皮膚及び皮下組織の疾患,female,a30_34,30.0,34.0,False,False,一般診療所,2.0
筋骨格系及び結合組織の疾患,total,a30_34,30.0,34.0,False,False,総数,18.3
筋骨格系及び結合組織の疾患,total,a30_34,30.0,34.0,False,False,病院,18.1
筋骨格系及び結合組織の疾患,total,a30_34,30.0,34.0,False,False,一般診療所,21.0
筋骨格系及び結合組織の疾患,male,a30_34,30.0,34.0,False,False,総数,20.1
筋骨格系及び結合組織の疾患,male,a30_34,30.0,34.0,False,False,病院,19.6
筋骨格系及び結合組織の疾患,male,a30_34,30.0,34.0,False,False,一般診療所,26.4
筋骨格系及び結合組織の疾患,female,a30_34,30.0,34.0,False,False,総数,15.3
筋骨格系及び結合組織の疾患,female,a30_34,30.0,34.0,False,False,病院,15.7
筋骨格系及び結合組織の疾患,female,a30_34,30.0,34.0,False,False,一般診療所,4.9
炎症性多発性関節障害,total,a30_34,30.0,34.0,False,False,総数,7.5
炎症性多発性関節障害,total,a30_34,30.0,34.0,False,False,病院,8.2
炎症性多発性関節障害,total,a30_34,30.0,34.0,False,False,一般診療所,0.7
炎症性多発性関節障害,male,a30_34,30.0,34.0,False,False,総数,10.8
炎症性多発性関節障害,male,a30_34,30.0,34.0,False,False,病院,10.8
炎症性多発性関節障害,female,a30_34,30.0,34.0,False,False,総数,6.1
炎症性多発性関節障害,female,a30_34,30.0,34.0,False,False,病院,6.9
炎症性多発性関節障害,female,a30_34,30.0,34.0,False,False,一般診療所,0.7
関節症,total,a30_34,30.0,34.0,False,False,総数,33.5
関節症,total,a30_34,30.0,34.0,False,False,病院,33.5
関節症,male,a30_34,30.0,34.0,False,False,総数,35.0
関節症,male,a30_34,30.0,34.0,False,False,病院,35.0
関節症,female,a30_34,30.0,34.0,False,False,総数,31.9
関節症,female,a30_34,30.0,34.0,False,False,病院,31.9
脊柱障害,total,a30_34,30.0,34.0,False,False,総数,17.3
脊柱障害,total,a30_34,30.0,34.0,False,False,病院,17.6
脊柱障害,total,a30_34,30.0,34.0,False,False,一般診療所,8.0
脊柱障害,male,a30_34,30.0,34.0,False,False,総数,19.4
脊柱障害,male,a30_34,30.0,34.0,False,False,病院,19.7
脊柱障害,male,a30_34,30.0,34.0,False,False,一般診療所,6.1
脊柱障害,female,a30_34,30.0,34.0,False,False,総数,12.8
脊柱障害,female,a30_34,30.0,34.0,False,False,病院,12.9
脊柱障害,female,a30_34,30.0,34.0,False,False,一般診療所,10.4
骨の密度及び構造の障害,total,a30_34,30.0,34.0,False,False,総数,9.2
骨の密度及び構造の障害,total,a30_34,30.0,34.0,False,False,病院,9.2
骨の密度及び構造の障害,male,a30_34,30.0,34.0,False,False,総数,10.5
骨の密度及び構造の障害,male,a30_34,30.0,34.0,False,False,病院,10.5
骨の密度及び構造の障害,female,a30_34,30.0,34.0,False,False,総数,6.5
骨の密度及び構造の障害,female,a30_34,30.0,34.0,False,False,病院,6.5
腎尿路生殖器系の疾患,total,a30_34,30.0,34.0,False,False,総数,12.5
腎尿路生殖器系の疾患,total,a30_34,30.0,34.0,False,False,病院,13.0
腎尿路生殖器系の疾患,total,a30_34,30.0,34.0,False,False,一般診療所,5.6
腎尿路生殖器系の疾患,male,a30_34,30.0,34.0,False,False,総数,7.0
腎尿路生殖器系の疾患,male,a30_34,30.0,34.0,False,False,病院,7.0
腎尿路生殖器系の疾患,male,a30_34,30.0,34.0,False,False,一般診療所,7.4
腎尿路生殖器系の疾患,female,a30_34,30.0,34.0,False,False,総数,14.3
腎尿路生殖器系の疾患,female,a30_34,30.0,34.0,False,False,病院,14.9
腎尿路生殖器系の疾患,female,a30_34,30.0,34.0,False,False,一般診療所,5.3
"糸球体疾患,腎尿細管間質性疾患及び腎不全",total,a30_34,30.0,34.0,False,False,総数,13.2
"糸球体疾患,腎尿細管間質性疾患及び腎不全",total,a30_34,30.0,34.0,False,False,病院,13.3
"糸球体疾患,腎尿細管間質性疾患及び腎不全",total,a30_34,30.0,34.0,False,False,一般診療所,5.0
"糸球体疾患,腎尿細管間質性疾患及び腎不全",male,a30_34,30.0,34.0,False,False,総数,15.2
"糸球体疾患,腎尿細管間質性疾患及び腎不全",male,a30_34,30.0,34.0,False,False,病院,15.2
"糸球体疾患,腎尿細管間質性疾患及び腎不全",female,a30_34,30.0,34.0,False,False,総数,12.2
"糸球体疾患,腎尿細管間質性疾患及び腎不全",female,a30_34,30.0,34.0,False,False,病院,12.3
"糸球体疾患,腎尿細管間質性疾患及び腎不全",female,a30_34,30.0,34.0,False,False,一般診療所,5.0
乳房及び女性生殖器の疾患,total,a30_34,30.0,34.0,False,False,総数,15.9
乳房及び女性生殖器の疾患,total,a30_34,30.0,34.0,False,False,病院,16.8
乳房及び女性生殖器の疾患,total,a30_34,30.0,34.0,False,False,一般診療所,5.8
乳房及び女性生殖器の疾患,male,a30_34,30.0,34.0,False,False,総数,9.0
乳房及び女性生殖器の疾患,male,a30_34,30.0,34.0,False,False,病院,9.0
乳房及び女性生殖器の疾患,female,a30_34,30.0,34.0,False,False,総数,15.9
乳房及び女性生殖器の疾患,female,a30_34,30.0,34.0,False,False,病院,16.8
乳房及び女性生殖器の疾患,female,a30_34,30.0,34.0,False,False,一般診療所,5.8
"妊娠,分娩及び産じょく",total,a30_34,30.0,34.0,False,False,総数,8.4
"妊娠,分娩及び産じょく",total,a30_34,30.0,34.0,False,False,病院,9.7
"妊娠,分娩及び産じょく",total,a30_34,30.0,34.0,False,False,一般診療所,6.2
"妊娠,分娩及び産じょく",female,a30_34,30.0,34.0,False,False,総数,8.4
"妊娠,分娩及び産じょく",female,a30_34,30.0,34.0,False,False,病院,9.7
"妊娠,分娩及び産じょく",female,a30_34,30.0,34.0,False,False,一般診療所,6.2
妊娠高血圧症候群,total,a30_34,30.0,34.0,False,False,総数,11.8
妊娠高血圧症候群,total,a30_34,30.0,34.0,False,False,病院,13.0
妊娠高血圧症候群,total,a30_34,30.0,34.0,False,False,一般診療所,8.2
妊娠高血圧症候群,female,a30_34,30.0,34.0,False,False,総数,11.8
妊娠高血圧症候群,female,a30_34,30.0,34.0,False,False,病院,13.0
妊娠高血圧症候群,female,a30_34,30.0,34.0,False,False,一般診療所,8.2
"先天奇形,変形及び染色体異常",total,a30_34,30.0,34.0,False,False,総数,53.1
"先天奇形,変形及び染色体異常",total,a30_34,30.0,34.0,False,False,病院,54.1
"先天奇形,変形及び染色体異常",total,a30_34,30.0,34.0,False,False,一般診療所,12.0
"先天奇形,変形及び染色体異常",male,a30_34,30.0,34.0,False,False,総数,121.3
"先天奇形,変形及び染色体異常",male,a30_34,30.0,34.0,False,False,病院,128.4
"先天奇形,変形及び染色体異常",male,a30_34,30.0,34.0,False,False,一般診療所,12.0
"先天奇形,変形及び染色体異常",female,a30_34,30.0,34.0,False,False,総数,10.7
"先天奇形,変形及び染色体異常",female,a30_34,30.0,34.0,False,False,病院,10.7
"症状,徴候及び異常臨床所見・異常検査所見で他に分類されないもの",total,a30_34,30.0,34.0,False,False,総数,15.4
"症状,徴候及び異常臨床所見・異常検査所見で他に分類されないもの",total,a30_34,30.0,34.0,False,False,病院,16.9
"症状,徴候及び異常臨床所見・異常検査所見で他に分類されないもの",total,a30_34,30.0,34.0,False,False,一般診療所,5.0
"症状,徴候及び異常臨床所見・異常検査所見で他に分類されないもの",male,a30_34,30.0,34.0,False,False,総数,6.8
"症状,徴候及び異常臨床所見・異常検査所見で他に分類されないもの",male,a30_34,30.0,34.0,False,False,病院,6.8
"症状,徴候及び異常臨床所見・異常検査所見で他に分類されないもの",female,a30_34,30.0,34.0,False,False,総数,19.2
"症状,徴候及び異常臨床所見・異常検査所見で他に分類されないもの",female,a30_34,30.0,34.0,False,False,病院,22.2
"症状,徴候及び異常臨床所見・異常検査所見で他に分類されないもの",female,a30_34,30.0,34.0,False,False,一般診療所,5.0
"損傷,中毒及びその他の外因の影響",total,a30_34,30.0,34.0,False,False,総数,13.8
"損傷,中毒及びその他の外因の影響",total,a30_34,30.0,34.0,False,False,病院,14.0
"損傷,中毒及びその他の外因の影響",total,a30_34,30.0,34.0,False,False,一般診療所,12.1
"損傷,中毒及びその他の外因の影響",male,a30_34,30.0,34.0,False,False,総数,14.5
"損傷,中毒及びその他の外因の影響",male,a30_34,30.0,34.0,False,False,病院,14.8
"損傷,中毒及びその他の外因の影響",male,a30_34,30.0,34.0,False,False,一般診療所,11.7
"損傷,中毒及びその他の外因の影響",female,a30_34,30.0,34.0,False,False,総数,12.0
"損傷,中毒及びその他の外因の影響",female,a30_34,30.0,34.0,False,False,病院,12.0
"損傷,中毒及びその他の外因の影響",female,a30_34,30.0,34.0,False,False,一般診療所,13.9
骨折,total,a30_34,30.0,34.0,False,False,総数,15.3
骨折,total,a30_34,30.0,34.0,False,False,病院,15.6
骨折,total,a30_34,30.0,34.0,False,False,一般診療所,9.4
骨折,male,a30_34,30.0,34.0,False,False,総数,15.1
骨折,male,a30_34,30.0,34.0,False,False,病院,15.6
骨折,male,a30_34,30.0,34.0,False,False,一般診療所,5.1
骨折,female,a30_34,30.0,34.0,False,False,総数,16.2
骨折,female,a30_34,30.0,34.0,False,False,病院,15.7
骨折,female,a30_34,30.0,34.0,False,False,一般診療所,28.0
健康状態に影響を及ぼす要因及び保健サービスの利用,total,a30_34,30.0,34.0,False,False,総数,8.0
健康状態に影響を及ぼす要因及び保健サービスの利用,total,a30_34,30.0,34.0,False,False,病院,9.6
健康状態に影響を及ぼす要因及び保健サービスの利用,total,a30_34,30.0,34.0,False,False,一般診療所,3.8
健康状態に影響を及ぼす要因及び保健サービスの利用,male,a30_34,30.0,34.0,False,False,総数,4.3
健康状態に影響を及ぼす要因及び保健サービスの利用,male,a30_34,30.0,34.0,False,False,病院,4.3
健康状態に影響を及ぼす要因及び保健サービスの利用,female,a30_34,30.0,34.0,False,False,総数,8.3
健康状態に影響を及ぼす要因及び保健サービスの利用,female,a30_34,30.0,34.0,False,False,病院,10.1
健康状態に影響を及ぼす要因及び保健サービスの利用,female,a30_34,30.0,34.0,False,False,一般診療所,3.8
歯の補てつ,total,a30_34,30.0,34.0,False,False,総数,2.0
歯の補てつ,total,a30_34,30.0,34.0,False,False,病院,2.0
歯の補てつ,male,a30_34,30.0,34.0,False,False,総数,1.4
歯の補てつ,male,a30_34,30.0,34.0,False,False,病院,1.4
歯の補てつ,female,a30_34,30.0,34.0,False,False,総数,4.0
歯の補てつ,female,a30_34,30.0,34.0,False,False,病院,4.0
総数,total,a35_39,35.0,39.0,False,False,総数,18.3
総数,total,a35_39,35.0,39.0,False,False,病院,20.1
総数,total,a35_39,35.0,39.0,False,False,一般診療所,7.8
総数,male,a35_39,35.0,39.0,False,False,総数,27.8
総数,male,a35_39,35.0,39.0,False,False,病院,28.7
総数,male,a35_39,35.0,39.0,False,False,一般診療所,14.6
総数,female,a35_39,35.0,39.0,False,False,総数,13.5
総数,female,a35_39,35.0,39.0,False,False,病院,15.2
総数,female,a35_39,35.0,39.0,False,False,一般診療所,6.6
感染症及び寄生虫症,total,a35_39,35.0,39.0,False,False,総数,10.6
感染症及び寄生虫症,total,a35_39,35.0,39.0,False,False,病院,11.1
感染症及び寄生虫症,total,a35_39,35.0,39.0,False,False,一般診療所,3.3
感染症及び寄生虫症,male,a35_39,35.0,39.0,False,False,総数,12.1
感染症及び寄生虫症,male,a35_39,35.0,39.0,False,False,病院,12.8
感染症及び寄生虫症,male,a35_39,35.0,39.0,False,False,一般診療所,2.6
感染症及び寄生虫症,female,a35_39,35.0,39.0,False,False,総数,9.0
感染症及び寄生虫症,female,a35_39,35.0,39.0,False,False,病院,9.2
感染症及び寄生虫症,female,a35_39,35.0,39.0,False,False,一般診療所,4.4
腸管感染症,total,a35_39,35.0,39.0,False,False,総数,5.2
腸管感染症,total,a35_39,35.0,39.0,False,False,病院,5.3
腸管感染症,total,a35_39,35.0,39.0,False,False,一般診療所,2.1
腸管感染症,male,a35_39,35.0,39.0,False,False,総数,5.6
腸管感染症,male,a35_39,35.0,39.0,False,False,病院,5.8
腸管感染症,male,a35_39,35.0,39.0,False,False,一般診療所,1.0
腸管感染症,female,a35_39,35.0,39.0,False,False,総数,4.9
腸管感染症,female,a35_39,35.0,39.0,False,False,病院,5.0
腸管感染症,female,a35_39,35.0,39.0,False,False,一般診療所,2.9
結核,total,a35_39,35.0,39.0,False,False,総数,43.1
結核,total,a35_39,35.0,39.0,False,False,病院,43.1
結核,male,a35_39,35.0,39.0,False,False,総数,49.3
結核,male,a35_39,35.0,39.0,False,False,病院,49.3
結核,female,a35_39,35.0,39.0,False,False,総数,33.7
結核,female,a35_39,35.0,39.0,False,False,病院,33.7
皮膚及び粘膜の病変を伴うウイルス疾患,total,a35_39,35.0,39.0,False,False,総数,8.6
皮膚及び粘膜の病変を伴うウイルス疾患,total,a35_39,35.0,39.0,False,False,病院,8.6
皮膚及び粘膜の病変を伴うウイルス疾患,male,a35_39,35.0,39.0,False,False,総数,8.4
皮膚及び粘膜の病変を伴うウイルス疾患,male,a35_39,35.0,39.0,False,False,病院,8.4
皮膚及び粘膜の病変を伴うウイルス疾患,female,a35_39,35.0,39.0,False,False,総数,8.7
皮膚及び粘膜の病変を伴うウイルス疾患,female,a35_39,35.0,39.0,False,False,病院,8.7
真菌症,total,a35_39,35.0,39.0,False,False,総数,21.3
真菌症,total,a35_39,35.0,39.0,False,False,病院,21.3
真菌症,male,a35_39,35.0,39.0,False,False,総数,25.6
真菌症,male,a35_39,35.0,39.0,False,False,病院,25.6
真菌症,female,a35_39,35.0,39.0,False,False,総数,8.0
真菌症,female,a35_39,35.0,39.0,False,False,病院,8.0
新生物,total,a35_39,35.0,39.0,False,False,総数,13.7
新生物,total,a35_39,35.0,39.0,False,False,病院,13.9
新生物,total,a35_39,35.0,39.0,False,False,一般診療所,7.1
新生物,male,a35_39,35.0,39.0,False,False,総数,22.2
新生物,male,a35_39,35.0,39.0,False,False,病院,22.8
新生物,male,a35_39,35.0,39.0,False,False,一般診療所,3.0
新生物,female,a35_39,35.0,39.0,False,False,総数,11.1
新生物,female,a35_39,35.0,39.0,False,False,病院,11.2
新生物,female,a35_39,35.0,39.0,False,False,一般診療所,8.3
悪性新生物,total,a35_39,35.0,39.0,False,False,総数,17.9
悪性新生物,total,a35_39,35.0,39.0,False,False,病院,18.1
悪性新生物,total,a35_39,35.0,39.0,False,False,一般診療所,8.9
悪性新生物,male,a35_39,35.0,39.0,False,False,総数,26.6
悪性新生物,male,a35_39,35.0,39.0,False,False,病院,27.4
悪性新生物,male,a35_39,35.0,39.0,False,False,一般診療所,3.4
悪性新生物,female,a35_39,35.0,39.0,False,False,総数,13.9
悪性新生物,female,a35_39,35.0,39.0,False,False,病院,13.9
悪性新生物,female,a35_39,35.0,39.0,False,False,一般診療所,11.5
胃の悪性新生物,total,a35_39,35.0,39.0,False,False,総数,16.2
胃の悪性新生物,total,a35_39,35.0,39.0,False,False,病院,16.2
胃の悪性新生物,male,a35_39,35.0,39.0,False,False,総数,16.9
胃の悪性新生物,male,a35_39,35.0,39.0,False,False,病院,16.9
胃の悪性新生物,female,a35_39,35.0,39.0,False,False,総数,15.7
胃の悪性新生物,female,a35_39,35.0,39.0,False,False,病院,15.7
結腸及び直腸の悪性新生物,total,a35_39,35.0,39.0,False,False,総数,13.7
結腸及び直腸の悪性新生物,total,a35_39,35.0,39.0,False,False,病院,14.0
結腸及び直腸の悪性新生物,total,a35_39,35.0,39.0,False,False,一般診療所,4.0
結腸及び直腸の悪性新生物,male,a35_39,35.0,39.0,False,False,総数,13.7
結腸及び直腸の悪性新生物,male,a35_39,35.0,39.0,False,False,病院,14.2
結腸及び直腸の悪性新生物,male,a35_39,35.0,39.0,False,False,一般診療所,4.0
結腸及び直腸の悪性新生物,female,a35_39,35.0,39.0,False,False,総数,13.7
結腸及び直腸の悪性新生物,female,a35_39,35.0,39.0,False,False,病院,13.7
"気管,気管支及び肺の悪性新生物",total,a35_39,35.0,39.0,False,False,総数,17.4
"気管,気管支及び肺の悪性新生物",total,a35_39,35.0,39.0,False,False,病院,17.4
"気管,気管支及び肺の悪性新生物",male,a35_39,35.0,39.0,False,False,総数,18.0
"気管,気管支及び肺の悪性新生物",male,a35_39,35.0,39.0,False,False,病院,18.0
"気管,気管支及び肺の悪性新生物",female,a35_39,35.0,39.0,False,False,総数,16.3
"気管,気管支及び肺の悪性新生物",female,a35_39,35.0,39.0,False,False,病院,16.3
血液及び造血器の疾患並びに免疫機構の障害,total,a35_39,35.0,39.0,False,False,総数,15.2
血液及び造血器の疾患並びに免疫機構の障害,total,a35_39,35.0,39.0,False,False,病院,16.9
血液及び造血器の疾患並びに免疫機構の障害,total,a35_39,35.0,39.0,False,False,一般診療所,5.6
血液及び造血器の疾患並びに免疫機構の障害,male,a35_39,35.0,39.0,False,False,総数,24.5
血液及び造血器の疾患並びに免疫機構の障害,male,a35_39,35.0,39.0,False,False,病院,24.5
血液及び造血器の疾患並びに免疫機構の障害,female,a35_39,35.0,39.0,False,False,総数,12.0
血液及び造血器の疾患並びに免疫機構の障害,female,a35_39,35.0,39.0,False,False,病院,13.6
血液及び造血器の疾患並びに免疫機構の障害,female,a35_39,35.0,39.0,False,False,一般診療所,5.6
"内分泌,栄養及び代謝疾患",total,a35_39,35.0,39.0,False,False,総数,14.2
"内分泌,栄養及び代謝疾患",total,a35_39,35.0,39.0,False,False,病院,14.2
"内分泌,栄養及び代謝疾患",male,a35_39,35.0,39.0,False,False,総数,15.0
"内分泌,栄養及び代謝疾患",male,a35_39,35.0,39.0,False,False,病院,15.0
"内分泌,栄養及び代謝疾患",female,a35_39,35.0,39.0,False,False,総数,13.0
"内分泌,栄養及び代謝疾患",female,a35_39,35.0,39.0,False,False,病院,13.0
甲状腺障害,total,a35_39,35.0,39.0,False,False,総数,15.0
甲状腺障害,total,a35_39,35.0,39.0,False,False,病院,15.0
甲状腺障害,male,a35_39,35.0,39.0,False,False,総数,15.3
甲状腺障害,male,a35_39,35.0,39.0,False,False,病院,15.3
甲状腺障害,female,a35_39,35.0,39.0,False,False,総数,14.7
甲状腺障害,female,a35_39,35.0,39.0,False,False,病院,14.7
糖尿病,total,a35_39,35.0,39.0,False,False,総数,16.5
糖尿病,total,a35_39,35.0,39.0,False,False,病院,16.5
糖尿病,male,a35_39,35.0,39.0,False,False,総数,17.2
糖尿病,male,a35_39,35.0,39.0,False,False,病院,17.2
糖尿病,female,a35_39,35.0,39.0,False,False,総数,14.6
糖尿病,female,a35_39,35.0,39.0,False,False,病院,14.6
精神及び行動の障害,total,a35_39,35.0,39.0,False,False,総数,125.2
精神及び行動の障害,total,a35_39,35.0,39.0,False,False,病院,125.2
精神及び行動の障害,total,a35_39,35.0,39.0,False,False,一般診療所,124.1
精神及び行動の障害,male,a35_39,35.0,39.0,False,False,総数,159.9
精神及び行動の障害,male,a35_39,35.0,39.0,False,False,病院,160.0
精神及び行動の障害,male,a35_39,35.0,39.0,False,False,一般診療所,144.5
精神及び行動の障害,female,a35_39,35.0,39.0,False,False,総数,93.4
精神及び行動の障害,female,a35_39,35.0,39.0,False,False,病院,93.0
精神及び行動の障害,female,a35_39,35.0,39.0,False,False,一般診療所,116.0
"統合失調症,統合失調症型障害及び妄想性障害",total,a35_39,35.0,39.0,False,False,総数,198.8
"統合失調症,統合失調症型障害及び妄想性障害",total,a35_39,35.0,39.0,False,False,病院,199.5
"統合失調症,統合失調症型障害及び妄想性障害",total,a35_39,35.0,39.0,False,False,一般診療所,12.0
"統合失調症,統合失調症型障害及び妄想性障害",male,a35_39,35.0,39.0,False,False,総数,262.7
"統合失調症,統合失調症型障害及び妄想性障害",male,a35_39,35.0,39.0,False,False,病院,264.7
"統合失調症,統合失調症型障害及び妄想性障害",male,a35_39,35.0,39.0,False,False,一般診療所,12.0
"統合失調症,統合失調症型障害及び妄想性障害",female,a35_39,35.0,39.0,False,False,総数,136.0
"統合失調症,統合失調症型障害及び妄想性障害",female,a35_39,35.0,39.0,False,False,病院,136.0
気分[感情]障害(躁うつ病を含む),total,a35_39,35.0,39.0,False,False,総数,59.5
気分[感情]障害(躁うつ病を含む),total,a35_39,35.0,39.0,False,False,病院,55.3
気分[感情]障害(躁うつ病を含む),total,a35_39,35.0,39.0,False,False,一般診療所,164.3
気分[感情]障害(躁うつ病を含む),male,a35_39,35.0,39.0,False,False,総数,64.8
気分[感情]障害(躁うつ病を含む),male,a35_39,35.0,39.0,False,False,病院,61.1
気分[感情]障害(躁うつ病を含む),male,a35_39,35.0,39.0,False,False,一般診療所,277.0
気分[感情]障害(躁うつ病を含む),female,a35_39,35.0,39.0,False,False,総数,55.6
気分[感情]障害(躁うつ病を含む),female,a35_39,35.0,39.0,False,False,病院,50.9
気分[感情]障害(躁うつ病を含む),female,a35_39,35.0,39.0,False,False,一般診療所,137.5
"神経症性障害,ストレス関連障害及び身体表現性障害",total,a35_39,35.0,39.0,False,False,総数,38.3
"神経症性障害,ストレス関連障害及び身体表現性障害",total,a35_39,35.0,39.0,False,False,病院,38.8
"神経症性障害,ストレス関連障害及び身体表現性障害",total,a35_39,35.0,39.0,False,False,一般診療所,6.0
"神経症性障害,ストレス関連障害及び身体表現性障害",male,a35_39,35.0,39.0,False,False,総数,42.5
"神経症性障害,ストレス関連障害及び身体表現性障害",male,a35_39,35.0,39.0,False,False,病院,42.5
"神経症性障害,ストレス関連障害及び身体表現性障害",female,a35_39,35.0,39.0,False,False,総数,35.6
"神経症性障害,ストレス関連障害及び身体表現性障害",female,a35_39,35.0,39.0,False,False,病院,36.5
"神経症性障害,ストレス関連障害及び身体表現性障害",female,a35_39,35.0,39.0,False,False,一般診療所,6.0
神経系の疾患,total,a35_39,35.0,39.0,False,False,総数,55.9
神経系の疾患,total,a35_39,35.0,39.0,False,False,病院,60.2
神経系の疾患,total,a35_39,35.0,39.0,False,False,一般診療所,1.3
神経系の疾患,male,a35_39,35.0,39.0,False,False,総数,51.2
神経系の疾患,male,a35_39,35.0,39.0,False,False,病院,56.6
神経系の疾患,male,a35_39,35.0,39.0,False,False,一般診療所,1.0
神経系の疾患,female,a35_39,35.0,39.0,False,False,総数,66.5
神経系の疾患,female,a35_39,35.0,39.0,False,False,病院,67.5
神経系の疾患,female,a35_39,35.0,39.0,False,False,一般診療所,4.7
眼及び付属器の疾患,total,a35_39,35.0,39.0,False,False,総数,8.8
眼及び付属器の疾患,total,a35_39,35.0,39.0,False,False,病院,9.0
眼及び付属器の疾患,male,a35_39,35.0,39.0,False,False,総数,9.7
眼及び付属器の疾患,male,a35_39,35.0,39.0,False,False,病院,9.7
眼及び付属器の疾患,female,a35_39,35.0,39.0,False,False,総数,7.4
眼及び付属器の疾患,female,a35_39,35.0,39.0,False,False,病院,7.7
白内障,total,a35_39,35.0,39.0,False,False,総数,2.6
白内障,total,a35_39,35.0,39.0,False,False,病院,2.7
白内障,male,a35_39,35.0,39.0,False,False,総数,2.7
白内障,male,a35_39,35.0,39.0,False,False,病院,2.7
白内障,female,a35_39,35.0,39.0,False,False,総数,2.3
白内障,female,a35_39,35.0,39.0,False,False,病院,2.6
耳及び乳様突起の疾患,total,a35_39,35.0,39.0,False,False,総数,7.8
耳及び乳様突起の疾患,total,a35_39,35.0,39.0,False,False,病院,7.9
耳及び乳様突起の疾患,total,a35_39,35.0,39.0,False,False,一般診療所,5.0
耳及び乳様突起の疾患,male,a35_39,35.0,39.0,False,False,総数,8.4
耳及び乳様突起の疾患,male,a35_39,35.0,39.0,False,False,病院,8.6
耳及び乳様突起の疾患,male,a35_39,35.0,39.0,False,False,一般診療所,5.0
耳及び乳様突起の疾患,female,a35_39,35.0,39.0,False,False,総数,7.2
耳及び乳様突起の疾患,female,a35_39,35.0,39.0,False,False,病院,7.2
循環器系の疾患,total,a35_39,35.0,39.0,False,False,総数,18.2
循環器系の疾患,total,a35_39,35.0,39.0,False,False,病院,22.1
循環器系の疾患,total,a35_39,35.0,39.0,False,False,一般診療所,5.5
循環器系の疾患,male,a35_39,35.0,39.0,False,False,総数,20.6
循環器系の疾患,male,a35_39,35.0,39.0,False,False,病院,24.8
循環器系の疾患,male,a35_39,35.0,39.0,False,False,一般診療所,6.0
循環器系の疾患,female,a35_39,35.0,39.0,False,False,総数,13.8
循環器系の疾患,female,a35_39,35.0,39.0,False,False,病院,16.8
循環器系の疾患,female,a35_39,35.0,39.0,False,False,一般診療所,4.6
高血圧性疾患,total,a35_39,35.0,39.0,False,False,総数,12.3
高血圧性疾患,total,a35_39,35.0,39.0,False,False,病院,12.3
高血圧性疾患,male,a35_39,35.0,39.0,False,False,総数,15.4
高血圧性疾患,male,a35_39,35.0,39.0,False,False,病院,15.4
高血圧性疾患,female,a35_39,35.0,39.0,False,False,総数,10.3
高血圧性疾患,female,a35_39,35.0,39.0,False,False,病院,10.3
心疾患(高血圧性のものを除く),total,a35_39,35.0,39.0,False,False,総数,10.3
心疾患(高血圧性のものを除く),total,a35_39,35.0,39.0,False,False,病院,10.5
心疾患(高血圧性のものを除く),total,a35_39,35.0,39.0,False,False,一般診療所,2.0
心疾患(高血圧性のものを除く),male,a35_39,35.0,39.0,False,False,総数,10.2
心疾患(高血圧性のものを除く),male,a35_39,35.0,39.0,False,False,病院,10.3
心疾患(高血圧性のものを除く),male,a35_39,35.0,39.0,False,False,一般診療所,2.0
心疾患(高血圧性のものを除く),female,a35_39,35.0,39.0,False,False,総数,10.9
心疾患(高血圧性のものを除く),female,a35_39,35.0,39.0,False,False,病院,10.9
虚血性心疾患,total,a35_39,35.0,39.0,False,False,総数,7.4
虚血性心疾患,total,a35_39,35.0,39.0,False,False,病院,7.6
虚血性心疾患,total,a35_39,35.0,39.0,False,False,一般診療所,2.5
虚血性心疾患,male,a35_39,35.0,39.0,False,False,総数,7.5
虚血性心疾患,male,a35_39,35.0,39.0,False,False,病院,7.7
虚血性心疾患,male,a35_39,35.0,39.0,False,False,一般診療所,2.5
虚血性心疾患,female,a35_39,35.0,39.0,False,False,総数,6.8
虚血性心疾患,female,a35_39,35.0,39.0,False,False,病院,6.8
脳血管疾患,total,a35_39,35.0,39.0,False,False,総数,47.7
脳血管疾患,total,a35_39,35.0,39.0,False,False,病院,47.9
脳血管疾患,total,a35_39,35.0,39.0,False,False,一般診療所,41.0
脳血管疾患,male,a35_39,35.0,39.0,False,False,総数,56.4
脳血管疾患,male,a35_39,35.0,39.0,False,False,病院,56.9
脳血管疾患,male,a35_39,35.0,39.0,False,False,一般診療所,41.0
脳血管疾患,female,a35_39,35.0,39.0,False,False,総数,34.0
脳血管疾患,female,a35_39,35.0,39.0,False,False,病院,34.0
呼吸器系の疾患,total,a35_39,35.0,39.0,False,False,総数,8.0
呼吸器系の疾患,total,a35_39,35.0,39.0,False,False,病院,8.1
呼吸器系の疾患,total,a35_39,35.0,39.0,False,False,一般診療所,5.2
呼吸器系の疾患,male,a35_39,35.0,39.0,False,False,総数,8.1
呼吸器系の疾患,male,a35_39,35.0,39.0,False,False,病院,8.2
呼吸器系の疾患,male,a35_39,35.0,39.0,False,False,一般診療所,4.4
呼吸器系の疾患,female,a35_39,35.0,39.0,False,False,総数,7.7
呼吸器系の疾患,female,a35_39,35.0,39.0,False,False,病院,7.8
呼吸器系の疾患,female,a35_39,35.0,39.0,False,False,一般診療所,5.5
急性上気道感染症,total,a35_39,35.0,39.0,False,False,総数,5.5
急性上気道感染症,total,a35_39,35.0,39.0,False,False,病院,5.6
急性上気道感染症,total,a35_39,35.0,39.0,False,False,一般診療所,4.4
急性上気道感染症,male,a35_39,35.0,39.0,False,False,総数,5.6
急性上気道感染症,male,a35_39,35.0,39.0,False,False,病院,5.7
急性上気道感染症,male,a35_39,35.0,39.0,False,False,一般診療所,4.4
急性上気道感染症,female,a35_39,35.0,39.0,False,False,総数,5.4
急性上気道感染症,female,a35_39,35.0,39.0,False,False,病院,5.4
肺炎,total,a35_39,35.0,39.0,False,False,総数,10.1
肺炎,total,a35_39,35.0,39.0,False,False,病院,10.2
肺炎,total,a35_39,35.0,39.0,False,False,一般診療所,5.0
肺炎,male,a35_39,35.0,39.0,False,False,総数,11.5
肺炎,male,a35_39,35.0,39.0,False,False,病院,11.5
肺炎,female,a35_39,35.0,39.0,False,False,総数,7.9
肺炎,female,a35_39,35.0,39.0,False,False,病院,8.0
肺炎,female,a35_39,35.0,39.0,False,False,一般診療所,5.0
急性気管支炎及び急性細気管支炎,total,a35_39,35.0,39.0,False,False,総数,9.4
急性気管支炎及び急性細気管支炎,total,a35_39,35.0,39.0,False,False,病院,6.3
急性気管支炎及び急性細気管支炎,total,a35_39,35.0,39.0,False,False,一般診療所,19.0
急性気管支炎及び急性細気管支炎,male,a35_39,35.0,39.0,False,False,総数,6.3
急性気管支炎及び急性細気管支炎,male,a35_39,35.0,39.0,False,False,病院,6.3
急性気管支炎及び急性細気管支炎,female,a35_39,35.0,39.0,False,False,総数,12.4
急性気管支炎及び急性細気管支炎,female,a35_39,35.0,39.0,False,False,病院,6.3
急性気管支炎及び急性細気管支炎,female,a35_39,35.0,39.0,False,False,一般診療所,19.0
気管支炎及び慢性閉塞性肺疾患,total,a35_39,35.0,39.0,False,False,総数,10.2
気管支炎及び慢性閉塞性肺疾患,total,a35_39,35.0,39.0,False,False,病院,10.2
気管支炎及び慢性閉塞性肺疾患,male,a35_39,35.0,39.0,False,False,総数,7.4
気管支炎及び慢性閉塞性肺疾患,male,a35_39,35.0,39.0,False,False,病院,7.4
気管支炎及び慢性閉塞性肺疾患,female,a35_39,35.0,39.0,False,False,総数,13.6
気管支炎及び慢性閉塞性肺疾患,female,a35_39,35.0,39.0,False,False,病院,13.6
喘息,total,a35_39,35.0,39.0,False,False,総数,6.2
喘息,total,a35_39,35.0,39.0,False,False,病院,6.2
喘息,male,a35_39,35.0,39.0,False,False,総数,7.5
喘息,male,a35_39,35.0,39.0,False,False,病院,7.5
喘息,female,a35_39,35.0,39.0,False,False,総数,5.1
喘息,female,a35_39,35.0,39.0,False,False,病院,5.1
消化器系の疾患,total,a35_39,35.0,39.0,False,False,総数,9.5
消化器系の疾患,total,a35_39,35.0,39.0,False,False,病院,9.8
消化器系の疾患,total,a35_39,35.0,39.0,False,False,一般診療所,5.4
消化器系の疾患,male,a35_39,35.0,39.0,False,False,総数,9.8
消化器系の疾患,male,a35_39,35.0,39.0,False,False,病院,10.0
消化器系の疾患,male,a35_39,35.0,39.0,False,False,一般診療所,7.5
消化器系の疾患,female,a35_39,35.0,39.0,False,False,総数,9.0
消化器系の疾患,female,a35_39,35.0,39.0,False,False,病院,9.6
消化器系の疾患,female,a35_39,35.0,39.0,False,False,一般診療所,2.8
う蝕,total,a35_39,35.0,39.0,False,False,総数,5.5
う蝕,total,a35_39,35.0,39.0,False,False,病院,5.5
う蝕,male,a35_39,35.0,39.0,False,False,総数,2.0
う蝕,male,a35_39,35.0,39.0,False,False,病院,2.0
う蝕,female,a35_39,35.0,39.0,False,False,総数,6.8
う蝕,female,a35_39,35.0,39.0,False,False,病院,6.8
歯肉炎及び歯周疾患,total,a35_39,35.0,39.0,False,False,総数,3.2
歯肉炎及び歯周疾患,total,a35_39,35.0,39.0,False,False,病院,3.2
歯肉炎及び歯周疾患,male,a35_39,35.0,39.0,False,False,総数,3.7
歯肉炎及び歯周疾患,male,a35_39,35.0,39.0,False,False,病院,3.7
歯肉炎及び歯周疾患,female,a35_39,35.0,39.0,False,False,総数,2.8
歯肉炎及び歯周疾患,female,a35_39,35.0,39.0,False,False,病院,2.8
胃潰瘍及び十二指腸潰瘍,total,a35_39,35.0,39.0,False,False,総数,8.4
胃潰瘍及び十二指腸潰瘍,total,a35_39,35.0,39.0,False,False,病院,8.8
胃潰瘍及び十二指腸潰瘍,total,a35_39,35.0,39.0,False,False,一般診療所,6.2
胃潰瘍及び十二指腸潰瘍,male,a35_39,35.0,39.0,False,False,総数,9.0
胃潰瘍及び十二指腸潰瘍,male,a35_39,35.0,39.0,False,False,病院,9.3
胃潰瘍及び十二指腸潰瘍,male,a35_39,35.0,39.0,False,False,一般診療所,7.3
胃潰瘍及び十二指腸潰瘍,female,a35_39,35.0,39.0,False,False,総数,5.7
胃潰瘍及び十二指腸潰瘍,female,a35_39,35.0,39.0,False,False,病院,6.5
胃潰瘍及び十二指腸潰瘍,female,a35_39,35.0,39.0,False,False,一般診療所,1.0
胃炎及び十二指腸炎,total,a35_39,35.0,39.0,False,False,総数,4.1
胃炎及び十二指腸炎,total,a35_39,35.0,39.0,False,False,病院,4.4
胃炎及び十二指腸炎,total,a35_39,35.0,39.0,False,False,一般診療所,1.0
胃炎及び十二指腸炎,male,a35_39,35.0,39.0,False,False,総数,4.5
胃炎及び十二指腸炎,male,a35_39,35.0,39.0,False,False,病院,4.5
胃炎及び十二指腸炎,female,a35_39,35.0,39.0,False,False,総数,3.7
胃炎及び十二指腸炎,female,a35_39,35.0,39.0,False,False,病院,4.3
胃炎及び十二指腸炎,female,a35_39,35.0,39.0,False,False,一般診療所,1.0
肝疾患,total,a35_39,35.0,39.0,False,False,総数,18.1
肝疾患,total,a35_39,35.0,39.0,False,False,病院,17.2
肝疾患,total,a35_39,35.0,39.0,False,False,一般診療所,26.5
肝疾患,male,a35_39,35.0,39.0,False,False,総数,17.9
肝疾患,male,a35_39,35.0,39.0,False,False,病院,16.4
肝疾患,male,a35_39,35.0,39.0,False,False,一般診療所,26.5
肝疾患,female,a35_39,35.0,39.0,False,False,総数,18.4
肝疾患,female,a35_39,35.0,39.0,False,False,病院,18.4
皮膚及び皮下組織の疾患,total,a35_39,35.0,39.0,False,False,総数,12.5
皮膚及び皮下組織の疾患,total,a35_39,35.0,39.0,False,False,病院,12.5
皮膚及び皮下組織の疾患,total,a35_39,35.0,39.0,False,False,一般診療所,7.0
皮膚及び皮下組織の疾患,male,a35_39,35.0,39.0,False,False,総数,13.0
皮膚及び皮下組織の疾患,male,a35_39,35.0,39.0,False,False,病院,13.0
皮膚及び皮下組織の疾患,male,a35_39,35.0,39.0,False,False,一般診療所,7.0
皮膚及び皮下組織の疾患,female,a35_39,35.0,39.0,False,False,総数,11.8
皮膚及び皮下組織の疾患,female,a35_39,35.0,39.0,False,False,病院,11.8
筋骨格系及び結合組織の疾患,total,a35_39,35.0,39.0,False,False,総数,22.1
筋骨格系及び結合組織の疾患,total,a35_39,35.0,39.0,False,False,病院,21.5
筋骨格系及び結合組織の疾患,total,a35_39,35.0,39.0,False,False,一般診療所,29.8
筋骨格系及び結合組織の疾患,male,a35_39,35.0,39.0,False,False,総数,18.9
筋骨格系及び結合組織の疾患,male,a35_39,35.0,39.0,False,False,病院,17.3
筋骨格系及び結合組織の疾患,male,a35_39,35.0,39.0,False,False,一般診療所,35.5
筋骨格系及び結合組織の疾患,female,a35_39,35.0,39.0,False,False,総数,26.3
筋骨格系及び結合組織の疾患,female,a35_39,35.0,39.0,False,False,病院,26.8
筋骨格系及び結合組織の疾患,female,a35_39,35.0,39.0,False,False,一般診療所,20.5
炎症性多発性関節障害,total,a35_39,35.0,39.0,False,False,総数,8.4
炎症性多発性関節障害,total,a35_39,35.0,39.0,False,False,病院,8.4
炎症性多発性関節障害,male,a35_39,35.0,39.0,False,False,総数,11.5
炎症性多発性関節障害,male,a35_39,35.0,39.0,False,False,病院,11.5
炎症性多発性関節障害,female,a35_39,35.0,39.0,False,False,総数,7.4
炎症性多発性関節障害,female,a35_39,35.0,39.0,False,False,病院,7.4
関節症,total,a35_39,35.0,39.0,False,False,総数,45.0
関節症,total,a35_39,35.0,39.0,False,False,病院,45.0
関節症,male,a35_39,35.0,39.0,False,False,総数,38.4
関節症,male,a35_39,35.0,39.0,False,False,病院,38.4
関節症,female,a35_39,35.0,39.0,False,False,総数,48.5
関節症,female,a35_39,35.0,39.0,False,False,病院,48.5
脊柱障害,total,a35_39,35.0,39.0,False,False,総数,17.2
脊柱障害,total,a35_39,35.0,39.0,False,False,病院,15.7
脊柱障害,total,a35_39,35.0,39.0,False,False,一般診療所,28.9
脊柱障害,male,a35_39,35.0,39.0,False,False,総数,17.1
脊柱障害,male,a35_39,35.0,39.0,False,False,病院,15.4
脊柱障害,male,a35_39,35.0,39.0,False,False,一般診療所,31.3
脊柱障害,female,a35_39,35.0,39.0,False,False,総数,17.4
脊柱障害,female,a35_39,35.0,39.0,False,False,病院,16.3
脊柱障害,female,a35_39,35.0,39.0,False,False,一般診療所,25.0
骨の密度及び構造の障害,total,a35_39,35.0,39.0,False,False,総数,10.8
骨の密度及び構造の障害,total,a35_39,35.0,39.0,False,False,病院,10.8
骨の密度及び構造の障害,male,a35_39,35.0,39.0,False,False,総数,9.7
骨の密度及び構造の障害,male,a35_39,35.0,39.0,False,False,病院,9.7
骨の密度及び構造の障害,female,a35_39,35.0,39.0,False,False,総数,13.2
骨の密度及び構造の障害,female,a35_39,35.0,39.0,False,False,病院,13.2
腎尿路生殖器系の疾患,total,a35_39,35.0,39.0,False,False,総数,6.1
腎尿路生殖器系の疾患,total,a35_39,35.0,39.0,False,False,病院,6.3
腎尿路生殖器系の疾患,total,a35_39,35.0,39.0,False,False,一般診療所,4.0
腎尿路生殖器系の疾患,male,a35_39,35.0,39.0,False,False,総数,6.9
腎尿路生殖器系の疾患,male,a35_39,35.0,39.0,False,False,病院,6.9
腎尿路生殖器系の疾患,male,a35_39,35.0,39.0,False,False,一般診療所,6.1
腎尿路生殖器系の疾患,female,a35_39,35.0,39.0,False,False,総数,5.8
腎尿路生殖器系の疾患,female,a35_39,35.0,39.0,False,False,病院,6.0
腎尿路生殖器系の疾患,female,a35_39,35.0,39.0,False,False,一般診療所,3.5
"糸球体疾患,腎尿細管間質性疾患及び腎不全",total,a35_39,35.0,39.0,False,False,総数,12.2
"糸球体疾患,腎尿細管間質性疾患及び腎不全",total,a35_39,35.0,39.0,False,False,病院,12.3
"糸球体疾患,腎尿細管間質性疾患及び腎不全",total,a35_39,35.0,39.0,False,False,一般診療所,9.4
"糸球体疾患,腎尿細管間質性疾患及び腎不全",male,a35_39,35.0,39.0,False,False,総数,14.9
"糸球体疾患,腎尿細管間質性疾患及び腎不全",male,a35_39,35.0,39.0,False,False,病院,14.9
"糸球体疾患,腎尿細管間質性疾患及び腎不全",male,a35_39,35.0,39.0,False,False,一般診療所,14.0
"糸球体疾患,腎尿細管間質性疾患及び腎不全",female,a35_39,35.0,39.0,False,False,総数,10.1
"糸球体疾患,腎尿細管間質性疾患及び腎不全",female,a35_39,35.0,39.0,False,False,病院,10.2
"糸球体疾患,腎尿細管間質性疾患及び腎不全",female,a35_39,35.0,39.0,False,False,一般診療所,6.0
前立腺肥大(症),total,a35_39,35.0,39.0,False,False,総数,12.0
前立腺肥大(症),total,a35_39,35.0,39.0,False,False,病院,12.0
前立腺肥大(症),male,a35_39,35.0,39.0,False,False,総数,12.0
前立腺肥大(症),male,a35_39,35.0,39.0,False,False,病院,12.0
乳房及び女性生殖器の疾患,total,a35_39,35.0,39.0,False,False,総数,4.9
乳房及び女性生殖器の疾患,total,a35_39,35.0,39.0,False,False,病院,5.1
乳房及び女性生殖器の疾患,total,a35_39,35.0,39.0,False,False,一般診療所,3.7
乳房及び女性生殖器の疾患,male,a35_39,35.0,39.0,False,False,総数,8.0
乳房及び女性生殖器の疾患,male,a35_39,35.0,39.0,False,False,病院,8.0
乳房及び女性生殖器の疾患,female,a35_39,35.0,39.0,False,False,総数,4.9
乳房及び女性生殖器の疾患,female,a35_39,35.0,39.0,False,False,病院,5.1
乳房及び女性生殖器の疾患,female,a35_39,35.0,39.0,False,False,一般診療所,3.7
"妊娠,分娩及び産じょく",total,a35_39,35.0,39.0,False,False,総数,8.2
"妊娠,分娩及び産じょく",total,a35_39,35.0,39.0,False,False,病院,9.1
"妊娠,分娩及び産じょく",total,a35_39,35.0,39.0,False,False,一般診療所,6.1
"妊娠,分娩及び産じょく",female,a35_39,35.0,39.0,False,False,総数,8.2
"妊娠,分娩及び産じょく",female,a35_39,35.0,39.0,False,False,病院,9.1
"妊娠,分娩及び産じょく",female,a35_39,35.0,39.0,False,False,一般診療所,6.1
妊娠高血圧症候群,total,a35_39,35.0,39.0,False,False,総数,10.0
妊娠高血圧症候群,total,a35_39,35.0,39.0,False,False,病院,12.2
妊娠高血圧症候群,total,a35_39,35.0,39.0,False,False,一般診療所,4.2
妊娠高血圧症候群,female,a35_39,35.0,39.0,False,False,総数,10.0
妊娠高血圧症候群,female,a35_39,35.0,39.0,False,False,病院,12.2
妊娠高血圧症候群,female,a35_39,35.0,39.0,False,False,一般診療所,4.2
"先天奇形,変形及び染色体異常",total,a35_39,35.0,39.0,False,False,総数,16.4
"先天奇形,変形及び染色体異常",total,a35_39,35.0,39.0,False,False,病院,16.4
"先天奇形,変形及び染色体異常",male,a35_39,35.0,39.0,False,False,総数,13.8
"先天奇形,変形及び染色体異常",male,a35_39,35.0,39.0,False,False,病院,13.8
"先天奇形,変形及び染色体異常",female,a35_39,35.0,39.0,False,False,総数,18.1
"先天奇形,変形及び染色体異常",female,a35_39,35.0,39.0,False,False,病院,18.1
"症状,徴候及び異常臨床所見・異常検査所見で他に分類されないもの",total,a35_39,35.0,39.0,False,False,総数,7.6
"症状,徴候及び異常臨床所見・異常検査所見で他に分類されないもの",total,a35_39,35.0,39.0,False,False,病院,7.8
"症状,徴候及び異常臨床所見・異常検査所見で他に分類されないもの",total,a35_39,35.0,39.0,False,False,一般診療所,3.8
"症状,徴候及び異常臨床所見・異常検査所見で他に分類されないもの",male,a35_39,35.0,39.0,False,False,総数,8.2
"症状,徴候及び異常臨床所見・異常検査所見で他に分類されないもの",male,a35_39,35.0,39.0,False,False,病院,8.2
"症状,徴候及び異常臨床所見・異常検査所見で他に分類されないもの",female,a35_39,35.0,39.0,False,False,総数,7.2
"症状,徴候及び異常臨床所見・異常検査所見で他に分類されないもの",female,a35_39,35.0,39.0,False,False,病院,7.4
"症状,徴候及び異常臨床所見・異常検査所見で他に分類されないもの",female,a35_39,35.0,39.0,False,False,一般診療所,3.8
"損傷,中毒及びその他の外因の影響",total,a35_39,35.0,39.0,False,False,総数,16.7
"損傷,中毒及びその他の外因の影響",total,a35_39,35.0,39.0,False,False,病院,15.6
"損傷,中毒及びその他の外因の影響",total,a35_39,35.0,39.0,False,False,一般診療所,30.5
"損傷,中毒及びその他の外因の影響",male,a35_39,35.0,39.0,False,False,総数,18.5
"損傷,中毒及びその他の外因の影響",male,a35_39,35.0,39.0,False,False,病院,17.3
"損傷,中毒及びその他の外因の影響",male,a35_39,35.0,39.0,False,False,一般診療所,34.9
"損傷,中毒及びその他の外因の影響",female,a35_39,35.0,39.0,False,False,総数,13.0
"損傷,中毒及びその他の外因の影響",female,a35_39,35.0,39.0,False,False,病院,12.1
"損傷,中毒及びその他の外因の影響",female,a35_39,35.0,39.0,False,False,一般診療所,23.1
骨折,total,a35_39,35.0,39.0,False,False,総数,20.9
骨折,total,a35_39,35.0,39.0,False,False,病院,19.9
骨折,total,a35_39,35.0,39.0,False,False,一般診療所,55.0
骨折,male,a35_39,35.0,39.0,False,False,総数,20.1
骨折,male,a35_39,35.0,39.0,False,False,病院,19.6
骨折,male,a35_39,35.0,39.0,False,False,一般診療所,34.9
骨折,female,a35_39,35.0,39.0,False,False,総数,24.0
骨折,female,a35_39,35.0,39.0,False,False,病院,21.2
骨折,female,a35_39,35.0,39.0,False,False,一般診療所,181.0
健康状態に影響を及ぼす要因及び保健サービスの利用,total,a35_39,35.0,39.0,False,False,総数,5.5
健康状態に影響を及ぼす要因及び保健サービスの利用,total,a35_39,35.0,39.0,False,False,病院,5.9
健康状態に影響を及ぼす要因及び保健サービスの利用,total,a35_39,35.0,39.0,False,False,一般診療所,3.0
健康状態に影響を及ぼす要因及び保健サービスの利用,male,a35_39,35.0,39.0,False,False,総数,3.2
健康状態に影響を及ぼす要因及び保健サービスの利用,male,a35_39,35.0,39.0,False,False,病院,3.2
健康状態に影響を及ぼす要因及び保健サービスの利用,female,a35_39,35.0,39.0,False,False,総数,5.9
健康状態に影響を及ぼす要因及び保健サービスの利用,female,a35_39,35.0,39.0,False,False,病院,6.4
健康状態に影響を及ぼす要因及び保健サービスの利用,female,a35_39,35.0,39.0,False,False,一般診療所,3.0
歯の補てつ,total,a35_39,35.0,39.0,False,False,総数,0.7
歯の補てつ,total,a35_39,35.0,39.0,False,False,病院,0.7
歯の補てつ,male,a35_39,35.0,39.0,False,False,総数,0.4
歯の補てつ,male,a35_39,35.0,39.0,False,False,病院,0.4
歯の補てつ,female,a35_39,35.0,39.0,False,False,総数,2.0
歯の補てつ,female,a35_39,35.0,39.0,False,False,病院,2.0
総数,total,a40_44,40.0,44.0,False,False,総数,25.5
総数,total,a40_44,40.0,44.0,False,False,病院,26.7
総数,total,a40_44,40.0,44.0,False,False,一般診療所,10.4
総数,male,a40_44,40.0,44.0,False,False,総数,31.7
総数,male,a40_44,40.0,44.0,False,False,病院,33.1
総数,male,a40_44,40.0,44.0,False,False,一般診療所,14.1
総数,female,a40_44,40.0,44.0,False,False,総数,19.6
総数,female,a40_44,40.0,44.0,False,False,病院,20.7
総数,female,a40_44,40.0,44.0,False,False,一般診療所,7.5
感染症及び寄生虫症,total,a40_44,40.0,44.0,False,False,総数,13.1
感染症及び寄生虫症,total,a40_44,40.0,44.0,False,False,病院,13.4
感染症及び寄生虫症,total,a40_44,40.0,44.0,False,False,一般診療所,6.1
感染症及び寄生虫症,male,a40_44,40.0,44.0,False,False,総数,14.4
感染症及び寄生虫症,male,a40_44,40.0,44.0,False,False,病院,15.1
感染症及び寄生虫症,male,a40_44,40.0,44.0,False,False,一般診療所,6.1
感染症及び寄生虫症,female,a40_44,40.0,44.0,False,False,総数,11.1
感染症及び寄生虫症,female,a40_44,40.0,44.0,False,False,病院,11.1
腸管感染症,total,a40_44,40.0,44.0,False,False,総数,5.9
腸管感染症,total,a40_44,40.0,44.0,False,False,病院,5.9
腸管感染症,total,a40_44,40.0,44.0,False,False,一般診療所,6.0
腸管感染症,male,a40_44,40.0,44.0,False,False,総数,6.2
腸管感染症,male,a40_44,40.0,44.0,False,False,病院,6.3
腸管感染症,male,a40_44,40.0,44.0,False,False,一般診療所,6.0
腸管感染症,female,a40_44,40.0,44.0,False,False,総数,5.5
腸管感染症,female,a40_44,40.0,44.0,False,False,病院,5.5
結核,total,a40_44,40.0,44.0,False,False,総数,47.1
結核,total,a40_44,40.0,44.0,False,False,病院,47.1
結核,male,a40_44,40.0,44.0,False,False,総数,54.5
結核,male,a40_44,40.0,44.0,False,False,病院,54.5
結核,female,a40_44,40.0,44.0,False,False,総数,35.3
結核,female,a40_44,40.0,44.0,False,False,病院,35.3
皮膚及び粘膜の病変を伴うウイルス疾患,total,a40_44,40.0,44.0,False,False,総数,9.6
皮膚及び粘膜の病変を伴うウイルス疾患,total,a40_44,40.0,44.0,False,False,病院,9.6
皮膚及び粘膜の病変を伴うウイルス疾患,male,a40_44,40.0,44.0,False,False,総数,9.4
皮膚及び粘膜の病変を伴うウイルス疾患,male,a40_44,40.0,44.0,False,False,病院,9.4
皮膚及び粘膜の病変を伴うウイルス疾患,female,a40_44,40.0,44.0,False,False,総数,9.8
皮膚及び粘膜の病変を伴うウイルス疾患,female,a40_44,40.0,44.0,False,False,病院,9.8
真菌症,total,a40_44,40.0,44.0,False,False,総数,17.1
真菌症,total,a40_44,40.0,44.0,False,False,病院,18.7
真菌症,total,a40_44,40.0,44.0,False,False,一般診療所,8.0
真菌症,male,a40_44,40.0,44.0,False,False,総数,17.6
真菌症,male,a40_44,40.0,44.0,False,False,病院,20.6
真菌症,male,a40_44,40.0,44.0,False,False,一般診療所,8.0
真菌症,female,a40_44,40.0,44.0,False,False,総数,16.4
真菌症,female,a40_44,40.0,44.0,False,False,病院,16.4
新生物,total,a40_44,40.0,44.0,False,False,総数,13.7
新生物,total,a40_44,40.0,44.0,False,False,病院,14.0
新生物,total,a40_44,40.0,44.0,False,False,一般診療所,5.1
新生物,male,a40_44,40.0,44.0,False,False,総数,18.2
新生物,male,a40_44,40.0,44.0,False,False,病院,18.6
新生物,male,a40_44,40.0,44.0,False,False,一般診療所,3.7
新生物,female,a40_44,40.0,44.0,False,False,総数,12.2
新生物,female,a40_44,40.0,44.0,False,False,病院,12.4
新生物,female,a40_44,40.0,44.0,False,False,一般診療所,5.5
悪性新生物,total,a40_44,40.0,44.0,False,False,総数,16.8
悪性新生物,total,a40_44,40.0,44.0,False,False,病院,17.2
悪性新生物,total,a40_44,40.0,44.0,False,False,一般診療所,5.4
悪性新生物,male,a40_44,40.0,44.0,False,False,総数,21.4
悪性新生物,male,a40_44,40.0,44.0,False,False,病院,21.5
悪性新生物,male,a40_44,40.0,44.0,False,False,一般診療所,8.0
悪性新生物,female,a40_44,40.0,44.0,False,False,総数,14.8
悪性新生物,female,a40_44,40.0,44.0,False,False,病院,15.2
悪性新生物,female,a40_44,40.0,44.0,False,False,一般診療所,5.2
胃の悪性新生物,total,a40_44,40.0,44.0,False,False,総数,20.5
胃の悪性新生物,total,a40_44,40.0,44.0,False,False,病院,20.9
胃の悪性新生物,total,a40_44,40.0,44.0,False,False,一般診療所,8.0
胃の悪性新生物,male,a40_44,40.0,44.0,False,False,総数,21.5
胃の悪性新生物,male,a40_44,40.0,44.0,False,False,病院,22.4
胃の悪性新生物,male,a40_44,40.0,44.0,False,False,一般診療所,8.0
胃の悪性新生物,female,a40_44,40.0,44.0,False,False,総数,19.6
胃の悪性新生物,female,a40_44,40.0,44.0,False,False,病院,19.6
結腸及び直腸の悪性新生物,total,a40_44,40.0,44.0,False,False,総数,14.4
結腸及び直腸の悪性新生物,total,a40_44,40.0,44.0,False,False,病院,14.4
結腸及び直腸の悪性新生物,male,a40_44,40.0,44.0,False,False,総数,13.7
結腸及び直腸の悪性新生物,male,a40_44,40.0,44.0,False,False,病院,13.7
結腸及び直腸の悪性新生物,female,a40_44,40.0,44.0,False,False,総数,15.1
結腸及び直腸の悪性新生物,female,a40_44,40.0,44.0,False,False,病院,15.1
"気管,気管支及び肺の悪性新生物",total,a40_44,40.0,44.0,False,False,総数,19.8
"気管,気管支及び肺の悪性新生物",total,a40_44,40.0,44.0,False,False,病院,19.8
"気管,気管支及び肺の悪性新生物",male,a40_44,40.0,44.0,False,False,総数,20.7
"気管,気管支及び肺の悪性新生物",male,a40_44,40.0,44.0,False,False,病院,20.7
"気管,気管支及び肺の悪性新生物",female,a40_44,40.0,44.0,False,False,総数,18.4
"気管,気管支及び肺の悪性新生物",female,a40_44,40.0,44.0,False,False,病院,18.4
血液及び造血器の疾患並びに免疫機構の障害,total,a40_44,40.0,44.0,False,False,総数,17.0
血液及び造血器の疾患並びに免疫機構の障害,total,a40_44,40.0,44.0,False,False,病院,17.0
血液及び造血器の疾患並びに免疫機構の障害,male,a40_44,40.0,44.0,False,False,総数,21.2
血液及び造血器の疾患並びに免疫機構の障害,male,a40_44,40.0,44.0,False,False,病院,21.2
血液及び造血器の疾患並びに免疫機構の障害,female,a40_44,40.0,44.0,False,False,総数,14.7
血液及び造血器の疾患並びに免疫機構の障害,female,a40_44,40.0,44.0,False,False,病院,14.7
"内分泌,栄養及び代謝疾患",total,a40_44,40.0,44.0,False,False,総数,20.5
"内分泌,栄養及び代謝疾患",total,a40_44,40.0,44.0,False,False,病院,20.5
"内分泌,栄養及び代謝疾患",male,a40_44,40.0,44.0,False,False,総数,20.3
"内分泌,栄養及び代謝疾患",male,a40_44,40.0,44.0,False,False,病院,20.3
"内分泌,栄養及び代謝疾患",female,a40_44,40.0,44.0,False,False,総数,20.8
"内分泌,栄養及び代謝疾患",female,a40_44,40.0,44.0,False,False,病院,20.8
甲状腺障害,total,a40_44,40.0,44.0,False,False,総数,13.0
甲状腺障害,total,a40_44,40.0,44.0,False,False,病院,13.0
甲状腺障害,male,a40_44,40.0,44.0,False,False,総数,14.7
甲状腺障害,male,a40_44,40.0,44.0,False,False,病院,14.7
甲状腺障害,female,a40_44,40.0,44.0,False,False,総数,12.3
甲状腺障害,female,a40_44,40.0,44.0,False,False,病院,12.3
糖尿病,total,a40_44,40.0,44.0,False,False,総数,20.6
糖尿病,total,a40_44,40.0,44.0,False,False,病院,20.6
糖尿病,male,a40_44,40.0,44.0,False,False,総数,17.9
糖尿病,male,a40_44,40.0,44.0,False,False,病院,17.9
糖尿病,female,a40_44,40.0,44.0,False,False,総数,28.6
糖尿病,female,a40_44,40.0,44.0,False,False,病院,28.6
精神及び行動の障害,total,a40_44,40.0,44.0,False,False,総数,151.4
精神及び行動の障害,total,a40_44,40.0,44.0,False,False,病院,154.2
精神及び行動の障害,total,a40_44,40.0,44.0,False,False,一般診療所,39.9
精神及び行動の障害,male,a40_44,40.0,44.0,False,False,総数,192.9
精神及び行動の障害,male,a40_44,40.0,44.0,False,False,病院,198.1
精神及び行動の障害,male,a40_44,40.0,44.0,False,False,一般診療所,38.1
精神及び行動の障害,female,a40_44,40.0,44.0,False,False,総数,113.5
精神及び行動の障害,female,a40_44,40.0,44.0,False,False,病院,114.8
精神及び行動の障害,female,a40_44,40.0,44.0,False,False,一般診療所,42.8
"統合失調症,統合失調症型障害及び妄想性障害",total,a40_44,40.0,44.0,False,False,総数,228.6
"統合失調症,統合失調症型障害及び妄想性障害",total,a40_44,40.0,44.0,False,False,病院,231.5
"統合失調症,統合失調症型障害及び妄想性障害",total,a40_44,40.0,44.0,False,False,一般診療所,2.5
"統合失調症,統合失調症型障害及び妄想性障害",male,a40_44,40.0,44.0,False,False,総数,303.7
"統合失調症,統合失調症型障害及び妄想性障害",male,a40_44,40.0,44.0,False,False,病院,305.7
"統合失調症,統合失調症型障害及び妄想性障害",male,a40_44,40.0,44.0,False,False,一般診療所,7.0
"統合失調症,統合失調症型障害及び妄想性障害",female,a40_44,40.0,44.0,False,False,総数,156.3
"統合失調症,統合失調症型障害及び妄想性障害",female,a40_44,40.0,44.0,False,False,病院,159.3
"統合失調症,統合失調症型障害及び妄想性障害",female,a40_44,40.0,44.0,False,False,一般診療所,1.0
気分[感情]障害(躁うつ病を含む),total,a40_44,40.0,44.0,False,False,総数,62.5
気分[感情]障害(躁うつ病を含む),total,a40_44,40.0,44.0,False,False,病院,62.7
気分[感情]障害(躁うつ病を含む),total,a40_44,40.0,44.0,False,False,一般診療所,54.0
気分[感情]障害(躁うつ病を含む),male,a40_44,40.0,44.0,False,False,総数,52.6
気分[感情]障害(躁うつ病を含む),male,a40_44,40.0,44.0,False,False,病院,52.5
気分[感情]障害(躁うつ病を含む),male,a40_44,40.0,44.0,False,False,一般診療所,54.0
気分[感情]障害(躁うつ病を含む),female,a40_44,40.0,44.0,False,False,総数,69.5
気分[感情]障害(躁うつ病を含む),female,a40_44,40.0,44.0,False,False,病院,69.5
"神経症性障害,ストレス関連障害及び身体表現性障害",total,a40_44,40.0,44.0,False,False,総数,32.1
"神経症性障害,ストレス関連障害及び身体表現性障害",total,a40_44,40.0,44.0,False,False,病院,32.2
"神経症性障害,ストレス関連障害及び身体表現性障害",total,a40_44,40.0,44.0,False,False,一般診療所,31.1
"神経症性障害,ストレス関連障害及び身体表現性障害",male,a40_44,40.0,44.0,False,False,総数,41.3
"神経症性障害,ストレス関連障害及び身体表現性障害",male,a40_44,40.0,44.0,False,False,病院,42.5
"神経症性障害,ストレス関連障害及び身体表現性障害",male,a40_44,40.0,44.0,False,False,一般診療所,37.0
"神経症性障害,ストレス関連障害及び身体表現性障害",female,a40_44,40.0,44.0,False,False,総数,27.8
"神経症性障害,ストレス関連障害及び身体表現性障害",female,a40_44,40.0,44.0,False,False,病院,28.3
"神経症性障害,ストレス関連障害及び身体表現性障害",female,a40_44,40.0,44.0,False,False,一般診療所,12.0
神経系の疾患,total,a40_44,40.0,44.0,False,False,総数,47.4
神経系の疾患,total,a40_44,40.0,44.0,False,False,病院,53.9
神経系の疾患,total,a40_44,40.0,44.0,False,False,一般診療所,3.8
神経系の疾患,male,a40_44,40.0,44.0,False,False,総数,58.4
神経系の疾患,male,a40_44,40.0,44.0,False,False,病院,68.6
神経系の疾患,male,a40_44,40.0,44.0,False,False,一般診療所,3.5
神経系の疾患,female,a40_44,40.0,44.0,False,False,総数,22.5
神経系の疾患,female,a40_44,40.0,44.0,False,False,病院,23.7
神経系の疾患,female,a40_44,40.0,44.0,False,False,一般診療所,5.8
眼及び付属器の疾患,total,a40_44,40.0,44.0,False,False,総数,9.1
眼及び付属器の疾患,total,a40_44,40.0,44.0,False,False,病院,9.0
眼及び付属器の疾患,total,a40_44,40.0,44.0,False,False,一般診療所,17.0
眼及び付属器の疾患,male,a40_44,40.0,44.0,False,False,総数,8.5
眼及び付属器の疾患,male,a40_44,40.0,44.0,False,False,病院,8.5
眼及び付属器の疾患,female,a40_44,40.0,44.0,False,False,総数,10.1
眼及び付属器の疾患,female,a40_44,40.0,44.0,False,False,病院,9.8
眼及び付属器の疾患,female,a40_44,40.0,44.0,False,False,一般診療所,17.0
白内障,total,a40_44,40.0,44.0,False,False,総数,3.6
白内障,total,a40_44,40.0,44.0,False,False,病院,3.6
白内障,male,a40_44,40.0,44.0,False,False,総数,3.2
白内障,male,a40_44,40.0,44.0,False,False,病院,3.2
白内障,female,a40_44,40.0,44.0,False,False,総数,4.4
白内障,female,a40_44,40.0,44.0,False,False,病院,4.4
耳及び乳様突起の疾患,total,a40_44,40.0,44.0,False,False,総数,7.4
耳及び乳様突起の疾患,total,a40_44,40.0,44.0,False,False,病院,7.8
耳及び乳様突起の疾患,total,a40_44,40.0,44.0,False,False,一般診療所,2.9
耳及び乳様突起の疾患,male,a40_44,40.0,44.0,False,False,総数,8.5
耳及び乳様突起の疾患,male,a40_44,40.0,44.0,False,False,病院,9.0
耳及び乳様突起の疾患,male,a40_44,40.0,44.0,False,False,一般診療所,4.0
耳及び乳様突起の疾患,female,a40_44,40.0,44.0,False,False,総数,6.3
耳及び乳様突起の疾患,female,a40_44,40.0,44.0,False,False,病院,6.6
耳及び乳様突起の疾患,female,a40_44,40.0,44.0,False,False,一般診療所,1.0
循環器系の疾患,total,a40_44,40.0,44.0,False,False,総数,18.6
循環器系の疾患,total,a40_44,40.0,44.0,False,False,病院,21.0
循環器系の疾患,total,a40_44,40.0,44.0,False,False,一般診療所,6.5
循環器系の疾患,male,a40_44,40.0,44.0,False,False,総数,18.4
循環器系の疾患,male,a40_44,40.0,44.0,False,False,病院,20.1
循環器系の疾患,male,a40_44,40.0,44.0,False,False,一般診療所,7.4
循環器系の疾患,female,a40_44,40.0,44.0,False,False,総数,19.2
循環器系の疾患,female,a40_44,40.0,44.0,False,False,病院,23.3
循環器系の疾患,female,a40_44,40.0,44.0,False,False,一般診療所,5.4
高血圧性疾患,total,a40_44,40.0,44.0,False,False,総数,11.7
高血圧性疾患,total,a40_44,40.0,44.0,False,False,病院,11.7
高血圧性疾患,male,a40_44,40.0,44.0,False,False,総数,8.5
高血圧性疾患,male,a40_44,40.0,44.0,False,False,病院,8.5
高血圧性疾患,female,a40_44,40.0,44.0,False,False,総数,24.2
高血圧性疾患,female,a40_44,40.0,44.0,False,False,病院,24.2
心疾患(高血圧性のものを除く),total,a40_44,40.0,44.0,False,False,総数,11.2
心疾患(高血圧性のものを除く),total,a40_44,40.0,44.0,False,False,病院,11.4
心疾患(高血圧性のものを除く),total,a40_44,40.0,44.0,False,False,一般診療所,2.6
心疾患(高血圧性のものを除く),male,a40_44,40.0,44.0,False,False,総数,10.3
心疾患(高血圧性のものを除く),male,a40_44,40.0,44.0,False,False,病院,10.4
心疾患(高血圧性のものを除く),male,a40_44,40.0,44.0,False,False,一般診療所,3.4
心疾患(高血圧性のものを除く),female,a40_44,40.0,44.0,False,False,総数,14.9
心疾患(高血圧性のものを除く),female,a40_44,40.0,44.0,False,False,病院,15.5
心疾患(高血圧性のものを除く),female,a40_44,40.0,44.0,False,False,一般診療所,1.0
虚血性心疾患,total,a40_44,40.0,44.0,False,False,総数,8.1
虚血性心疾患,total,a40_44,40.0,44.0,False,False,病院,8.3
虚血性心疾患,total,a40_44,40.0,44.0,False,False,一般診療所,2.6
虚血性心疾患,male,a40_44,40.0,44.0,False,False,総数,8.5
虚血性心疾患,male,a40_44,40.0,44.0,False,False,病院,8.6
虚血性心疾患,male,a40_44,40.0,44.0,False,False,一般診療所,3.4
虚血性心疾患,female,a40_44,40.0,44.0,False,False,総数,5.6
虚血性心疾患,female,a40_44,40.0,44.0,False,False,病院,6.2
虚血性心疾患,female,a40_44,40.0,44.0,False,False,一般診療所,1.0
脳血管疾患,total,a40_44,40.0,44.0,False,False,総数,42.9
脳血管疾患,total,a40_44,40.0,44.0,False,False,病院,42.7
脳血管疾患,total,a40_44,40.0,44.0,False,False,一般診療所,57.3
脳血管疾患,male,a40_44,40.0,44.0,False,False,総数,43.1
脳血管疾患,male,a40_44,40.0,44.0,False,False,病院,42.5
脳血管疾患,male,a40_44,40.0,44.0,False,False,一般診療所,89.0
脳血管疾患,female,a40_44,40.0,44.0,False,False,総数,42.6
脳血管疾患,female,a40_44,40.0,44.0,False,False,病院,43.2
脳血管疾患,female,a40_44,40.0,44.0,False,False,一般診療所,12.0
呼吸器系の疾患,total,a40_44,40.0,44.0,False,False,総数,11.1
呼吸器系の疾患,total,a40_44,40.0,44.0,False,False,病院,11.6
呼吸器系の疾患,total,a40_44,40.0,44.0,False,False,一般診療所,2.8
呼吸器系の疾患,male,a40_44,40.0,44.0,False,False,総数,12.2
呼吸器系の疾患,male,a40_44,40.0,44.0,False,False,病院,13.0
呼吸器系の疾患,male,a40_44,40.0,44.0,False,False,一般診療所,1.7
呼吸器系の疾患,female,a40_44,40.0,44.0,False,False,総数,9.3
呼吸器系の疾患,female,a40_44,40.0,44.0,False,False,病院,9.4
呼吸器系の疾患,female,a40_44,40.0,44.0,False,False,一般診療所,7.8
急性上気道感染症,total,a40_44,40.0,44.0,False,False,総数,4.7
急性上気道感染症,total,a40_44,40.0,44.0,False,False,病院,5.1
急性上気道感染症,total,a40_44,40.0,44.0,False,False,一般診療所,2.4
急性上気道感染症,male,a40_44,40.0,44.0,False,False,総数,4.5
急性上気道感染症,male,a40_44,40.0,44.0,False,False,病院,5.0
急性上気道感染症,male,a40_44,40.0,44.0,False,False,一般診療所,2.4
急性上気道感染症,female,a40_44,40.0,44.0,False,False,総数,5.3
急性上気道感染症,female,a40_44,40.0,44.0,False,False,病院,5.3
肺炎,total,a40_44,40.0,44.0,False,False,総数,10.6
肺炎,total,a40_44,40.0,44.0,False,False,病院,10.8
肺炎,total,a40_44,40.0,44.0,False,False,一般診療所,7.8
肺炎,male,a40_44,40.0,44.0,False,False,総数,11.9
肺炎,male,a40_44,40.0,44.0,False,False,病院,11.9
肺炎,female,a40_44,40.0,44.0,False,False,総数,8.8
肺炎,female,a40_44,40.0,44.0,False,False,病院,8.9
肺炎,female,a40_44,40.0,44.0,False,False,一般診療所,7.8
急性気管支炎及び急性細気管支炎,total,a40_44,40.0,44.0,False,False,総数,8.2
急性気管支炎及び急性細気管支炎,total,a40_44,40.0,44.0,False,False,病院,8.2
急性気管支炎及び急性細気管支炎,male,a40_44,40.0,44.0,False,False,総数,5.4
急性気管支炎及び急性細気管支炎,male,a40_44,40.0,44.0,False,False,病院,5.4
急性気管支炎及び急性細気管支炎,female,a40_44,40.0,44.0,False,False,総数,9.9
急性気管支炎及び急性細気管支炎,female,a40_44,40.0,44.0,False,False,病院,9.9
気管支炎及び慢性閉塞性肺疾患,total,a40_44,40.0,44.0,False,False,総数,11.0
気管支炎及び慢性閉塞性肺疾患,total,a40_44,40.0,44.0,False,False,病院,11.0
気管支炎及び慢性閉塞性肺疾患,male,a40_44,40.0,44.0,False,False,総数,10.0
気管支炎及び慢性閉塞性肺疾患,male,a40_44,40.0,44.0,False,False,病院,10.0
気管支炎及び慢性閉塞性肺疾患,female,a40_44,40.0,44.0,False,False,総数,12.1
気管支炎及び慢性閉塞性肺疾患,female,a40_44,40.0,44.0,False,False,病院,12.1
喘息,total,a40_44,40.0,44.0,False,False,総数,30.4
喘息,total,a40_44,40.0,44.0,False,False,病院,30.4
喘息,male,a40_44,40.0,44.0,False,False,総数,57.5
喘息,male,a40_44,40.0,44.0,False,False,病院,57.5
喘息,female,a40_44,40.0,44.0,False,False,総数,6.7
喘息,female,a40_44,40.0,44.0,False,False,病院,6.7
消化器系の疾患,total,a40_44,40.0,44.0,False,False,総数,12.7
消化器系の疾患,total,a40_44,40.0,44.0,False,False,病院,13.0
消化器系の疾患,total,a40_44,40.0,44.0,False,False,一般診療所,7.3
消化器系の疾患,male,a40_44,40.0,44.0,False,False,総数,13.6
消化器系の疾患,male,a40_44,40.0,44.0,False,False,病院,14.0
消化器系の疾患,male,a40_44,40.0,44.0,False,False,一般診療所,7.7
消化器系の疾患,female,a40_44,40.0,44.0,False,False,総数,10.9
消化器系の疾患,female,a40_44,40.0,44.0,False,False,病院,11.1
消化器系の疾患,female,a40_44,40.0,44.0,False,False,一般診療所,6.2
う蝕,total,a40_44,40.0,44.0,False,False,総数,2.2
う蝕,total,a40_44,40.0,44.0,False,False,病院,2.2
う蝕,male,a40_44,40.0,44.0,False,False,総数,2.0
う蝕,male,a40_44,40.0,44.0,False,False,病院,2.0
う蝕,female,a40_44,40.0,44.0,False,False,総数,2.3
う蝕,female,a40_44,40.0,44.0,False,False,病院,2.3
歯肉炎及び歯周疾患,total,a40_44,40.0,44.0,False,False,総数,1.8
歯肉炎及び歯周疾患,total,a40_44,40.0,44.0,False,False,病院,1.8
歯肉炎及び歯周疾患,male,a40_44,40.0,44.0,False,False,総数,1.2
歯肉炎及び歯周疾患,male,a40_44,40.0,44.0,False,False,病院,1.2
歯肉炎及び歯周疾患,female,a40_44,40.0,44.0,False,False,総数,1.9
歯肉炎及び歯周疾患,female,a40_44,40.0,44.0,False,False,病院,1.9
胃潰瘍及び十二指腸潰瘍,total,a40_44,40.0,44.0,False,False,総数,40.0
胃潰瘍及び十二指腸潰瘍,total,a40_44,40.0,44.0,False,False,病院,42.5
胃潰瘍及び十二指腸潰瘍,total,a40_44,40.0,44.0,False,False,一般診療所,7.4
胃潰瘍及び十二指腸潰瘍,male,a40_44,40.0,44.0,False,False,総数,49.9
胃潰瘍及び十二指腸潰瘍,male,a40_44,40.0,44.0,False,False,病院,54.4
胃潰瘍及び十二指腸潰瘍,male,a40_44,40.0,44.0,False,False,一般診療所,7.4
胃潰瘍及び十二指腸潰瘍,female,a40_44,40.0,44.0,False,False,総数,10.0
胃潰瘍及び十二指腸潰瘍,female,a40_44,40.0,44.0,False,False,病院,10.0
胃炎及び十二指腸炎,total,a40_44,40.0,44.0,False,False,総数,15.8
胃炎及び十二指腸炎,total,a40_44,40.0,44.0,False,False,病院,15.8
胃炎及び十二指腸炎,male,a40_44,40.0,44.0,False,False,総数,15.0
胃炎及び十二指腸炎,male,a40_44,40.0,44.0,False,False,病院,15.0
胃炎及び十二指腸炎,female,a40_44,40.0,44.0,False,False,総数,17.2
胃炎及び十二指腸炎,female,a40_44,40.0,44.0,False,False,病院,17.2
肝疾患,total,a40_44,40.0,44.0,False,False,総数,19.1
肝疾患,total,a40_44,40.0,44.0,False,False,病院,19.0
肝疾患,total,a40_44,40.0,44.0,False,False,一般診療所,22.5
肝疾患,male,a40_44,40.0,44.0,False,False,総数,19.2
肝疾患,male,a40_44,40.0,44.0,False,False,病院,19.1
肝疾患,male,a40_44,40.0,44.0,False,False,一般診療所,22.5
肝疾患,female,a40_44,40.0,44.0,False,False,総数,18.9
肝疾患,female,a40_44,40.0,44.0,False,False,病院,18.9
皮膚及び皮下組織の疾患,total,a40_44,40.0,44.0,False,False,総数,13.7
皮膚及び皮下組織の疾患,total,a40_44,40.0,44.0,False,False,病院,13.7
皮膚及び皮下組織の疾患,total,a40_44,40.0,44.0,False,False,一般診療所,20.0
皮膚及び皮下組織の疾患,male,a40_44,40.0,44.0,False,False,総数,14.3
皮膚及び皮下組織の疾患,male,a40_44,40.0,44.0,False,False,病院,14.2
皮膚及び皮下組織の疾患,male,a40_44,40.0,44.0,False,False,一般診療所,20.0
皮膚及び皮下組織の疾患,female,a40_44,40.0,44.0,False,False,総数,12.8
皮膚及び皮下組織の疾患,female,a40_44,40.0,44.0,False,False,病院,12.8
筋骨格系及び結合組織の疾患,total,a40_44,40.0,44.0,False,False,総数,21.5
筋骨格系及び結合組織の疾患,total,a40_44,40.0,44.0,False,False,病院,18.8
筋骨格系及び結合組織の疾患,total,a40_44,40.0,44.0,False,False,一般診療所,52.6
筋骨格系及び結合組織の疾患,male,a40_44,40.0,44.0,False,False,総数,21.6
筋骨格系及び結合組織の疾患,male,a40_44,40.0,44.0,False,False,病院,17.6
筋骨格系及び結合組織の疾患,male,a40_44,40.0,44.0,False,False,一般診療所,59.1
筋骨格系及び結合組織の疾患,female,a40_44,40.0,44.0,False,False,総数,21.5
筋骨格系及び結合組織の疾患,female,a40_44,40.0,44.0,False,False,病院,20.3
筋骨格系及び結合組織の疾患,female,a40_44,40.0,44.0,False,False,一般診療所,38.9
炎症性多発性関節障害,total,a40_44,40.0,44.0,False,False,総数,7.1
炎症性多発性関節障害,total,a40_44,40.0,44.0,False,False,病院,7.1
炎症性多発性関節障害,male,a40_44,40.0,44.0,False,False,総数,9.8
炎症性多発性関節障害,male,a40_44,40.0,44.0,False,False,病院,9.8
炎症性多発性関節障害,female,a40_44,40.0,44.0,False,False,総数,6.1
炎症性多発性関節障害,female,a40_44,40.0,44.0,False,False,病院,6.1
関節症,total,a40_44,40.0,44.0,False,False,総数,53.3
関節症,total,a40_44,40.0,44.0,False,False,病院,50.2
関節症,total,a40_44,40.0,44.0,False,False,一般診療所,78.2
関節症,male,a40_44,40.0,44.0,False,False,総数,30.1
関節症,male,a40_44,40.0,44.0,False,False,病院,30.1
関節症,female,a40_44,40.0,44.0,False,False,総数,64.1
関節症,female,a40_44,40.0,44.0,False,False,病院,61.3
関節症,female,a40_44,40.0,44.0,False,False,一般診療所,78.2
脊柱障害,total,a40_44,40.0,44.0,False,False,総数,21.0
脊柱障害,total,a40_44,40.0,44.0,False,False,病院,16.8
脊柱障害,total,a40_44,40.0,44.0,False,False,一般診療所,69.3
脊柱障害,male,a40_44,40.0,44.0,False,False,総数,22.5
脊柱障害,male,a40_44,40.0,44.0,False,False,病院,16.5
脊柱障害,male,a40_44,40.0,44.0,False,False,一般診療所,76.5
脊柱障害,female,a40_44,40.0,44.0,False,False,総数,17.6
脊柱障害,female,a40_44,40.0,44.0,False,False,病院,17.4
脊柱障害,female,a40_44,40.0,44.0,False,False,一般診療所,24.1
骨の密度及び構造の障害,total,a40_44,40.0,44.0,False,False,総数,17.8
骨の密度及び構造の障害,total,a40_44,40.0,44.0,False,False,病院,17.8
骨の密度及び構造の障害,male,a40_44,40.0,44.0,False,False,総数,18.8
骨の密度及び構造の障害,male,a40_44,40.0,44.0,False,False,病院,18.8
骨の密度及び構造の障害,female,a40_44,40.0,44.0,False,False,総数,16.6
骨の密度及び構造の障害,female,a40_44,40.0,44.0,False,False,病院,16.6
腎尿路生殖器系の疾患,total,a40_44,40.0,44.0,False,False,総数,10.2
腎尿路生殖器系の疾患,total,a40_44,40.0,44.0,False,False,病院,10.5
腎尿路生殖器系の疾患,total,a40_44,40.0,44.0,False,False,一般診療所,3.2
腎尿路生殖器系の疾患,male,a40_44,40.0,44.0,False,False,総数,15.7
腎尿路生殖器系の疾患,male,a40_44,40.0,44.0,False,False,病院,16.0
腎尿路生殖器系の疾患,male,a40_44,40.0,44.0,False,False,一般診療所,2.3
腎尿路生殖器系の疾患,female,a40_44,40.0,44.0,False,False,総数,6.5
腎尿路生殖器系の疾患,female,a40_44,40.0,44.0,False,False,病院,6.7
腎尿路生殖器系の疾患,female,a40_44,40.0,44.0,False,False,一般診療所,3.5
"糸球体疾患,腎尿細管間質性疾患及び腎不全",total,a40_44,40.0,44.0,False,False,総数,21.6
"糸球体疾患,腎尿細管間質性疾患及び腎不全",total,a40_44,40.0,44.0,False,False,病院,22.1
"糸球体疾患,腎尿細管間質性疾患及び腎不全",total,a40_44,40.0,44.0,False,False,一般診療所,4.8
"糸球体疾患,腎尿細管間質性疾患及び腎不全",male,a40_44,40.0,44.0,False,False,総数,30.4
"糸球体疾患,腎尿細管間質性疾患及び腎不全",male,a40_44,40.0,44.0,False,False,病院,31.1
"糸球体疾患,腎尿細管間質性疾患及び腎不全",male,a40_44,40.0,44.0,False,False,一般診療所,6.0
"糸球体疾患,腎尿細管間質性疾患及び腎不全",female,a40_44,40.0,44.0,False,False,総数,12.6
"糸球体疾患,腎尿細管間質性疾患及び腎不全",female,a40_44,40.0,44.0,False,False,病院,12.9
"糸球体疾患,腎尿細管間質性疾患及び腎不全",female,a40_44,40.0,44.0,False,False,一般診療所,4.0
前立腺肥大(症),total,a40_44,40.0,44.0,False,False,総数,10.0
前立腺肥大(症),total,a40_44,40.0,44.0,False,False,病院,10.0
前立腺肥大(症),male,a40_44,40.0,44.0,False,False,総数,10.0
前立腺肥大(症),male,a40_44,40.0,44.0,False,False,病院,10.0
乳房及び女性生殖器の疾患,total,a40_44,40.0,44.0,False,False,総数,5.3
乳房及び女性生殖器の疾患,total,a40_44,40.0,44.0,False,False,病院,5.4
乳房及び女性生殖器の疾患,total,a40_44,40.0,44.0,False,False,一般診療所,2.5
乳房及び女性生殖器の疾患,male,a40_44,40.0,44.0,False,False,総数,2.0
乳房及び女性生殖器の疾患,male,a40_44,40.0,44.0,False,False,病院,2.0
乳房及び女性生殖器の疾患,female,a40_44,40.0,44.0,False,False,総数,5.3
乳房及び女性生殖器の疾患,female,a40_44,40.0,44.0,False,False,病院,5.4
乳房及び女性生殖器の疾患,female,a40_44,40.0,44.0,False,False,一般診療所,2.5
"妊娠,分娩及び産じょく",total,a40_44,40.0,44.0,False,False,総数,7.8
"妊娠,分娩及び産じょく",total,a40_44,40.0,44.0,False,False,病院,8.3
"妊娠,分娩及び産じょく",total,a40_44,40.0,44.0,False,False,一般診療所,6.4
"妊娠,分娩及び産じょく",female,a40_44,40.0,44.0,False,False,総数,7.8
"妊娠,分娩及び産じょく",female,a40_44,40.0,44.0,False,False,病院,8.3
"妊娠,分娩及び産じょく",female,a40_44,40.0,44.0,False,False,一般診療所,6.4
妊娠高血圧症候群,total,a40_44,40.0,44.0,False,False,総数,14.6
妊娠高血圧症候群,total,a40_44,40.0,44.0,False,False,病院,14.6
妊娠高血圧症候群,female,a40_44,40.0,44.0,False,False,総数,14.6
妊娠高血圧症候群,female,a40_44,40.0,44.0,False,False,病院,14.6
"先天奇形,変形及び染色体異常",total,a40_44,40.0,44.0,False,False,総数,77.9
"先天奇形,変形及び染色体異常",total,a40_44,40.0,44.0,False,False,病院,94.8
"先天奇形,変形及び染色体異常",total,a40_44,40.0,44.0,False,False,一般診療所,0.6
"先天奇形,変形及び染色体異常",male,a40_44,40.0,44.0,False,False,総数,6.4
"先天奇形,変形及び染色体異常",male,a40_44,40.0,44.0,False,False,病院,8.2
"先天奇形,変形及び染色体異常",male,a40_44,40.0,44.0,False,False,一般診療所,1.0
"先天奇形,変形及び染色体異常",female,a40_44,40.0,44.0,False,False,総数,128.8
"先天奇形,変形及び染色体異常",female,a40_44,40.0,44.0,False,False,病院,148.0
"症状,徴候及び異常臨床所見・異常検査所見で他に分類されないもの",total,a40_44,40.0,44.0,False,False,総数,32.2
"症状,徴候及び異常臨床所見・異常検査所見で他に分類されないもの",total,a40_44,40.0,44.0,False,False,病院,32.4
"症状,徴候及び異常臨床所見・異常検査所見で他に分類されないもの",total,a40_44,40.0,44.0,False,False,一般診療所,1.0
"症状,徴候及び異常臨床所見・異常検査所見で他に分類されないもの",male,a40_44,40.0,44.0,False,False,総数,59.2
"症状,徴候及び異常臨床所見・異常検査所見で他に分類されないもの",male,a40_44,40.0,44.0,False,False,病院,59.2
"症状,徴候及び異常臨床所見・異常検査所見で他に分類されないもの",female,a40_44,40.0,44.0,False,False,総数,6.7
"症状,徴候及び異常臨床所見・異常検査所見で他に分類されないもの",female,a40_44,40.0,44.0,False,False,病院,6.8
"症状,徴候及び異常臨床所見・異常検査所見で他に分類されないもの",female,a40_44,40.0,44.0,False,False,一般診療所,1.0
"損傷,中毒及びその他の外因の影響",total,a40_44,40.0,44.0,False,False,総数,16.6
"損傷,中毒及びその他の外因の影響",total,a40_44,40.0,44.0,False,False,病院,16.6
"損傷,中毒及びその他の外因の影響",total,a40_44,40.0,44.0,False,False,一般診療所,16.9
"損傷,中毒及びその他の外因の影響",male,a40_44,40.0,44.0,False,False,総数,17.8
"損傷,中毒及びその他の外因の影響",male,a40_44,40.0,44.0,False,False,病院,17.4
"損傷,中毒及びその他の外因の影響",male,a40_44,40.0,44.0,False,False,一般診療所,21.6
"損傷,中毒及びその他の外因の影響",female,a40_44,40.0,44.0,False,False,総数,14.0
"損傷,中毒及びその他の外因の影響",female,a40_44,40.0,44.0,False,False,病院,14.7
"損傷,中毒及びその他の外因の影響",female,a40_44,40.0,44.0,False,False,一般診療所,7.6
骨折,total,a40_44,40.0,44.0,False,False,総数,21.7
骨折,total,a40_44,40.0,44.0,False,False,病院,20.7
骨折,total,a40_44,40.0,44.0,False,False,一般診療所,49.8
骨折,male,a40_44,40.0,44.0,False,False,総数,22.0
骨折,male,a40_44,40.0,44.0,False,False,病院,20.6
骨折,male,a40_44,40.0,44.0,False,False,一般診療所,49.8
骨折,female,a40_44,40.0,44.0,False,False,総数,20.7
骨折,female,a40_44,40.0,44.0,False,False,病院,20.7
健康状態に影響を及ぼす要因及び保健サービスの利用,total,a40_44,40.0,44.0,False,False,総数,3.3
健康状態に影響を及ぼす要因及び保健サービスの利用,total,a40_44,40.0,44.0,False,False,病院,3.5
健康状態に影響を及ぼす要因及び保健サービスの利用,total,a40_44,40.0,44.0,False,False,一般診療所,2.0
健康状態に影響を及ぼす要因及び保健サービスの利用,male,a40_44,40.0,44.0,False,False,総数,3.0
健康状態に影響を及ぼす要因及び保健サービスの利用,male,a40_44,40.0,44.0,False,False,病院,3.1
健康状態に影響を及ぼす要因及び保健サービスの利用,female,a40_44,40.0,44.0,False,False,総数,3.6
健康状態に影響を及ぼす要因及び保健サービスの利用,female,a40_44,40.0,44.0,False,False,病院,3.8
健康状態に影響を及ぼす要因及び保健サービスの利用,female,a40_44,40.0,44.0,False,False,一般診療所,2.2
歯の補てつ,total,a40_44,40.0,44.0,False,False,総数,2.0
歯の補てつ,total,a40_44,40.0,44.0,False,False,病院,2.0
歯の補てつ,male,a40_44,40.0,44.0,False,False,総数,3.0
歯の補てつ,male,a40_44,40.0,44.0,False,False,病院,3.0
歯の補てつ,female,a40_44,40.0,44.0,False,False,総数,1.5
歯の補てつ,female,a40_44,40.0,44.0,False,False,病院,1.5
総数,total,a45_49,45.0,49.0,False,False,総数,28.8
総数,total,a45_49,45.0,49.0,False,False,病院,30.1
総数,total,a45_49,45.0,49.0,False,False,一般診療所,11.1
総数,male,a45_49,45.0,49.0,False,False,総数,31.7
総数,male,a45_49,45.0,49.0,False,False,病院,33.5
総数,male,a45_49,45.0,49.0,False,False,一般診療所,10.3
総数,female,a45_49,45.0,49.0,False,False,総数,25.2
総数,female,a45_49,45.0,49.0,False,False,病院,26.1
総数,female,a45_49,45.0,49.0,False,False,一般診療所,12.3
感染症及び寄生虫症,total,a45_49,45.0,49.0,False,False,総数,15.8
感染症及び寄生虫症,total,a45_49,45.0,49.0,False,False,病院,15.7
感染症及び寄生虫症,total,a45_49,45.0,49.0,False,False,一般診療所,17.4
感染症及び寄生虫症,male,a45_49,45.0,49.0,False,False,総数,18.0
感染症及び寄生虫症,male,a45_49,45.0,49.0,False,False,病院,17.9
感染症及び寄生虫症,male,a45_49,45.0,49.0,False,False,一般診療所,20.7
感染症及び寄生虫症,female,a45_49,45.0,49.0,False,False,総数,12.8
感染症及び寄生虫症,female,a45_49,45.0,49.0,False,False,病院,12.9
感染症及び寄生虫症,female,a45_49,45.0,49.0,False,False,一般診療所,3.0
腸管感染症,total,a45_49,45.0,49.0,False,False,総数,5.9
腸管感染症,total,a45_49,45.0,49.0,False,False,病院,5.9
腸管感染症,male,a45_49,45.0,49.0,False,False,総数,5.9
腸管感染症,male,a45_49,45.0,49.0,False,False,病院,5.9
腸管感染症,female,a45_49,45.0,49.0,False,False,総数,5.8
腸管感染症,female,a45_49,45.0,49.0,False,False,病院,5.8
結核,total,a45_49,45.0,49.0,False,False,総数,71.8
結核,total,a45_49,45.0,49.0,False,False,病院,71.8
結核,male,a45_49,45.0,49.0,False,False,総数,66.7
結核,male,a45_49,45.0,49.0,False,False,病院,66.7
結核,female,a45_49,45.0,49.0,False,False,総数,81.2
結核,female,a45_49,45.0,49.0,False,False,病院,81.2
皮膚及び粘膜の病変を伴うウイルス疾患,total,a45_49,45.0,49.0,False,False,総数,8.1
皮膚及び粘膜の病変を伴うウイルス疾患,total,a45_49,45.0,49.0,False,False,病院,8.1
皮膚及び粘膜の病変を伴うウイルス疾患,male,a45_49,45.0,49.0,False,False,総数,9.1
皮膚及び粘膜の病変を伴うウイルス疾患,male,a45_49,45.0,49.0,False,False,病院,9.1
皮膚及び粘膜の病変を伴うウイルス疾患,female,a45_49,45.0,49.0,False,False,総数,7.0
皮膚及び粘膜の病変を伴うウイルス疾患,female,a45_49,45.0,49.0,False,False,病院,7.0
真菌症,total,a45_49,45.0,49.0,False,False,総数,29.1
真菌症,total,a45_49,45.0,49.0,False,False,病院,29.1
真菌症,male,a45_49,45.0,49.0,False,False,総数,30.2
真菌症,male,a45_49,45.0,49.0,False,False,病院,30.2
真菌症,female,a45_49,45.0,49.0,False,False,総数,16.3
真菌症,female,a45_49,45.0,49.0,False,False,病院,16.3
新生物,total,a45_49,45.0,49.0,False,False,総数,15.4
新生物,total,a45_49,45.0,49.0,False,False,病院,15.6
新生物,total,a45_49,45.0,49.0,False,False,一般診療所,9.9
新生物,male,a45_49,45.0,49.0,False,False,総数,21.3
新生物,male,a45_49,45.0,49.0,False,False,病院,21.8
新生物,male,a45_49,45.0,49.0,False,False,一般診療所,3.7
新生物,female,a45_49,45.0,49.0,False,False,総数,12.9
新生物,female,a45_49,45.0,49.0,False,False,病院,12.9
新生物,female,a45_49,45.0,49.0,False,False,一般診療所,11.7
悪性新生物,total,a45_49,45.0,49.0,False,False,総数,17.1
悪性新生物,total,a45_49,45.0,49.0,False,False,病院,17.4
悪性新生物,total,a45_49,45.0,49.0,False,False,一般診療所,11.6
悪性新生物,male,a45_49,45.0,49.0,False,False,総数,22.0
悪性新生物,male,a45_49,45.0,49.0,False,False,病院,22.4
悪性新生物,male,a45_49,45.0,49.0,False,False,一般診療所,4.2
悪性新生物,female,a45_49,45.0,49.0,False,False,総数,14.5
悪性新生物,female,a45_49,45.0,49.0,False,False,病院,14.5
悪性新生物,female,a45_49,45.0,49.0,False,False,一般診療所,13.8
胃の悪性新生物,total,a45_49,45.0,49.0,False,False,総数,19.1
胃の悪性新生物,total,a45_49,45.0,49.0,False,False,病院,19.9
胃の悪性新生物,total,a45_49,45.0,49.0,False,False,一般診療所,3.0
胃の悪性新生物,male,a45_49,45.0,49.0,False,False,総数,20.5
胃の悪性新生物,male,a45_49,45.0,49.0,False,False,病院,21.9
胃の悪性新生物,male,a45_49,45.0,49.0,False,False,一般診療所,3.0
胃の悪性新生物,female,a45_49,45.0,49.0,False,False,総数,16.3
胃の悪性新生物,female,a45_49,45.0,49.0,False,False,病院,16.3
結腸及び直腸の悪性新生物,total,a45_49,45.0,49.0,False,False,総数,13.0
結腸及び直腸の悪性新生物,total,a45_49,45.0,49.0,False,False,病院,12.6
結腸及び直腸の悪性新生物,total,a45_49,45.0,49.0,False,False,一般診療所,25.3
結腸及び直腸の悪性新生物,male,a45_49,45.0,49.0,False,False,総数,12.2
結腸及び直腸の悪性新生物,male,a45_49,45.0,49.0,False,False,病院,12.7
結腸及び直腸の悪性新生物,male,a45_49,45.0,49.0,False,False,一般診療所,1.0
結腸及び直腸の悪性新生物,female,a45_49,45.0,49.0,False,False,総数,14.1
結腸及び直腸の悪性新生物,female,a45_49,45.0,49.0,False,False,病院,12.5
結腸及び直腸の悪性新生物,female,a45_49,45.0,49.0,False,False,一般診療所,138.0
"気管,気管支及び肺の悪性新生物",total,a45_49,45.0,49.0,False,False,総数,29.1
"気管,気管支及び肺の悪性新生物",total,a45_49,45.0,49.0,False,False,病院,29.1
"気管,気管支及び肺の悪性新生物",male,a45_49,45.0,49.0,False,False,総数,35.8
"気管,気管支及び肺の悪性新生物",male,a45_49,45.0,49.0,False,False,病院,35.8
"気管,気管支及び肺の悪性新生物",female,a45_49,45.0,49.0,False,False,総数,17.8
"気管,気管支及び肺の悪性新生物",female,a45_49,45.0,49.0,False,False,病院,17.8
血液及び造血器の疾患並びに免疫機構の障害,total,a45_49,45.0,49.0,False,False,総数,17.7
血液及び造血器の疾患並びに免疫機構の障害,total,a45_49,45.0,49.0,False,False,病院,17.7
血液及び造血器の疾患並びに免疫機構の障害,male,a45_49,45.0,49.0,False,False,総数,19.2
血液及び造血器の疾患並びに免疫機構の障害,male,a45_49,45.0,49.0,False,False,病院,19.2
血液及び造血器の疾患並びに免疫機構の障害,female,a45_49,45.0,49.0,False,False,総数,16.4
血液及び造血器の疾患並びに免疫機構の障害,female,a45_49,45.0,49.0,False,False,病院,16.4
"内分泌,栄養及び代謝疾患",total,a45_49,45.0,49.0,False,False,総数,16.2
"内分泌,栄養及び代謝疾患",total,a45_49,45.0,49.0,False,False,病院,16.1
"内分泌,栄養及び代謝疾患",total,a45_49,45.0,49.0,False,False,一般診療所,17.9
"内分泌,栄養及び代謝疾患",male,a45_49,45.0,49.0,False,False,総数,17.0
"内分泌,栄養及び代謝疾患",male,a45_49,45.0,49.0,False,False,病院,16.8
"内分泌,栄養及び代謝疾患",male,a45_49,45.0,49.0,False,False,一般診療所,21.8
"内分泌,栄養及び代謝疾患",female,a45_49,45.0,49.0,False,False,総数,14.7
"内分泌,栄養及び代謝疾患",female,a45_49,45.0,49.0,False,False,病院,14.8
"内分泌,栄養及び代謝疾患",female,a45_49,45.0,49.0,False,False,一般診療所,12.0
甲状腺障害,total,a45_49,45.0,49.0,False,False,総数,10.4
甲状腺障害,total,a45_49,45.0,49.0,False,False,病院,10.4
甲状腺障害,male,a45_49,45.0,49.0,False,False,総数,9.7
甲状腺障害,male,a45_49,45.0,49.0,False,False,病院,9.7
甲状腺障害,female,a45_49,45.0,49.0,False,False,総数,10.6
甲状腺障害,female,a45_49,45.0,49.0,False,False,病院,10.6
糖尿病,total,a45_49,45.0,49.0,False,False,総数,17.8
糖尿病,total,a45_49,45.0,49.0,False,False,病院,17.7
糖尿病,total,a45_49,45.0,49.0,False,False,一般診療所,19.5
糖尿病,male,a45_49,45.0,49.0,False,False,総数,18.1
糖尿病,male,a45_49,45.0,49.0,False,False,病院,17.9
糖尿病,male,a45_49,45.0,49.0,False,False,一般診療所,21.8
糖尿病,female,a45_49,45.0,49.0,False,False,総数,17.0
糖尿病,female,a45_49,45.0,49.0,False,False,病院,17.2
糖尿病,female,a45_49,45.0,49.0,False,False,一般診療所,12.0
精神及び行動の障害,total,a45_49,45.0,49.0,False,False,総数,178.6
精神及び行動の障害,total,a45_49,45.0,49.0,False,False,病院,182.2
精神及び行動の障害,total,a45_49,45.0,49.0,False,False,一般診療所,43.3
精神及び行動の障害,male,a45_49,45.0,49.0,False,False,総数,202.6
精神及び行動の障害,male,a45_49,45.0,49.0,False,False,病院,202.7
精神及び行動の障害,male,a45_49,45.0,49.0,False,False,一般診療所,197.5
精神及び行動の障害,female,a45_49,45.0,49.0,False,False,総数,154.2
精神及び行動の障害,female,a45_49,45.0,49.0,False,False,病院,160.7
精神及び行動の障害,female,a45_49,45.0,49.0,False,False,一般診療所,8.4
"統合失調症,統合失調症型障害及び妄想性障害",total,a45_49,45.0,49.0,False,False,総数,307.7
"統合失調症,統合失調症型障害及び妄想性障害",total,a45_49,45.0,49.0,False,False,病院,315.2
"統合失調症,統合失調症型障害及び妄想性障害",total,a45_49,45.0,49.0,False,False,一般診療所,9.0
"統合失調症,統合失調症型障害及び妄想性障害",male,a45_49,45.0,49.0,False,False,総数,341.2
"統合失調症,統合失調症型障害及び妄想性障害",male,a45_49,45.0,49.0,False,False,病院,341.2
"統合失調症,統合失調症型障害及び妄想性障害",female,a45_49,45.0,49.0,False,False,総数,273.8
"統合失調症,統合失調症型障害及び妄想性障害",female,a45_49,45.0,49.0,False,False,病院,287.5
"統合失調症,統合失調症型障害及び妄想性障害",female,a45_49,45.0,49.0,False,False,一般診療所,9.0
気分[感情]障害(躁うつ病を含む),total,a45_49,45.0,49.0,False,False,総数,63.0
気分[感情]障害(躁うつ病を含む),total,a45_49,45.0,49.0,False,False,病院,61.1
気分[感情]障害(躁うつ病を含む),total,a45_49,45.0,49.0,False,False,一般診療所,124.5
気分[感情]障害(躁うつ病を含む),male,a45_49,45.0,49.0,False,False,総数,69.7
気分[感情]障害(躁うつ病を含む),male,a45_49,45.0,49.0,False,False,病院,62.6
気分[感情]障害(躁うつ病を含む),male,a45_49,45.0,49.0,False,False,一般診療所,420.0
気分[感情]障害(躁うつ病を含む),female,a45_49,45.0,49.0,False,False,総数,58.3
気分[感情]障害(躁うつ病を含む),female,a45_49,45.0,49.0,False,False,病院,60.1
気分[感情]障害(躁うつ病を含む),female,a45_49,45.0,49.0,False,False,一般診療所,11.1
"神経症性障害,ストレス関連障害及び身体表現性障害",total,a45_49,45.0,49.0,False,False,総数,36.3
"神経症性障害,ストレス関連障害及び身体表現性障害",total,a45_49,45.0,49.0,False,False,病院,38.3
"神経症性障害,ストレス関連障害及び身体表現性障害",total,a45_49,45.0,49.0,False,False,一般診療所,3.0
"神経症性障害,ストレス関連障害及び身体表現性障害",male,a45_49,45.0,49.0,False,False,総数,36.7
"神経症性障害,ストレス関連障害及び身体表現性障害",male,a45_49,45.0,49.0,False,False,病院,36.7
"神経症性障害,ストレス関連障害及び身体表現性障害",female,a45_49,45.0,49.0,False,False,総数,36.1
"神経症性障害,ストレス関連障害及び身体表現性障害",female,a45_49,45.0,49.0,False,False,病院,39.1
"神経症性障害,ストレス関連障害及び身体表現性障害",female,a45_49,45.0,49.0,False,False,一般診療所,3.0
神経系の疾患,total,a45_49,45.0,49.0,False,False,総数,97.5
神経系の疾患,total,a45_49,45.0,49.0,False,False,病院,103.9
神経系の疾患,total,a45_49,45.0,49.0,False,False,一般診療所,28.9
神経系の疾患,male,a45_49,45.0,49.0,False,False,総数,89.8
神経系の疾患,male,a45_49,45.0,49.0,False,False,病院,98.5
神経系の疾患,male,a45_49,45.0,49.0,False,False,一般診療所,7.8
神経系の疾患,female,a45_49,45.0,49.0,False,False,総数,113.9
神経系の疾患,female,a45_49,45.0,49.0,False,False,病院,115.0
神経系の疾患,female,a45_49,45.0,49.0,False,False,一般診療所,97.9
眼及び付属器の疾患,total,a45_49,45.0,49.0,False,False,総数,7.5
眼及び付属器の疾患,total,a45_49,45.0,49.0,False,False,病院,7.7
眼及び付属器の疾患,total,a45_49,45.0,49.0,False,False,一般診療所,4.6
眼及び付属器の疾患,male,a45_49,45.0,49.0,False,False,総数,8.2
眼及び付属器の疾患,male,a45_49,45.0,49.0,False,False,病院,8.5
眼及び付属器の疾患,male,a45_49,45.0,49.0,False,False,一般診療所,1.6
眼及び付属器の疾患,female,a45_49,45.0,49.0,False,False,総数,6.7
眼及び付属器の疾患,female,a45_49,45.0,49.0,False,False,病院,6.7
眼及び付属器の疾患,female,a45_49,45.0,49.0,False,False,一般診療所,6.2
白内障,total,a45_49,45.0,49.0,False,False,総数,3.5
白内障,total,a45_49,45.0,49.0,False,False,病院,3.7
白内障,total,a45_49,45.0,49.0,False,False,一般診療所,1.5
白内障,male,a45_49,45.0,49.0,False,False,総数,3.4
白内障,male,a45_49,45.0,49.0,False,False,病院,3.7
白内障,male,a45_49,45.0,49.0,False,False,一般診療所,1.6
白内障,female,a45_49,45.0,49.0,False,False,総数,3.6
白内障,female,a45_49,45.0,49.0,False,False,病院,3.8
白内障,female,a45_49,45.0,49.0,False,False,一般診療所,1.5
耳及び乳様突起の疾患,total,a45_49,45.0,49.0,False,False,総数,7.7
耳及び乳様突起の疾患,total,a45_49,45.0,49.0,False,False,病院,7.7
耳及び乳様突起の疾患,male,a45_49,45.0,49.0,False,False,総数,7.9
耳及び乳様突起の疾患,male,a45_49,45.0,49.0,False,False,病院,7.9
耳及び乳様突起の疾患,female,a45_49,45.0,49.0,False,False,総数,7.6
耳及び乳様突起の疾患,female,a45_49,45.0,49.0,False,False,病院,7.6
循環器系の疾患,total,a45_49,45.0,49.0,False,False,総数,18.5
循環器系の疾患,total,a45_49,45.0,49.0,False,False,病院,19.9
循環器系の疾患,total,a45_49,45.0,49.0,False,False,一般診療所,6.3
循環器系の疾患,male,a45_49,45.0,49.0,False,False,総数,18.7
循環器系の疾患,male,a45_49,45.0,49.0,False,False,病院,19.7
循環器系の疾患,male,a45_49,45.0,49.0,False,False,一般診療所,6.5
循環器系の疾患,female,a45_49,45.0,49.0,False,False,総数,18.3
循環器系の疾患,female,a45_49,45.0,49.0,False,False,病院,20.4
循環器系の疾患,female,a45_49,45.0,49.0,False,False,一般診療所,6.0
高血圧性疾患,total,a45_49,45.0,49.0,False,False,総数,12.5
高血圧性疾患,total,a45_49,45.0,49.0,False,False,病院,12.5
高血圧性疾患,male,a45_49,45.0,49.0,False,False,総数,12.1
高血圧性疾患,male,a45_49,45.0,49.0,False,False,病院,12.1
高血圧性疾患,female,a45_49,45.0,49.0,False,False,総数,13.1
高血圧性疾患,female,a45_49,45.0,49.0,False,False,病院,13.1
心疾患(高血圧性のものを除く),total,a45_49,45.0,49.0,False,False,総数,10.4
心疾患(高血圧性のものを除く),total,a45_49,45.0,49.0,False,False,病院,10.5
心疾患(高血圧性のものを除く),total,a45_49,45.0,49.0,False,False,一般診療所,1.4
心疾患(高血圧性のものを除く),male,a45_49,45.0,49.0,False,False,総数,10.9
心疾患(高血圧性のものを除く),male,a45_49,45.0,49.0,False,False,病院,11.1
心疾患(高血圧性のものを除く),male,a45_49,45.0,49.0,False,False,一般診療所,1.4
心疾患(高血圧性のものを除く),female,a45_49,45.0,49.0,False,False,総数,8.1
心疾患(高血圧性のものを除く),female,a45_49,45.0,49.0,False,False,病院,8.1
虚血性心疾患,total,a45_49,45.0,49.0,False,False,総数,6.2
虚血性心疾患,total,a45_49,45.0,49.0,False,False,病院,6.3
虚血性心疾患,total,a45_49,45.0,49.0,False,False,一般診療所,1.8
虚血性心疾患,male,a45_49,45.0,49.0,False,False,総数,6.2
虚血性心疾患,male,a45_49,45.0,49.0,False,False,病院,6.3
虚血性心疾患,male,a45_49,45.0,49.0,False,False,一般診療所,1.8
虚血性心疾患,female,a45_49,45.0,49.0,False,False,総数,5.9
虚血性心疾患,female,a45_49,45.0,49.0,False,False,病院,5.9
脳血管疾患,total,a45_49,45.0,49.0,False,False,総数,40.2
脳血管疾患,total,a45_49,45.0,49.0,False,False,病院,40.2
脳血管疾患,male,a45_49,45.0,49.0,False,False,総数,42.0
脳血管疾患,male,a45_49,45.0,49.0,False,False,病院,42.0
脳血管疾患,female,a45_49,45.0,49.0,False,False,総数,37.5
脳血管疾患,female,a45_49,45.0,49.0,False,False,病院,37.5
呼吸器系の疾患,total,a45_49,45.0,49.0,False,False,総数,11.2
呼吸器系の疾患,total,a45_49,45.0,49.0,False,False,病院,11.4
呼吸器系の疾患,total,a45_49,45.0,49.0,False,False,一般診療所,6.2
呼吸器系の疾患,male,a45_49,45.0,49.0,False,False,総数,12.0
呼吸器系の疾患,male,a45_49,45.0,49.0,False,False,病院,12.4
呼吸器系の疾患,male,a45_49,45.0,49.0,False,False,一般診療所,6.0
呼吸器系の疾患,female,a45_49,45.0,49.0,False,False,総数,9.8
呼吸器系の疾患,female,a45_49,45.0,49.0,False,False,病院,9.9
呼吸器系の疾患,female,a45_49,45.0,49.0,False,False,一般診療所,6.8
急性上気道感染症,total,a45_49,45.0,49.0,False,False,総数,6.5
急性上気道感染症,total,a45_49,45.0,49.0,False,False,病院,6.5
急性上気道感染症,male,a45_49,45.0,49.0,False,False,総数,6.9
急性上気道感染症,male,a45_49,45.0,49.0,False,False,病院,6.9
急性上気道感染症,female,a45_49,45.0,49.0,False,False,総数,5.7
急性上気道感染症,female,a45_49,45.0,49.0,False,False,病院,5.7
肺炎,total,a45_49,45.0,49.0,False,False,総数,14.2
肺炎,total,a45_49,45.0,49.0,False,False,病院,14.3
肺炎,total,a45_49,45.0,49.0,False,False,一般診療所,6.0
肺炎,male,a45_49,45.0,49.0,False,False,総数,16.5
肺炎,male,a45_49,45.0,49.0,False,False,病院,16.8
肺炎,male,a45_49,45.0,49.0,False,False,一般診療所,6.0
肺炎,female,a45_49,45.0,49.0,False,False,総数,10.5
肺炎,female,a45_49,45.0,49.0,False,False,病院,10.5
急性気管支炎及び急性細気管支炎,total,a45_49,45.0,49.0,False,False,総数,8.3
急性気管支炎及び急性細気管支炎,total,a45_49,45.0,49.0,False,False,病院,7.9
急性気管支炎及び急性細気管支炎,total,a45_49,45.0,49.0,False,False,一般診療所,10.0
急性気管支炎及び急性細気管支炎,male,a45_49,45.0,49.0,False,False,総数,6.1
急性気管支炎及び急性細気管支炎,male,a45_49,45.0,49.0,False,False,病院,6.1
急性気管支炎及び急性細気管支炎,female,a45_49,45.0,49.0,False,False,総数,10.1
急性気管支炎及び急性細気管支炎,female,a45_49,45.0,49.0,False,False,病院,10.2
急性気管支炎及び急性細気管支炎,female,a45_49,45.0,49.0,False,False,一般診療所,10.0
気管支炎及び慢性閉塞性肺疾患,total,a45_49,45.0,49.0,False,False,総数,19.7
気管支炎及び慢性閉塞性肺疾患,total,a45_49,45.0,49.0,False,False,病院,19.7
気管支炎及び慢性閉塞性肺疾患,male,a45_49,45.0,49.0,False,False,総数,10.9
気管支炎及び慢性閉塞性肺疾患,male,a45_49,45.0,49.0,False,False,病院,10.9
気管支炎及び慢性閉塞性肺疾患,female,a45_49,45.0,49.0,False,False,総数,34.7
気管支炎及び慢性閉塞性肺疾患,female,a45_49,45.0,49.0,False,False,病院,34.7
喘息,total,a45_49,45.0,49.0,False,False,総数,11.6
喘息,total,a45_49,45.0,49.0,False,False,病院,12.1
喘息,total,a45_49,45.0,49.0,False,False,一般診療所,5.5
喘息,male,a45_49,45.0,49.0,False,False,総数,15.4
喘息,male,a45_49,45.0,49.0,False,False,病院,15.4
喘息,female,a45_49,45.0,49.0,False,False,総数,9.4
喘息,female,a45_49,45.0,49.0,False,False,病院,9.9
喘息,female,a45_49,45.0,49.0,False,False,一般診療所,5.5
消化器系の疾患,total,a45_49,45.0,49.0,False,False,総数,13.0
消化器系の疾患,total,a45_49,45.0,49.0,False,False,病院,14.1
消化器系の疾患,total,a45_49,45.0,49.0,False,False,一般診療所,5.0
消化器系の疾患,male,a45_49,45.0,49.0,False,False,総数,13.0
消化器系の疾患,male,a45_49,45.0,49.0,False,False,病院,14.2
消化器系の疾患,male,a45_49,45.0,49.0,False,False,一般診療所,3.7
消化器系の疾患,female,a45_49,45.0,49.0,False,False,総数,12.9
消化器系の疾患,female,a45_49,45.0,49.0,False,False,病院,13.8
消化器系の疾患,female,a45_49,45.0,49.0,False,False,一般診療所,7.4
う蝕,total,a45_49,45.0,49.0,False,False,総数,8.7
う蝕,total,a45_49,45.0,49.0,False,False,病院,8.7
う蝕,male,a45_49,45.0,49.0,False,False,総数,4.2
う蝕,male,a45_49,45.0,49.0,False,False,病院,4.2
う蝕,female,a45_49,45.0,49.0,False,False,総数,14.3
う蝕,female,a45_49,45.0,49.0,False,False,病院,14.3
歯肉炎及び歯周疾患,total,a45_49,45.0,49.0,False,False,総数,2.7
歯肉炎及び歯周疾患,total,a45_49,45.0,49.0,False,False,病院,2.7
歯肉炎及び歯周疾患,male,a45_49,45.0,49.0,False,False,総数,3.7
歯肉炎及び歯周疾患,male,a45_49,45.0,49.0,False,False,病院,3.7
歯肉炎及び歯周疾患,female,a45_49,45.0,49.0,False,False,総数,2.4
歯肉炎及び歯周疾患,female,a45_49,45.0,49.0,False,False,病院,2.4
胃潰瘍及び十二指腸潰瘍,total,a45_49,45.0,49.0,False,False,総数,10.5
胃潰瘍及び十二指腸潰瘍,total,a45_49,45.0,49.0,False,False,病院,11.1
胃潰瘍及び十二指腸潰瘍,total,a45_49,45.0,49.0,False,False,一般診療所,2.7
胃潰瘍及び十二指腸潰瘍,male,a45_49,45.0,49.0,False,False,総数,10.7
胃潰瘍及び十二指腸潰瘍,male,a45_49,45.0,49.0,False,False,病院,11.3
胃潰瘍及び十二指腸潰瘍,male,a45_49,45.0,49.0,False,False,一般診療所,2.7
胃潰瘍及び十二指腸潰瘍,female,a45_49,45.0,49.0,False,False,総数,9.7
胃潰瘍及び十二指腸潰瘍,female,a45_49,45.0,49.0,False,False,病院,10.2
胃潰瘍及び十二指腸潰瘍,female,a45_49,45.0,49.0,False,False,一般診療所,3.0
胃炎及び十二指腸炎,total,a45_49,45.0,49.0,False,False,総数,4.4
胃炎及び十二指腸炎,total,a45_49,45.0,49.0,False,False,病院,4.4
胃炎及び十二指腸炎,male,a45_49,45.0,49.0,False,False,総数,4.2
胃炎及び十二指腸炎,male,a45_49,45.0,49.0,False,False,病院,4.2
胃炎及び十二指腸炎,female,a45_49,45.0,49.0,False,False,総数,4.6
胃炎及び十二指腸炎,female,a45_49,45.0,49.0,False,False,病院,4.6
肝疾患,total,a45_49,45.0,49.0,False,False,総数,17.6
肝疾患,total,a45_49,45.0,49.0,False,False,病院,17.6
肝疾患,total,a45_49,45.0,49.0,False,False,一般診療所,17.9
肝疾患,male,a45_49,45.0,49.0,False,False,総数,17.7
肝疾患,male,a45_49,45.0,49.0,False,False,病院,18.2
肝疾患,male,a45_49,45.0,49.0,False,False,一般診療所,4.8
肝疾患,female,a45_49,45.0,49.0,False,False,総数,17.3
肝疾患,female,a45_49,45.0,49.0,False,False,病院,15.9
肝疾患,female,a45_49,45.0,49.0,False,False,一般診療所,25.0
皮膚及び皮下組織の疾患,total,a45_49,45.0,49.0,False,False,総数,15.6
皮膚及び皮下組織の疾患,total,a45_49,45.0,49.0,False,False,病院,16.0
皮膚及び皮下組織の疾患,total,a45_49,45.0,49.0,False,False,一般診療所,5.1
皮膚及び皮下組織の疾患,male,a45_49,45.0,49.0,False,False,総数,17.7
皮膚及び皮下組織の疾患,male,a45_49,45.0,49.0,False,False,病院,18.0
皮膚及び皮下組織の疾患,male,a45_49,45.0,49.0,False,False,一般診療所,8.9
皮膚及び皮下組織の疾患,female,a45_49,45.0,49.0,False,False,総数,11.9
皮膚及び皮下組織の疾患,female,a45_49,45.0,49.0,False,False,病院,12.5
筋骨格系及び結合組織の疾患,total,a45_49,45.0,49.0,False,False,総数,25.2
筋骨格系及び結合組織の疾患,total,a45_49,45.0,49.0,False,False,病院,25.7
筋骨格系及び結合組織の疾患,total,a45_49,45.0,49.0,False,False,一般診療所,21.1
筋骨格系及び結合組織の疾患,male,a45_49,45.0,49.0,False,False,総数,29.5
筋骨格系及び結合組織の疾患,male,a45_49,45.0,49.0,False,False,病院,30.9
筋骨格系及び結合組織の疾患,male,a45_49,45.0,49.0,False,False,一般診療所,21.8
筋骨格系及び結合組織の疾患,female,a45_49,45.0,49.0,False,False,総数,20.1
筋骨格系及び結合組織の疾患,female,a45_49,45.0,49.0,False,False,病院,20.2
筋骨格系及び結合組織の疾患,female,a45_49,45.0,49.0,False,False,一般診療所,18.7
炎症性多発性関節障害,total,a45_49,45.0,49.0,False,False,総数,8.2
炎症性多発性関節障害,total,a45_49,45.0,49.0,False,False,病院,8.2
炎症性多発性関節障害,male,a45_49,45.0,49.0,False,False,総数,8.6
炎症性多発性関節障害,male,a45_49,45.0,49.0,False,False,病院,8.6
炎症性多発性関節障害,female,a45_49,45.0,49.0,False,False,総数,8.1
炎症性多発性関節障害,female,a45_49,45.0,49.0,False,False,病院,8.1
関節症,total,a45_49,45.0,49.0,False,False,総数,27.9
関節症,total,a45_49,45.0,49.0,False,False,病院,32.5
関節症,total,a45_49,45.0,49.0,False,False,一般診療所,7.0
関節症,male,a45_49,45.0,49.0,False,False,総数,20.5
関節症,male,a45_49,45.0,49.0,False,False,病院,31.5
関節症,male,a45_49,45.0,49.0,False,False,一般診療所,7.0
関節症,female,a45_49,45.0,49.0,False,False,総数,32.9
関節症,female,a45_49,45.0,49.0,False,False,病院,32.9
脊柱障害,total,a45_49,45.0,49.0,False,False,総数,24.9
脊柱障害,total,a45_49,45.0,49.0,False,False,病院,25.0
脊柱障害,total,a45_49,45.0,49.0,False,False,一般診療所,24.0
脊柱障害,male,a45_49,45.0,49.0,False,False,総数,28.0
脊柱障害,male,a45_49,45.0,49.0,False,False,病院,28.3
脊柱障害,male,a45_49,45.0,49.0,False,False,一般診療所,26.4
脊柱障害,female,a45_49,45.0,49.0,False,False,総数,18.9
脊柱障害,female,a45_49,45.0,49.0,False,False,病院,19.0
脊柱障害,female,a45_49,45.0,49.0,False,False,一般診療所,18.7
骨の密度及び構造の障害,total,a45_49,45.0,49.0,False,False,総数,17.0
骨の密度及び構造の障害,total,a45_49,45.0,49.0,False,False,病院,17.0
骨の密度及び構造の障害,male,a45_49,45.0,49.0,False,False,総数,16.4
骨の密度及び構造の障害,male,a45_49,45.0,49.0,False,False,病院,16.4
骨の密度及び構造の障害,female,a45_49,45.0,49.0,False,False,総数,20.7
骨の密度及び構造の障害,female,a45_49,45.0,49.0,False,False,病院,20.7
腎尿路生殖器系の疾患,total,a45_49,45.0,49.0,False,False,総数,8.3
腎尿路生殖器系の疾患,total,a45_49,45.0,49.0,False,False,病院,8.4
腎尿路生殖器系の疾患,total,a45_49,45.0,49.0,False,False,一般診療所,7.0
腎尿路生殖器系の疾患,male,a45_49,45.0,49.0,False,False,総数,8.7
腎尿路生殖器系の疾患,male,a45_49,45.0,49.0,False,False,病院,8.9
腎尿路生殖器系の疾患,male,a45_49,45.0,49.0,False,False,一般診療所,7.1
腎尿路生殖器系の疾患,female,a45_49,45.0,49.0,False,False,総数,7.9
腎尿路生殖器系の疾患,female,a45_49,45.0,49.0,False,False,病院,8.0
腎尿路生殖器系の疾患,female,a45_49,45.0,49.0,False,False,一般診療所,6.5
"糸球体疾患,腎尿細管間質性疾患及び腎不全",total,a45_49,45.0,49.0,False,False,総数,15.6
"糸球体疾患,腎尿細管間質性疾患及び腎不全",total,a45_49,45.0,49.0,False,False,病院,16.0
"糸球体疾患,腎尿細管間質性疾患及び腎不全",total,a45_49,45.0,49.0,False,False,一般診療所,6.3
"糸球体疾患,腎尿細管間質性疾患及び腎不全",male,a45_49,45.0,49.0,False,False,総数,17.7
"糸球体疾患,腎尿細管間質性疾患及び腎不全",male,a45_49,45.0,49.0,False,False,病院,18.0
"糸球体疾患,腎尿細管間質性疾患及び腎不全",male,a45_49,45.0,49.0,False,False,一般診療所,7.0
"糸球体疾患,腎尿細管間質性疾患及び腎不全",female,a45_49,45.0,49.0,False,False,総数,13.3
"糸球体疾患,腎尿細管間質性疾患及び腎不全",female,a45_49,45.0,49.0,False,False,病院,13.7
"糸球体疾患,腎尿細管間質性疾患及び腎不全",female,a45_49,45.0,49.0,False,False,一般診療所,6.0
前立腺肥大(症),total,a45_49,45.0,49.0,False,False,総数,1.0
前立腺肥大(症),total,a45_49,45.0,49.0,False,False,病院,1.0
前立腺肥大(症),male,a45_49,45.0,49.0,False,False,総数,1.0
前立腺肥大(症),male,a45_49,45.0,49.0,False,False,病院,1.0
乳房及び女性生殖器の疾患,total,a45_49,45.0,49.0,False,False,総数,6.3
乳房及び女性生殖器の疾患,total,a45_49,45.0,49.0,False,False,病院,6.2
乳房及び女性生殖器の疾患,total,a45_49,45.0,49.0,False,False,一般診療所,9.0
乳房及び女性生殖器の疾患,female,a45_49,45.0,49.0,False,False,総数,6.3
乳房及び女性生殖器の疾患,female,a45_49,45.0,49.0,False,False,病院,6.2
乳房及び女性生殖器の疾患,female,a45_49,45.0,49.0,False,False,一般診療所,9.0
"妊娠,分娩及び産じょく",total,a45_49,45.0,49.0,False,False,総数,6.9
"妊娠,分娩及び産じょく",total,a45_49,45.0,49.0,False,False,病院,7.4
"妊娠,分娩及び産じょく",total,a45_49,45.0,49.0,False,False,一般診療所,4.3
"妊娠,分娩及び産じょく",female,a45_49,45.0,49.0,False,False,総数,6.9
"妊娠,分娩及び産じょく",female,a45_49,45.0,49.0,False,False,病院,7.4
"妊娠,分娩及び産じょく",female,a45_49,45.0,49.0,False,False,一般診療所,4.3
妊娠高血圧症候群,total,a45_49,45.0,49.0,False,False,総数,20.7
妊娠高血圧症候群,total,a45_49,45.0,49.0,False,False,病院,20.7
妊娠高血圧症候群,female,a45_49,45.0,49.0,False,False,総数,20.7
妊娠高血圧症候群,female,a45_49,45.0,49.0,False,False,病院,20.7
"先天奇形,変形及び染色体異常",total,a45_49,45.0,49.0,False,False,総数,112.3
"先天奇形,変形及び染色体異常",total,a45_49,45.0,49.0,False,False,病院,116.6
"先天奇形,変形及び染色体異常",total,a45_49,45.0,49.0,False,False,一般診療所,16.0
"先天奇形,変形及び染色体異常",male,a45_49,45.0,49.0,False,False,総数,177.8
"先天奇形,変形及び染色体異常",male,a45_49,45.0,49.0,False,False,病院,190.0
"先天奇形,変形及び染色体異常",male,a45_49,45.0,49.0,False,False,一般診療所,16.0
"先天奇形,変形及び染色体異常",female,a45_49,45.0,49.0,False,False,総数,14.2
"先天奇形,変形及び染色体異常",female,a45_49,45.0,49.0,False,False,病院,14.2
"症状,徴候及び異常臨床所見・異常検査所見で他に分類されないもの",total,a45_49,45.0,49.0,False,False,総数,9.7
"症状,徴候及び異常臨床所見・異常検査所見で他に分類されないもの",total,a45_49,45.0,49.0,False,False,病院,9.4
"症状,徴候及び異常臨床所見・異常検査所見で他に分類されないもの",total,a45_49,45.0,49.0,False,False,一般診療所,16.8
"症状,徴候及び異常臨床所見・異常検査所見で他に分類されないもの",male,a45_49,45.0,49.0,False,False,総数,11.1
"症状,徴候及び異常臨床所見・異常検査所見で他に分類されないもの",male,a45_49,45.0,49.0,False,False,病院,9.9
"症状,徴候及び異常臨床所見・異常検査所見で他に分類されないもの",male,a45_49,45.0,49.0,False,False,一般診療所,63.0
"症状,徴候及び異常臨床所見・異常検査所見で他に分類されないもの",female,a45_49,45.0,49.0,False,False,総数,8.4
"症状,徴候及び異常臨床所見・異常検査所見で他に分類されないもの",female,a45_49,45.0,49.0,False,False,病院,8.8
"症状,徴候及び異常臨床所見・異常検査所見で他に分類されないもの",female,a45_49,45.0,49.0,False,False,一般診療所,3.5
"損傷,中毒及びその他の外因の影響",total,a45_49,45.0,49.0,False,False,総数,19.7
"損傷,中毒及びその他の外因の影響",total,a45_49,45.0,49.0,False,False,病院,20.3
"損傷,中毒及びその他の外因の影響",total,a45_49,45.0,49.0,False,False,一般診療所,14.6
"損傷,中毒及びその他の外因の影響",male,a45_49,45.0,49.0,False,False,総数,21.4
"損傷,中毒及びその他の外因の影響",male,a45_49,45.0,49.0,False,False,病院,22.5
"損傷,中毒及びその他の外因の影響",male,a45_49,45.0,49.0,False,False,一般診療所,12.3
"損傷,中毒及びその他の外因の影響",female,a45_49,45.0,49.0,False,False,総数,16.1
"損傷,中毒及びその他の外因の影響",female,a45_49,45.0,49.0,False,False,病院,15.8
"損傷,中毒及びその他の外因の影響",female,a45_49,45.0,49.0,False,False,一般診療所,19.5
骨折,total,a45_49,45.0,49.0,False,False,総数,24.0
骨折,total,a45_49,45.0,49.0,False,False,病院,24.3
骨折,total,a45_49,45.0,49.0,False,False,一般診療所,20.9
骨折,male,a45_49,45.0,49.0,False,False,総数,23.6
骨折,male,a45_49,45.0,49.0,False,False,病院,24.4
骨折,male,a45_49,45.0,49.0,False,False,一般診療所,16.6
骨折,female,a45_49,45.0,49.0,False,False,総数,25.0
骨折,female,a45_49,45.0,49.0,False,False,病院,24.0
骨折,female,a45_49,45.0,49.0,False,False,一般診療所,39.4
健康状態に影響を及ぼす要因及び保健サービスの利用,total,a45_49,45.0,49.0,False,False,総数,3.0
健康状態に影響を及ぼす要因及び保健サービスの利用,total,a45_49,45.0,49.0,False,False,病院,3.0
健康状態に影響を及ぼす要因及び保健サービスの利用,male,a45_49,45.0,49.0,False,False,総数,2.9
健康状態に影響を及ぼす要因及び保健サービスの利用,male,a45_49,45.0,49.0,False,False,病院,2.9
健康状態に影響を及ぼす要因及び保健サービスの利用,female,a45_49,45.0,49.0,False,False,総数,3.1
健康状態に影響を及ぼす要因及び保健サービスの利用,female,a45_49,45.0,49.0,False,False,病院,3.1
歯の補てつ,total,a45_49,45.0,49.0,False,False,総数,1.8
歯の補てつ,total,a45_49,45.0,49.0,False,False,病院,1.8
歯の補てつ,male,a45_49,45.0,49.0,False,False,総数,2.1
歯の補てつ,male,a45_49,45.0,49.0,False,False,病院,2.1
歯の補てつ,female,a45_49,45.0,49.0,False,False,総数,1.0
歯の補てつ,female,a45_49,45.0,49.0,False,False,病院,1.0
総数,total,a50_54,50.0,54.0,False,False,総数,29.5
総数,total,a50_54,50.0,54.0,False,False,病院,30.6
総数,total,a50_54,50.0,54.0,False,False,一般診療所,12.6
総数,male,a50_54,50.0,54.0,False,False,総数,34.1
総数,male,a50_54,50.0,54.0,False,False,病院,35.4
総数,male,a50_54,50.0,54.0,False,False,一般診療所,14.6
総数,female,a50_54,50.0,54.0,False,False,総数,23.5
総数,female,a50_54,50.0,54.0,False,False,病院,24.4
総数,female,a50_54,50.0,54.0,False,False,一般診療所,9.7
感染症及び寄生虫症,total,a50_54,50.0,54.0,False,False,総数,15.4
感染症及び寄生虫症,total,a50_54,50.0,54.0,False,False,病院,15.7
感染症及び寄生虫症,total,a50_54,50.0,54.0,False,False,一般診療所,8.2
感染症及び寄生虫症,male,a50_54,50.0,54.0,False,False,総数,18.9
感染症及び寄生虫症,male,a50_54,50.0,54.0,False,False,病院,19.5
感染症及び寄生虫症,male,a50_54,50.0,54.0,False,False,一般診療所,7.7
感染症及び寄生虫症,female,a50_54,50.0,54.0,False,False,総数,11.0
感染症及び寄生虫症,female,a50_54,50.0,54.0,False,False,病院,11.1
感染症及び寄生虫症,female,a50_54,50.0,54.0,False,False,一般診療所,9.1
腸管感染症,total,a50_54,50.0,54.0,False,False,総数,6.6
腸管感染症,total,a50_54,50.0,54.0,False,False,病院,7.0
腸管感染症,total,a50_54,50.0,54.0,False,False,一般診療所,3.2
腸管感染症,male,a50_54,50.0,54.0,False,False,総数,6.7
腸管感染症,male,a50_54,50.0,54.0,False,False,病院,7.5
腸管感染症,male,a50_54,50.0,54.0,False,False,一般診療所,1.8
腸管感染症,female,a50_54,50.0,54.0,False,False,総数,6.5
腸管感染症,female,a50_54,50.0,54.0,False,False,病院,6.5
腸管感染症,female,a50_54,50.0,54.0,False,False,一般診療所,5.7
結核,total,a50_54,50.0,54.0,False,False,総数,59.2
結核,total,a50_54,50.0,54.0,False,False,病院,59.2
結核,male,a50_54,50.0,54.0,False,False,総数,76.8
結核,male,a50_54,50.0,54.0,False,False,病院,76.8
結核,female,a50_54,50.0,54.0,False,False,総数,28.2
結核,female,a50_54,50.0,54.0,False,False,病院,28.2
皮膚及び粘膜の病変を伴うウイルス疾患,total,a50_54,50.0,54.0,False,False,総数,10.0
皮膚及び粘膜の病変を伴うウイルス疾患,total,a50_54,50.0,54.0,False,False,病院,10.0
皮膚及び粘膜の病変を伴うウイルス疾患,male,a50_54,50.0,54.0,False,False,総数,11.2
皮膚及び粘膜の病変を伴うウイルス疾患,male,a50_54,50.0,54.0,False,False,病院,11.2
皮膚及び粘膜の病変を伴うウイルス疾患,female,a50_54,50.0,54.0,False,False,総数,8.9
皮膚及び粘膜の病変を伴うウイルス疾患,female,a50_54,50.0,54.0,False,False,病院,8.9
真菌症,total,a50_54,50.0,54.0,False,False,総数,37.7
真菌症,total,a50_54,50.0,54.0,False,False,病院,37.7
真菌症,male,a50_54,50.0,54.0,False,False,総数,50.1
真菌症,male,a50_54,50.0,54.0,False,False,病院,50.1
真菌症,female,a50_54,50.0,54.0,False,False,総数,15.7
真菌症,female,a50_54,50.0,54.0,False,False,病院,15.7
新生物,total,a50_54,50.0,54.0,False,False,総数,18.3
新生物,total,a50_54,50.0,54.0,False,False,病院,18.7
新生物,total,a50_54,50.0,54.0,False,False,一般診療所,7.7
新生物,male,a50_54,50.0,54.0,False,False,総数,21.3
新生物,male,a50_54,50.0,54.0,False,False,病院,21.6
新生物,male,a50_54,50.0,54.0,False,False,一般診療所,9.1
新生物,female,a50_54,50.0,54.0,False,False,総数,16.1
新生物,female,a50_54,50.0,54.0,False,False,病院,16.5
新生物,female,a50_54,50.0,54.0,False,False,一般診療所,7.2
悪性新生物,total,a50_54,50.0,54.0,False,False,総数,20.1
悪性新生物,total,a50_54,50.0,54.0,False,False,病院,20.5
悪性新生物,total,a50_54,50.0,54.0,False,False,一般診療所,8.8
悪性新生物,male,a50_54,50.0,54.0,False,False,総数,23.1
悪性新生物,male,a50_54,50.0,54.0,False,False,病院,23.2
悪性新生物,male,a50_54,50.0,54.0,False,False,一般診療所,14.4
悪性新生物,female,a50_54,50.0,54.0,False,False,総数,17.8
悪性新生物,female,a50_54,50.0,54.0,False,False,病院,18.2
悪性新生物,female,a50_54,50.0,54.0,False,False,一般診療所,7.5
胃の悪性新生物,total,a50_54,50.0,54.0,False,False,総数,19.7
胃の悪性新生物,total,a50_54,50.0,54.0,False,False,病院,19.6
胃の悪性新生物,total,a50_54,50.0,54.0,False,False,一般診療所,31.0
胃の悪性新生物,male,a50_54,50.0,54.0,False,False,総数,19.5
胃の悪性新生物,male,a50_54,50.0,54.0,False,False,病院,19.4
胃の悪性新生物,male,a50_54,50.0,54.0,False,False,一般診療所,31.0
胃の悪性新生物,female,a50_54,50.0,54.0,False,False,総数,19.9
胃の悪性新生物,female,a50_54,50.0,54.0,False,False,病院,19.9
結腸及び直腸の悪性新生物,total,a50_54,50.0,54.0,False,False,総数,18.1
結腸及び直腸の悪性新生物,total,a50_54,50.0,54.0,False,False,病院,18.6
結腸及び直腸の悪性新生物,total,a50_54,50.0,54.0,False,False,一般診療所,10.8
結腸及び直腸の悪性新生物,male,a50_54,50.0,54.0,False,False,総数,22.4
結腸及び直腸の悪性新生物,male,a50_54,50.0,54.0,False,False,病院,22.6
結腸及び直腸の悪性新生物,male,a50_54,50.0,54.0,False,False,一般診療所,15.6
結腸及び直腸の悪性新生物,female,a50_54,50.0,54.0,False,False,総数,12.6
結腸及び直腸の悪性新生物,female,a50_54,50.0,54.0,False,False,病院,13.1
結腸及び直腸の悪性新生物,female,a50_54,50.0,54.0,False,False,一般診療所,8.2
"気管,気管支及び肺の悪性新生物",total,a50_54,50.0,54.0,False,False,総数,21.7
"気管,気管支及び肺の悪性新生物",total,a50_54,50.0,54.0,False,False,病院,21.7
"気管,気管支及び肺の悪性新生物",male,a50_54,50.0,54.0,False,False,総数,23.3
"気管,気管支及び肺の悪性新生物",male,a50_54,50.0,54.0,False,False,病院,23.3
"気管,気管支及び肺の悪性新生物",female,a50_54,50.0,54.0,False,False,総数,18.5
"気管,気管支及び肺の悪性新生物",female,a50_54,50.0,54.0,False,False,病院,18.5
血液及び造血器の疾患並びに免疫機構の障害,total,a50_54,50.0,54.0,False,False,総数,16.7
血液及び造血器の疾患並びに免疫機構の障害,total,a50_54,50.0,54.0,False,False,病院,16.7
血液及び造血器の疾患並びに免疫機構の障害,male,a50_54,50.0,54.0,False,False,総数,18.0
血液及び造血器の疾患並びに免疫機構の障害,male,a50_54,50.0,54.0,False,False,病院,18.0
血液及び造血器の疾患並びに免疫機構の障害,female,a50_54,50.0,54.0,False,False,総数,15.7
血液及び造血器の疾患並びに免疫機構の障害,female,a50_54,50.0,54.0,False,False,病院,15.7
"内分泌,栄養及び代謝疾患",total,a50_54,50.0,54.0,False,False,総数,19.0
"内分泌,栄養及び代謝疾患",total,a50_54,50.0,54.0,False,False,病院,18.8
"内分泌,栄養及び代謝疾患",total,a50_54,50.0,54.0,False,False,一般診療所,26.3
"内分泌,栄養及び代謝疾患",male,a50_54,50.0,54.0,False,False,総数,20.1
"内分泌,栄養及び代謝疾患",male,a50_54,50.0,54.0,False,False,病院,19.8
"内分泌,栄養及び代謝疾患",male,a50_54,50.0,54.0,False,False,一般診療所,28.7
"内分泌,栄養及び代謝疾患",female,a50_54,50.0,54.0,False,False,総数,16.9
"内分泌,栄養及び代謝疾患",female,a50_54,50.0,54.0,False,False,病院,16.9
"内分泌,栄養及び代謝疾患",female,a50_54,50.0,54.0,False,False,一般診療所,17.4
甲状腺障害,total,a50_54,50.0,54.0,False,False,総数,12.1
甲状腺障害,total,a50_54,50.0,54.0,False,False,病院,12.1
甲状腺障害,male,a50_54,50.0,54.0,False,False,総数,14.2
甲状腺障害,male,a50_54,50.0,54.0,False,False,病院,14.2
甲状腺障害,female,a50_54,50.0,54.0,False,False,総数,11.1
甲状腺障害,female,a50_54,50.0,54.0,False,False,病院,11.1
糖尿病,total,a50_54,50.0,54.0,False,False,総数,19.7
糖尿病,total,a50_54,50.0,54.0,False,False,病院,19.4
糖尿病,total,a50_54,50.0,54.0,False,False,一般診療所,27.2
糖尿病,male,a50_54,50.0,54.0,False,False,総数,20.8
糖尿病,male,a50_54,50.0,54.0,False,False,病院,20.3
糖尿病,male,a50_54,50.0,54.0,False,False,一般診療所,32.1
糖尿病,female,a50_54,50.0,54.0,False,False,総数,17.3
糖尿病,female,a50_54,50.0,54.0,False,False,病院,17.6
糖尿病,female,a50_54,50.0,54.0,False,False,一般診療所,2.0
精神及び行動の障害,total,a50_54,50.0,54.0,False,False,総数,266.6
精神及び行動の障害,total,a50_54,50.0,54.0,False,False,病院,270.7
精神及び行動の障害,total,a50_54,50.0,54.0,False,False,一般診療所,33.7
精神及び行動の障害,male,a50_54,50.0,54.0,False,False,総数,355.5
精神及び行動の障害,male,a50_54,50.0,54.0,False,False,病院,363.6
精神及び行動の障害,male,a50_54,50.0,54.0,False,False,一般診療所,38.2
精神及び行動の障害,female,a50_54,50.0,54.0,False,False,総数,167.6
精神及び行動の障害,female,a50_54,50.0,54.0,False,False,病院,169.0
精神及び行動の障害,female,a50_54,50.0,54.0,False,False,一般診療所,21.0
"統合失調症,統合失調症型障害及び妄想性障害",total,a50_54,50.0,54.0,False,False,総数,456.2
"統合失調症,統合失調症型障害及び妄想性障害",total,a50_54,50.0,54.0,False,False,病院,456.2
"統合失調症,統合失調症型障害及び妄想性障害",male,a50_54,50.0,54.0,False,False,総数,703.5
"統合失調症,統合失調症型障害及び妄想性障害",male,a50_54,50.0,54.0,False,False,病院,703.5
"統合失調症,統合失調症型障害及び妄想性障害",female,a50_54,50.0,54.0,False,False,総数,239.4
"統合失調症,統合失調症型障害及び妄想性障害",female,a50_54,50.0,54.0,False,False,病院,239.4
気分[感情]障害(躁うつ病を含む),total,a50_54,50.0,54.0,False,False,総数,64.6
気分[感情]障害(躁うつ病を含む),total,a50_54,50.0,54.0,False,False,病院,66.6
気分[感情]障害(躁うつ病を含む),total,a50_54,50.0,54.0,False,False,一般診療所,4.2
気分[感情]障害(躁うつ病を含む),male,a50_54,50.0,54.0,False,False,総数,66.9
気分[感情]障害(躁うつ病を含む),male,a50_54,50.0,54.0,False,False,病院,71.6
気分[感情]障害(躁うつ病を含む),male,a50_54,50.0,54.0,False,False,一般診療所,4.2
気分[感情]障害(躁うつ病を含む),female,a50_54,50.0,54.0,False,False,総数,62.7
気分[感情]障害(躁うつ病を含む),female,a50_54,50.0,54.0,False,False,病院,62.7
"神経症性障害,ストレス関連障害及び身体表現性障害",total,a50_54,50.0,54.0,False,False,総数,35.8
"神経症性障害,ストレス関連障害及び身体表現性障害",total,a50_54,50.0,54.0,False,False,病院,31.9
"神経症性障害,ストレス関連障害及び身体表現性障害",total,a50_54,50.0,54.0,False,False,一般診療所,61.0
"神経症性障害,ストレス関連障害及び身体表現性障害",male,a50_54,50.0,54.0,False,False,総数,51.9
"神経症性障害,ストレス関連障害及び身体表現性障害",male,a50_54,50.0,54.0,False,False,病院,41.6
"神経症性障害,ストレス関連障害及び身体表現性障害",male,a50_54,50.0,54.0,False,False,一般診療所,101.0
"神経症性障害,ストレス関連障害及び身体表現性障害",female,a50_54,50.0,54.0,False,False,総数,25.9
"神経症性障害,ストレス関連障害及び身体表現性障害",female,a50_54,50.0,54.0,False,False,病院,26.5
"神経症性障害,ストレス関連障害及び身体表現性障害",female,a50_54,50.0,54.0,False,False,一般診療所,21.0
神経系の疾患,total,a50_54,50.0,54.0,False,False,総数,46.6
神経系の疾患,total,a50_54,50.0,54.0,False,False,病院,49.9
神経系の疾患,total,a50_54,50.0,54.0,False,False,一般診療所,1.8
神経系の疾患,male,a50_54,50.0,54.0,False,False,総数,56.2
神経系の疾患,male,a50_54,50.0,54.0,False,False,病院,61.2
神経系の疾患,male,a50_54,50.0,54.0,False,False,一般診療所,1.0
神経系の疾患,female,a50_54,50.0,54.0,False,False,総数,29.2
神経系の疾患,female,a50_54,50.0,54.0,False,False,病院,30.4
神経系の疾患,female,a50_54,50.0,54.0,False,False,一般診療所,4.3
眼及び付属器の疾患,total,a50_54,50.0,54.0,False,False,総数,8.1
眼及び付属器の疾患,total,a50_54,50.0,54.0,False,False,病院,8.3
眼及び付属器の疾患,total,a50_54,50.0,54.0,False,False,一般診療所,6.7
眼及び付属器の疾患,male,a50_54,50.0,54.0,False,False,総数,8.3
眼及び付属器の疾患,male,a50_54,50.0,54.0,False,False,病院,8.3
眼及び付属器の疾患,male,a50_54,50.0,54.0,False,False,一般診療所,8.5
眼及び付属器の疾患,female,a50_54,50.0,54.0,False,False,総数,7.9
眼及び付属器の疾患,female,a50_54,50.0,54.0,False,False,病院,8.2
眼及び付属器の疾患,female,a50_54,50.0,54.0,False,False,一般診療所,5.6
白内障,total,a50_54,50.0,54.0,False,False,総数,4.2
白内障,total,a50_54,50.0,54.0,False,False,病院,4.3
白内障,total,a50_54,50.0,54.0,False,False,一般診療所,4.1
白内障,male,a50_54,50.0,54.0,False,False,総数,4.1
白内障,male,a50_54,50.0,54.0,False,False,病院,3.9
白内障,male,a50_54,50.0,54.0,False,False,一般診療所,7.1
白内障,female,a50_54,50.0,54.0,False,False,総数,4.4
白内障,female,a50_54,50.0,54.0,False,False,病院,4.8
白内障,female,a50_54,50.0,54.0,False,False,一般診療所,1.6
耳及び乳様突起の疾患,total,a50_54,50.0,54.0,False,False,総数,8.2
耳及び乳様突起の疾患,total,a50_54,50.0,54.0,False,False,病院,8.6
耳及び乳様突起の疾患,total,a50_54,50.0,54.0,False,False,一般診療所,4.3
耳及び乳様突起の疾患,male,a50_54,50.0,54.0,False,False,総数,8.2
耳及び乳様突起の疾患,male,a50_54,50.0,54.0,False,False,病院,8.8
耳及び乳様突起の疾患,male,a50_54,50.0,54.0,False,False,一般診療所,3.7
耳及び乳様突起の疾患,female,a50_54,50.0,54.0,False,False,総数,8.2
耳及び乳様突起の疾患,female,a50_54,50.0,54.0,False,False,病院,8.5
耳及び乳様突起の疾患,female,a50_54,50.0,54.0,False,False,一般診療所,5.0
循環器系の疾患,total,a50_54,50.0,54.0,False,False,総数,24.6
循環器系の疾患,total,a50_54,50.0,54.0,False,False,病院,25.2
循環器系の疾患,total,a50_54,50.0,54.0,False,False,一般診療所,18.8
循環器系の疾患,male,a50_54,50.0,54.0,False,False,総数,25.2
循環器系の疾患,male,a50_54,50.0,54.0,False,False,病院,25.7
循環器系の疾患,male,a50_54,50.0,54.0,False,False,一般診療所,21.1
循環器系の疾患,female,a50_54,50.0,54.0,False,False,総数,22.9
循環器系の疾患,female,a50_54,50.0,54.0,False,False,病院,24.0
循環器系の疾患,female,a50_54,50.0,54.0,False,False,一般診療所,12.9
高血圧性疾患,total,a50_54,50.0,54.0,False,False,総数,13.2
高血圧性疾患,total,a50_54,50.0,54.0,False,False,病院,14.1
高血圧性疾患,male,a50_54,50.0,54.0,False,False,総数,13.4
高血圧性疾患,male,a50_54,50.0,54.0,False,False,病院,13.4
高血圧性疾患,female,a50_54,50.0,54.0,False,False,総数,13.1
高血圧性疾患,female,a50_54,50.0,54.0,False,False,病院,15.3
心疾患(高血圧性のものを除く),total,a50_54,50.0,54.0,False,False,総数,8.6
心疾患(高血圧性のものを除く),total,a50_54,50.0,54.0,False,False,病院,8.5
心疾患(高血圧性のものを除く),total,a50_54,50.0,54.0,False,False,一般診療所,11.1
心疾患(高血圧性のものを除く),male,a50_54,50.0,54.0,False,False,総数,8.4
心疾患(高血圧性のものを除く),male,a50_54,50.0,54.0,False,False,病院,8.4
心疾患(高血圧性のものを除く),male,a50_54,50.0,54.0,False,False,一般診療所,8.5
心疾患(高血圧性のものを除く),female,a50_54,50.0,54.0,False,False,総数,9.5
心疾患(高血圧性のものを除く),female,a50_54,50.0,54.0,False,False,病院,9.0
心疾患(高血圧性のものを除く),female,a50_54,50.0,54.0,False,False,一般診療所,54.0
虚血性心疾患,total,a50_54,50.0,54.0,False,False,総数,6.6
虚血性心疾患,total,a50_54,50.0,54.0,False,False,病院,6.4
虚血性心疾患,total,a50_54,50.0,54.0,False,False,一般診療所,10.8
虚血性心疾患,male,a50_54,50.0,54.0,False,False,総数,6.7
虚血性心疾患,male,a50_54,50.0,54.0,False,False,病院,6.6
虚血性心疾患,male,a50_54,50.0,54.0,False,False,一般診療所,7.9
虚血性心疾患,female,a50_54,50.0,54.0,False,False,総数,6.4
虚血性心疾患,female,a50_54,50.0,54.0,False,False,病院,5.4
虚血性心疾患,female,a50_54,50.0,54.0,False,False,一般診療所,91.0
脳血管疾患,total,a50_54,50.0,54.0,False,False,総数,58.4
脳血管疾患,total,a50_54,50.0,54.0,False,False,病院,58.2
脳血管疾患,total,a50_54,50.0,54.0,False,False,一般診療所,60.0
脳血管疾患,male,a50_54,50.0,54.0,False,False,総数,64.5
脳血管疾患,male,a50_54,50.0,54.0,False,False,病院,64.3
脳血管疾患,male,a50_54,50.0,54.0,False,False,一般診療所,66.0
脳血管疾患,female,a50_54,50.0,54.0,False,False,総数,46.4
脳血管疾患,female,a50_54,50.0,54.0,False,False,病院,46.7
脳血管疾患,female,a50_54,50.0,54.0,False,False,一般診療所,40.8
呼吸器系の疾患,total,a50_54,50.0,54.0,False,False,総数,12.2
呼吸器系の疾患,total,a50_54,50.0,54.0,False,False,病院,12.5
呼吸器系の疾患,total,a50_54,50.0,54.0,False,False,一般診療所,7.2
呼吸器系の疾患,male,a50_54,50.0,54.0,False,False,総数,12.7
呼吸器系の疾患,male,a50_54,50.0,54.0,False,False,病院,12.9
呼吸器系の疾患,male,a50_54,50.0,54.0,False,False,一般診療所,10.4
呼吸器系の疾患,female,a50_54,50.0,54.0,False,False,総数,11.3
呼吸器系の疾患,female,a50_54,50.0,54.0,False,False,病院,11.8
急性上気道感染症,total,a50_54,50.0,54.0,False,False,総数,6.5
急性上気道感染症,total,a50_54,50.0,54.0,False,False,病院,6.8
急性上気道感染症,total,a50_54,50.0,54.0,False,False,一般診療所,3.8
急性上気道感染症,male,a50_54,50.0,54.0,False,False,総数,6.5
急性上気道感染症,male,a50_54,50.0,54.0,False,False,病院,7.0
急性上気道感染症,male,a50_54,50.0,54.0,False,False,一般診療所,3.8
急性上気道感染症,female,a50_54,50.0,54.0,False,False,総数,6.4
急性上気道感染症,female,a50_54,50.0,54.0,False,False,病院,6.4
肺炎,total,a50_54,50.0,54.0,False,False,総数,15.5
肺炎,total,a50_54,50.0,54.0,False,False,病院,15.9
肺炎,total,a50_54,50.0,54.0,False,False,一般診療所,12.0
肺炎,male,a50_54,50.0,54.0,False,False,総数,15.8
肺炎,male,a50_54,50.0,54.0,False,False,病院,16.3
肺炎,male,a50_54,50.0,54.0,False,False,一般診療所,12.0
肺炎,female,a50_54,50.0,54.0,False,False,総数,15.1
肺炎,female,a50_54,50.0,54.0,False,False,病院,15.1
急性気管支炎及び急性細気管支炎,total,a50_54,50.0,54.0,False,False,総数,8.2
急性気管支炎及び急性細気管支炎,total,a50_54,50.0,54.0,False,False,病院,8.2
急性気管支炎及び急性細気管支炎,male,a50_54,50.0,54.0,False,False,総数,9.8
急性気管支炎及び急性細気管支炎,male,a50_54,50.0,54.0,False,False,病院,9.8
急性気管支炎及び急性細気管支炎,female,a50_54,50.0,54.0,False,False,総数,6.8
急性気管支炎及び急性細気管支炎,female,a50_54,50.0,54.0,False,False,病院,6.8
気管支炎及び慢性閉塞性肺疾患,total,a50_54,50.0,54.0,False,False,総数,15.7
気管支炎及び慢性閉塞性肺疾患,total,a50_54,50.0,54.0,False,False,病院,15.7
気管支炎及び慢性閉塞性肺疾患,male,a50_54,50.0,54.0,False,False,総数,16.9
気管支炎及び慢性閉塞性肺疾患,male,a50_54,50.0,54.0,False,False,病院,16.9
気管支炎及び慢性閉塞性肺疾患,female,a50_54,50.0,54.0,False,False,総数,13.4
気管支炎及び慢性閉塞性肺疾患,female,a50_54,50.0,54.0,False,False,病院,13.4
喘息,total,a50_54,50.0,54.0,False,False,総数,9.0
喘息,total,a50_54,50.0,54.0,False,False,病院,9.0
喘息,male,a50_54,50.0,54.0,False,False,総数,10.9
喘息,male,a50_54,50.0,54.0,False,False,病院,10.9
喘息,female,a50_54,50.0,54.0,False,False,総数,7.9
喘息,female,a50_54,50.0,54.0,False,False,病院,7.9
消化器系の疾患,total,a50_54,50.0,54.0,False,False,総数,9.9
消化器系の疾患,total,a50_54,50.0,54.0,False,False,病院,10.1
消化器系の疾患,total,a50_54,50.0,54.0,False,False,一般診療所,7.1
消化器系の疾患,male,a50_54,50.0,54.0,False,False,総数,10.3
消化器系の疾患,male,a50_54,50.0,54.0,False,False,病院,10.4
消化器系の疾患,male,a50_54,50.0,54.0,False,False,一般診療所,8.9
消化器系の疾患,female,a50_54,50.0,54.0,False,False,総数,9.0
消化器系の疾患,female,a50_54,50.0,54.0,False,False,病院,9.5
消化器系の疾患,female,a50_54,50.0,54.0,False,False,一般診療所,4.2
う蝕,total,a50_54,50.0,54.0,False,False,総数,4.8
う蝕,total,a50_54,50.0,54.0,False,False,病院,4.8
う蝕,male,a50_54,50.0,54.0,False,False,総数,1.0
う蝕,male,a50_54,50.0,54.0,False,False,病院,1.0
う蝕,female,a50_54,50.0,54.0,False,False,総数,6.0
う蝕,female,a50_54,50.0,54.0,False,False,病院,6.0
歯肉炎及び歯周疾患,total,a50_54,50.0,54.0,False,False,総数,5.5
歯肉炎及び歯周疾患,total,a50_54,50.0,54.0,False,False,病院,5.5
歯肉炎及び歯周疾患,male,a50_54,50.0,54.0,False,False,総数,7.9
歯肉炎及び歯周疾患,male,a50_54,50.0,54.0,False,False,病院,7.9
歯肉炎及び歯周疾患,female,a50_54,50.0,54.0,False,False,総数,3.7
歯肉炎及び歯周疾患,female,a50_54,50.0,54.0,False,False,病院,3.7
胃潰瘍及び十二指腸潰瘍,total,a50_54,50.0,54.0,False,False,総数,12.5
胃潰瘍及び十二指腸潰瘍,total,a50_54,50.0,54.0,False,False,病院,12.5
胃潰瘍及び十二指腸潰瘍,total,a50_54,50.0,54.0,False,False,一般診療所,12.6
胃潰瘍及び十二指腸潰瘍,male,a50_54,50.0,54.0,False,False,総数,13.2
胃潰瘍及び十二指腸潰瘍,male,a50_54,50.0,54.0,False,False,病院,13.2
胃潰瘍及び十二指腸潰瘍,male,a50_54,50.0,54.0,False,False,一般診療所,12.6
胃潰瘍及び十二指腸潰瘍,female,a50_54,50.0,54.0,False,False,総数,9.8
胃潰瘍及び十二指腸潰瘍,female,a50_54,50.0,54.0,False,False,病院,9.8
胃炎及び十二指腸炎,total,a50_54,50.0,54.0,False,False,総数,5.4
胃炎及び十二指腸炎,total,a50_54,50.0,54.0,False,False,病院,5.4
胃炎及び十二指腸炎,male,a50_54,50.0,54.0,False,False,総数,5.6
胃炎及び十二指腸炎,male,a50_54,50.0,54.0,False,False,病院,5.6
胃炎及び十二指腸炎,female,a50_54,50.0,54.0,False,False,総数,4.8
胃炎及び十二指腸炎,female,a50_54,50.0,54.0,False,False,病院,4.8
肝疾患,total,a50_54,50.0,54.0,False,False,総数,21.5
肝疾患,total,a50_54,50.0,54.0,False,False,病院,21.2
肝疾患,total,a50_54,50.0,54.0,False,False,一般診療所,28.2
肝疾患,male,a50_54,50.0,54.0,False,False,総数,22.7
肝疾患,male,a50_54,50.0,54.0,False,False,病院,22.4
肝疾患,male,a50_54,50.0,54.0,False,False,一般診療所,28.2
肝疾患,female,a50_54,50.0,54.0,False,False,総数,18.1
肝疾患,female,a50_54,50.0,54.0,False,False,病院,18.1
皮膚及び皮下組織の疾患,total,a50_54,50.0,54.0,False,False,総数,14.4
皮膚及び皮下組織の疾患,total,a50_54,50.0,54.0,False,False,病院,14.5
皮膚及び皮下組織の疾患,total,a50_54,50.0,54.0,False,False,一般診療所,10.9
皮膚及び皮下組織の疾患,male,a50_54,50.0,54.0,False,False,総数,15.4
皮膚及び皮下組織の疾患,male,a50_54,50.0,54.0,False,False,病院,15.4
皮膚及び皮下組織の疾患,male,a50_54,50.0,54.0,False,False,一般診療所,15.4
皮膚及び皮下組織の疾患,female,a50_54,50.0,54.0,False,False,総数,12.9
皮膚及び皮下組織の疾患,female,a50_54,50.0,54.0,False,False,病院,13.2
皮膚及び皮下組織の疾患,female,a50_54,50.0,54.0,False,False,一般診療所,7.0
筋骨格系及び結合組織の疾患,total,a50_54,50.0,54.0,False,False,総数,21.8
筋骨格系及び結合組織の疾患,total,a50_54,50.0,54.0,False,False,病院,21.6
筋骨格系及び結合組織の疾患,total,a50_54,50.0,54.0,False,False,一般診療所,23.2
筋骨格系及び結合組織の疾患,male,a50_54,50.0,54.0,False,False,総数,23.2
筋骨格系及び結合組織の疾患,male,a50_54,50.0,54.0,False,False,病院,23.2
筋骨格系及び結合組織の疾患,male,a50_54,50.0,54.0,False,False,一般診療所,22.9
筋骨格系及び結合組織の疾患,female,a50_54,50.0,54.0,False,False,総数,20.5
筋骨格系及び結合組織の疾患,female,a50_54,50.0,54.0,False,False,病院,20.3
筋骨格系及び結合組織の疾患,female,a50_54,50.0,54.0,False,False,一般診療所,23.8
炎症性多発性関節障害,total,a50_54,50.0,54.0,False,False,総数,15.0
炎症性多発性関節障害,total,a50_54,50.0,54.0,False,False,病院,13.2
炎症性多発性関節障害,total,a50_54,50.0,54.0,False,False,一般診療所,36.1
炎症性多発性関節障害,male,a50_54,50.0,54.0,False,False,総数,16.3
炎症性多発性関節障害,male,a50_54,50.0,54.0,False,False,病院,16.3
炎症性多発性関節障害,female,a50_54,50.0,54.0,False,False,総数,14.7
炎症性多発性関節障害,female,a50_54,50.0,54.0,False,False,病院,12.3
炎症性多発性関節障害,female,a50_54,50.0,54.0,False,False,一般診療所,36.1
関節症,total,a50_54,50.0,54.0,False,False,総数,29.5
関節症,total,a50_54,50.0,54.0,False,False,病院,29.9
関節症,total,a50_54,50.0,54.0,False,False,一般診療所,23.7
関節症,male,a50_54,50.0,54.0,False,False,総数,34.5
関節症,male,a50_54,50.0,54.0,False,False,病院,34.8
関節症,male,a50_54,50.0,54.0,False,False,一般診療所,33.4
関節症,female,a50_54,50.0,54.0,False,False,総数,28.1
関節症,female,a50_54,50.0,54.0,False,False,病院,28.8
関節症,female,a50_54,50.0,54.0,False,False,一般診療所,3.0
脊柱障害,total,a50_54,50.0,54.0,False,False,総数,20.0
脊柱障害,total,a50_54,50.0,54.0,False,False,病院,19.9
脊柱障害,total,a50_54,50.0,54.0,False,False,一般診療所,21.4
脊柱障害,male,a50_54,50.0,54.0,False,False,総数,21.4
脊柱障害,male,a50_54,50.0,54.0,False,False,病院,21.1
脊柱障害,male,a50_54,50.0,54.0,False,False,一般診療所,23.8
脊柱障害,female,a50_54,50.0,54.0,False,False,総数,17.4
脊柱障害,female,a50_54,50.0,54.0,False,False,病院,17.5
脊柱障害,female,a50_54,50.0,54.0,False,False,一般診療所,16.6
骨の密度及び構造の障害,total,a50_54,50.0,54.0,False,False,総数,19.7
骨の密度及び構造の障害,total,a50_54,50.0,54.0,False,False,病院,19.7
骨の密度及び構造の障害,male,a50_54,50.0,54.0,False,False,総数,21.3
骨の密度及び構造の障害,male,a50_54,50.0,54.0,False,False,病院,21.3
骨の密度及び構造の障害,female,a50_54,50.0,54.0,False,False,総数,16.5
骨の密度及び構造の障害,female,a50_54,50.0,54.0,False,False,病院,16.5
腎尿路生殖器系の疾患,total,a50_54,50.0,54.0,False,False,総数,12.7
腎尿路生殖器系の疾患,total,a50_54,50.0,54.0,False,False,病院,13.1
腎尿路生殖器系の疾患,total,a50_54,50.0,54.0,False,False,一般診療所,3.6
腎尿路生殖器系の疾患,male,a50_54,50.0,54.0,False,False,総数,14.5
腎尿路生殖器系の疾患,male,a50_54,50.0,54.0,False,False,病院,14.9
腎尿路生殖器系の疾患,male,a50_54,50.0,54.0,False,False,一般診療所,4.1
腎尿路生殖器系の疾患,female,a50_54,50.0,54.0,False,False,総数,10.6
腎尿路生殖器系の疾患,female,a50_54,50.0,54.0,False,False,病院,11.0
腎尿路生殖器系の疾患,female,a50_54,50.0,54.0,False,False,一般診療所,2.9
"糸球体疾患,腎尿細管間質性疾患及び腎不全",total,a50_54,50.0,54.0,False,False,総数,21.2
"糸球体疾患,腎尿細管間質性疾患及び腎不全",total,a50_54,50.0,54.0,False,False,病院,22.0
"糸球体疾患,腎尿細管間質性疾患及び腎不全",total,a50_54,50.0,54.0,False,False,一般診療所,5.2
"糸球体疾患,腎尿細管間質性疾患及び腎不全",male,a50_54,50.0,54.0,False,False,総数,22.6
"糸球体疾患,腎尿細管間質性疾患及び腎不全",male,a50_54,50.0,54.0,False,False,病院,23.8
"糸球体疾患,腎尿細管間質性疾患及び腎不全",male,a50_54,50.0,54.0,False,False,一般診療所,5.8
"糸球体疾患,腎尿細管間質性疾患及び腎不全",female,a50_54,50.0,54.0,False,False,総数,19.2
"糸球体疾患,腎尿細管間質性疾患及び腎不全",female,a50_54,50.0,54.0,False,False,病院,19.7
"糸球体疾患,腎尿細管間質性疾患及び腎不全",female,a50_54,50.0,54.0,False,False,一般診療所,3.0
前立腺肥大(症),total,a50_54,50.0,54.0,False,False,総数,5.8
前立腺肥大(症),total,a50_54,50.0,54.0,False,False,病院,6.4
前立腺肥大(症),total,a50_54,50.0,54.0,False,False,一般診療所,1.0
前立腺肥大(症),male,a50_54,50.0,54.0,False,False,総数,5.8
前立腺肥大(症),male,a50_54,50.0,54.0,False,False,病院,6.4
前立腺肥大(症),male,a50_54,50.0,54.0,False,False,一般診療所,1.0
乳房及び女性生殖器の疾患,total,a50_54,50.0,54.0,False,False,総数,6.2
乳房及び女性生殖器の疾患,total,a50_54,50.0,54.0,False,False,病院,6.3
乳房及び女性生殖器の疾患,total,a50_54,50.0,54.0,False,False,一般診療所,2.8
乳房及び女性生殖器の疾患,female,a50_54,50.0,54.0,False,False,総数,6.2
乳房及び女性生殖器の疾患,female,a50_54,50.0,54.0,False,False,病院,6.3
乳房及び女性生殖器の疾患,female,a50_54,50.0,54.0,False,False,一般診療所,2.8
"妊娠,分娩及び産じょく",total,a50_54,50.0,54.0,False,False,総数,6.7
"妊娠,分娩及び産じょく",total,a50_54,50.0,54.0,False,False,病院,6.5
"妊娠,分娩及び産じょく",total,a50_54,50.0,54.0,False,False,一般診療所,7.0
"妊娠,分娩及び産じょく",female,a50_54,50.0,54.0,False,False,総数,6.7
"妊娠,分娩及び産じょく",female,a50_54,50.0,54.0,False,False,病院,6.5
"妊娠,分娩及び産じょく",female,a50_54,50.0,54.0,False,False,一般診療所,7.0
"先天奇形,変形及び染色体異常",total,a50_54,50.0,54.0,False,False,総数,18.0
"先天奇形,変形及び染色体異常",total,a50_54,50.0,54.0,False,False,病院,18.0
"先天奇形,変形及び染色体異常",male,a50_54,50.0,54.0,False,False,総数,22.2
"先天奇形,変形及び染色体異常",male,a50_54,50.0,54.0,False,False,病院,22.2
"先天奇形,変形及び染色体異常",female,a50_54,50.0,54.0,False,False,総数,14.1
"先天奇形,変形及び染色体異常",female,a50_54,50.0,54.0,False,False,病院,14.1
"症状,徴候及び異常臨床所見・異常検査所見で他に分類されないもの",total,a50_54,50.0,54.0,False,False,総数,11.1
"症状,徴候及び異常臨床所見・異常検査所見で他に分類されないもの",total,a50_54,50.0,54.0,False,False,病院,11.6
"症状,徴候及び異常臨床所見・異常検査所見で他に分類されないもの",total,a50_54,50.0,54.0,False,False,一般診療所,3.3
"症状,徴候及び異常臨床所見・異常検査所見で他に分類されないもの",male,a50_54,50.0,54.0,False,False,総数,13.9
"症状,徴候及び異常臨床所見・異常検査所見で他に分類されないもの",male,a50_54,50.0,54.0,False,False,病院,14.8
"症状,徴候及び異常臨床所見・異常検査所見で他に分類されないもの",male,a50_54,50.0,54.0,False,False,一般診療所,2.3
"症状,徴候及び異常臨床所見・異常検査所見で他に分類されないもの",female,a50_54,50.0,54.0,False,False,総数,8.2
"症状,徴候及び異常臨床所見・異常検査所見で他に分類されないもの",female,a50_54,50.0,54.0,False,False,病院,8.4
"症状,徴候及び異常臨床所見・異常検査所見で他に分類されないもの",female,a50_54,50.0,54.0,False,False,一般診療所,4.6
"損傷,中毒及びその他の外因の影響",total,a50_54,50.0,54.0,False,False,総数,21.7
"損傷,中毒及びその他の外因の影響",total,a50_54,50.0,54.0,False,False,病院,22.1
"損傷,中毒及びその他の外因の影響",total,a50_54,50.0,54.0,False,False,一般診療所,17.9
"損傷,中毒及びその他の外因の影響",male,a50_54,50.0,54.0,False,False,総数,21.5
"損傷,中毒及びその他の外因の影響",male,a50_54,50.0,54.0,False,False,病院,21.9
"損傷,中毒及びその他の外因の影響",male,a50_54,50.0,54.0,False,False,一般診療所,17.1
"損傷,中毒及びその他の外因の影響",female,a50_54,50.0,54.0,False,False,総数,22.1
"損傷,中毒及びその他の外因の影響",female,a50_54,50.0,54.0,False,False,病院,22.3
"損傷,中毒及びその他の外因の影響",female,a50_54,50.0,54.0,False,False,一般診療所,19.5
骨折,total,a50_54,50.0,54.0,False,False,総数,27.1
骨折,total,a50_54,50.0,54.0,False,False,病院,26.8
骨折,total,a50_54,50.0,54.0,False,False,一般診療所,32.9
骨折,male,a50_54,50.0,54.0,False,False,総数,24.5
骨折,male,a50_54,50.0,54.0,False,False,病院,24.5
骨折,male,a50_54,50.0,54.0,False,False,一般診療所,25.0
骨折,female,a50_54,50.0,54.0,False,False,総数,31.4
骨折,female,a50_54,50.0,54.0,False,False,病院,30.5
骨折,female,a50_54,50.0,54.0,False,False,一般診療所,51.8
健康状態に影響を及ぼす要因及び保健サービスの利用,total,a50_54,50.0,54.0,False,False,総数,3.4
健康状態に影響を及ぼす要因及び保健サービスの利用,total,a50_54,50.0,54.0,False,False,病院,3.3
健康状態に影響を及ぼす要因及び保健サービスの利用,total,a50_54,50.0,54.0,False,False,一般診療所,5.0
健康状態に影響を及ぼす要因及び保健サービスの利用,male,a50_54,50.0,54.0,False,False,総数,2.5
健康状態に影響を及ぼす要因及び保健サービスの利用,male,a50_54,50.0,54.0,False,False,病院,2.4
健康状態に影響を及ぼす要因及び保健サービスの利用,male,a50_54,50.0,54.0,False,False,一般診療所,5.0
健康状態に影響を及ぼす要因及び保健サービスの利用,female,a50_54,50.0,54.0,False,False,総数,5.1
健康状態に影響を及ぼす要因及び保健サービスの利用,female,a50_54,50.0,54.0,False,False,病院,5.1
歯の補てつ,total,a50_54,50.0,54.0,False,False,総数,2.0
歯の補てつ,total,a50_54,50.0,54.0,False,False,病院,2.0
歯の補てつ,male,a50_54,50.0,54.0,False,False,総数,0.6
歯の補てつ,male,a50_54,50.0,54.0,False,False,病院,0.6
歯の補てつ,female,a50_54,50.0,54.0,False,False,総数,2.7
歯の補てつ,female,a50_54,50.0,54.0,False,False,病院,2.7
総数,total,a55_59,55.0,59.0,False,False,総数,34.2
総数,total,a55_59,55.0,59.0,False,False,病院,35.5
総数,total,a55_59,55.0,59.0,False,False,一般診療所,14.3
総数,male,a55_59,55.0,59.0,False,False,総数,37.3
総数,male,a55_59,55.0,59.0,False,False,病院,38.9
総数,male,a55_59,55.0,59.0,False,False,一般診療所,15.5
総数,female,a55_59,55.0,59.0,False,False,総数,29.5
総数,female,a55_59,55.0,59.0,False,False,病院,30.5
総数,female,a55_59,55.0,59.0,False,False,一般診療所,12.3
感染症及び寄生虫症,total,a55_59,55.0,59.0,False,False,総数,20.3
感染症及び寄生虫症,total,a55_59,55.0,59.0,False,False,病院,20.5
感染症及び寄生虫症,total,a55_59,55.0,59.0,False,False,一般診療所,14.8
感染症及び寄生虫症,male,a55_59,55.0,59.0,False,False,総数,25.8
感染症及び寄生虫症,male,a55_59,55.0,59.0,False,False,病院,25.9
感染症及び寄生虫症,male,a55_59,55.0,59.0,False,False,一般診療所,23.5
感染症及び寄生虫症,female,a55_59,55.0,59.0,False,False,総数,14.3
感染症及び寄生虫症,female,a55_59,55.0,59.0,False,False,病院,14.6
感染症及び寄生虫症,female,a55_59,55.0,59.0,False,False,一般診療所,5.9
腸管感染症,total,a55_59,55.0,59.0,False,False,総数,7.2
腸管感染症,total,a55_59,55.0,59.0,False,False,病院,7.2
腸管感染症,total,a55_59,55.0,59.0,False,False,一般診療所,7.1
腸管感染症,male,a55_59,55.0,59.0,False,False,総数,8.0
腸管感染症,male,a55_59,55.0,59.0,False,False,病院,7.9
腸管感染症,male,a55_59,55.0,59.0,False,False,一般診療所,8.5
腸管感染症,female,a55_59,55.0,59.0,False,False,総数,6.6
腸管感染症,female,a55_59,55.0,59.0,False,False,病院,6.6
腸管感染症,female,a55_59,55.0,59.0,False,False,一般診療所,6.1
結核,total,a55_59,55.0,59.0,False,False,総数,75.1
結核,total,a55_59,55.0,59.0,False,False,病院,75.1
結核,male,a55_59,55.0,59.0,False,False,総数,88.3
結核,male,a55_59,55.0,59.0,False,False,病院,88.3
結核,female,a55_59,55.0,59.0,False,False,総数,31.8
結核,female,a55_59,55.0,59.0,False,False,病院,31.8
皮膚及び粘膜の病変を伴うウイルス疾患,total,a55_59,55.0,59.0,False,False,総数,23.5
皮膚及び粘膜の病変を伴うウイルス疾患,total,a55_59,55.0,59.0,False,False,病院,24.0
皮膚及び粘膜の病変を伴うウイルス疾患,total,a55_59,55.0,59.0,False,False,一般診療所,5.0
皮膚及び粘膜の病変を伴うウイルス疾患,male,a55_59,55.0,59.0,False,False,総数,13.7
皮膚及び粘膜の病変を伴うウイルス疾患,male,a55_59,55.0,59.0,False,False,病院,13.7
皮膚及び粘膜の病変を伴うウイルス疾患,female,a55_59,55.0,59.0,False,False,総数,30.2
皮膚及び粘膜の病変を伴うウイルス疾患,female,a55_59,55.0,59.0,False,False,病院,31.4
皮膚及び粘膜の病変を伴うウイルス疾患,female,a55_59,55.0,59.0,False,False,一般診療所,5.0
真菌症,total,a55_59,55.0,59.0,False,False,総数,23.4
真菌症,total,a55_59,55.0,59.0,False,False,病院,23.4
真菌症,male,a55_59,55.0,59.0,False,False,総数,23.5
真菌症,male,a55_59,55.0,59.0,False,False,病院,23.5
真菌症,female,a55_59,55.0,59.0,False,False,総数,23.1
真菌症,female,a55_59,55.0,59.0,False,False,病院,23.1
新生物,total,a55_59,55.0,59.0,False,False,総数,18.4
新生物,total,a55_59,55.0,59.0,False,False,病院,18.6
新生物,total,a55_59,55.0,59.0,False,False,一般診療所,9.4
新生物,male,a55_59,55.0,59.0,False,False,総数,20.5
新生物,male,a55_59,55.0,59.0,False,False,病院,20.8
新生物,male,a55_59,55.0,59.0,False,False,一般診療所,12.3
新生物,female,a55_59,55.0,59.0,False,False,総数,15.9
新生物,female,a55_59,55.0,59.0,False,False,病院,16.2
新生物,female,a55_59,55.0,59.0,False,False,一般診療所,5.1
悪性新生物,total,a55_59,55.0,59.0,False,False,総数,19.2
悪性新生物,total,a55_59,55.0,59.0,False,False,病院,19.5
悪性新生物,total,a55_59,55.0,59.0,False,False,一般診療所,10.3
悪性新生物,male,a55_59,55.0,59.0,False,False,総数,21.4
悪性新生物,male,a55_59,55.0,59.0,False,False,病院,21.6
悪性新生物,male,a55_59,55.0,59.0,False,False,一般診療所,14.4
悪性新生物,female,a55_59,55.0,59.0,False,False,総数,16.5
悪性新生物,female,a55_59,55.0,59.0,False,False,病院,16.8
悪性新生物,female,a55_59,55.0,59.0,False,False,一般診療所,4.7
胃の悪性新生物,total,a55_59,55.0,59.0,False,False,総数,19.5
胃の悪性新生物,total,a55_59,55.0,59.0,False,False,病院,19.5
胃の悪性新生物,male,a55_59,55.0,59.0,False,False,総数,19.3
胃の悪性新生物,male,a55_59,55.0,59.0,False,False,病院,19.3
胃の悪性新生物,female,a55_59,55.0,59.0,False,False,総数,20.1
胃の悪性新生物,female,a55_59,55.0,59.0,False,False,病院,20.1
結腸及び直腸の悪性新生物,total,a55_59,55.0,59.0,False,False,総数,14.8
結腸及び直腸の悪性新生物,total,a55_59,55.0,59.0,False,False,病院,14.8
結腸及び直腸の悪性新生物,total,a55_59,55.0,59.0,False,False,一般診療所,7.7
結腸及び直腸の悪性新生物,male,a55_59,55.0,59.0,False,False,総数,16.0
結腸及び直腸の悪性新生物,male,a55_59,55.0,59.0,False,False,病院,16.1
結腸及び直腸の悪性新生物,male,a55_59,55.0,59.0,False,False,一般診療所,9.0
結腸及び直腸の悪性新生物,female,a55_59,55.0,59.0,False,False,総数,12.5
結腸及び直腸の悪性新生物,female,a55_59,55.0,59.0,False,False,病院,12.6
結腸及び直腸の悪性新生物,female,a55_59,55.0,59.0,False,False,一般診療所,2.0
"気管,気管支及び肺の悪性新生物",total,a55_59,55.0,59.0,False,False,総数,23.6
"気管,気管支及び肺の悪性新生物",total,a55_59,55.0,59.0,False,False,病院,23.6
"気管,気管支及び肺の悪性新生物",total,a55_59,55.0,59.0,False,False,一般診療所,11.0
"気管,気管支及び肺の悪性新生物",male,a55_59,55.0,59.0,False,False,総数,25.2
"気管,気管支及び肺の悪性新生物",male,a55_59,55.0,59.0,False,False,病院,25.2
"気管,気管支及び肺の悪性新生物",male,a55_59,55.0,59.0,False,False,一般診療所,11.0
"気管,気管支及び肺の悪性新生物",female,a55_59,55.0,59.0,False,False,総数,20.0
"気管,気管支及び肺の悪性新生物",female,a55_59,55.0,59.0,False,False,病院,20.0
血液及び造血器の疾患並びに免疫機構の障害,total,a55_59,55.0,59.0,False,False,総数,21.9
血液及び造血器の疾患並びに免疫機構の障害,total,a55_59,55.0,59.0,False,False,病院,21.9
血液及び造血器の疾患並びに免疫機構の障害,male,a55_59,55.0,59.0,False,False,総数,21.6
血液及び造血器の疾患並びに免疫機構の障害,male,a55_59,55.0,59.0,False,False,病院,21.6
血液及び造血器の疾患並びに免疫機構の障害,female,a55_59,55.0,59.0,False,False,総数,22.2
血液及び造血器の疾患並びに免疫機構の障害,female,a55_59,55.0,59.0,False,False,病院,22.2
"内分泌,栄養及び代謝疾患",total,a55_59,55.0,59.0,False,False,総数,21.5
"内分泌,栄養及び代謝疾患",total,a55_59,55.0,59.0,False,False,病院,21.0
"内分泌,栄養及び代謝疾患",total,a55_59,55.0,59.0,False,False,一般診療所,27.6
"内分泌,栄養及び代謝疾患",male,a55_59,55.0,59.0,False,False,総数,22.4
"内分泌,栄養及び代謝疾患",male,a55_59,55.0,59.0,False,False,病院,21.8
"内分泌,栄養及び代謝疾患",male,a55_59,55.0,59.0,False,False,一般診療所,27.7
"内分泌,栄養及び代謝疾患",female,a55_59,55.0,59.0,False,False,総数,19.9
"内分泌,栄養及び代謝疾患",female,a55_59,55.0,59.0,False,False,病院,19.8
"内分泌,栄養及び代謝疾患",female,a55_59,55.0,59.0,False,False,一般診療所,26.5
甲状腺障害,total,a55_59,55.0,59.0,False,False,総数,11.9
甲状腺障害,total,a55_59,55.0,59.0,False,False,病院,11.9
甲状腺障害,male,a55_59,55.0,59.0,False,False,総数,10.2
甲状腺障害,male,a55_59,55.0,59.0,False,False,病院,10.2
甲状腺障害,female,a55_59,55.0,59.0,False,False,総数,12.3
甲状腺障害,female,a55_59,55.0,59.0,False,False,病院,12.3
糖尿病,total,a55_59,55.0,59.0,False,False,総数,22.7
糖尿病,total,a55_59,55.0,59.0,False,False,病院,22.2
糖尿病,total,a55_59,55.0,59.0,False,False,一般診療所,27.9
糖尿病,male,a55_59,55.0,59.0,False,False,総数,24.1
糖尿病,male,a55_59,55.0,59.0,False,False,病院,23.6
糖尿病,male,a55_59,55.0,59.0,False,False,一般診療所,27.9
糖尿病,female,a55_59,55.0,59.0,False,False,総数,19.8
糖尿病,female,a55_59,55.0,59.0,False,False,病院,19.7
糖尿病,female,a55_59,55.0,59.0,False,False,一般診療所,26.5
精神及び行動の障害,total,a55_59,55.0,59.0,False,False,総数,394.3
精神及び行動の障害,total,a55_59,55.0,59.0,False,False,病院,414.6
精神及び行動の障害,total,a55_59,55.0,59.0,False,False,一般診療所,10.3
精神及び行動の障害,male,a55_59,55.0,59.0,False,False,総数,468.9
精神及び行動の障害,male,a55_59,55.0,59.0,False,False,病院,494.3
精神及び行動の障害,male,a55_59,55.0,59.0,False,False,一般診療所,3.5
精神及び行動の障害,female,a55_59,55.0,59.0,False,False,総数,301.0
精神及び行動の障害,female,a55_59,55.0,59.0,False,False,病院,315.3
精神及び行動の障害,female,a55_59,55.0,59.0,False,False,一般診療所,19.4
"統合失調症,統合失調症型障害及び妄想性障害",total,a55_59,55.0,59.0,False,False,総数,654.7
"統合失調症,統合失調症型障害及び妄想性障害",total,a55_59,55.0,59.0,False,False,病院,654.7
"統合失調症,統合失調症型障害及び妄想性障害",male,a55_59,55.0,59.0,False,False,総数,830.5
"統合失調症,統合失調症型障害及び妄想性障害",male,a55_59,55.0,59.0,False,False,病院,830.5
"統合失調症,統合失調症型障害及び妄想性障害",female,a55_59,55.0,59.0,False,False,総数,460.1
"統合失調症,統合失調症型障害及び妄想性障害",female,a55_59,55.0,59.0,False,False,病院,460.1
気分[感情]障害(躁うつ病を含む),total,a55_59,55.0,59.0,False,False,総数,120.3
気分[感情]障害(躁うつ病を含む),total,a55_59,55.0,59.0,False,False,病院,128.0
気分[感情]障害(躁うつ病を含む),total,a55_59,55.0,59.0,False,False,一般診療所,12.0
気分[感情]障害(躁うつ病を含む),male,a55_59,55.0,59.0,False,False,総数,175.8
気分[感情]障害(躁うつ病を含む),male,a55_59,55.0,59.0,False,False,病院,188.3
気分[感情]障害(躁うつ病を含む),male,a55_59,55.0,59.0,False,False,一般診療所,1.3
気分[感情]障害(躁うつ病を含む),female,a55_59,55.0,59.0,False,False,総数,72.2
気分[感情]障害(躁うつ病を含む),female,a55_59,55.0,59.0,False,False,病院,75.8
気分[感情]障害(躁うつ病を含む),female,a55_59,55.0,59.0,False,False,一般診療所,21.3
"神経症性障害,ストレス関連障害及び身体表現性障害",total,a55_59,55.0,59.0,False,False,総数,36.8
"神経症性障害,ストレス関連障害及び身体表現性障害",total,a55_59,55.0,59.0,False,False,病院,42.3
"神経症性障害,ストレス関連障害及び身体表現性障害",total,a55_59,55.0,59.0,False,False,一般診療所,17.5
"神経症性障害,ストレス関連障害及び身体表現性障害",male,a55_59,55.0,59.0,False,False,総数,46.8
"神経症性障害,ストレス関連障害及び身体表現性障害",male,a55_59,55.0,59.0,False,False,病院,50.8
"神経症性障害,ストレス関連障害及び身体表現性障害",male,a55_59,55.0,59.0,False,False,一般診療所,14.0
"神経症性障害,ストレス関連障害及び身体表現性障害",female,a55_59,55.0,59.0,False,False,総数,32.9
"神経症性障害,ストレス関連障害及び身体表現性障害",female,a55_59,55.0,59.0,False,False,病院,38.4
"神経症性障害,ストレス関連障害及び身体表現性障害",female,a55_59,55.0,59.0,False,False,一般診療所,18.0
神経系の疾患,total,a55_59,55.0,59.0,False,False,総数,36.4
神経系の疾患,total,a55_59,55.0,59.0,False,False,病院,38.9
神経系の疾患,total,a55_59,55.0,59.0,False,False,一般診療所,7.4
神経系の疾患,male,a55_59,55.0,59.0,False,False,総数,30.2
神経系の疾患,male,a55_59,55.0,59.0,False,False,病院,33.2
神経系の疾患,male,a55_59,55.0,59.0,False,False,一般診療所,4.8
神経系の疾患,female,a55_59,55.0,59.0,False,False,総数,47.0
神経系の疾患,female,a55_59,55.0,59.0,False,False,病院,48.0
神経系の疾患,female,a55_59,55.0,59.0,False,False,一般診療所,20.0
眼及び付属器の疾患,total,a55_59,55.0,59.0,False,False,総数,7.1
眼及び付属器の疾患,total,a55_59,55.0,59.0,False,False,病院,7.4
眼及び付属器の疾患,total,a55_59,55.0,59.0,False,False,一般診療所,2.8
眼及び付属器の疾患,male,a55_59,55.0,59.0,False,False,総数,7.6
眼及び付属器の疾患,male,a55_59,55.0,59.0,False,False,病院,7.8
眼及び付属器の疾患,male,a55_59,55.0,59.0,False,False,一般診療所,3.0
眼及び付属器の疾患,female,a55_59,55.0,59.0,False,False,総数,6.5
眼及び付属器の疾患,female,a55_59,55.0,59.0,False,False,病院,6.9
眼及び付属器の疾患,female,a55_59,55.0,59.0,False,False,一般診療所,2.7
白内障,total,a55_59,55.0,59.0,False,False,総数,3.7
白内障,total,a55_59,55.0,59.0,False,False,病院,4.0
白内障,total,a55_59,55.0,59.0,False,False,一般診療所,1.8
白内障,male,a55_59,55.0,59.0,False,False,総数,3.7
白内障,male,a55_59,55.0,59.0,False,False,病院,3.8
白内障,male,a55_59,55.0,59.0,False,False,一般診療所,1.7
白内障,female,a55_59,55.0,59.0,False,False,総数,3.7
白内障,female,a55_59,55.0,59.0,False,False,病院,4.1
白内障,female,a55_59,55.0,59.0,False,False,一般診療所,1.8
耳及び乳様突起の疾患,total,a55_59,55.0,59.0,False,False,総数,18.3
耳及び乳様突起の疾患,total,a55_59,55.0,59.0,False,False,病院,19.4
耳及び乳様突起の疾患,total,a55_59,55.0,59.0,False,False,一般診療所,4.7
耳及び乳様突起の疾患,male,a55_59,55.0,59.0,False,False,総数,24.2
耳及び乳様突起の疾患,male,a55_59,55.0,59.0,False,False,病院,25.6
耳及び乳様突起の疾患,male,a55_59,55.0,59.0,False,False,一般診療所,3.0
耳及び乳様突起の疾患,female,a55_59,55.0,59.0,False,False,総数,15.0
耳及び乳様突起の疾患,female,a55_59,55.0,59.0,False,False,病院,16.0
耳及び乳様突起の疾患,female,a55_59,55.0,59.0,False,False,一般診療所,5.3
循環器系の疾患,total,a55_59,55.0,59.0,False,False,総数,26.1
循環器系の疾患,total,a55_59,55.0,59.0,False,False,病院,26.9
循環器系の疾患,total,a55_59,55.0,59.0,False,False,一般診療所,15.6
循環器系の疾患,male,a55_59,55.0,59.0,False,False,総数,27.1
循環器系の疾患,male,a55_59,55.0,59.0,False,False,病院,28.0
循環器系の疾患,male,a55_59,55.0,59.0,False,False,一般診療所,16.3
循環器系の疾患,female,a55_59,55.0,59.0,False,False,総数,23.6
循環器系の疾患,female,a55_59,55.0,59.0,False,False,病院,24.4
循環器系の疾患,female,a55_59,55.0,59.0,False,False,一般診療所,13.6
高血圧性疾患,total,a55_59,55.0,59.0,False,False,総数,31.1
高血圧性疾患,total,a55_59,55.0,59.0,False,False,病院,34.6
高血圧性疾患,total,a55_59,55.0,59.0,False,False,一般診療所,12.8
高血圧性疾患,male,a55_59,55.0,59.0,False,False,総数,12.7
高血圧性疾患,male,a55_59,55.0,59.0,False,False,病院,14.1
高血圧性疾患,male,a55_59,55.0,59.0,False,False,一般診療所,8.6
高血圧性疾患,female,a55_59,55.0,59.0,False,False,総数,44.4
高血圧性疾患,female,a55_59,55.0,59.0,False,False,病院,47.2
高血圧性疾患,female,a55_59,55.0,59.0,False,False,一般診療所,20.0
心疾患(高血圧性のものを除く),total,a55_59,55.0,59.0,False,False,総数,10.9
心疾患(高血圧性のものを除く),total,a55_59,55.0,59.0,False,False,病院,11.1
心疾患(高血圧性のものを除く),total,a55_59,55.0,59.0,False,False,一般診療所,3.0
心疾患(高血圧性のものを除く),male,a55_59,55.0,59.0,False,False,総数,11.1
心疾患(高血圧性のものを除く),male,a55_59,55.0,59.0,False,False,病院,11.2
心疾患(高血圧性のものを除く),male,a55_59,55.0,59.0,False,False,一般診療所,3.3
心疾患(高血圧性のものを除く),female,a55_59,55.0,59.0,False,False,総数,10.3
心疾患(高血圧性のものを除く),female,a55_59,55.0,59.0,False,False,病院,10.4
心疾患(高血圧性のものを除く),female,a55_59,55.0,59.0,False,False,一般診療所,1.4
虚血性心疾患,total,a55_59,55.0,59.0,False,False,総数,9.0
虚血性心疾患,total,a55_59,55.0,59.0,False,False,病院,9.2
虚血性心疾患,total,a55_59,55.0,59.0,False,False,一般診療所,3.0
虚血性心疾患,male,a55_59,55.0,59.0,False,False,総数,9.8
虚血性心疾患,male,a55_59,55.0,59.0,False,False,病院,10.0
虚血性心疾患,male,a55_59,55.0,59.0,False,False,一般診療所,3.3
虚血性心疾患,female,a55_59,55.0,59.0,False,False,総数,5.7
虚血性心疾患,female,a55_59,55.0,59.0,False,False,病院,5.8
虚血性心疾患,female,a55_59,55.0,59.0,False,False,一般診療所,1.0
脳血管疾患,total,a55_59,55.0,59.0,False,False,総数,57.7
脳血管疾患,total,a55_59,55.0,59.0,False,False,病院,59.1
脳血管疾患,total,a55_59,55.0,59.0,False,False,一般診療所,36.9
脳血管疾患,male,a55_59,55.0,59.0,False,False,総数,62.1
脳血管疾患,male,a55_59,55.0,59.0,False,False,病院,63.7
脳血管疾患,male,a55_59,55.0,59.0,False,False,一般診療所,39.2
脳血管疾患,female,a55_59,55.0,59.0,False,False,総数,47.6
脳血管疾患,female,a55_59,55.0,59.0,False,False,病院,48.4
脳血管疾患,female,a55_59,55.0,59.0,False,False,一般診療所,29.0
呼吸器系の疾患,total,a55_59,55.0,59.0,False,False,総数,16.2
呼吸器系の疾患,total,a55_59,55.0,59.0,False,False,病院,16.4
呼吸器系の疾患,total,a55_59,55.0,59.0,False,False,一般診療所,6.3
呼吸器系の疾患,male,a55_59,55.0,59.0,False,False,総数,16.9
呼吸器系の疾患,male,a55_59,55.0,59.0,False,False,病院,17.1
呼吸器系の疾患,male,a55_59,55.0,59.0,False,False,一般診療所,7.4
呼吸器系の疾患,female,a55_59,55.0,59.0,False,False,総数,14.9
呼吸器系の疾患,female,a55_59,55.0,59.0,False,False,病院,15.1
呼吸器系の疾患,female,a55_59,55.0,59.0,False,False,一般診療所,3.6
急性上気道感染症,total,a55_59,55.0,59.0,False,False,総数,8.0
急性上気道感染症,total,a55_59,55.0,59.0,False,False,病院,8.1
急性上気道感染症,total,a55_59,55.0,59.0,False,False,一般診療所,3.3
急性上気道感染症,male,a55_59,55.0,59.0,False,False,総数,8.7
急性上気道感染症,male,a55_59,55.0,59.0,False,False,病院,9.1
急性上気道感染症,male,a55_59,55.0,59.0,False,False,一般診療所,3.3
急性上気道感染症,female,a55_59,55.0,59.0,False,False,総数,7.1
急性上気道感染症,female,a55_59,55.0,59.0,False,False,病院,7.1
肺炎,total,a55_59,55.0,59.0,False,False,総数,19.6
肺炎,total,a55_59,55.0,59.0,False,False,病院,19.9
肺炎,total,a55_59,55.0,59.0,False,False,一般診療所,7.3
肺炎,male,a55_59,55.0,59.0,False,False,総数,20.7
肺炎,male,a55_59,55.0,59.0,False,False,病院,21.2
肺炎,male,a55_59,55.0,59.0,False,False,一般診療所,7.3
肺炎,female,a55_59,55.0,59.0,False,False,総数,17.6
肺炎,female,a55_59,55.0,59.0,False,False,病院,17.6
急性気管支炎及び急性細気管支炎,total,a55_59,55.0,59.0,False,False,総数,12.7
急性気管支炎及び急性細気管支炎,total,a55_59,55.0,59.0,False,False,病院,13.8
急性気管支炎及び急性細気管支炎,total,a55_59,55.0,59.0,False,False,一般診療所,6.3
急性気管支炎及び急性細気管支炎,male,a55_59,55.0,59.0,False,False,総数,10.8
急性気管支炎及び急性細気管支炎,male,a55_59,55.0,59.0,False,False,病院,10.8
急性気管支炎及び急性細気管支炎,male,a55_59,55.0,59.0,False,False,一般診療所,11.0
急性気管支炎及び急性細気管支炎,female,a55_59,55.0,59.0,False,False,総数,14.1
急性気管支炎及び急性細気管支炎,female,a55_59,55.0,59.0,False,False,病院,15.9
急性気管支炎及び急性細気管支炎,female,a55_59,55.0,59.0,False,False,一般診療所,3.0
気管支炎及び慢性閉塞性肺疾患,total,a55_59,55.0,59.0,False,False,総数,22.2
気管支炎及び慢性閉塞性肺疾患,total,a55_59,55.0,59.0,False,False,病院,22.7
気管支炎及び慢性閉塞性肺疾患,total,a55_59,55.0,59.0,False,False,一般診療所,9.0
気管支炎及び慢性閉塞性肺疾患,male,a55_59,55.0,59.0,False,False,総数,23.7
気管支炎及び慢性閉塞性肺疾患,male,a55_59,55.0,59.0,False,False,病院,23.7
気管支炎及び慢性閉塞性肺疾患,female,a55_59,55.0,59.0,False,False,総数,17.5
気管支炎及び慢性閉塞性肺疾患,female,a55_59,55.0,59.0,False,False,病院,18.9
気管支炎及び慢性閉塞性肺疾患,female,a55_59,55.0,59.0,False,False,一般診療所,9.0
喘息,total,a55_59,55.0,59.0,False,False,総数,8.7
喘息,total,a55_59,55.0,59.0,False,False,病院,8.7
喘息,total,a55_59,55.0,59.0,False,False,一般診療所,9.0
喘息,male,a55_59,55.0,59.0,False,False,総数,10.3
喘息,male,a55_59,55.0,59.0,False,False,病院,10.3
喘息,male,a55_59,55.0,59.0,False,False,一般診療所,9.0
喘息,female,a55_59,55.0,59.0,False,False,総数,6.9
喘息,female,a55_59,55.0,59.0,False,False,病院,6.9
消化器系の疾患,total,a55_59,55.0,59.0,False,False,総数,12.9
消化器系の疾患,total,a55_59,55.0,59.0,False,False,病院,13.2
消化器系の疾患,total,a55_59,55.0,59.0,False,False,一般診療所,9.9
消化器系の疾患,male,a55_59,55.0,59.0,False,False,総数,14.1
消化器系の疾患,male,a55_59,55.0,59.0,False,False,病院,14.3
消化器系の疾患,male,a55_59,55.0,59.0,False,False,一般診療所,11.9
消化器系の疾患,female,a55_59,55.0,59.0,False,False,総数,10.5
消化器系の疾患,female,a55_59,55.0,59.0,False,False,病院,10.9
消化器系の疾患,female,a55_59,55.0,59.0,False,False,一般診療所,5.6
う蝕,total,a55_59,55.0,59.0,False,False,総数,12.0
う蝕,total,a55_59,55.0,59.0,False,False,病院,12.0
う蝕,male,a55_59,55.0,59.0,False,False,総数,3.5
う蝕,male,a55_59,55.0,59.0,False,False,病院,3.5
う蝕,female,a55_59,55.0,59.0,False,False,総数,18.3
う蝕,female,a55_59,55.0,59.0,False,False,病院,18.3
歯肉炎及び歯周疾患,total,a55_59,55.0,59.0,False,False,総数,4.2
歯肉炎及び歯周疾患,total,a55_59,55.0,59.0,False,False,病院,4.2
歯肉炎及び歯周疾患,male,a55_59,55.0,59.0,False,False,総数,3.9
歯肉炎及び歯周疾患,male,a55_59,55.0,59.0,False,False,病院,3.9
歯肉炎及び歯周疾患,female,a55_59,55.0,59.0,False,False,総数,4.7
歯肉炎及び歯周疾患,female,a55_59,55.0,59.0,False,False,病院,4.7
胃潰瘍及び十二指腸潰瘍,total,a55_59,55.0,59.0,False,False,総数,12.3
胃潰瘍及び十二指腸潰瘍,total,a55_59,55.0,59.0,False,False,病院,12.3
胃潰瘍及び十二指腸潰瘍,total,a55_59,55.0,59.0,False,False,一般診療所,13.1
胃潰瘍及び十二指腸潰瘍,male,a55_59,55.0,59.0,False,False,総数,12.9
胃潰瘍及び十二指腸潰瘍,male,a55_59,55.0,59.0,False,False,病院,13.1
胃潰瘍及び十二指腸潰瘍,male,a55_59,55.0,59.0,False,False,一般診療所,9.2
胃潰瘍及び十二指腸潰瘍,female,a55_59,55.0,59.0,False,False,総数,10.5
胃潰瘍及び十二指腸潰瘍,female,a55_59,55.0,59.0,False,False,病院,9.6
胃潰瘍及び十二指腸潰瘍,female,a55_59,55.0,59.0,False,False,一般診療所,20.4
胃炎及び十二指腸炎,total,a55_59,55.0,59.0,False,False,総数,8.2
胃炎及び十二指腸炎,total,a55_59,55.0,59.0,False,False,病院,8.2
胃炎及び十二指腸炎,male,a55_59,55.0,59.0,False,False,総数,7.3
胃炎及び十二指腸炎,male,a55_59,55.0,59.0,False,False,病院,7.3
胃炎及び十二指腸炎,female,a55_59,55.0,59.0,False,False,総数,9.1
胃炎及び十二指腸炎,female,a55_59,55.0,59.0,False,False,病院,9.1
肝疾患,total,a55_59,55.0,59.0,False,False,総数,24.9
肝疾患,total,a55_59,55.0,59.0,False,False,病院,22.8
肝疾患,total,a55_59,55.0,59.0,False,False,一般診療所,49.3
肝疾患,male,a55_59,55.0,59.0,False,False,総数,25.6
肝疾患,male,a55_59,55.0,59.0,False,False,病院,22.5
肝疾患,male,a55_59,55.0,59.0,False,False,一般診療所,52.2
肝疾患,female,a55_59,55.0,59.0,False,False,総数,23.3
肝疾患,female,a55_59,55.0,59.0,False,False,病院,23.4
肝疾患,female,a55_59,55.0,59.0,False,False,一般診療所,19.0
皮膚及び皮下組織の疾患,total,a55_59,55.0,59.0,False,False,総数,20.1
皮膚及び皮下組織の疾患,total,a55_59,55.0,59.0,False,False,病院,20.3
皮膚及び皮下組織の疾患,total,a55_59,55.0,59.0,False,False,一般診療所,11.0
皮膚及び皮下組織の疾患,male,a55_59,55.0,59.0,False,False,総数,21.6
皮膚及び皮下組織の疾患,male,a55_59,55.0,59.0,False,False,病院,21.9
皮膚及び皮下組織の疾患,male,a55_59,55.0,59.0,False,False,一般診療所,6.6
皮膚及び皮下組織の疾患,female,a55_59,55.0,59.0,False,False,総数,17.9
皮膚及び皮下組織の疾患,female,a55_59,55.0,59.0,False,False,病院,18.1
皮膚及び皮下組織の疾患,female,a55_59,55.0,59.0,False,False,一般診療所,13.6
筋骨格系及び結合組織の疾患,total,a55_59,55.0,59.0,False,False,総数,29.9
筋骨格系及び結合組織の疾患,total,a55_59,55.0,59.0,False,False,病院,30.7
筋骨格系及び結合組織の疾患,total,a55_59,55.0,59.0,False,False,一般診療所,21.5
筋骨格系及び結合組織の疾患,male,a55_59,55.0,59.0,False,False,総数,36.0
筋骨格系及び結合組織の疾患,male,a55_59,55.0,59.0,False,False,病院,37.4
筋骨格系及び結合組織の疾患,male,a55_59,55.0,59.0,False,False,一般診療所,22.7
筋骨格系及び結合組織の疾患,female,a55_59,55.0,59.0,False,False,総数,25.0
筋骨格系及び結合組織の疾患,female,a55_59,55.0,59.0,False,False,病院,25.4
筋骨格系及び結合組織の疾患,female,a55_59,55.0,59.0,False,False,一般診療所,20.4
炎症性多発性関節障害,total,a55_59,55.0,59.0,False,False,総数,14.3
炎症性多発性関節障害,total,a55_59,55.0,59.0,False,False,病院,14.5
炎症性多発性関節障害,total,a55_59,55.0,59.0,False,False,一般診療所,7.3
炎症性多発性関節障害,male,a55_59,55.0,59.0,False,False,総数,12.6
炎症性多発性関節障害,male,a55_59,55.0,59.0,False,False,病院,12.6
炎症性多発性関節障害,female,a55_59,55.0,59.0,False,False,総数,14.7
炎症性多発性関節障害,female,a55_59,55.0,59.0,False,False,病院,15.0
炎症性多発性関節障害,female,a55_59,55.0,59.0,False,False,一般診療所,7.3
関節症,total,a55_59,55.0,59.0,False,False,総数,35.2
関節症,total,a55_59,55.0,59.0,False,False,病院,36.0
関節症,total,a55_59,55.0,59.0,False,False,一般診療所,25.0
関節症,male,a55_59,55.0,59.0,False,False,総数,30.1
関節症,male,a55_59,55.0,59.0,False,False,病院,28.8
関節症,male,a55_59,55.0,59.0,False,False,一般診療所,39.4
関節症,female,a55_59,55.0,59.0,False,False,総数,36.5
関節症,female,a55_59,55.0,59.0,False,False,病院,37.7
関節症,female,a55_59,55.0,59.0,False,False,一般診療所,17.8
脊柱障害,total,a55_59,55.0,59.0,False,False,総数,31.3
脊柱障害,total,a55_59,55.0,59.0,False,False,病院,32.6
脊柱障害,total,a55_59,55.0,59.0,False,False,一般診療所,23.0
脊柱障害,male,a55_59,55.0,59.0,False,False,総数,36.7
脊柱障害,male,a55_59,55.0,59.0,False,False,病院,39.1
脊柱障害,male,a55_59,55.0,59.0,False,False,一般診療所,20.7
脊柱障害,female,a55_59,55.0,59.0,False,False,総数,22.4
脊柱障害,female,a55_59,55.0,59.0,False,False,病院,21.7
脊柱障害,female,a55_59,55.0,59.0,False,False,一般診療所,27.1
骨の密度及び構造の障害,total,a55_59,55.0,59.0,False,False,総数,23.1
骨の密度及び構造の障害,total,a55_59,55.0,59.0,False,False,病院,23.1
骨の密度及び構造の障害,male,a55_59,55.0,59.0,False,False,総数,23.6
骨の密度及び構造の障害,male,a55_59,55.0,59.0,False,False,病院,23.6
骨の密度及び構造の障害,female,a55_59,55.0,59.0,False,False,総数,22.7
骨の密度及び構造の障害,female,a55_59,55.0,59.0,False,False,病院,22.7
腎尿路生殖器系の疾患,total,a55_59,55.0,59.0,False,False,総数,16.7
腎尿路生殖器系の疾患,total,a55_59,55.0,59.0,False,False,病院,17.5
腎尿路生殖器系の疾患,total,a55_59,55.0,59.0,False,False,一般診療所,8.5
腎尿路生殖器系の疾患,male,a55_59,55.0,59.0,False,False,総数,18.2
腎尿路生殖器系の疾患,male,a55_59,55.0,59.0,False,False,病院,19.6
腎尿路生殖器系の疾患,male,a55_59,55.0,59.0,False,False,一般診療所,6.2
腎尿路生殖器系の疾患,female,a55_59,55.0,59.0,False,False,総数,14.3
腎尿路生殖器系の疾患,female,a55_59,55.0,59.0,False,False,病院,14.3
腎尿路生殖器系の疾患,female,a55_59,55.0,59.0,False,False,一般診療所,14.6
"糸球体疾患,腎尿細管間質性疾患及び腎不全",total,a55_59,55.0,59.0,False,False,総数,29.0
"糸球体疾患,腎尿細管間質性疾患及び腎不全",total,a55_59,55.0,59.0,False,False,病院,31.0
"糸球体疾患,腎尿細管間質性疾患及び腎不全",total,a55_59,55.0,59.0,False,False,一般診療所,10.5
"糸球体疾患,腎尿細管間質性疾患及び腎不全",male,a55_59,55.0,59.0,False,False,総数,33.0
"糸球体疾患,腎尿細管間質性疾患及び腎不全",male,a55_59,55.0,59.0,False,False,病院,36.1
"糸球体疾患,腎尿細管間質性疾患及び腎不全",male,a55_59,55.0,59.0,False,False,一般診療所,5.6
"糸球体疾患,腎尿細管間質性疾患及び腎不全",female,a55_59,55.0,59.0,False,False,総数,23.0
"糸球体疾患,腎尿細管間質性疾患及び腎不全",female,a55_59,55.0,59.0,False,False,病院,23.4
"糸球体疾患,腎尿細管間質性疾患及び腎不全",female,a55_59,55.0,59.0,False,False,一般診療所,18.9
前立腺肥大(症),total,a55_59,55.0,59.0,False,False,総数,6.9
前立腺肥大(症),total,a55_59,55.0,59.0,False,False,病院,7.6
前立腺肥大(症),total,a55_59,55.0,59.0,False,False,一般診療所,2.4
前立腺肥大(症),male,a55_59,55.0,59.0,False,False,総数,6.9
前立腺肥大(症),male,a55_59,55.0,59.0,False,False,病院,7.6
前立腺肥大(症),male,a55_59,55.0,59.0,False,False,一般診療所,2.4
乳房及び女性生殖器の疾患,total,a55_59,55.0,59.0,False,False,総数,7.8
乳房及び女性生殖器の疾患,total,a55_59,55.0,59.0,False,False,病院,7.8
乳房及び女性生殖器の疾患,female,a55_59,55.0,59.0,False,False,総数,7.8
乳房及び女性生殖器の疾患,female,a55_59,55.0,59.0,False,False,病院,7.8
"先天奇形,変形及び染色体異常",total,a55_59,55.0,59.0,False,False,総数,19.9
"先天奇形,変形及び染色体異常",total,a55_59,55.0,59.0,False,False,病院,21.4
"先天奇形,変形及び染色体異常",total,a55_59,55.0,59.0,False,False,一般診療所,6.0
"先天奇形,変形及び染色体異常",male,a55_59,55.0,59.0,False,False,総数,28.2
"先天奇形,変形及び染色体異常",male,a55_59,55.0,59.0,False,False,病院,28.2
"先天奇形,変形及び染色体異常",female,a55_59,55.0,59.0,False,False,総数,11.0
"先天奇形,変形及び染色体異常",female,a55_59,55.0,59.0,False,False,病院,12.3
"先天奇形,変形及び染色体異常",female,a55_59,55.0,59.0,False,False,一般診療所,6.0
"症状,徴候及び異常臨床所見・異常検査所見で他に分類されないもの",total,a55_59,55.0,59.0,False,False,総数,15.9
"症状,徴候及び異常臨床所見・異常検査所見で他に分類されないもの",total,a55_59,55.0,59.0,False,False,病院,16.0
"症状,徴候及び異常臨床所見・異常検査所見で他に分類されないもの",total,a55_59,55.0,59.0,False,False,一般診療所,15.3
"症状,徴候及び異常臨床所見・異常検査所見で他に分類されないもの",male,a55_59,55.0,59.0,False,False,総数,13.6
"症状,徴候及び異常臨床所見・異常検査所見で他に分類されないもの",male,a55_59,55.0,59.0,False,False,病院,13.1
"症状,徴候及び異常臨床所見・異常検査所見で他に分類されないもの",male,a55_59,55.0,59.0,False,False,一般診療所,32.8
"症状,徴候及び異常臨床所見・異常検査所見で他に分類されないもの",female,a55_59,55.0,59.0,False,False,総数,18.1
"症状,徴候及び異常臨床所見・異常検査所見で他に分類されないもの",female,a55_59,55.0,59.0,False,False,病院,18.9
"症状,徴候及び異常臨床所見・異常検査所見で他に分類されないもの",female,a55_59,55.0,59.0,False,False,一般診療所,10.0
"損傷,中毒及びその他の外因の影響",total,a55_59,55.0,59.0,False,False,総数,27.9
"損傷,中毒及びその他の外因の影響",total,a55_59,55.0,59.0,False,False,病院,27.8
"損傷,中毒及びその他の外因の影響",total,a55_59,55.0,59.0,False,False,一般診療所,28.7
"損傷,中毒及びその他の外因の影響",male,a55_59,55.0,59.0,False,False,総数,32.6
"損傷,中毒及びその他の外因の影響",male,a55_59,55.0,59.0,False,False,病院,32.3
"損傷,中毒及びその他の外因の影響",male,a55_59,55.0,59.0,False,False,一般診療所,36.1
"損傷,中毒及びその他の外因の影響",female,a55_59,55.0,59.0,False,False,総数,21.6
"損傷,中毒及びその他の外因の影響",female,a55_59,55.0,59.0,False,False,病院,21.6
"損傷,中毒及びその他の外因の影響",female,a55_59,55.0,59.0,False,False,一般診療所,21.2
骨折,total,a55_59,55.0,59.0,False,False,総数,29.1
骨折,total,a55_59,55.0,59.0,False,False,病院,27.9
骨折,total,a55_59,55.0,59.0,False,False,一般診療所,45.2
骨折,male,a55_59,55.0,59.0,False,False,総数,32.0
骨折,male,a55_59,55.0,59.0,False,False,病院,29.9
骨折,male,a55_59,55.0,59.0,False,False,一般診療所,61.4
骨折,female,a55_59,55.0,59.0,False,False,総数,25.7
骨折,female,a55_59,55.0,59.0,False,False,病院,25.6
骨折,female,a55_59,55.0,59.0,False,False,一般診療所,27.6
健康状態に影響を及ぼす要因及び保健サービスの利用,total,a55_59,55.0,59.0,False,False,総数,4.6
健康状態に影響を及ぼす要因及び保健サービスの利用,total,a55_59,55.0,59.0,False,False,病院,4.5
健康状態に影響を及ぼす要因及び保健サービスの利用,total,a55_59,55.0,59.0,False,False,一般診療所,7.3
健康状態に影響を及ぼす要因及び保健サービスの利用,male,a55_59,55.0,59.0,False,False,総数,3.1
健康状態に影響を及ぼす要因及び保健サービスの利用,male,a55_59,55.0,59.0,False,False,病院,2.8
健康状態に影響を及ぼす要因及び保健サービスの利用,male,a55_59,55.0,59.0,False,False,一般診療所,7.3
健康状態に影響を及ぼす要因及び保健サービスの利用,female,a55_59,55.0,59.0,False,False,総数,8.0
健康状態に影響を及ぼす要因及び保健サービスの利用,female,a55_59,55.0,59.0,False,False,病院,8.0
歯の補てつ,total,a55_59,55.0,59.0,False,False,総数,4.0
歯の補てつ,total,a55_59,55.0,59.0,False,False,病院,4.0
歯の補てつ,male,a55_59,55.0,59.0,False,False,総数,3.3
歯の補てつ,male,a55_59,55.0,59.0,False,False,病院,3.3
歯の補てつ,female,a55_59,55.0,59.0,False,False,総数,5.0
歯の補てつ,female,a55_59,55.0,59.0,False,False,病院,5.0
総数,total,a60_64,60.0,64.0,False,False,総数,33.1
総数,total,a60_64,60.0,64.0,False,False,病院,34.5
総数,total,a60_64,60.0,64.0,False,False,一般診療所,12.0
総数,male,a60_64,60.0,64.0,False,False,総数,33.8
総数,male,a60_64,60.0,64.0,False,False,病院,35.0
総数,male,a60_64,60.0,64.0,False,False,一般診療所,12.2
総数,female,a60_64,60.0,64.0,False,False,総数,32.1
総数,female,a60_64,60.0,64.0,False,False,病院,33.7
総数,female,a60_64,60.0,64.0,False,False,一般診療所,11.7
感染症及び寄生虫症,total,a60_64,60.0,64.0,False,False,総数,26.5
感染症及び寄生虫症,total,a60_64,60.0,64.0,False,False,病院,27.4
感染症及び寄生虫症,total,a60_64,60.0,64.0,False,False,一般診療所,6.5
感染症及び寄生虫症,male,a60_64,60.0,64.0,False,False,総数,38.2
感染症及び寄生虫症,male,a60_64,60.0,64.0,False,False,病院,39.7
感染症及び寄生虫症,male,a60_64,60.0,64.0,False,False,一般診療所,6.2
感染症及び寄生虫症,female,a60_64,60.0,64.0,False,False,総数,13.2
感染症及び寄生虫症,female,a60_64,60.0,64.0,False,False,病院,13.5
感染症及び寄生虫症,female,a60_64,60.0,64.0,False,False,一般診療所,6.9
腸管感染症,total,a60_64,60.0,64.0,False,False,総数,8.6
腸管感染症,total,a60_64,60.0,64.0,False,False,病院,8.7
腸管感染症,total,a60_64,60.0,64.0,False,False,一般診療所,6.6
腸管感染症,male,a60_64,60.0,64.0,False,False,総数,9.1
腸管感染症,male,a60_64,60.0,64.0,False,False,病院,9.2
腸管感染症,male,a60_64,60.0,64.0,False,False,一般診療所,7.0
腸管感染症,female,a60_64,60.0,64.0,False,False,総数,8.3
腸管感染症,female,a60_64,60.0,64.0,False,False,病院,8.3
腸管感染症,female,a60_64,60.0,64.0,False,False,一般診療所,5.0
結核,total,a60_64,60.0,64.0,False,False,総数,52.7
結核,total,a60_64,60.0,64.0,False,False,病院,52.7
結核,male,a60_64,60.0,64.0,False,False,総数,57.9
結核,male,a60_64,60.0,64.0,False,False,病院,57.9
結核,female,a60_64,60.0,64.0,False,False,総数,32.8
結核,female,a60_64,60.0,64.0,False,False,病院,32.8
皮膚及び粘膜の病変を伴うウイルス疾患,total,a60_64,60.0,64.0,False,False,総数,8.8
皮膚及び粘膜の病変を伴うウイルス疾患,total,a60_64,60.0,64.0,False,False,病院,8.8
皮膚及び粘膜の病変を伴うウイルス疾患,total,a60_64,60.0,64.0,False,False,一般診療所,10.0
皮膚及び粘膜の病変を伴うウイルス疾患,male,a60_64,60.0,64.0,False,False,総数,9.5
皮膚及び粘膜の病変を伴うウイルス疾患,male,a60_64,60.0,64.0,False,False,病院,9.5
皮膚及び粘膜の病変を伴うウイルス疾患,female,a60_64,60.0,64.0,False,False,総数,8.3
皮膚及び粘膜の病変を伴うウイルス疾患,female,a60_64,60.0,64.0,False,False,病院,8.2
皮膚及び粘膜の病変を伴うウイルス疾患,female,a60_64,60.0,64.0,False,False,一般診療所,10.0
真菌症,total,a60_64,60.0,64.0,False,False,総数,35.1
真菌症,total,a60_64,60.0,64.0,False,False,病院,35.1
真菌症,male,a60_64,60.0,64.0,False,False,総数,50.5
真菌症,male,a60_64,60.0,64.0,False,False,病院,50.5
真菌症,female,a60_64,60.0,64.0,False,False,総数,12.8
真菌症,female,a60_64,60.0,64.0,False,False,病院,12.8
新生物,total,a60_64,60.0,64.0,False,False,総数,18.8
新生物,total,a60_64,60.0,64.0,False,False,病院,19.0
新生物,total,a60_64,60.0,64.0,False,False,一般診療所,8.5
新生物,male,a60_64,60.0,64.0,False,False,総数,19.7
新生物,male,a60_64,60.0,64.0,False,False,病院,20.0
新生物,male,a60_64,60.0,64.0,False,False,一般診療所,7.8
新生物,female,a60_64,60.0,64.0,False,False,総数,17.4
新生物,female,a60_64,60.0,64.0,False,False,病院,17.5
新生物,female,a60_64,60.0,64.0,False,False,一般診療所,9.8
悪性新生物,total,a60_64,60.0,64.0,False,False,総数,19.5
悪性新生物,total,a60_64,60.0,64.0,False,False,病院,19.6
悪性新生物,total,a60_64,60.0,64.0,False,False,一般診療所,10.4
悪性新生物,male,a60_64,60.0,64.0,False,False,総数,20.7
悪性新生物,male,a60_64,60.0,64.0,False,False,病院,20.9
悪性新生物,male,a60_64,60.0,64.0,False,False,一般診療所,9.2
悪性新生物,female,a60_64,60.0,64.0,False,False,総数,17.6
悪性新生物,female,a60_64,60.0,64.0,False,False,病院,17.7
悪性新生物,female,a60_64,60.0,64.0,False,False,一般診療所,12.7
胃の悪性新生物,total,a60_64,60.0,64.0,False,False,総数,23.6
胃の悪性新生物,total,a60_64,60.0,64.0,False,False,病院,23.3
胃の悪性新生物,total,a60_64,60.0,64.0,False,False,一般診療所,56.9
胃の悪性新生物,male,a60_64,60.0,64.0,False,False,総数,24.1
胃の悪性新生物,male,a60_64,60.0,64.0,False,False,病院,24.0
胃の悪性新生物,male,a60_64,60.0,64.0,False,False,一般診療所,46.0
胃の悪性新生物,female,a60_64,60.0,64.0,False,False,総数,21.9
胃の悪性新生物,female,a60_64,60.0,64.0,False,False,病院,20.8
胃の悪性新生物,female,a60_64,60.0,64.0,False,False,一般診療所,64.0
結腸及び直腸の悪性新生物,total,a60_64,60.0,64.0,False,False,総数,14.0
結腸及び直腸の悪性新生物,total,a60_64,60.0,64.0,False,False,病院,14.0
結腸及び直腸の悪性新生物,total,a60_64,60.0,64.0,False,False,一般診療所,4.8
結腸及び直腸の悪性新生物,male,a60_64,60.0,64.0,False,False,総数,14.3
結腸及び直腸の悪性新生物,male,a60_64,60.0,64.0,False,False,病院,14.3
結腸及び直腸の悪性新生物,female,a60_64,60.0,64.0,False,False,総数,13.4
結腸及び直腸の悪性新生物,female,a60_64,60.0,64.0,False,False,病院,13.6
結腸及び直腸の悪性新生物,female,a60_64,60.0,64.0,False,False,一般診療所,4.8
"気管,気管支及び肺の悪性新生物",total,a60_64,60.0,64.0,False,False,総数,23.8
"気管,気管支及び肺の悪性新生物",total,a60_64,60.0,64.0,False,False,病院,24.0
"気管,気管支及び肺の悪性新生物",total,a60_64,60.0,64.0,False,False,一般診療所,6.4
"気管,気管支及び肺の悪性新生物",male,a60_64,60.0,64.0,False,False,総数,24.6
"気管,気管支及び肺の悪性新生物",male,a60_64,60.0,64.0,False,False,病院,25.0
"気管,気管支及び肺の悪性新生物",male,a60_64,60.0,64.0,False,False,一般診療所,6.4
"気管,気管支及び肺の悪性新生物",female,a60_64,60.0,64.0,False,False,総数,21.5
"気管,気管支及び肺の悪性新生物",female,a60_64,60.0,64.0,False,False,病院,21.5
血液及び造血器の疾患並びに免疫機構の障害,total,a60_64,60.0,64.0,False,False,総数,35.4
血液及び造血器の疾患並びに免疫機構の障害,total,a60_64,60.0,64.0,False,False,病院,35.7
血液及び造血器の疾患並びに免疫機構の障害,total,a60_64,60.0,64.0,False,False,一般診療所,5.0
血液及び造血器の疾患並びに免疫機構の障害,male,a60_64,60.0,64.0,False,False,総数,49.2
血液及び造血器の疾患並びに免疫機構の障害,male,a60_64,60.0,64.0,False,False,病院,49.2
血液及び造血器の疾患並びに免疫機構の障害,female,a60_64,60.0,64.0,False,False,総数,18.4
血液及び造血器の疾患並びに免疫機構の障害,female,a60_64,60.0,64.0,False,False,病院,18.7
血液及び造血器の疾患並びに免疫機構の障害,female,a60_64,60.0,64.0,False,False,一般診療所,5.0
"内分泌,栄養及び代謝疾患",total,a60_64,60.0,64.0,False,False,総数,24.6
"内分泌,栄養及び代謝疾患",total,a60_64,60.0,64.0,False,False,病院,25.0
"内分泌,栄養及び代謝疾患",total,a60_64,60.0,64.0,False,False,一般診療所,16.6
"内分泌,栄養及び代謝疾患",male,a60_64,60.0,64.0,False,False,総数,25.8
"内分泌,栄養及び代謝疾患",male,a60_64,60.0,64.0,False,False,病院,26.3
"内分泌,栄養及び代謝疾患",male,a60_64,60.0,64.0,False,False,一般診療所,16.8
"内分泌,栄養及び代謝疾患",female,a60_64,60.0,64.0,False,False,総数,22.8
"内分泌,栄養及び代謝疾患",female,a60_64,60.0,64.0,False,False,病院,23.0
"内分泌,栄養及び代謝疾患",female,a60_64,60.0,64.0,False,False,一般診療所,15.8
甲状腺障害,total,a60_64,60.0,64.0,False,False,総数,14.4
甲状腺障害,total,a60_64,60.0,64.0,False,False,病院,16.3
甲状腺障害,total,a60_64,60.0,64.0,False,False,一般診療所,2.0
甲状腺障害,male,a60_64,60.0,64.0,False,False,総数,11.0
甲状腺障害,male,a60_64,60.0,64.0,False,False,病院,18.2
甲状腺障害,male,a60_64,60.0,64.0,False,False,一般診療所,2.0
甲状腺障害,female,a60_64,60.0,64.0,False,False,総数,15.8
甲状腺障害,female,a60_64,60.0,64.0,False,False,病院,15.8
糖尿病,total,a60_64,60.0,64.0,False,False,総数,24.7
糖尿病,total,a60_64,60.0,64.0,False,False,病院,24.6
糖尿病,total,a60_64,60.0,64.0,False,False,一般診療所,26.5
糖尿病,male,a60_64,60.0,64.0,False,False,総数,24.5
糖尿病,male,a60_64,60.0,64.0,False,False,病院,24.2
糖尿病,male,a60_64,60.0,64.0,False,False,一般診療所,33.1
糖尿病,female,a60_64,60.0,64.0,False,False,総数,25.0
糖尿病,female,a60_64,60.0,64.0,False,False,病院,25.3
糖尿病,female,a60_64,60.0,64.0,False,False,一般診療所,15.2
精神及び行動の障害,total,a60_64,60.0,64.0,False,False,総数,451.9
精神及び行動の障害,total,a60_64,60.0,64.0,False,False,病院,459.3
精神及び行動の障害,total,a60_64,60.0,64.0,False,False,一般診療所,61.7
精神及び行動の障害,male,a60_64,60.0,64.0,False,False,総数,513.3
精神及び行動の障害,male,a60_64,60.0,64.0,False,False,病院,519.7
精神及び行動の障害,male,a60_64,60.0,64.0,False,False,一般診療所,64.3
精神及び行動の障害,female,a60_64,60.0,64.0,False,False,総数,389.7
精神及び行動の障害,female,a60_64,60.0,64.0,False,False,病院,397.5
精神及び行動の障害,female,a60_64,60.0,64.0,False,False,一般診療所,60.0
"統合失調症,統合失調症型障害及び妄想性障害",total,a60_64,60.0,64.0,False,False,総数,790.8
"統合失調症,統合失調症型障害及び妄想性障害",total,a60_64,60.0,64.0,False,False,病院,795.7
"統合失調症,統合失調症型障害及び妄想性障害",total,a60_64,60.0,64.0,False,False,一般診療所,122.0
"統合失調症,統合失調症型障害及び妄想性障害",male,a60_64,60.0,64.0,False,False,総数,1008.5
"統合失調症,統合失調症型障害及び妄想性障害",male,a60_64,60.0,64.0,False,False,病院,1008.5
"統合失調症,統合失調症型障害及び妄想性障害",female,a60_64,60.0,64.0,False,False,総数,609.4
"統合失調症,統合失調症型障害及び妄想性障害",female,a60_64,60.0,64.0,False,False,病院,616.1
"統合失調症,統合失調症型障害及び妄想性障害",female,a60_64,60.0,64.0,False,False,一般診療所,122.0
気分[感情]障害(躁うつ病を含む),total,a60_64,60.0,64.0,False,False,総数,124.9
気分[感情]障害(躁うつ病を含む),total,a60_64,60.0,64.0,False,False,病院,126.7
気分[感情]障害(躁うつ病を含む),total,a60_64,60.0,64.0,False,False,一般診療所,73.9
気分[感情]障害(躁うつ病を含む),male,a60_64,60.0,64.0,False,False,総数,110.4
気分[感情]障害(躁うつ病を含む),male,a60_64,60.0,64.0,False,False,病院,112.1
気分[感情]障害(躁うつ病を含む),male,a60_64,60.0,64.0,False,False,一般診療所,80.7
気分[感情]障害(躁うつ病を含む),female,a60_64,60.0,64.0,False,False,総数,134.0
気分[感情]障害(躁うつ病を含む),female,a60_64,60.0,64.0,False,False,病院,135.5
気分[感情]障害(躁うつ病を含む),female,a60_64,60.0,64.0,False,False,一般診療所,62.0
"神経症性障害,ストレス関連障害及び身体表現性障害",total,a60_64,60.0,64.0,False,False,総数,39.5
"神経症性障害,ストレス関連障害及び身体表現性障害",total,a60_64,60.0,64.0,False,False,病院,39.5
"神経症性障害,ストレス関連障害及び身体表現性障害",male,a60_64,60.0,64.0,False,False,総数,57.9
"神経症性障害,ストレス関連障害及び身体表現性障害",male,a60_64,60.0,64.0,False,False,病院,57.9
"神経症性障害,ストレス関連障害及び身体表現性障害",female,a60_64,60.0,64.0,False,False,総数,31.4
"神経症性障害,ストレス関連障害及び身体表現性障害",female,a60_64,60.0,64.0,False,False,病院,31.4
神経系の疾患,total,a60_64,60.0,64.0,False,False,総数,41.3
神経系の疾患,total,a60_64,60.0,64.0,False,False,病院,43.0
神経系の疾患,total,a60_64,60.0,64.0,False,False,一般診療所,1.2
神経系の疾患,male,a60_64,60.0,64.0,False,False,総数,43.0
神経系の疾患,male,a60_64,60.0,64.0,False,False,病院,45.0
神経系の疾患,male,a60_64,60.0,64.0,False,False,一般診療所,1.3
神経系の疾患,female,a60_64,60.0,64.0,False,False,総数,38.7
神経系の疾患,female,a60_64,60.0,64.0,False,False,病院,39.9
神経系の疾患,female,a60_64,60.0,64.0,False,False,一般診療所,1.1
眼及び付属器の疾患,total,a60_64,60.0,64.0,False,False,総数,9.4
眼及び付属器の疾患,total,a60_64,60.0,64.0,False,False,病院,10.6
眼及び付属器の疾患,total,a60_64,60.0,64.0,False,False,一般診療所,2.8
眼及び付属器の疾患,male,a60_64,60.0,64.0,False,False,総数,6.9
眼及び付属器の疾患,male,a60_64,60.0,64.0,False,False,病院,7.4
眼及び付属器の疾患,male,a60_64,60.0,64.0,False,False,一般診療所,3.4
眼及び付属器の疾患,female,a60_64,60.0,64.0,False,False,総数,11.5
眼及び付属器の疾患,female,a60_64,60.0,64.0,False,False,病院,13.6
眼及び付属器の疾患,female,a60_64,60.0,64.0,False,False,一般診療所,2.5
白内障,total,a60_64,60.0,64.0,False,False,総数,8.8
白内障,total,a60_64,60.0,64.0,False,False,病院,10.8
白内障,total,a60_64,60.0,64.0,False,False,一般診療所,2.2
白内障,male,a60_64,60.0,64.0,False,False,総数,4.2
白内障,male,a60_64,60.0,64.0,False,False,病院,4.6
白内障,male,a60_64,60.0,64.0,False,False,一般診療所,2.2
白内障,female,a60_64,60.0,64.0,False,False,総数,12.3
白内障,female,a60_64,60.0,64.0,False,False,病院,15.8
白内障,female,a60_64,60.0,64.0,False,False,一般診療所,2.2
耳及び乳様突起の疾患,total,a60_64,60.0,64.0,False,False,総数,8.4
耳及び乳様突起の疾患,total,a60_64,60.0,64.0,False,False,病院,8.5
耳及び乳様突起の疾患,total,a60_64,60.0,64.0,False,False,一般診療所,7.1
耳及び乳様突起の疾患,male,a60_64,60.0,64.0,False,False,総数,8.9
耳及び乳様突起の疾患,male,a60_64,60.0,64.0,False,False,病院,9.0
耳及び乳様突起の疾患,male,a60_64,60.0,64.0,False,False,一般診療所,4.0
耳及び乳様突起の疾患,female,a60_64,60.0,64.0,False,False,総数,8.2
耳及び乳様突起の疾患,female,a60_64,60.0,64.0,False,False,病院,8.2
耳及び乳様突起の疾患,female,a60_64,60.0,64.0,False,False,一般診療所,8.1
循環器系の疾患,total,a60_64,60.0,64.0,False,False,総数,28.9
循環器系の疾患,total,a60_64,60.0,64.0,False,False,病院,30.4
循環器系の疾患,total,a60_64,60.0,64.0,False,False,一般診療所,10.8
循環器系の疾患,male,a60_64,60.0,64.0,False,False,総数,28.4
循環器系の疾患,male,a60_64,60.0,64.0,False,False,病院,29.4
循環器系の疾患,male,a60_64,60.0,64.0,False,False,一般診療所,13.8
循環器系の疾患,female,a60_64,60.0,64.0,False,False,総数,29.9
循環器系の疾患,female,a60_64,60.0,64.0,False,False,病院,32.8
循環器系の疾患,female,a60_64,60.0,64.0,False,False,一般診療所,7.4
高血圧性疾患,total,a60_64,60.0,64.0,False,False,総数,16.0
高血圧性疾患,total,a60_64,60.0,64.0,False,False,病院,16.1
高血圧性疾患,total,a60_64,60.0,64.0,False,False,一般診療所,14.2
高血圧性疾患,male,a60_64,60.0,64.0,False,False,総数,22.2
高血圧性疾患,male,a60_64,60.0,64.0,False,False,病院,22.4
高血圧性疾患,male,a60_64,60.0,64.0,False,False,一般診療所,21.0
高血圧性疾患,female,a60_64,60.0,64.0,False,False,総数,9.6
高血圧性疾患,female,a60_64,60.0,64.0,False,False,病院,10.1
高血圧性疾患,female,a60_64,60.0,64.0,False,False,一般診療所,1.0
心疾患(高血圧性のものを除く),total,a60_64,60.0,64.0,False,False,総数,12.5
心疾患(高血圧性のものを除く),total,a60_64,60.0,64.0,False,False,病院,12.9
心疾患(高血圧性のものを除く),total,a60_64,60.0,64.0,False,False,一般診療所,3.4
心疾患(高血圧性のものを除く),male,a60_64,60.0,64.0,False,False,総数,9.4
心疾患(高血圧性のものを除く),male,a60_64,60.0,64.0,False,False,病院,9.6
心疾患(高血圧性のものを除く),male,a60_64,60.0,64.0,False,False,一般診療所,3.4
心疾患(高血圧性のものを除く),female,a60_64,60.0,64.0,False,False,総数,21.5
心疾患(高血圧性のものを除く),female,a60_64,60.0,64.0,False,False,病院,22.2
心疾患(高血圧性のものを除く),female,a60_64,60.0,64.0,False,False,一般診療所,3.2
虚血性心疾患,total,a60_64,60.0,64.0,False,False,総数,6.7
虚血性心疾患,total,a60_64,60.0,64.0,False,False,病院,6.9
虚血性心疾患,total,a60_64,60.0,64.0,False,False,一般診療所,2.2
虚血性心疾患,male,a60_64,60.0,64.0,False,False,総数,6.7
虚血性心疾患,male,a60_64,60.0,64.0,False,False,病院,6.9
虚血性心疾患,male,a60_64,60.0,64.0,False,False,一般診療所,2.6
虚血性心疾患,female,a60_64,60.0,64.0,False,False,総数,6.7
虚血性心疾患,female,a60_64,60.0,64.0,False,False,病院,7.0
虚血性心疾患,female,a60_64,60.0,64.0,False,False,一般診療所,0.7
脳血管疾患,total,a60_64,60.0,64.0,False,False,総数,63.7
脳血管疾患,total,a60_64,60.0,64.0,False,False,病院,65.5
脳血管疾患,total,a60_64,60.0,64.0,False,False,一般診療所,31.2
脳血管疾患,male,a60_64,60.0,64.0,False,False,総数,66.8
脳血管疾患,male,a60_64,60.0,64.0,False,False,病院,68.6
脳血管疾患,male,a60_64,60.0,64.0,False,False,一般診療所,36.3
脳血管疾患,female,a60_64,60.0,64.0,False,False,総数,57.4
脳血管疾患,female,a60_64,60.0,64.0,False,False,病院,59.2
脳血管疾患,female,a60_64,60.0,64.0,False,False,一般診療所,17.9
呼吸器系の疾患,total,a60_64,60.0,64.0,False,False,総数,22.8
呼吸器系の疾患,total,a60_64,60.0,64.0,False,False,病院,23.6
呼吸器系の疾患,total,a60_64,60.0,64.0,False,False,一般診療所,7.3
呼吸器系の疾患,male,a60_64,60.0,64.0,False,False,総数,25.8
呼吸器系の疾患,male,a60_64,60.0,64.0,False,False,病院,26.7
呼吸器系の疾患,male,a60_64,60.0,64.0,False,False,一般診療所,8.1
呼吸器系の疾患,female,a60_64,60.0,64.0,False,False,総数,17.2
呼吸器系の疾患,female,a60_64,60.0,64.0,False,False,病院,17.6
呼吸器系の疾患,female,a60_64,60.0,64.0,False,False,一般診療所,5.5
急性上気道感染症,total,a60_64,60.0,64.0,False,False,総数,7.0
急性上気道感染症,total,a60_64,60.0,64.0,False,False,病院,7.0
急性上気道感染症,male,a60_64,60.0,64.0,False,False,総数,6.1
急性上気道感染症,male,a60_64,60.0,64.0,False,False,病院,6.1
急性上気道感染症,female,a60_64,60.0,64.0,False,False,総数,7.8
急性上気道感染症,female,a60_64,60.0,64.0,False,False,病院,7.8
肺炎,total,a60_64,60.0,64.0,False,False,総数,24.1
肺炎,total,a60_64,60.0,64.0,False,False,病院,24.8
肺炎,total,a60_64,60.0,64.0,False,False,一般診療所,7.0
肺炎,male,a60_64,60.0,64.0,False,False,総数,28.2
肺炎,male,a60_64,60.0,64.0,False,False,病院,28.6
肺炎,male,a60_64,60.0,64.0,False,False,一般診療所,7.3
肺炎,female,a60_64,60.0,64.0,False,False,総数,16.8
肺炎,female,a60_64,60.0,64.0,False,False,病院,17.6
肺炎,female,a60_64,60.0,64.0,False,False,一般診療所,6.8
急性気管支炎及び急性細気管支炎,total,a60_64,60.0,64.0,False,False,総数,9.6
急性気管支炎及び急性細気管支炎,total,a60_64,60.0,64.0,False,False,病院,9.6
急性気管支炎及び急性細気管支炎,male,a60_64,60.0,64.0,False,False,総数,9.6
急性気管支炎及び急性細気管支炎,male,a60_64,60.0,64.0,False,False,病院,9.6
急性気管支炎及び急性細気管支炎,female,a60_64,60.0,64.0,False,False,総数,9.7
急性気管支炎及び急性細気管支炎,female,a60_64,60.0,64.0,False,False,病院,9.7
気管支炎及び慢性閉塞性肺疾患,total,a60_64,60.0,64.0,False,False,総数,33.2
気管支炎及び慢性閉塞性肺疾患,total,a60_64,60.0,64.0,False,False,病院,33.2
気管支炎及び慢性閉塞性肺疾患,male,a60_64,60.0,64.0,False,False,総数,30.6
気管支炎及び慢性閉塞性肺疾患,male,a60_64,60.0,64.0,False,False,病院,30.6
気管支炎及び慢性閉塞性肺疾患,female,a60_64,60.0,64.0,False,False,総数,42.7
気管支炎及び慢性閉塞性肺疾患,female,a60_64,60.0,64.0,False,False,病院,42.7
喘息,total,a60_64,60.0,64.0,False,False,総数,16.7
喘息,total,a60_64,60.0,64.0,False,False,病院,16.8
喘息,total,a60_64,60.0,64.0,False,False,一般診療所,11.0
喘息,male,a60_64,60.0,64.0,False,False,総数,18.8
喘息,male,a60_64,60.0,64.0,False,False,病院,19.1
喘息,male,a60_64,60.0,64.0,False,False,一般診療所,11.0
喘息,female,a60_64,60.0,64.0,False,False,総数,14.1
喘息,female,a60_64,60.0,64.0,False,False,病院,14.1
消化器系の疾患,total,a60_64,60.0,64.0,False,False,総数,12.2
消化器系の疾患,total,a60_64,60.0,64.0,False,False,病院,13.0
消化器系の疾患,total,a60_64,60.0,64.0,False,False,一般診療所,5.5
消化器系の疾患,male,a60_64,60.0,64.0,False,False,総数,13.4
消化器系の疾患,male,a60_64,60.0,64.0,False,False,病院,14.0
消化器系の疾患,male,a60_64,60.0,64.0,False,False,一般診療所,6.1
消化器系の疾患,female,a60_64,60.0,64.0,False,False,総数,10.0
消化器系の疾患,female,a60_64,60.0,64.0,False,False,病院,10.9
消化器系の疾患,female,a60_64,60.0,64.0,False,False,一般診療所,4.9
う蝕,total,a60_64,60.0,64.0,False,False,総数,11.0
う蝕,total,a60_64,60.0,64.0,False,False,病院,11.0
う蝕,male,a60_64,60.0,64.0,False,False,総数,11.9
う蝕,male,a60_64,60.0,64.0,False,False,病院,11.9
う蝕,female,a60_64,60.0,64.0,False,False,総数,9.2
う蝕,female,a60_64,60.0,64.0,False,False,病院,9.2
歯肉炎及び歯周疾患,total,a60_64,60.0,64.0,False,False,総数,2.8
歯肉炎及び歯周疾患,total,a60_64,60.0,64.0,False,False,病院,2.8
歯肉炎及び歯周疾患,male,a60_64,60.0,64.0,False,False,総数,2.5
歯肉炎及び歯周疾患,male,a60_64,60.0,64.0,False,False,病院,2.5
歯肉炎及び歯周疾患,female,a60_64,60.0,64.0,False,False,総数,3.5
歯肉炎及び歯周疾患,female,a60_64,60.0,64.0,False,False,病院,3.5
胃潰瘍及び十二指腸潰瘍,total,a60_64,60.0,64.0,False,False,総数,27.9
胃潰瘍及び十二指腸潰瘍,total,a60_64,60.0,64.0,False,False,病院,28.5
胃潰瘍及び十二指腸潰瘍,total,a60_64,60.0,64.0,False,False,一般診療所,18.8
胃潰瘍及び十二指腸潰瘍,male,a60_64,60.0,64.0,False,False,総数,33.2
胃潰瘍及び十二指腸潰瘍,male,a60_64,60.0,64.0,False,False,病院,33.7
胃潰瘍及び十二指腸潰瘍,male,a60_64,60.0,64.0,False,False,一般診療所,15.5
胃潰瘍及び十二指腸潰瘍,female,a60_64,60.0,64.0,False,False,総数,14.2
胃潰瘍及び十二指腸潰瘍,female,a60_64,60.0,64.0,False,False,病院,13.2
胃潰瘍及び十二指腸潰瘍,female,a60_64,60.0,64.0,False,False,一般診療所,20.3
胃炎及び十二指腸炎,total,a60_64,60.0,64.0,False,False,総数,8.7
胃炎及び十二指腸炎,total,a60_64,60.0,64.0,False,False,病院,8.7
胃炎及び十二指腸炎,male,a60_64,60.0,64.0,False,False,総数,7.3
胃炎及び十二指腸炎,male,a60_64,60.0,64.0,False,False,病院,7.3
胃炎及び十二指腸炎,female,a60_64,60.0,64.0,False,False,総数,10.1
胃炎及び十二指腸炎,female,a60_64,60.0,64.0,False,False,病院,10.1
肝疾患,total,a60_64,60.0,64.0,False,False,総数,24.1
肝疾患,total,a60_64,60.0,64.0,False,False,病院,23.9
肝疾患,total,a60_64,60.0,64.0,False,False,一般診療所,27.4
肝疾患,male,a60_64,60.0,64.0,False,False,総数,25.2
肝疾患,male,a60_64,60.0,64.0,False,False,病院,25.1
肝疾患,male,a60_64,60.0,64.0,False,False,一般診療所,27.7
肝疾患,female,a60_64,60.0,64.0,False,False,総数,21.7
肝疾患,female,a60_64,60.0,64.0,False,False,病院,21.6
肝疾患,female,a60_64,60.0,64.0,False,False,一般診療所,26.0
皮膚及び皮下組織の疾患,total,a60_64,60.0,64.0,False,False,総数,25.8
皮膚及び皮下組織の疾患,total,a60_64,60.0,64.0,False,False,病院,26.0
皮膚及び皮下組織の疾患,total,a60_64,60.0,64.0,False,False,一般診療所,22.5
皮膚及び皮下組織の疾患,male,a60_64,60.0,64.0,False,False,総数,29.2
皮膚及び皮下組織の疾患,male,a60_64,60.0,64.0,False,False,病院,29.6
皮膚及び皮下組織の疾患,male,a60_64,60.0,64.0,False,False,一般診療所,21.5
皮膚及び皮下組織の疾患,female,a60_64,60.0,64.0,False,False,総数,20.0
皮膚及び皮下組織の疾患,female,a60_64,60.0,64.0,False,False,病院,19.9
皮膚及び皮下組織の疾患,female,a60_64,60.0,64.0,False,False,一般診療所,25.0
筋骨格系及び結合組織の疾患,total,a60_64,60.0,64.0,False,False,総数,28.0
筋骨格系及び結合組織の疾患,total,a60_64,60.0,64.0,False,False,病院,28.8
筋骨格系及び結合組織の疾患,total,a60_64,60.0,64.0,False,False,一般診療所,20.4
筋骨格系及び結合組織の疾患,male,a60_64,60.0,64.0,False,False,総数,31.7
筋骨格系及び結合組織の疾患,male,a60_64,60.0,64.0,False,False,病院,33.1
筋骨格系及び結合組織の疾患,male,a60_64,60.0,64.0,False,False,一般診療所,19.6
筋骨格系及び結合組織の疾患,female,a60_64,60.0,64.0,False,False,総数,24.9
筋骨格系及び結合組織の疾患,female,a60_64,60.0,64.0,False,False,病院,25.3
筋骨格系及び結合組織の疾患,female,a60_64,60.0,64.0,False,False,一般診療所,21.2
炎症性多発性関節障害,total,a60_64,60.0,64.0,False,False,総数,18.9
炎症性多発性関節障害,total,a60_64,60.0,64.0,False,False,病院,18.9
炎症性多発性関節障害,total,a60_64,60.0,64.0,False,False,一般診療所,18.6
炎症性多発性関節障害,male,a60_64,60.0,64.0,False,False,総数,22.5
炎症性多発性関節障害,male,a60_64,60.0,64.0,False,False,病院,23.9
炎症性多発性関節障害,male,a60_64,60.0,64.0,False,False,一般診療所,11.8
炎症性多発性関節障害,female,a60_64,60.0,64.0,False,False,総数,17.8
炎症性多発性関節障害,female,a60_64,60.0,64.0,False,False,病院,17.5
炎症性多発性関節障害,female,a60_64,60.0,64.0,False,False,一般診療所,22.0
関節症,total,a60_64,60.0,64.0,False,False,総数,28.9
関節症,total,a60_64,60.0,64.0,False,False,病院,30.5
関節症,total,a60_64,60.0,64.0,False,False,一般診療所,13.2
関節症,male,a60_64,60.0,64.0,False,False,総数,28.1
関節症,male,a60_64,60.0,64.0,False,False,病院,30.2
関節症,male,a60_64,60.0,64.0,False,False,一般診療所,6.5
関節症,female,a60_64,60.0,64.0,False,False,総数,29.1
関節症,female,a60_64,60.0,64.0,False,False,病院,30.6
関節症,female,a60_64,60.0,64.0,False,False,一般診療所,14.9
脊柱障害,total,a60_64,60.0,64.0,False,False,総数,30.0
脊柱障害,total,a60_64,60.0,64.0,False,False,病院,29.9
脊柱障害,total,a60_64,60.0,64.0,False,False,一般診療所,31.3
脊柱障害,male,a60_64,60.0,64.0,False,False,総数,33.9
脊柱障害,male,a60_64,60.0,64.0,False,False,病院,34.5
脊柱障害,male,a60_64,60.0,64.0,False,False,一般診療所,28.9
脊柱障害,female,a60_64,60.0,64.0,False,False,総数,23.2
脊柱障害,female,a60_64,60.0,64.0,False,False,病院,21.8
脊柱障害,female,a60_64,60.0,64.0,False,False,一般診療所,35.5
骨の密度及び構造の障害,total,a60_64,60.0,64.0,False,False,総数,44.9
骨の密度及び構造の障害,total,a60_64,60.0,64.0,False,False,病院,44.9
骨の密度及び構造の障害,male,a60_64,60.0,64.0,False,False,総数,25.5
骨の密度及び構造の障害,male,a60_64,60.0,64.0,False,False,病院,25.5
骨の密度及び構造の障害,female,a60_64,60.0,64.0,False,False,総数,64.9
骨の密度及び構造の障害,female,a60_64,60.0,64.0,False,False,病院,64.9
腎尿路生殖器系の疾患,total,a60_64,60.0,64.0,False,False,総数,18.5
腎尿路生殖器系の疾患,total,a60_64,60.0,64.0,False,False,病院,19.5
腎尿路生殖器系の疾患,total,a60_64,60.0,64.0,False,False,一般診療所,7.7
腎尿路生殖器系の疾患,male,a60_64,60.0,64.0,False,False,総数,17.3
腎尿路生殖器系の疾患,male,a60_64,60.0,64.0,False,False,病院,18.6
腎尿路生殖器系の疾患,male,a60_64,60.0,64.0,False,False,一般診療所,4.5
腎尿路生殖器系の疾患,female,a60_64,60.0,64.0,False,False,総数,20.5
腎尿路生殖器系の疾患,female,a60_64,60.0,64.0,False,False,病院,21.0
腎尿路生殖器系の疾患,female,a60_64,60.0,64.0,False,False,一般診療所,13.7
"糸球体疾患,腎尿細管間質性疾患及び腎不全",total,a60_64,60.0,64.0,False,False,総数,32.1
"糸球体疾患,腎尿細管間質性疾患及び腎不全",total,a60_64,60.0,64.0,False,False,病院,33.8
"糸球体疾患,腎尿細管間質性疾患及び腎不全",total,a60_64,60.0,64.0,False,False,一般診療所,10.8
"糸球体疾患,腎尿細管間質性疾患及び腎不全",male,a60_64,60.0,64.0,False,False,総数,31.1
"糸球体疾患,腎尿細管間質性疾患及び腎不全",male,a60_64,60.0,64.0,False,False,病院,32.9
"糸球体疾患,腎尿細管間質性疾患及び腎不全",male,a60_64,60.0,64.0,False,False,一般診療所,3.5
"糸球体疾患,腎尿細管間質性疾患及び腎不全",female,a60_64,60.0,64.0,False,False,総数,33.5
"糸球体疾患,腎尿細管間質性疾患及び腎不全",female,a60_64,60.0,64.0,False,False,病院,35.1
"糸球体疾患,腎尿細管間質性疾患及び腎不全",female,a60_64,60.0,64.0,False,False,一般診療所,17.8
前立腺肥大(症),total,a60_64,60.0,64.0,False,False,総数,6.7
前立腺肥大(症),total,a60_64,60.0,64.0,False,False,病院,7.2
前立腺肥大(症),total,a60_64,60.0,64.0,False,False,一般診療所,4.6
前立腺肥大(症),male,a60_64,60.0,64.0,False,False,総数,6.7
前立腺肥大(症),male,a60_64,60.0,64.0,False,False,病院,7.2
前立腺肥大(症),male,a60_64,60.0,64.0,False,False,一般診療所,4.6
乳房及び女性生殖器の疾患,total,a60_64,60.0,64.0,False,False,総数,9.1
乳房及び女性生殖器の疾患,total,a60_64,60.0,64.0,False,False,病院,9.1
乳房及び女性生殖器の疾患,total,a60_64,60.0,64.0,False,False,一般診療所,9.0
乳房及び女性生殖器の疾患,male,a60_64,60.0,64.0,False,False,総数,5.8
乳房及び女性生殖器の疾患,male,a60_64,60.0,64.0,False,False,病院,5.8
乳房及び女性生殖器の疾患,female,a60_64,60.0,64.0,False,False,総数,9.1
乳房及び女性生殖器の疾患,female,a60_64,60.0,64.0,False,False,病院,9.1
乳房及び女性生殖器の疾患,female,a60_64,60.0,64.0,False,False,一般診療所,9.0
"先天奇形,変形及び染色体異常",total,a60_64,60.0,64.0,False,False,総数,23.3
"先天奇形,変形及び染色体異常",total,a60_64,60.0,64.0,False,False,病院,18.0
"先天奇形,変形及び染色体異常",total,a60_64,60.0,64.0,False,False,一般診療所,145.0
"先天奇形,変形及び染色体異常",male,a60_64,60.0,64.0,False,False,総数,14.6
"先天奇形,変形及び染色体異常",male,a60_64,60.0,64.0,False,False,病院,14.6
"先天奇形,変形及び染色体異常",female,a60_64,60.0,64.0,False,False,総数,31.0
"先天奇形,変形及び染色体異常",female,a60_64,60.0,64.0,False,False,病院,21.3
"先天奇形,変形及び染色体異常",female,a60_64,60.0,64.0,False,False,一般診療所,145.0
"症状,徴候及び異常臨床所見・異常検査所見で他に分類されないもの",total,a60_64,60.0,64.0,False,False,総数,15.6
"症状,徴候及び異常臨床所見・異常検査所見で他に分類されないもの",total,a60_64,60.0,64.0,False,False,病院,16.2
"症状,徴候及び異常臨床所見・異常検査所見で他に分類されないもの",total,a60_64,60.0,64.0,False,False,一般診療所,4.9
"症状,徴候及び異常臨床所見・異常検査所見で他に分類されないもの",male,a60_64,60.0,64.0,False,False,総数,16.8
"症状,徴候及び異常臨床所見・異常検査所見で他に分類されないもの",male,a60_64,60.0,64.0,False,False,病院,17.1
"症状,徴候及び異常臨床所見・異常検査所見で他に分類されないもの",male,a60_64,60.0,64.0,False,False,一般診療所,3.6
"症状,徴候及び異常臨床所見・異常検査所見で他に分類されないもの",female,a60_64,60.0,64.0,False,False,総数,14.4
"症状,徴候及び異常臨床所見・異常検査所見で他に分類されないもの",female,a60_64,60.0,64.0,False,False,病院,15.4
"症状,徴候及び異常臨床所見・異常検査所見で他に分類されないもの",female,a60_64,60.0,64.0,False,False,一般診療所,5.2
"損傷,中毒及びその他の外因の影響",total,a60_64,60.0,64.0,False,False,総数,32.3
"損傷,中毒及びその他の外因の影響",total,a60_64,60.0,64.0,False,False,病院,31.8
"損傷,中毒及びその他の外因の影響",total,a60_64,60.0,64.0,False,False,一般診療所,37.0
"損傷,中毒及びその他の外因の影響",male,a60_64,60.0,64.0,False,False,総数,34.6
"損傷,中毒及びその他の外因の影響",male,a60_64,60.0,64.0,False,False,病院,34.1
"損傷,中毒及びその他の外因の影響",male,a60_64,60.0,64.0,False,False,一般診療所,40.8
"損傷,中毒及びその他の外因の影響",female,a60_64,60.0,64.0,False,False,総数,29.7
"損傷,中毒及びその他の外因の影響",female,a60_64,60.0,64.0,False,False,病院,29.2
"損傷,中毒及びその他の外因の影響",female,a60_64,60.0,64.0,False,False,一般診療所,33.9
骨折,total,a60_64,60.0,64.0,False,False,総数,35.7
骨折,total,a60_64,60.0,64.0,False,False,病院,35.9
骨折,total,a60_64,60.0,64.0,False,False,一般診療所,33.7
骨折,male,a60_64,60.0,64.0,False,False,総数,36.0
骨折,male,a60_64,60.0,64.0,False,False,病院,36.8
骨折,male,a60_64,60.0,64.0,False,False,一般診療所,27.6
骨折,female,a60_64,60.0,64.0,False,False,総数,35.5
骨折,female,a60_64,60.0,64.0,False,False,病院,35.2
骨折,female,a60_64,60.0,64.0,False,False,一般診療所,38.3
健康状態に影響を及ぼす要因及び保健サービスの利用,total,a60_64,60.0,64.0,False,False,総数,5.9
健康状態に影響を及ぼす要因及び保健サービスの利用,total,a60_64,60.0,64.0,False,False,病院,5.7
健康状態に影響を及ぼす要因及び保健サービスの利用,total,a60_64,60.0,64.0,False,False,一般診療所,15.5
健康状態に影響を及ぼす要因及び保健サービスの利用,male,a60_64,60.0,64.0,False,False,総数,5.6
健康状態に影響を及ぼす要因及び保健サービスの利用,male,a60_64,60.0,64.0,False,False,病院,5.5
健康状態に影響を及ぼす要因及び保健サービスの利用,male,a60_64,60.0,64.0,False,False,一般診療所,8.1
健康状態に影響を及ぼす要因及び保健サービスの利用,female,a60_64,60.0,64.0,False,False,総数,6.5
健康状態に影響を及ぼす要因及び保健サービスの利用,female,a60_64,60.0,64.0,False,False,病院,6.0
健康状態に影響を及ぼす要因及び保健サービスの利用,female,a60_64,60.0,64.0,False,False,一般診療所,56.0
歯の補てつ,total,a60_64,60.0,64.0,False,False,総数,2.5
歯の補てつ,total,a60_64,60.0,64.0,False,False,病院,2.5
歯の補てつ,male,a60_64,60.0,64.0,False,False,総数,2.1
歯の補てつ,male,a60_64,60.0,64.0,False,False,病院,2.1
歯の補てつ,female,a60_64,60.0,64.0,False,False,総数,2.8
歯の補てつ,female,a60_64,60.0,64.0,False,False,病院,2.8
総数,total,a65_69,65.0,69.0,False,False,総数,36.0
総数,total,a65_69,65.0,69.0,False,False,病院,37.3
総数,total,a65_69,65.0,69.0,False,False,一般診療所,14.6
総数,male,a65_69,65.0,69.0,False,False,総数,35.7
総数,male,a65_69,65.0,69.0,False,False,病院,36.7
総数,male,a65_69,65.0,69.0,False,False,一般診療所,18.2
総数,female,a65_69,65.0,69.0,False,False,総数,36.3
総数,female,a65_69,65.0,69.0,False,False,病院,38.3
総数,female,a65_69,65.0,69.0,False,False,一般診療所,10.8
感染症及び寄生虫症,total,a65_69,65.0,69.0,False,False,総数,24.2
感染症及び寄生虫症,total,a65_69,65.0,69.0,False,False,病院,24.8
感染症及び寄生虫症,total,a65_69,65.0,69.0,False,False,一般診療所,10.1
感染症及び寄生虫症,male,a65_69,65.0,69.0,False,False,総数,27.5
感染症及び寄生虫症,male,a65_69,65.0,69.0,False,False,病院,27.8
感染症及び寄生虫症,male,a65_69,65.0,69.0,False,False,一般診療所,14.0
感染症及び寄生虫症,female,a65_69,65.0,69.0,False,False,総数,21.1
感染症及び寄生虫症,female,a65_69,65.0,69.0,False,False,病院,21.8
感染症及び寄生虫症,female,a65_69,65.0,69.0,False,False,一般診療所,9.1
腸管感染症,total,a65_69,65.0,69.0,False,False,総数,9.9
腸管感染症,total,a65_69,65.0,69.0,False,False,病院,9.8
腸管感染症,total,a65_69,65.0,69.0,False,False,一般診療所,14.5
腸管感染症,male,a65_69,65.0,69.0,False,False,総数,9.1
腸管感染症,male,a65_69,65.0,69.0,False,False,病院,9.1
腸管感染症,male,a65_69,65.0,69.0,False,False,一般診療所,9.3
腸管感染症,female,a65_69,65.0,69.0,False,False,総数,10.5
腸管感染症,female,a65_69,65.0,69.0,False,False,病院,10.3
腸管感染症,female,a65_69,65.0,69.0,False,False,一般診療所,20.0
結核,total,a65_69,65.0,69.0,False,False,総数,69.1
結核,total,a65_69,65.0,69.0,False,False,病院,69.1
結核,male,a65_69,65.0,69.0,False,False,総数,82.7
結核,male,a65_69,65.0,69.0,False,False,病院,82.7
結核,female,a65_69,65.0,69.0,False,False,総数,23.4
結核,female,a65_69,65.0,69.0,False,False,病院,23.4
皮膚及び粘膜の病変を伴うウイルス疾患,total,a65_69,65.0,69.0,False,False,総数,10.1
皮膚及び粘膜の病変を伴うウイルス疾患,total,a65_69,65.0,69.0,False,False,病院,10.6
皮膚及び粘膜の病変を伴うウイルス疾患,total,a65_69,65.0,69.0,False,False,一般診療所,5.9
皮膚及び粘膜の病変を伴うウイルス疾患,male,a65_69,65.0,69.0,False,False,総数,11.4
皮膚及び粘膜の病変を伴うウイルス疾患,male,a65_69,65.0,69.0,False,False,病院,11.4
皮膚及び粘膜の病変を伴うウイルス疾患,female,a65_69,65.0,69.0,False,False,総数,9.3
皮膚及び粘膜の病変を伴うウイルス疾患,female,a65_69,65.0,69.0,False,False,病院,9.9
皮膚及び粘膜の病変を伴うウイルス疾患,female,a65_69,65.0,69.0,False,False,一般診療所,5.9
真菌症,total,a65_69,65.0,69.0,False,False,総数,29.2
真菌症,total,a65_69,65.0,69.0,False,False,病院,29.2
真菌症,male,a65_69,65.0,69.0,False,False,総数,31.9
真菌症,male,a65_69,65.0,69.0,False,False,病院,31.9
真菌症,female,a65_69,65.0,69.0,False,False,総数,24.1
真菌症,female,a65_69,65.0,69.0,False,False,病院,24.1
新生物,total,a65_69,65.0,69.0,False,False,総数,20.1
新生物,total,a65_69,65.0,69.0,False,False,病院,20.2
新生物,total,a65_69,65.0,69.0,False,False,一般診療所,13.3
新生物,male,a65_69,65.0,69.0,False,False,総数,20.2
新生物,male,a65_69,65.0,69.0,False,False,病院,20.5
新生物,male,a65_69,65.0,69.0,False,False,一般診療所,11.1
新生物,female,a65_69,65.0,69.0,False,False,総数,19.9
新生物,female,a65_69,65.0,69.0,False,False,病院,19.9
新生物,female,a65_69,65.0,69.0,False,False,一般診療所,18.5
悪性新生物,total,a65_69,65.0,69.0,False,False,総数,20.8
悪性新生物,total,a65_69,65.0,69.0,False,False,病院,20.9
悪性新生物,total,a65_69,65.0,69.0,False,False,一般診療所,14.2
悪性新生物,male,a65_69,65.0,69.0,False,False,総数,20.8
悪性新生物,male,a65_69,65.0,69.0,False,False,病院,21.1
悪性新生物,male,a65_69,65.0,69.0,False,False,一般診療所,10.0
悪性新生物,female,a65_69,65.0,69.0,False,False,総数,20.7
悪性新生物,female,a65_69,65.0,69.0,False,False,病院,20.6
悪性新生物,female,a65_69,65.0,69.0,False,False,一般診療所,25.5
胃の悪性新生物,total,a65_69,65.0,69.0,False,False,総数,20.3
胃の悪性新生物,total,a65_69,65.0,69.0,False,False,病院,20.3
胃の悪性新生物,total,a65_69,65.0,69.0,False,False,一般診療所,41.0
胃の悪性新生物,male,a65_69,65.0,69.0,False,False,総数,20.0
胃の悪性新生物,male,a65_69,65.0,69.0,False,False,病院,19.9
胃の悪性新生物,male,a65_69,65.0,69.0,False,False,一般診療所,41.0
胃の悪性新生物,female,a65_69,65.0,69.0,False,False,総数,21.2
胃の悪性新生物,female,a65_69,65.0,69.0,False,False,病院,21.2
結腸及び直腸の悪性新生物,total,a65_69,65.0,69.0,False,False,総数,16.3
結腸及び直腸の悪性新生物,total,a65_69,65.0,69.0,False,False,病院,16.4
結腸及び直腸の悪性新生物,total,a65_69,65.0,69.0,False,False,一般診療所,10.5
結腸及び直腸の悪性新生物,male,a65_69,65.0,69.0,False,False,総数,16.6
結腸及び直腸の悪性新生物,male,a65_69,65.0,69.0,False,False,病院,16.7
結腸及び直腸の悪性新生物,male,a65_69,65.0,69.0,False,False,一般診療所,6.1
結腸及び直腸の悪性新生物,female,a65_69,65.0,69.0,False,False,総数,15.7
結腸及び直腸の悪性新生物,female,a65_69,65.0,69.0,False,False,病院,15.7
結腸及び直腸の悪性新生物,female,a65_69,65.0,69.0,False,False,一般診療所,16.7
"気管,気管支及び肺の悪性新生物",total,a65_69,65.0,69.0,False,False,総数,24.4
"気管,気管支及び肺の悪性新生物",total,a65_69,65.0,69.0,False,False,病院,24.4
"気管,気管支及び肺の悪性新生物",total,a65_69,65.0,69.0,False,False,一般診療所,16.0
"気管,気管支及び肺の悪性新生物",male,a65_69,65.0,69.0,False,False,総数,26.0
"気管,気管支及び肺の悪性新生物",male,a65_69,65.0,69.0,False,False,病院,26.0
"気管,気管支及び肺の悪性新生物",male,a65_69,65.0,69.0,False,False,一般診療所,16.0
"気管,気管支及び肺の悪性新生物",female,a65_69,65.0,69.0,False,False,総数,20.6
"気管,気管支及び肺の悪性新生物",female,a65_69,65.0,69.0,False,False,病院,20.6
血液及び造血器の疾患並びに免疫機構の障害,total,a65_69,65.0,69.0,False,False,総数,22.8
血液及び造血器の疾患並びに免疫機構の障害,total,a65_69,65.0,69.0,False,False,病院,22.8
血液及び造血器の疾患並びに免疫機構の障害,male,a65_69,65.0,69.0,False,False,総数,23.2
血液及び造血器の疾患並びに免疫機構の障害,male,a65_69,65.0,69.0,False,False,病院,23.2
血液及び造血器の疾患並びに免疫機構の障害,female,a65_69,65.0,69.0,False,False,総数,22.4
血液及び造血器の疾患並びに免疫機構の障害,female,a65_69,65.0,69.0,False,False,病院,22.4
"内分泌,栄養及び代謝疾患",total,a65_69,65.0,69.0,False,False,総数,30.6
"内分泌,栄養及び代謝疾患",total,a65_69,65.0,69.0,False,False,病院,28.5
"内分泌,栄養及び代謝疾患",total,a65_69,65.0,69.0,False,False,一般診療所,66.0
"内分泌,栄養及び代謝疾患",male,a65_69,65.0,69.0,False,False,総数,30.2
"内分泌,栄養及び代謝疾患",male,a65_69,65.0,69.0,False,False,病院,26.2
"内分泌,栄養及び代謝疾患",male,a65_69,65.0,69.0,False,False,一般診療所,80.8
"内分泌,栄養及び代謝疾患",female,a65_69,65.0,69.0,False,False,総数,31.1
"内分泌,栄養及び代謝疾患",female,a65_69,65.0,69.0,False,False,病院,31.7
"内分泌,栄養及び代謝疾患",female,a65_69,65.0,69.0,False,False,一般診療所,12.9
甲状腺障害,total,a65_69,65.0,69.0,False,False,総数,18.9
甲状腺障害,total,a65_69,65.0,69.0,False,False,病院,18.9
甲状腺障害,male,a65_69,65.0,69.0,False,False,総数,25.3
甲状腺障害,male,a65_69,65.0,69.0,False,False,病院,25.3
甲状腺障害,female,a65_69,65.0,69.0,False,False,総数,17.1
甲状腺障害,female,a65_69,65.0,69.0,False,False,病院,17.1
糖尿病,total,a65_69,65.0,69.0,False,False,総数,32.4
糖尿病,total,a65_69,65.0,69.0,False,False,病院,29.4
糖尿病,total,a65_69,65.0,69.0,False,False,一般診療所,81.2
糖尿病,male,a65_69,65.0,69.0,False,False,総数,30.3
糖尿病,male,a65_69,65.0,69.0,False,False,病院,24.8
糖尿病,male,a65_69,65.0,69.0,False,False,一般診療所,92.0
糖尿病,female,a65_69,65.0,69.0,False,False,総数,35.6
糖尿病,female,a65_69,65.0,69.0,False,False,病院,35.9
糖尿病,female,a65_69,65.0,69.0,False,False,一般診療所,22.1
精神及び行動の障害,total,a65_69,65.0,69.0,False,False,総数,532.2
精神及び行動の障害,total,a65_69,65.0,69.0,False,False,病院,540.7
精神及び行動の障害,total,a65_69,65.0,69.0,False,False,一般診療所,15.2
精神及び行動の障害,male,a65_69,65.0,69.0,False,False,総数,615.1
精神及び行動の障害,male,a65_69,65.0,69.0,False,False,病院,632.7
精神及び行動の障害,male,a65_69,65.0,69.0,False,False,一般診療所,16.4
精神及び行動の障害,female,a65_69,65.0,69.0,False,False,総数,446.8
精神及び行動の障害,female,a65_69,65.0,69.0,False,False,病院,448.6
精神及び行動の障害,female,a65_69,65.0,69.0,False,False,一般診療所,6.0
"統合失調症,統合失調症型障害及び妄想性障害",total,a65_69,65.0,69.0,False,False,総数,1034.9
"統合失調症,統合失調症型障害及び妄想性障害",total,a65_69,65.0,69.0,False,False,病院,1034.9
"統合失調症,統合失調症型障害及び妄想性障害",male,a65_69,65.0,69.0,False,False,総数,1289.3
"統合失調症,統合失調症型障害及び妄想性障害",male,a65_69,65.0,69.0,False,False,病院,1289.3
"統合失調症,統合失調症型障害及び妄想性障害",female,a65_69,65.0,69.0,False,False,総数,822.6
"統合失調症,統合失調症型障害及び妄想性障害",female,a65_69,65.0,69.0,False,False,病院,822.6
気分[感情]障害(躁うつ病を含む),total,a65_69,65.0,69.0,False,False,総数,141.0
気分[感情]障害(躁うつ病を含む),total,a65_69,65.0,69.0,False,False,病院,142.8
気分[感情]障害(躁うつ病を含む),total,a65_69,65.0,69.0,False,False,一般診療所,18.9
気分[感情]障害(躁うつ病を含む),male,a65_69,65.0,69.0,False,False,総数,141.3
気分[感情]障害(躁うつ病を含む),male,a65_69,65.0,69.0,False,False,病院,143.8
気分[感情]障害(躁うつ病を含む),male,a65_69,65.0,69.0,False,False,一般診療所,31.0
気分[感情]障害(躁うつ病を含む),female,a65_69,65.0,69.0,False,False,総数,140.8
気分[感情]障害(躁うつ病を含む),female,a65_69,65.0,69.0,False,False,病院,142.2
気分[感情]障害(躁うつ病を含む),female,a65_69,65.0,69.0,False,False,一般診療所,6.0
"神経症性障害,ストレス関連障害及び身体表現性障害",total,a65_69,65.0,69.0,False,False,総数,51.0
"神経症性障害,ストレス関連障害及び身体表現性障害",total,a65_69,65.0,69.0,False,False,病院,51.8
"神経症性障害,ストレス関連障害及び身体表現性障害",total,a65_69,65.0,69.0,False,False,一般診療所,40.0
"神経症性障害,ストレス関連障害及び身体表現性障害",male,a65_69,65.0,69.0,False,False,総数,38.1
"神経症性障害,ストレス関連障害及び身体表現性障害",male,a65_69,65.0,69.0,False,False,病院,37.7
"神経症性障害,ストレス関連障害及び身体表現性障害",male,a65_69,65.0,69.0,False,False,一般診療所,40.0
"神経症性障害,ストレス関連障害及び身体表現性障害",female,a65_69,65.0,69.0,False,False,総数,58.1
"神経症性障害,ストレス関連障害及び身体表現性障害",female,a65_69,65.0,69.0,False,False,病院,58.1
神経系の疾患,total,a65_69,65.0,69.0,False,False,総数,65.7
神経系の疾患,total,a65_69,65.0,69.0,False,False,病院,67.6
神経系の疾患,total,a65_69,65.0,69.0,False,False,一般診療所,24.7
神経系の疾患,male,a65_69,65.0,69.0,False,False,総数,55.0
神経系の疾患,male,a65_69,65.0,69.0,False,False,病院,55.7
神経系の疾患,male,a65_69,65.0,69.0,False,False,一般診療所,36.6
神経系の疾患,female,a65_69,65.0,69.0,False,False,総数,80.8
神経系の疾患,female,a65_69,65.0,69.0,False,False,病院,84.6
神経系の疾患,female,a65_69,65.0,69.0,False,False,一般診療所,12.6
眼及び付属器の疾患,total,a65_69,65.0,69.0,False,False,総数,5.9
眼及び付属器の疾患,total,a65_69,65.0,69.0,False,False,病院,6.3
眼及び付属器の疾患,total,a65_69,65.0,69.0,False,False,一般診療所,3.7
眼及び付属器の疾患,male,a65_69,65.0,69.0,False,False,総数,6.1
眼及び付属器の疾患,male,a65_69,65.0,69.0,False,False,病院,6.4
眼及び付属器の疾患,male,a65_69,65.0,69.0,False,False,一般診療所,3.3
眼及び付属器の疾患,female,a65_69,65.0,69.0,False,False,総数,5.8
眼及び付属器の疾患,female,a65_69,65.0,69.0,False,False,病院,6.1
眼及び付属器の疾患,female,a65_69,65.0,69.0,False,False,一般診療所,3.9
白内障,total,a65_69,65.0,69.0,False,False,総数,4.4
白内障,total,a65_69,65.0,69.0,False,False,病院,4.7
白内障,total,a65_69,65.0,69.0,False,False,一般診療所,3.3
白内障,male,a65_69,65.0,69.0,False,False,総数,4.5
白内障,male,a65_69,65.0,69.0,False,False,病院,4.8
白内障,male,a65_69,65.0,69.0,False,False,一般診療所,2.9
白内障,female,a65_69,65.0,69.0,False,False,総数,4.3
白内障,female,a65_69,65.0,69.0,False,False,病院,4.5
白内障,female,a65_69,65.0,69.0,False,False,一般診療所,3.5
耳及び乳様突起の疾患,total,a65_69,65.0,69.0,False,False,総数,9.9
耳及び乳様突起の疾患,total,a65_69,65.0,69.0,False,False,病院,10.2
耳及び乳様突起の疾患,total,a65_69,65.0,69.0,False,False,一般診療所,4.8
耳及び乳様突起の疾患,male,a65_69,65.0,69.0,False,False,総数,13.9
耳及び乳様突起の疾患,male,a65_69,65.0,69.0,False,False,病院,14.3
耳及び乳様突起の疾患,male,a65_69,65.0,69.0,False,False,一般診療所,4.5
耳及び乳様突起の疾患,female,a65_69,65.0,69.0,False,False,総数,7.5
耳及び乳様突起の疾患,female,a65_69,65.0,69.0,False,False,病院,7.7
耳及び乳様突起の疾患,female,a65_69,65.0,69.0,False,False,一般診療所,4.9
循環器系の疾患,total,a65_69,65.0,69.0,False,False,総数,32.6
循環器系の疾患,total,a65_69,65.0,69.0,False,False,病院,34.1
循環器系の疾患,total,a65_69,65.0,69.0,False,False,一般診療所,9.8
循環器系の疾患,male,a65_69,65.0,69.0,False,False,総数,31.2
循環器系の疾患,male,a65_69,65.0,69.0,False,False,病院,32.1
循環器系の疾患,male,a65_69,65.0,69.0,False,False,一般診療所,12.6
循環器系の疾患,female,a65_69,65.0,69.0,False,False,総数,35.1
循環器系の疾患,female,a65_69,65.0,69.0,False,False,病院,37.9
循環器系の疾患,female,a65_69,65.0,69.0,False,False,一般診療所,6.9
高血圧性疾患,total,a65_69,65.0,69.0,False,False,総数,16.9
高血圧性疾患,total,a65_69,65.0,69.0,False,False,病院,18.2
高血圧性疾患,total,a65_69,65.0,69.0,False,False,一般診療所,6.1
高血圧性疾患,male,a65_69,65.0,69.0,False,False,総数,20.3
高血圧性疾患,male,a65_69,65.0,69.0,False,False,病院,23.1
高血圧性疾患,male,a65_69,65.0,69.0,False,False,一般診療所,2.0
高血圧性疾患,female,a65_69,65.0,69.0,False,False,総数,12.6
高血圧性疾患,female,a65_69,65.0,69.0,False,False,病院,12.3
高血圧性疾患,female,a65_69,65.0,69.0,False,False,一般診療所,16.8
心疾患(高血圧性のものを除く),total,a65_69,65.0,69.0,False,False,総数,10.3
心疾患(高血圧性のものを除く),total,a65_69,65.0,69.0,False,False,病院,10.5
心疾患(高血圧性のものを除く),total,a65_69,65.0,69.0,False,False,一般診療所,4.2
心疾患(高血圧性のものを除く),male,a65_69,65.0,69.0,False,False,総数,10.0
心疾患(高血圧性のものを除く),male,a65_69,65.0,69.0,False,False,病院,10.1
心疾患(高血圧性のものを除く),male,a65_69,65.0,69.0,False,False,一般診療所,4.8
心疾患(高血圧性のものを除く),female,a65_69,65.0,69.0,False,False,総数,11.2
心疾患(高血圧性のものを除く),female,a65_69,65.0,69.0,False,False,病院,11.6
心疾患(高血圧性のものを除く),female,a65_69,65.0,69.0,False,False,一般診療所,3.7
虚血性心疾患,total,a65_69,65.0,69.0,False,False,総数,7.2
虚血性心疾患,total,a65_69,65.0,69.0,False,False,病院,7.3
虚血性心疾患,total,a65_69,65.0,69.0,False,False,一般診療所,3.7
虚血性心疾患,male,a65_69,65.0,69.0,False,False,総数,7.3
虚血性心疾患,male,a65_69,65.0,69.0,False,False,病院,7.4
虚血性心疾患,male,a65_69,65.0,69.0,False,False,一般診療所,4.5
虚血性心疾患,female,a65_69,65.0,69.0,False,False,総数,6.9
虚血性心疾患,female,a65_69,65.0,69.0,False,False,病院,7.1
虚血性心疾患,female,a65_69,65.0,69.0,False,False,一般診療所,2.7
脳血管疾患,total,a65_69,65.0,69.0,False,False,総数,75.3
脳血管疾患,total,a65_69,65.0,69.0,False,False,病院,77.6
脳血管疾患,total,a65_69,65.0,69.0,False,False,一般診療所,23.9
脳血管疾患,male,a65_69,65.0,69.0,False,False,総数,73.6
脳血管疾患,male,a65_69,65.0,69.0,False,False,病院,75.3
脳血管疾患,male,a65_69,65.0,69.0,False,False,一般診療所,31.2
脳血管疾患,female,a65_69,65.0,69.0,False,False,総数,78.1
脳血管疾患,female,a65_69,65.0,69.0,False,False,病院,81.7
脳血管疾患,female,a65_69,65.0,69.0,False,False,一般診療所,15.3
呼吸器系の疾患,total,a65_69,65.0,69.0,False,False,総数,28.1
呼吸器系の疾患,total,a65_69,65.0,69.0,False,False,病院,28.7
呼吸器系の疾患,total,a65_69,65.0,69.0,False,False,一般診療所,14.6
呼吸器系の疾患,male,a65_69,65.0,69.0,False,False,総数,28.7
呼吸器系の疾患,male,a65_69,65.0,69.0,False,False,病院,29.3
呼吸器系の疾患,male,a65_69,65.0,69.0,False,False,一般診療所,14.7
呼吸器系の疾患,female,a65_69,65.0,69.0,False,False,総数,27.0
呼吸器系の疾患,female,a65_69,65.0,69.0,False,False,病院,27.6
呼吸器系の疾患,female,a65_69,65.0,69.0,False,False,一般診療所,14.3
急性上気道感染症,total,a65_69,65.0,69.0,False,False,総数,7.5
急性上気道感染症,total,a65_69,65.0,69.0,False,False,病院,7.6
急性上気道感染症,total,a65_69,65.0,69.0,False,False,一般診療所,7.1
急性上気道感染症,male,a65_69,65.0,69.0,False,False,総数,8.2
急性上気道感染症,male,a65_69,65.0,69.0,False,False,病院,8.2
急性上気道感染症,female,a65_69,65.0,69.0,False,False,総数,6.9
急性上気道感染症,female,a65_69,65.0,69.0,False,False,病院,6.8
急性上気道感染症,female,a65_69,65.0,69.0,False,False,一般診療所,7.1
肺炎,total,a65_69,65.0,69.0,False,False,総数,32.9
肺炎,total,a65_69,65.0,69.0,False,False,病院,34.1
肺炎,total,a65_69,65.0,69.0,False,False,一般診療所,9.8
肺炎,male,a65_69,65.0,69.0,False,False,総数,33.9
肺炎,male,a65_69,65.0,69.0,False,False,病院,35.3
肺炎,male,a65_69,65.0,69.0,False,False,一般診療所,7.7
肺炎,female,a65_69,65.0,69.0,False,False,総数,30.5
肺炎,female,a65_69,65.0,69.0,False,False,病院,31.4
肺炎,female,a65_69,65.0,69.0,False,False,一般診療所,14.4
急性気管支炎及び急性細気管支炎,total,a65_69,65.0,69.0,False,False,総数,14.2
急性気管支炎及び急性細気管支炎,total,a65_69,65.0,69.0,False,False,病院,15.1
急性気管支炎及び急性細気管支炎,total,a65_69,65.0,69.0,False,False,一般診療所,1.0
急性気管支炎及び急性細気管支炎,male,a65_69,65.0,69.0,False,False,総数,14.2
急性気管支炎及び急性細気管支炎,male,a65_69,65.0,69.0,False,False,病院,14.2
急性気管支炎及び急性細気管支炎,female,a65_69,65.0,69.0,False,False,総数,14.2
急性気管支炎及び急性細気管支炎,female,a65_69,65.0,69.0,False,False,病院,16.2
急性気管支炎及び急性細気管支炎,female,a65_69,65.0,69.0,False,False,一般診療所,1.0
気管支炎及び慢性閉塞性肺疾患,total,a65_69,65.0,69.0,False,False,総数,48.2
気管支炎及び慢性閉塞性肺疾患,total,a65_69,65.0,69.0,False,False,病院,48.2
気管支炎及び慢性閉塞性肺疾患,male,a65_69,65.0,69.0,False,False,総数,34.9
気管支炎及び慢性閉塞性肺疾患,male,a65_69,65.0,69.0,False,False,病院,34.9
気管支炎及び慢性閉塞性肺疾患,female,a65_69,65.0,69.0,False,False,総数,87.1
気管支炎及び慢性閉塞性肺疾患,female,a65_69,65.0,69.0,False,False,病院,87.1
喘息,total,a65_69,65.0,69.0,False,False,総数,16.4
喘息,total,a65_69,65.0,69.0,False,False,病院,16.2
喘息,total,a65_69,65.0,69.0,False,False,一般診療所,18.2
喘息,male,a65_69,65.0,69.0,False,False,総数,13.3
喘息,male,a65_69,65.0,69.0,False,False,病院,14.2
喘息,male,a65_69,65.0,69.0,False,False,一般診療所,1.4
喘息,female,a65_69,65.0,69.0,False,False,総数,18.8
喘息,female,a65_69,65.0,69.0,False,False,病院,17.9
喘息,female,a65_69,65.0,69.0,False,False,一般診療所,27.9
消化器系の疾患,total,a65_69,65.0,69.0,False,False,総数,12.7
消化器系の疾患,total,a65_69,65.0,69.0,False,False,病院,12.9
消化器系の疾患,total,a65_69,65.0,69.0,False,False,一般診療所,10.6
消化器系の疾患,male,a65_69,65.0,69.0,False,False,総数,12.9
消化器系の疾患,male,a65_69,65.0,69.0,False,False,病院,12.5
消化器系の疾患,male,a65_69,65.0,69.0,False,False,一般診療所,18.5
消化器系の疾患,female,a65_69,65.0,69.0,False,False,総数,12.2
消化器系の疾患,female,a65_69,65.0,69.0,False,False,病院,13.5
消化器系の疾患,female,a65_69,65.0,69.0,False,False,一般診療所,4.3
う蝕,total,a65_69,65.0,69.0,False,False,総数,2.6
う蝕,total,a65_69,65.0,69.0,False,False,病院,2.6
う蝕,male,a65_69,65.0,69.0,False,False,総数,2.3
う蝕,male,a65_69,65.0,69.0,False,False,病院,2.3
う蝕,female,a65_69,65.0,69.0,False,False,総数,3.2
う蝕,female,a65_69,65.0,69.0,False,False,病院,3.2
歯肉炎及び歯周疾患,total,a65_69,65.0,69.0,False,False,総数,6.9
歯肉炎及び歯周疾患,total,a65_69,65.0,69.0,False,False,病院,6.9
歯肉炎及び歯周疾患,male,a65_69,65.0,69.0,False,False,総数,7.8
歯肉炎及び歯周疾患,male,a65_69,65.0,69.0,False,False,病院,7.8
歯肉炎及び歯周疾患,female,a65_69,65.0,69.0,False,False,総数,5.4
歯肉炎及び歯周疾患,female,a65_69,65.0,69.0,False,False,病院,5.4
胃潰瘍及び十二指腸潰瘍,total,a65_69,65.0,69.0,False,False,総数,16.7
胃潰瘍及び十二指腸潰瘍,total,a65_69,65.0,69.0,False,False,病院,16.6
胃潰瘍及び十二指腸潰瘍,total,a65_69,65.0,69.0,False,False,一般診療所,18.9
胃潰瘍及び十二指腸潰瘍,male,a65_69,65.0,69.0,False,False,総数,17.6
胃潰瘍及び十二指腸潰瘍,male,a65_69,65.0,69.0,False,False,病院,17.4
胃潰瘍及び十二指腸潰瘍,male,a65_69,65.0,69.0,False,False,一般診療所,19.5
胃潰瘍及び十二指腸潰瘍,female,a65_69,65.0,69.0,False,False,総数,14.6
胃潰瘍及び十二指腸潰瘍,female,a65_69,65.0,69.0,False,False,病院,14.6
胃潰瘍及び十二指腸潰瘍,female,a65_69,65.0,69.0,False,False,一般診療所,15.0
胃炎及び十二指腸炎,total,a65_69,65.0,69.0,False,False,総数,10.8
胃炎及び十二指腸炎,total,a65_69,65.0,69.0,False,False,病院,11.3
胃炎及び十二指腸炎,total,a65_69,65.0,69.0,False,False,一般診療所,3.0
胃炎及び十二指腸炎,male,a65_69,65.0,69.0,False,False,総数,13.1
胃炎及び十二指腸炎,male,a65_69,65.0,69.0,False,False,病院,13.1
胃炎及び十二指腸炎,female,a65_69,65.0,69.0,False,False,総数,7.9
胃炎及び十二指腸炎,female,a65_69,65.0,69.0,False,False,病院,8.6
胃炎及び十二指腸炎,female,a65_69,65.0,69.0,False,False,一般診療所,3.0
肝疾患,total,a65_69,65.0,69.0,False,False,総数,27.0
肝疾患,total,a65_69,65.0,69.0,False,False,病院,23.6
肝疾患,total,a65_69,65.0,69.0,False,False,一般診療所,62.3
肝疾患,male,a65_69,65.0,69.0,False,False,総数,29.4
肝疾患,male,a65_69,65.0,69.0,False,False,病院,23.6
肝疾患,male,a65_69,65.0,69.0,False,False,一般診療所,80.1
肝疾患,female,a65_69,65.0,69.0,False,False,総数,23.0
肝疾患,female,a65_69,65.0,69.0,False,False,病院,23.5
肝疾患,female,a65_69,65.0,69.0,False,False,一般診療所,15.2
皮膚及び皮下組織の疾患,total,a65_69,65.0,69.0,False,False,総数,26.7
皮膚及び皮下組織の疾患,total,a65_69,65.0,69.0,False,False,病院,26.6
皮膚及び皮下組織の疾患,total,a65_69,65.0,69.0,False,False,一般診療所,35.7
皮膚及び皮下組織の疾患,male,a65_69,65.0,69.0,False,False,総数,26.6
皮膚及び皮下組織の疾患,male,a65_69,65.0,69.0,False,False,病院,26.2
皮膚及び皮下組織の疾患,male,a65_69,65.0,69.0,False,False,一般診療所,44.2
皮膚及び皮下組織の疾患,female,a65_69,65.0,69.0,False,False,総数,26.9
皮膚及び皮下組織の疾患,female,a65_69,65.0,69.0,False,False,病院,27.1
皮膚及び皮下組織の疾患,female,a65_69,65.0,69.0,False,False,一般診療所,8.0
筋骨格系及び結合組織の疾患,total,a65_69,65.0,69.0,False,False,総数,29.8
筋骨格系及び結合組織の疾患,total,a65_69,65.0,69.0,False,False,病院,30.3
筋骨格系及び結合組織の疾患,total,a65_69,65.0,69.0,False,False,一般診療所,23.6
筋骨格系及び結合組織の疾患,male,a65_69,65.0,69.0,False,False,総数,24.1
筋骨格系及び結合組織の疾患,male,a65_69,65.0,69.0,False,False,病院,24.2
筋骨格系及び結合組織の疾患,male,a65_69,65.0,69.0,False,False,一般診療所,23.5
筋骨格系及び結合組織の疾患,female,a65_69,65.0,69.0,False,False,総数,33.6
筋骨格系及び結合組織の疾患,female,a65_69,65.0,69.0,False,False,病院,34.3
筋骨格系及び結合組織の疾患,female,a65_69,65.0,69.0,False,False,一般診療所,23.6
炎症性多発性関節障害,total,a65_69,65.0,69.0,False,False,総数,20.4
炎症性多発性関節障害,total,a65_69,65.0,69.0,False,False,病院,21.2
炎症性多発性関節障害,total,a65_69,65.0,69.0,False,False,一般診療所,8.7
炎症性多発性関節障害,male,a65_69,65.0,69.0,False,False,総数,18.9
炎症性多発性関節障害,male,a65_69,65.0,69.0,False,False,病院,19.2
炎症性多発性関節障害,female,a65_69,65.0,69.0,False,False,総数,20.8
炎症性多発性関節障害,female,a65_69,65.0,69.0,False,False,病院,21.7
炎症性多発性関節障害,female,a65_69,65.0,69.0,False,False,一般診療所,9.2
関節症,total,a65_69,65.0,69.0,False,False,総数,32.9
関節症,total,a65_69,65.0,69.0,False,False,病院,33.6
関節症,total,a65_69,65.0,69.0,False,False,一般診療所,21.0
関節症,male,a65_69,65.0,69.0,False,False,総数,32.0
関節症,male,a65_69,65.0,69.0,False,False,病院,32.0
関節症,female,a65_69,65.0,69.0,False,False,総数,33.2
関節症,female,a65_69,65.0,69.0,False,False,病院,33.9
関節症,female,a65_69,65.0,69.0,False,False,一般診療所,21.0
脊柱障害,total,a65_69,65.0,69.0,False,False,総数,28.0
脊柱障害,total,a65_69,65.0,69.0,False,False,病院,28.1
脊柱障害,total,a65_69,65.0,69.0,False,False,一般診療所,26.9
脊柱障害,male,a65_69,65.0,69.0,False,False,総数,21.3
脊柱障害,male,a65_69,65.0,69.0,False,False,病院,21.1
脊柱障害,male,a65_69,65.0,69.0,False,False,一般診療所,23.4
脊柱障害,female,a65_69,65.0,69.0,False,False,総数,36.6
脊柱障害,female,a65_69,65.0,69.0,False,False,病院,36.9
脊柱障害,female,a65_69,65.0,69.0,False,False,一般診療所,33.7
骨の密度及び構造の障害,total,a65_69,65.0,69.0,False,False,総数,25.9
骨の密度及び構造の障害,total,a65_69,65.0,69.0,False,False,病院,25.9
骨の密度及び構造の障害,male,a65_69,65.0,69.0,False,False,総数,21.2
骨の密度及び構造の障害,male,a65_69,65.0,69.0,False,False,病院,21.2
骨の密度及び構造の障害,female,a65_69,65.0,69.0,False,False,総数,29.8
骨の密度及び構造の障害,female,a65_69,65.0,69.0,False,False,病院,29.8
腎尿路生殖器系の疾患,total,a65_69,65.0,69.0,False,False,総数,22.1
腎尿路生殖器系の疾患,total,a65_69,65.0,69.0,False,False,病院,23.4
腎尿路生殖器系の疾患,total,a65_69,65.0,69.0,False,False,一般診療所,7.4
腎尿路生殖器系の疾患,male,a65_69,65.0,69.0,False,False,総数,22.0
腎尿路生殖器系の疾患,male,a65_69,65.0,69.0,False,False,病院,23.5
腎尿路生殖器系の疾患,male,a65_69,65.0,69.0,False,False,一般診療所,7.9
腎尿路生殖器系の疾患,female,a65_69,65.0,69.0,False,False,総数,22.4
腎尿路生殖器系の疾患,female,a65_69,65.0,69.0,False,False,病院,23.3
腎尿路生殖器系の疾患,female,a65_69,65.0,69.0,False,False,一般診療所,5.9
"糸球体疾患,腎尿細管間質性疾患及び腎不全",total,a65_69,65.0,69.0,False,False,総数,38.0
"糸球体疾患,腎尿細管間質性疾患及び腎不全",total,a65_69,65.0,69.0,False,False,病院,40.0
"糸球体疾患,腎尿細管間質性疾患及び腎不全",total,a65_69,65.0,69.0,False,False,一般診療所,8.7
"糸球体疾患,腎尿細管間質性疾患及び腎不全",male,a65_69,65.0,69.0,False,False,総数,41.1
"糸球体疾患,腎尿細管間質性疾患及び腎不全",male,a65_69,65.0,69.0,False,False,病院,43.0
"糸球体疾患,腎尿細管間質性疾患及び腎不全",male,a65_69,65.0,69.0,False,False,一般診療所,11.1
"糸球体疾患,腎尿細管間質性疾患及び腎不全",female,a65_69,65.0,69.0,False,False,総数,33.8
"糸球体疾患,腎尿細管間質性疾患及び腎不全",female,a65_69,65.0,69.0,False,False,病院,35.7
"糸球体疾患,腎尿細管間質性疾患及び腎不全",female,a65_69,65.0,69.0,False,False,一般診療所,5.3
前立腺肥大(症),total,a65_69,65.0,69.0,False,False,総数,8.3
前立腺肥大(症),total,a65_69,65.0,69.0,False,False,病院,8.8
前立腺肥大(症),total,a65_69,65.0,69.0,False,False,一般診療所,6.4
前立腺肥大(症),male,a65_69,65.0,69.0,False,False,総数,8.3
前立腺肥大(症),male,a65_69,65.0,69.0,False,False,病院,8.8
前立腺肥大(症),male,a65_69,65.0,69.0,False,False,一般診療所,6.4
乳房及び女性生殖器の疾患,total,a65_69,65.0,69.0,False,False,総数,10.4
乳房及び女性生殖器の疾患,total,a65_69,65.0,69.0,False,False,病院,10.6
乳房及び女性生殖器の疾患,total,a65_69,65.0,69.0,False,False,一般診療所,8.1
乳房及び女性生殖器の疾患,female,a65_69,65.0,69.0,False,False,総数,10.4
乳房及び女性生殖器の疾患,female,a65_69,65.0,69.0,False,False,病院,10.6
乳房及び女性生殖器の疾患,female,a65_69,65.0,69.0,False,False,一般診療所,8.1
"先天奇形,変形及び染色体異常",total,a65_69,65.0,69.0,False,False,総数,21.5
"先天奇形,変形及び染色体異常",total,a65_69,65.0,69.0,False,False,病院,21.5
"先天奇形,変形及び染色体異常",male,a65_69,65.0,69.0,False,False,総数,13.7
"先天奇形,変形及び染色体異常",male,a65_69,65.0,69.0,False,False,病院,13.7
"先天奇形,変形及び染色体異常",female,a65_69,65.0,69.0,False,False,総数,29.8
"先天奇形,変形及び染色体異常",female,a65_69,65.0,69.0,False,False,病院,29.8
"症状,徴候及び異常臨床所見・異常検査所見で他に分類されないもの",total,a65_69,65.0,69.0,False,False,総数,15.1
"症状,徴候及び異常臨床所見・異常検査所見で他に分類されないもの",total,a65_69,65.0,69.0,False,False,病院,15.4
"症状,徴候及び異常臨床所見・異常検査所見で他に分類されないもの",total,a65_69,65.0,69.0,False,False,一般診療所,11.2
"症状,徴候及び異常臨床所見・異常検査所見で他に分類されないもの",male,a65_69,65.0,69.0,False,False,総数,18.1
"症状,徴候及び異常臨床所見・異常検査所見で他に分類されないもの",male,a65_69,65.0,69.0,False,False,病院,18.4
"症状,徴候及び異常臨床所見・異常検査所見で他に分類されないもの",male,a65_69,65.0,69.0,False,False,一般診療所,11.1
"症状,徴候及び異常臨床所見・異常検査所見で他に分類されないもの",female,a65_69,65.0,69.0,False,False,総数,12.1
"症状,徴候及び異常臨床所見・異常検査所見で他に分類されないもの",female,a65_69,65.0,69.0,False,False,病院,12.1
"症状,徴候及び異常臨床所見・異常検査所見で他に分類されないもの",female,a65_69,65.0,69.0,False,False,一般診療所,11.2
"損傷,中毒及びその他の外因の影響",total,a65_69,65.0,69.0,False,False,総数,34.7
"損傷,中毒及びその他の外因の影響",total,a65_69,65.0,69.0,False,False,病院,35.8
"損傷,中毒及びその他の外因の影響",total,a65_69,65.0,69.0,False,False,一般診療所,25.9
"損傷,中毒及びその他の外因の影響",male,a65_69,65.0,69.0,False,False,総数,39.6
"損傷,中毒及びその他の外因の影響",male,a65_69,65.0,69.0,False,False,病院,41.0
"損傷,中毒及びその他の外因の影響",male,a65_69,65.0,69.0,False,False,一般診療所,28.0
"損傷,中毒及びその他の外因の影響",female,a65_69,65.0,69.0,False,False,総数,29.8
"損傷,中毒及びその他の外因の影響",female,a65_69,65.0,69.0,False,False,病院,30.6
"損傷,中毒及びその他の外因の影響",female,a65_69,65.0,69.0,False,False,一般診療所,24.1
骨折,total,a65_69,65.0,69.0,False,False,総数,37.0
骨折,total,a65_69,65.0,69.0,False,False,病院,38.3
骨折,total,a65_69,65.0,69.0,False,False,一般診療所,29.0
骨折,male,a65_69,65.0,69.0,False,False,総数,41.8
骨折,male,a65_69,65.0,69.0,False,False,病院,42.9
骨折,male,a65_69,65.0,69.0,False,False,一般診療所,35.1
骨折,female,a65_69,65.0,69.0,False,False,総数,33.9
骨折,female,a65_69,65.0,69.0,False,False,病院,35.4
骨折,female,a65_69,65.0,69.0,False,False,一般診療所,24.9
健康状態に影響を及ぼす要因及び保健サービスの利用,total,a65_69,65.0,69.0,False,False,総数,6.9
健康状態に影響を及ぼす要因及び保健サービスの利用,total,a65_69,65.0,69.0,False,False,病院,7.2
健康状態に影響を及ぼす要因及び保健サービスの利用,total,a65_69,65.0,69.0,False,False,一般診療所,0.8
健康状態に影響を及ぼす要因及び保健サービスの利用,male,a65_69,65.0,69.0,False,False,総数,5.5
健康状態に影響を及ぼす要因及び保健サービスの利用,male,a65_69,65.0,69.0,False,False,病院,5.5
健康状態に影響を及ぼす要因及び保健サービスの利用,male,a65_69,65.0,69.0,False,False,一般診療所,1.0
健康状態に影響を及ぼす要因及び保健サービスの利用,female,a65_69,65.0,69.0,False,False,総数,8.5
健康状態に影響を及ぼす要因及び保健サービスの利用,female,a65_69,65.0,69.0,False,False,病院,9.1
健康状態に影響を及ぼす要因及び保健サービスの利用,female,a65_69,65.0,69.0,False,False,一般診療所,0.8
歯の補てつ,total,a65_69,65.0,69.0,False,False,総数,2.6
歯の補てつ,total,a65_69,65.0,69.0,False,False,病院,2.6
歯の補てつ,male,a65_69,65.0,69.0,False,False,総数,1.2
歯の補てつ,male,a65_69,65.0,69.0,False,False,病院,1.2
歯の補てつ,female,a65_69,65.0,69.0,False,False,総数,3.3
歯の補てつ,female,a65_69,65.0,69.0,False,False,病院,3.3
総数,total,a70_74,70.0,74.0,False,False,総数,38.1
総数,total,a70_74,70.0,74.0,False,False,病院,39.2
総数,total,a70_74,70.0,74.0,False,False,一般診療所,22.4
総数,male,a70_74,70.0,74.0,False,False,総数,37.4
総数,male,a70_74,70.0,74.0,False,False,病院,38.2
総数,male,a70_74,70.0,74.0,False,False,一般診療所,24.2
総数,female,a70_74,70.0,74.0,False,False,総数,39.1
総数,female,a70_74,70.0,74.0,False,False,病院,40.6
総数,female,a70_74,70.0,74.0,False,False,一般診療所,20.5
感染症及び寄生虫症,total,a70_74,70.0,74.0,False,False,総数,23.5
感染症及び寄生虫症,total,a70_74,70.0,74.0,False,False,病院,23.5
感染症及び寄生虫症,total,a70_74,70.0,74.0,False,False,一般診療所,23.5
感染症及び寄生虫症,male,a70_74,70.0,74.0,False,False,総数,27.4
感染症及び寄生虫症,male,a70_74,70.0,74.0,False,False,病院,27.5
感染症及び寄生虫症,male,a70_74,70.0,74.0,False,False,一般診療所,24.7
感染症及び寄生虫症,female,a70_74,70.0,74.0,False,False,総数,20.0
感染症及び寄生虫症,female,a70_74,70.0,74.0,False,False,病院,19.8
感染症及び寄生虫症,female,a70_74,70.0,74.0,False,False,一般診療所,23.3
腸管感染症,total,a70_74,70.0,74.0,False,False,総数,12.7
腸管感染症,total,a70_74,70.0,74.0,False,False,病院,12.5
腸管感染症,total,a70_74,70.0,74.0,False,False,一般診療所,15.0
腸管感染症,male,a70_74,70.0,74.0,False,False,総数,14.4
腸管感染症,male,a70_74,70.0,74.0,False,False,病院,14.4
腸管感染症,male,a70_74,70.0,74.0,False,False,一般診療所,13.0
腸管感染症,female,a70_74,70.0,74.0,False,False,総数,11.7
腸管感染症,female,a70_74,70.0,74.0,False,False,病院,11.2
腸管感染症,female,a70_74,70.0,74.0,False,False,一般診療所,15.3
結核,total,a70_74,70.0,74.0,False,False,総数,54.7
結核,total,a70_74,70.0,74.0,False,False,病院,54.7
結核,male,a70_74,70.0,74.0,False,False,総数,51.8
結核,male,a70_74,70.0,74.0,False,False,病院,51.8
結核,female,a70_74,70.0,74.0,False,False,総数,61.1
結核,female,a70_74,70.0,74.0,False,False,病院,61.1
皮膚及び粘膜の病変を伴うウイルス疾患,total,a70_74,70.0,74.0,False,False,総数,13.1
皮膚及び粘膜の病変を伴うウイルス疾患,total,a70_74,70.0,74.0,False,False,病院,12.3
皮膚及び粘膜の病変を伴うウイルス疾患,total,a70_74,70.0,74.0,False,False,一般診療所,22.9
皮膚及び粘膜の病変を伴うウイルス疾患,male,a70_74,70.0,74.0,False,False,総数,15.9
皮膚及び粘膜の病変を伴うウイルス疾患,male,a70_74,70.0,74.0,False,False,病院,14.6
皮膚及び粘膜の病変を伴うウイルス疾患,male,a70_74,70.0,74.0,False,False,一般診療所,40.4
皮膚及び粘膜の病変を伴うウイルス疾患,female,a70_74,70.0,74.0,False,False,総数,10.8
皮膚及び粘膜の病変を伴うウイルス疾患,female,a70_74,70.0,74.0,False,False,病院,10.5
皮膚及び粘膜の病変を伴うウイルス疾患,female,a70_74,70.0,74.0,False,False,一般診療所,14.0
真菌症,total,a70_74,70.0,74.0,False,False,総数,28.8
真菌症,total,a70_74,70.0,74.0,False,False,病院,28.8
真菌症,male,a70_74,70.0,74.0,False,False,総数,28.7
真菌症,male,a70_74,70.0,74.0,False,False,病院,28.7
真菌症,female,a70_74,70.0,74.0,False,False,総数,29.0
真菌症,female,a70_74,70.0,74.0,False,False,病院,29.0
新生物,total,a70_74,70.0,74.0,False,False,総数,22.6
新生物,total,a70_74,70.0,74.0,False,False,病院,22.9
新生物,total,a70_74,70.0,74.0,False,False,一般診療所,13.8
新生物,male,a70_74,70.0,74.0,False,False,総数,21.3
新生物,male,a70_74,70.0,74.0,False,False,病院,21.5
新生物,male,a70_74,70.0,74.0,False,False,一般診療所,14.3
新生物,female,a70_74,70.0,74.0,False,False,総数,25.0
新生物,female,a70_74,70.0,74.0,False,False,病院,25.3
新生物,female,a70_74,70.0,74.0,False,False,一般診療所,13.1
悪性新生物,total,a70_74,70.0,74.0,False,False,総数,23.1
悪性新生物,total,a70_74,70.0,74.0,False,False,病院,23.2
悪性新生物,total,a70_74,70.0,74.0,False,False,一般診療所,16.0
悪性新生物,male,a70_74,70.0,74.0,False,False,総数,21.6
悪性新生物,male,a70_74,70.0,74.0,False,False,病院,21.7
悪性新生物,male,a70_74,70.0,74.0,False,False,一般診療所,16.5
悪性新生物,female,a70_74,70.0,74.0,False,False,総数,25.7
悪性新生物,female,a70_74,70.0,74.0,False,False,病院,25.9
悪性新生物,female,a70_74,70.0,74.0,False,False,一般診療所,14.9
胃の悪性新生物,total,a70_74,70.0,74.0,False,False,総数,22.5
胃の悪性新生物,total,a70_74,70.0,74.0,False,False,病院,22.5
胃の悪性新生物,total,a70_74,70.0,74.0,False,False,一般診療所,28.6
胃の悪性新生物,male,a70_74,70.0,74.0,False,False,総数,22.5
胃の悪性新生物,male,a70_74,70.0,74.0,False,False,病院,22.4
胃の悪性新生物,male,a70_74,70.0,74.0,False,False,一般診療所,28.6
胃の悪性新生物,female,a70_74,70.0,74.0,False,False,総数,22.6
胃の悪性新生物,female,a70_74,70.0,74.0,False,False,病院,22.6
結腸及び直腸の悪性新生物,total,a70_74,70.0,74.0,False,False,総数,17.8
結腸及び直腸の悪性新生物,total,a70_74,70.0,74.0,False,False,病院,17.7
結腸及び直腸の悪性新生物,total,a70_74,70.0,74.0,False,False,一般診療所,26.2
結腸及び直腸の悪性新生物,male,a70_74,70.0,74.0,False,False,総数,16.4
結腸及び直腸の悪性新生物,male,a70_74,70.0,74.0,False,False,病院,16.4
結腸及び直腸の悪性新生物,male,a70_74,70.0,74.0,False,False,一般診療所,17.5
結腸及び直腸の悪性新生物,female,a70_74,70.0,74.0,False,False,総数,20.1
結腸及び直腸の悪性新生物,female,a70_74,70.0,74.0,False,False,病院,19.7
結腸及び直腸の悪性新生物,female,a70_74,70.0,74.0,False,False,一般診療所,41.2
"気管,気管支及び肺の悪性新生物",total,a70_74,70.0,74.0,False,False,総数,23.6
"気管,気管支及び肺の悪性新生物",total,a70_74,70.0,74.0,False,False,病院,23.6
"気管,気管支及び肺の悪性新生物",total,a70_74,70.0,74.0,False,False,一般診療所,21.2
"気管,気管支及び肺の悪性新生物",male,a70_74,70.0,74.0,False,False,総数,23.6
"気管,気管支及び肺の悪性新生物",male,a70_74,70.0,74.0,False,False,病院,23.6
"気管,気管支及び肺の悪性新生物",male,a70_74,70.0,74.0,False,False,一般診療所,21.2
"気管,気管支及び肺の悪性新生物",female,a70_74,70.0,74.0,False,False,総数,23.5
"気管,気管支及び肺の悪性新生物",female,a70_74,70.0,74.0,False,False,病院,23.5
血液及び造血器の疾患並びに免疫機構の障害,total,a70_74,70.0,74.0,False,False,総数,20.7
血液及び造血器の疾患並びに免疫機構の障害,total,a70_74,70.0,74.0,False,False,病院,20.9
血液及び造血器の疾患並びに免疫機構の障害,total,a70_74,70.0,74.0,False,False,一般診療所,5.0
血液及び造血器の疾患並びに免疫機構の障害,male,a70_74,70.0,74.0,False,False,総数,19.8
血液及び造血器の疾患並びに免疫機構の障害,male,a70_74,70.0,74.0,False,False,病院,20.1
血液及び造血器の疾患並びに免疫機構の障害,male,a70_74,70.0,74.0,False,False,一般診療所,5.0
血液及び造血器の疾患並びに免疫機構の障害,female,a70_74,70.0,74.0,False,False,総数,21.8
血液及び造血器の疾患並びに免疫機構の障害,female,a70_74,70.0,74.0,False,False,病院,21.8
"内分泌,栄養及び代謝疾患",total,a70_74,70.0,74.0,False,False,総数,40.3
"内分泌,栄養及び代謝疾患",total,a70_74,70.0,74.0,False,False,病院,41.8
"内分泌,栄養及び代謝疾患",total,a70_74,70.0,74.0,False,False,一般診療所,16.5
"内分泌,栄養及び代謝疾患",male,a70_74,70.0,74.0,False,False,総数,43.0
"内分泌,栄養及び代謝疾患",male,a70_74,70.0,74.0,False,False,病院,44.0
"内分泌,栄養及び代謝疾患",male,a70_74,70.0,74.0,False,False,一般診療所,19.1
"内分泌,栄養及び代謝疾患",female,a70_74,70.0,74.0,False,False,総数,37.4
"内分泌,栄養及び代謝疾患",female,a70_74,70.0,74.0,False,False,病院,39.4
"内分泌,栄養及び代謝疾患",female,a70_74,70.0,74.0,False,False,一般診療所,15.2
甲状腺障害,total,a70_74,70.0,74.0,False,False,総数,18.7
甲状腺障害,total,a70_74,70.0,74.0,False,False,病院,18.7
甲状腺障害,male,a70_74,70.0,74.0,False,False,総数,23.4
甲状腺障害,male,a70_74,70.0,74.0,False,False,病院,23.4
甲状腺障害,female,a70_74,70.0,74.0,False,False,総数,17.3
甲状腺障害,female,a70_74,70.0,74.0,False,False,病院,17.3
糖尿病,total,a70_74,70.0,74.0,False,False,総数,46.8
糖尿病,total,a70_74,70.0,74.0,False,False,病院,49.1
糖尿病,total,a70_74,70.0,74.0,False,False,一般診療所,16.9
糖尿病,male,a70_74,70.0,74.0,False,False,総数,48.4
糖尿病,male,a70_74,70.0,74.0,False,False,病院,49.5
糖尿病,male,a70_74,70.0,74.0,False,False,一般診療所,18.2
糖尿病,female,a70_74,70.0,74.0,False,False,総数,45.1
糖尿病,female,a70_74,70.0,74.0,False,False,病院,48.6
糖尿病,female,a70_74,70.0,74.0,False,False,一般診療所,16.4
精神及び行動の障害,total,a70_74,70.0,74.0,False,False,総数,530.7
精神及び行動の障害,total,a70_74,70.0,74.0,False,False,病院,540.5
精神及び行動の障害,total,a70_74,70.0,74.0,False,False,一般診療所,19.5
精神及び行動の障害,male,a70_74,70.0,74.0,False,False,総数,668.3
精神及び行動の障害,male,a70_74,70.0,74.0,False,False,病院,685.2
精神及び行動の障害,male,a70_74,70.0,74.0,False,False,一般診療所,25.3
精神及び行動の障害,female,a70_74,70.0,74.0,False,False,総数,413.1
精神及び行動の障害,female,a70_74,70.0,74.0,False,False,病院,418.4
精神及び行動の障害,female,a70_74,70.0,74.0,False,False,一般診療所,9.6
"統合失調症,統合失調症型障害及び妄想性障害",total,a70_74,70.0,74.0,False,False,総数,1291.2
"統合失調症,統合失調症型障害及び妄想性障害",total,a70_74,70.0,74.0,False,False,病院,1291.2
"統合失調症,統合失調症型障害及び妄想性障害",male,a70_74,70.0,74.0,False,False,総数,1640.1
"統合失調症,統合失調症型障害及び妄想性障害",male,a70_74,70.0,74.0,False,False,病院,1640.1
"統合失調症,統合失調症型障害及び妄想性障害",female,a70_74,70.0,74.0,False,False,総数,1016.2
"統合失調症,統合失調症型障害及び妄想性障害",female,a70_74,70.0,74.0,False,False,病院,1016.2
気分[感情]障害(躁うつ病を含む),total,a70_74,70.0,74.0,False,False,総数,156.8
気分[感情]障害(躁うつ病を含む),total,a70_74,70.0,74.0,False,False,病院,162.0
気分[感情]障害(躁うつ病を含む),total,a70_74,70.0,74.0,False,False,一般診療所,25.3
気分[感情]障害(躁うつ病を含む),male,a70_74,70.0,74.0,False,False,総数,237.6
気分[感情]障害(躁うつ病を含む),male,a70_74,70.0,74.0,False,False,病院,268.2
気分[感情]障害(躁うつ病を含む),male,a70_74,70.0,74.0,False,False,一般診療所,25.3
気分[感情]障害(躁うつ病を含む),female,a70_74,70.0,74.0,False,False,総数,121.2
気分[感情]障害(躁うつ病を含む),female,a70_74,70.0,74.0,False,False,病院,121.2
"神経症性障害,ストレス関連障害及び身体表現性障害",total,a70_74,70.0,74.0,False,False,総数,46.9
"神経症性障害,ストレス関連障害及び身体表現性障害",total,a70_74,70.0,74.0,False,False,病院,48.4
"神経症性障害,ストレス関連障害及び身体表現性障害",total,a70_74,70.0,74.0,False,False,一般診療所,15.9
"神経症性障害,ストレス関連障害及び身体表現性障害",male,a70_74,70.0,74.0,False,False,総数,32.7
"神経症性障害,ストレス関連障害及び身体表現性障害",male,a70_74,70.0,74.0,False,False,病院,32.7
"神経症性障害,ストレス関連障害及び身体表現性障害",female,a70_74,70.0,74.0,False,False,総数,50.5
"神経症性障害,ストレス関連障害及び身体表現性障害",female,a70_74,70.0,74.0,False,False,病院,52.5
"神経症性障害,ストレス関連障害及び身体表現性障害",female,a70_74,70.0,74.0,False,False,一般診療所,15.9
神経系の疾患,total,a70_74,70.0,74.0,False,False,総数,86.4
神経系の疾患,total,a70_74,70.0,74.0,False,False,病院,82.1
神経系の疾患,total,a70_74,70.0,74.0,False,False,一般診療所,179.8
神経系の疾患,male,a70_74,70.0,74.0,False,False,総数,77.0
神経系の疾患,male,a70_74,70.0,74.0,False,False,病院,75.8
神経系の疾患,male,a70_74,70.0,74.0,False,False,一般診療所,107.7
神経系の疾患,female,a70_74,70.0,74.0,False,False,総数,98.5
神経系の疾患,female,a70_74,70.0,74.0,False,False,病院,90.5
神経系の疾患,female,a70_74,70.0,74.0,False,False,一般診療所,241.7
眼及び付属器の疾患,total,a70_74,70.0,74.0,False,False,総数,8.5
眼及び付属器の疾患,total,a70_74,70.0,74.0,False,False,病院,9.7
眼及び付属器の疾患,total,a70_74,70.0,74.0,False,False,一般診療所,2.9
眼及び付属器の疾患,male,a70_74,70.0,74.0,False,False,総数,5.2
眼及び付属器の疾患,male,a70_74,70.0,74.0,False,False,病院,5.6
眼及び付属器の疾患,male,a70_74,70.0,74.0,False,False,一般診療所,2.9
眼及び付属器の疾患,female,a70_74,70.0,74.0,False,False,総数,11.0
眼及び付属器の疾患,female,a70_74,70.0,74.0,False,False,病院,12.9
眼及び付属器の疾患,female,a70_74,70.0,74.0,False,False,一般診療所,3.0
白内障,total,a70_74,70.0,74.0,False,False,総数,8.5
白内障,total,a70_74,70.0,74.0,False,False,病院,9.8
白内障,total,a70_74,70.0,74.0,False,False,一般診療所,3.1
白内障,male,a70_74,70.0,74.0,False,False,総数,4.0
白内障,male,a70_74,70.0,74.0,False,False,病院,4.3
白内障,male,a70_74,70.0,74.0,False,False,一般診療所,2.9
白内障,female,a70_74,70.0,74.0,False,False,総数,11.5
白内障,female,a70_74,70.0,74.0,False,False,病院,13.8
白内障,female,a70_74,70.0,74.0,False,False,一般診療所,3.1
耳及び乳様突起の疾患,total,a70_74,70.0,74.0,False,False,総数,9.3
耳及び乳様突起の疾患,total,a70_74,70.0,74.0,False,False,病院,9.6
耳及び乳様突起の疾患,total,a70_74,70.0,74.0,False,False,一般診療所,3.5
耳及び乳様突起の疾患,male,a70_74,70.0,74.0,False,False,総数,8.1
耳及び乳様突起の疾患,male,a70_74,70.0,74.0,False,False,病院,8.3
耳及び乳様突起の疾患,male,a70_74,70.0,74.0,False,False,一般診療所,4.0
耳及び乳様突起の疾患,female,a70_74,70.0,74.0,False,False,総数,10.0
耳及び乳様突起の疾患,female,a70_74,70.0,74.0,False,False,病院,10.5
耳及び乳様突起の疾患,female,a70_74,70.0,74.0,False,False,一般診療所,3.3
循環器系の疾患,total,a70_74,70.0,74.0,False,False,総数,39.6
循環器系の疾患,total,a70_74,70.0,74.0,False,False,病院,40.7
循環器系の疾患,total,a70_74,70.0,74.0,False,False,一般診療所,23.8
循環器系の疾患,male,a70_74,70.0,74.0,False,False,総数,39.4
循環器系の疾患,male,a70_74,70.0,74.0,False,False,病院,40.0
循環器系の疾患,male,a70_74,70.0,74.0,False,False,一般診療所,31.4
循環器系の疾患,female,a70_74,70.0,74.0,False,False,総数,40.0
循環器系の疾患,female,a70_74,70.0,74.0,False,False,病院,42.1
循環器系の疾患,female,a70_74,70.0,74.0,False,False,一般診療所,12.3
高血圧性疾患,total,a70_74,70.0,74.0,False,False,総数,34.3
高血圧性疾患,total,a70_74,70.0,74.0,False,False,病院,34.7
高血圧性疾患,total,a70_74,70.0,74.0,False,False,一般診療所,31.3
高血圧性疾患,male,a70_74,70.0,74.0,False,False,総数,29.0
高血圧性疾患,male,a70_74,70.0,74.0,False,False,病院,22.4
高血圧性疾患,male,a70_74,70.0,74.0,False,False,一般診療所,94.4
高血圧性疾患,female,a70_74,70.0,74.0,False,False,総数,37.4
高血圧性疾患,female,a70_74,70.0,74.0,False,False,病院,42.7
高血圧性疾患,female,a70_74,70.0,74.0,False,False,一般診療所,9.7
心疾患(高血圧性のものを除く),total,a70_74,70.0,74.0,False,False,総数,16.7
心疾患(高血圧性のものを除く),total,a70_74,70.0,74.0,False,False,病院,17.0
心疾患(高血圧性のものを除く),total,a70_74,70.0,74.0,False,False,一般診療所,7.4
心疾患(高血圧性のものを除く),male,a70_74,70.0,74.0,False,False,総数,16.6
心疾患(高血圧性のものを除く),male,a70_74,70.0,74.0,False,False,病院,16.8
心疾患(高血圧性のものを除く),male,a70_74,70.0,74.0,False,False,一般診療所,5.0
心疾患(高血圧性のものを除く),female,a70_74,70.0,74.0,False,False,総数,16.8
心疾患(高血圧性のものを除く),female,a70_74,70.0,74.0,False,False,病院,17.2
心疾患(高血圧性のものを除く),female,a70_74,70.0,74.0,False,False,一般診療所,9.3
虚血性心疾患,total,a70_74,70.0,74.0,False,False,総数,14.9
虚血性心疾患,total,a70_74,70.0,74.0,False,False,病院,15.3
虚血性心疾患,total,a70_74,70.0,74.0,False,False,一般診療所,4.6
虚血性心疾患,male,a70_74,70.0,74.0,False,False,総数,15.3
虚血性心疾患,male,a70_74,70.0,74.0,False,False,病院,15.6
虚血性心疾患,male,a70_74,70.0,74.0,False,False,一般診療所,5.2
虚血性心疾患,female,a70_74,70.0,74.0,False,False,総数,14.0
虚血性心疾患,female,a70_74,70.0,74.0,False,False,病院,14.6
虚血性心疾患,female,a70_74,70.0,74.0,False,False,一般診療所,3.9
脳血管疾患,total,a70_74,70.0,74.0,False,False,総数,81.2
脳血管疾患,total,a70_74,70.0,74.0,False,False,病院,85.0
脳血管疾患,total,a70_74,70.0,74.0,False,False,一般診療所,40.4
脳血管疾患,male,a70_74,70.0,74.0,False,False,総数,81.3
脳血管疾患,male,a70_74,70.0,74.0,False,False,病院,84.9
脳血管疾患,male,a70_74,70.0,74.0,False,False,一般診療所,48.9
脳血管疾患,female,a70_74,70.0,74.0,False,False,総数,81.0
脳血管疾患,female,a70_74,70.0,74.0,False,False,病院,85.2
脳血管疾患,female,a70_74,70.0,74.0,False,False,一般診療所,18.5
呼吸器系の疾患,total,a70_74,70.0,74.0,False,False,総数,34.8
呼吸器系の疾患,total,a70_74,70.0,74.0,False,False,病院,35.3
呼吸器系の疾患,total,a70_74,70.0,74.0,False,False,一般診療所,19.8
呼吸器系の疾患,male,a70_74,70.0,74.0,False,False,総数,34.4
呼吸器系の疾患,male,a70_74,70.0,74.0,False,False,病院,34.9
呼吸器系の疾患,male,a70_74,70.0,74.0,False,False,一般診療所,20.2
呼吸器系の疾患,female,a70_74,70.0,74.0,False,False,総数,35.6
呼吸器系の疾患,female,a70_74,70.0,74.0,False,False,病院,36.0
呼吸器系の疾患,female,a70_74,70.0,74.0,False,False,一般診療所,18.4
急性上気道感染症,total,a70_74,70.0,74.0,False,False,総数,8.2
急性上気道感染症,total,a70_74,70.0,74.0,False,False,病院,8.5
急性上気道感染症,total,a70_74,70.0,74.0,False,False,一般診療所,2.0
急性上気道感染症,male,a70_74,70.0,74.0,False,False,総数,7.1
急性上気道感染症,male,a70_74,70.0,74.0,False,False,病院,7.1
急性上気道感染症,female,a70_74,70.0,74.0,False,False,総数,9.2
急性上気道感染症,female,a70_74,70.0,74.0,False,False,病院,9.9
急性上気道感染症,female,a70_74,70.0,74.0,False,False,一般診療所,2.0
肺炎,total,a70_74,70.0,74.0,False,False,総数,33.2
肺炎,total,a70_74,70.0,74.0,False,False,病院,34.0
肺炎,total,a70_74,70.0,74.0,False,False,一般診療所,13.4
肺炎,male,a70_74,70.0,74.0,False,False,総数,32.6
肺炎,male,a70_74,70.0,74.0,False,False,病院,33.5
肺炎,male,a70_74,70.0,74.0,False,False,一般診療所,12.4
肺炎,female,a70_74,70.0,74.0,False,False,総数,34.7
肺炎,female,a70_74,70.0,74.0,False,False,病院,35.1
肺炎,female,a70_74,70.0,74.0,False,False,一般診療所,17.3
急性気管支炎及び急性細気管支炎,total,a70_74,70.0,74.0,False,False,総数,13.8
急性気管支炎及び急性細気管支炎,total,a70_74,70.0,74.0,False,False,病院,13.7
急性気管支炎及び急性細気管支炎,total,a70_74,70.0,74.0,False,False,一般診療所,14.9
急性気管支炎及び急性細気管支炎,male,a70_74,70.0,74.0,False,False,総数,13.4
急性気管支炎及び急性細気管支炎,male,a70_74,70.0,74.0,False,False,病院,13.4
急性気管支炎及び急性細気管支炎,male,a70_74,70.0,74.0,False,False,一般診療所,13.7
急性気管支炎及び急性細気管支炎,female,a70_74,70.0,74.0,False,False,総数,14.2
急性気管支炎及び急性細気管支炎,female,a70_74,70.0,74.0,False,False,病院,14.0
急性気管支炎及び急性細気管支炎,female,a70_74,70.0,74.0,False,False,一般診療所,19.0
気管支炎及び慢性閉塞性肺疾患,total,a70_74,70.0,74.0,False,False,総数,32.3
気管支炎及び慢性閉塞性肺疾患,total,a70_74,70.0,74.0,False,False,病院,32.9
気管支炎及び慢性閉塞性肺疾患,total,a70_74,70.0,74.0,False,False,一般診療所,24.1
気管支炎及び慢性閉塞性肺疾患,male,a70_74,70.0,74.0,False,False,総数,32.9
気管支炎及び慢性閉塞性肺疾患,male,a70_74,70.0,74.0,False,False,病院,33.7
気管支炎及び慢性閉塞性肺疾患,male,a70_74,70.0,74.0,False,False,一般診療所,24.1
気管支炎及び慢性閉塞性肺疾患,female,a70_74,70.0,74.0,False,False,総数,29.8
気管支炎及び慢性閉塞性肺疾患,female,a70_74,70.0,74.0,False,False,病院,29.8
喘息,total,a70_74,70.0,74.0,False,False,総数,19.5
喘息,total,a70_74,70.0,74.0,False,False,病院,18.8
喘息,total,a70_74,70.0,74.0,False,False,一般診療所,34.4
喘息,male,a70_74,70.0,74.0,False,False,総数,16.7
喘息,male,a70_74,70.0,74.0,False,False,病院,16.6
喘息,male,a70_74,70.0,74.0,False,False,一般診療所,19.0
喘息,female,a70_74,70.0,74.0,False,False,総数,22.4
喘息,female,a70_74,70.0,74.0,False,False,病院,21.1
喘息,female,a70_74,70.0,74.0,False,False,一般診療所,68.0
消化器系の疾患,total,a70_74,70.0,74.0,False,False,総数,14.8
消化器系の疾患,total,a70_74,70.0,74.0,False,False,病院,15.6
消化器系の疾患,total,a70_74,70.0,74.0,False,False,一般診療所,6.2
消化器系の疾患,male,a70_74,70.0,74.0,False,False,総数,14.0
消化器系の疾患,male,a70_74,70.0,74.0,False,False,病院,14.7
消化器系の疾患,male,a70_74,70.0,74.0,False,False,一般診療所,6.9
消化器系の疾患,female,a70_74,70.0,74.0,False,False,総数,16.2
消化器系の疾患,female,a70_74,70.0,74.0,False,False,病院,17.0
消化器系の疾患,female,a70_74,70.0,74.0,False,False,一般診療所,4.4
う蝕,total,a70_74,70.0,74.0,False,False,総数,56.5
う蝕,total,a70_74,70.0,74.0,False,False,病院,56.5
う蝕,male,a70_74,70.0,74.0,False,False,総数,126.2
う蝕,male,a70_74,70.0,74.0,False,False,病院,126.2
う蝕,female,a70_74,70.0,74.0,False,False,総数,4.2
う蝕,female,a70_74,70.0,74.0,False,False,病院,4.2
歯肉炎及び歯周疾患,total,a70_74,70.0,74.0,False,False,総数,6.0
歯肉炎及び歯周疾患,total,a70_74,70.0,74.0,False,False,病院,6.0
歯肉炎及び歯周疾患,male,a70_74,70.0,74.0,False,False,総数,9.1
歯肉炎及び歯周疾患,male,a70_74,70.0,74.0,False,False,病院,9.1
歯肉炎及び歯周疾患,female,a70_74,70.0,74.0,False,False,総数,3.3
歯肉炎及び歯周疾患,female,a70_74,70.0,74.0,False,False,病院,3.3
胃潰瘍及び十二指腸潰瘍,total,a70_74,70.0,74.0,False,False,総数,27.2
胃潰瘍及び十二指腸潰瘍,total,a70_74,70.0,74.0,False,False,病院,25.9
胃潰瘍及び十二指腸潰瘍,total,a70_74,70.0,74.0,False,False,一般診療所,46.5
胃潰瘍及び十二指腸潰瘍,male,a70_74,70.0,74.0,False,False,総数,33.0
胃潰瘍及び十二指腸潰瘍,male,a70_74,70.0,74.0,False,False,病院,30.4
胃潰瘍及び十二指腸潰瘍,male,a70_74,70.0,74.0,False,False,一般診療所,79.9
胃潰瘍及び十二指腸潰瘍,female,a70_74,70.0,74.0,False,False,総数,17.7
胃潰瘍及び十二指腸潰瘍,female,a70_74,70.0,74.0,False,False,病院,18.4
胃潰瘍及び十二指腸潰瘍,female,a70_74,70.0,74.0,False,False,一般診療所,9.5
胃炎及び十二指腸炎,total,a70_74,70.0,74.0,False,False,総数,9.0
胃炎及び十二指腸炎,total,a70_74,70.0,74.0,False,False,病院,8.7
胃炎及び十二指腸炎,total,a70_74,70.0,74.0,False,False,一般診療所,12.5
胃炎及び十二指腸炎,male,a70_74,70.0,74.0,False,False,総数,9.4
胃炎及び十二指腸炎,male,a70_74,70.0,74.0,False,False,病院,8.6
胃炎及び十二指腸炎,male,a70_74,70.0,74.0,False,False,一般診療所,18.0
胃炎及び十二指腸炎,female,a70_74,70.0,74.0,False,False,総数,8.7
胃炎及び十二指腸炎,female,a70_74,70.0,74.0,False,False,病院,8.8
胃炎及び十二指腸炎,female,a70_74,70.0,74.0,False,False,一般診療所,7.0
肝疾患,total,a70_74,70.0,74.0,False,False,総数,39.0
肝疾患,total,a70_74,70.0,74.0,False,False,病院,40.9
肝疾患,total,a70_74,70.0,74.0,False,False,一般診療所,5.2
肝疾患,male,a70_74,70.0,74.0,False,False,総数,33.1
肝疾患,male,a70_74,70.0,74.0,False,False,病院,35.8
肝疾患,male,a70_74,70.0,74.0,False,False,一般診療所,5.2
肝疾患,female,a70_74,70.0,74.0,False,False,総数,46.8
肝疾患,female,a70_74,70.0,74.0,False,False,病院,47.0
肝疾患,female,a70_74,70.0,74.0,False,False,一般診療所,5.0
皮膚及び皮下組織の疾患,total,a70_74,70.0,74.0,False,False,総数,30.7
皮膚及び皮下組織の疾患,total,a70_74,70.0,74.0,False,False,病院,31.9
皮膚及び皮下組織の疾患,total,a70_74,70.0,74.0,False,False,一般診療所,17.4
皮膚及び皮下組織の疾患,male,a70_74,70.0,74.0,False,False,総数,29.0
皮膚及び皮下組織の疾患,male,a70_74,70.0,74.0,False,False,病院,29.2
皮膚及び皮下組織の疾患,male,a70_74,70.0,74.0,False,False,一般診療所,26.8
皮膚及び皮下組織の疾患,female,a70_74,70.0,74.0,False,False,総数,33.0
皮膚及び皮下組織の疾患,female,a70_74,70.0,74.0,False,False,病院,35.5
皮膚及び皮下組織の疾患,female,a70_74,70.0,74.0,False,False,一般診療所,6.5
筋骨格系及び結合組織の疾患,total,a70_74,70.0,74.0,False,False,総数,33.7
筋骨格系及び結合組織の疾患,total,a70_74,70.0,74.0,False,False,病院,34.2
筋骨格系及び結合組織の疾患,total,a70_74,70.0,74.0,False,False,一般診療所,28.9
筋骨格系及び結合組織の疾患,male,a70_74,70.0,74.0,False,False,総数,28.6
筋骨格系及び結合組織の疾患,male,a70_74,70.0,74.0,False,False,病院,28.5
筋骨格系及び結合組織の疾患,male,a70_74,70.0,74.0,False,False,一般診療所,29.5
筋骨格系及び結合組織の疾患,female,a70_74,70.0,74.0,False,False,総数,36.6
筋骨格系及び結合組織の疾患,female,a70_74,70.0,74.0,False,False,病院,37.5
筋骨格系及び結合組織の疾患,female,a70_74,70.0,74.0,False,False,一般診療所,28.6
炎症性多発性関節障害,total,a70_74,70.0,74.0,False,False,総数,42.8
炎症性多発性関節障害,total,a70_74,70.0,74.0,False,False,病院,41.5
炎症性多発性関節障害,total,a70_74,70.0,74.0,False,False,一般診療所,66.2
炎症性多発性関節障害,male,a70_74,70.0,74.0,False,False,総数,25.6
炎症性多発性関節障害,male,a70_74,70.0,74.0,False,False,病院,21.1
炎症性多発性関節障害,male,a70_74,70.0,74.0,False,False,一般診療所,49.4
炎症性多発性関節障害,female,a70_74,70.0,74.0,False,False,総数,48.1
炎症性多発性関節障害,female,a70_74,70.0,74.0,False,False,病院,47.0
炎症性多発性関節障害,female,a70_74,70.0,74.0,False,False,一般診療所,119.0
関節症,total,a70_74,70.0,74.0,False,False,総数,34.7
関節症,total,a70_74,70.0,74.0,False,False,病院,35.8
関節症,total,a70_74,70.0,74.0,False,False,一般診療所,23.0
関節症,male,a70_74,70.0,74.0,False,False,総数,32.7
関節症,male,a70_74,70.0,74.0,False,False,病院,32.4
関節症,male,a70_74,70.0,74.0,False,False,一般診療所,35.0
関節症,female,a70_74,70.0,74.0,False,False,総数,35.1
関節症,female,a70_74,70.0,74.0,False,False,病院,36.4
関節症,female,a70_74,70.0,74.0,False,False,一般診療所,20.5
脊柱障害,total,a70_74,70.0,74.0,False,False,総数,28.8
脊柱障害,total,a70_74,70.0,74.0,False,False,病院,28.8
脊柱障害,total,a70_74,70.0,74.0,False,False,一般診療所,28.4
脊柱障害,male,a70_74,70.0,74.0,False,False,総数,25.8
脊柱障害,male,a70_74,70.0,74.0,False,False,病院,25.9
脊柱障害,male,a70_74,70.0,74.0,False,False,一般診療所,24.9
脊柱障害,female,a70_74,70.0,74.0,False,False,総数,31.7
脊柱障害,female,a70_74,70.0,74.0,False,False,病院,31.8
脊柱障害,female,a70_74,70.0,74.0,False,False,一般診療所,31.0
骨の密度及び構造の障害,total,a70_74,70.0,74.0,False,False,総数,37.8
骨の密度及び構造の障害,total,a70_74,70.0,74.0,False,False,病院,37.8
骨の密度及び構造の障害,male,a70_74,70.0,74.0,False,False,総数,44.9
骨の密度及び構造の障害,male,a70_74,70.0,74.0,False,False,病院,44.9
骨の密度及び構造の障害,female,a70_74,70.0,74.0,False,False,総数,35.2
骨の密度及び構造の障害,female,a70_74,70.0,74.0,False,False,病院,35.2
腎尿路生殖器系の疾患,total,a70_74,70.0,74.0,False,False,総数,26.6
腎尿路生殖器系の疾患,total,a70_74,70.0,74.0,False,False,病院,26.2
腎尿路生殖器系の疾患,total,a70_74,70.0,74.0,False,False,一般診療所,30.6
腎尿路生殖器系の疾患,male,a70_74,70.0,74.0,False,False,総数,28.6
腎尿路生殖器系の疾患,male,a70_74,70.0,74.0,False,False,病院,27.2
腎尿路生殖器系の疾患,male,a70_74,70.0,74.0,False,False,一般診療所,40.9
腎尿路生殖器系の疾患,female,a70_74,70.0,74.0,False,False,総数,23.5
腎尿路生殖器系の疾患,female,a70_74,70.0,74.0,False,False,病院,24.6
腎尿路生殖器系の疾患,female,a70_74,70.0,74.0,False,False,一般診療所,11.8
"糸球体疾患,腎尿細管間質性疾患及び腎不全",total,a70_74,70.0,74.0,False,False,総数,44.0
"糸球体疾患,腎尿細管間質性疾患及び腎不全",total,a70_74,70.0,74.0,False,False,病院,43.8
"糸球体疾患,腎尿細管間質性疾患及び腎不全",total,a70_74,70.0,74.0,False,False,一般診療所,45.1
"糸球体疾患,腎尿細管間質性疾患及び腎不全",male,a70_74,70.0,74.0,False,False,総数,52.9
"糸球体疾患,腎尿細管間質性疾患及び腎不全",male,a70_74,70.0,74.0,False,False,病院,49.9
"糸球体疾患,腎尿細管間質性疾患及び腎不全",male,a70_74,70.0,74.0,False,False,一般診療所,79.7
"糸球体疾患,腎尿細管間質性疾患及び腎不全",female,a70_74,70.0,74.0,False,False,総数,32.7
"糸球体疾患,腎尿細管間質性疾患及び腎不全",female,a70_74,70.0,74.0,False,False,病院,35.9
"糸球体疾患,腎尿細管間質性疾患及び腎不全",female,a70_74,70.0,74.0,False,False,一般診療所,12.5
前立腺肥大(症),total,a70_74,70.0,74.0,False,False,総数,9.8
前立腺肥大(症),total,a70_74,70.0,74.0,False,False,病院,9.8
前立腺肥大(症),total,a70_74,70.0,74.0,False,False,一般診療所,10.0
前立腺肥大(症),male,a70_74,70.0,74.0,False,False,総数,9.8
前立腺肥大(症),male,a70_74,70.0,74.0,False,False,病院,9.8
前立腺肥大(症),male,a70_74,70.0,74.0,False,False,一般診療所,10.0
乳房及び女性生殖器の疾患,total,a70_74,70.0,74.0,False,False,総数,10.2
乳房及び女性生殖器の疾患,total,a70_74,70.0,74.0,False,False,病院,10.3
乳房及び女性生殖器の疾患,total,a70_74,70.0,74.0,False,False,一般診療所,7.4
乳房及び女性生殖器の疾患,male,a70_74,70.0,74.0,False,False,総数,7.4
乳房及び女性生殖器の疾患,male,a70_74,70.0,74.0,False,False,病院,7.4
乳房及び女性生殖器の疾患,female,a70_74,70.0,74.0,False,False,総数,10.2
乳房及び女性生殖器の疾患,female,a70_74,70.0,74.0,False,False,病院,10.3
乳房及び女性生殖器の疾患,female,a70_74,70.0,74.0,False,False,一般診療所,7.4
"先天奇形,変形及び染色体異常",total,a70_74,70.0,74.0,False,False,総数,18.9
"先天奇形,変形及び染色体異常",total,a70_74,70.0,74.0,False,False,病院,18.9
"先天奇形,変形及び染色体異常",male,a70_74,70.0,74.0,False,False,総数,16.0
"先天奇形,変形及び染色体異常",male,a70_74,70.0,74.0,False,False,病院,16.0
"先天奇形,変形及び染色体異常",female,a70_74,70.0,74.0,False,False,総数,21.8
"先天奇形,変形及び染色体異常",female,a70_74,70.0,74.0,False,False,病院,21.8
"症状,徴候及び異常臨床所見・異常検査所見で他に分類されないもの",total,a70_74,70.0,74.0,False,False,総数,18.3
"症状,徴候及び異常臨床所見・異常検査所見で他に分類されないもの",total,a70_74,70.0,74.0,False,False,病院,18.0
"症状,徴候及び異常臨床所見・異常検査所見で他に分類されないもの",total,a70_74,70.0,74.0,False,False,一般診療所,27.1
"症状,徴候及び異常臨床所見・異常検査所見で他に分類されないもの",male,a70_74,70.0,74.0,False,False,総数,18.4
"症状,徴候及び異常臨床所見・異常検査所見で他に分類されないもの",male,a70_74,70.0,74.0,False,False,病院,17.5
"症状,徴候及び異常臨床所見・異常検査所見で他に分類されないもの",male,a70_74,70.0,74.0,False,False,一般診療所,41.6
"症状,徴候及び異常臨床所見・異常検査所見で他に分類されないもの",female,a70_74,70.0,74.0,False,False,総数,18.3
"症状,徴候及び異常臨床所見・異常検査所見で他に分類されないもの",female,a70_74,70.0,74.0,False,False,病院,18.4
"症状,徴候及び異常臨床所見・異常検査所見で他に分類されないもの",female,a70_74,70.0,74.0,False,False,一般診療所,13.5
"損傷,中毒及びその他の外因の影響",total,a70_74,70.0,74.0,False,False,総数,39.9
"損傷,中毒及びその他の外因の影響",total,a70_74,70.0,74.0,False,False,病院,39.6
"損傷,中毒及びその他の外因の影響",total,a70_74,70.0,74.0,False,False,一般診療所,42.1
"損傷,中毒及びその他の外因の影響",male,a70_74,70.0,74.0,False,False,総数,41.0
"損傷,中毒及びその他の外因の影響",male,a70_74,70.0,74.0,False,False,病院,38.8
"損傷,中毒及びその他の外因の影響",male,a70_74,70.0,74.0,False,False,一般診療所,63.6
"損傷,中毒及びその他の外因の影響",female,a70_74,70.0,74.0,False,False,総数,39.1
"損傷,中毒及びその他の外因の影響",female,a70_74,70.0,74.0,False,False,病院,40.2
"損傷,中毒及びその他の外因の影響",female,a70_74,70.0,74.0,False,False,一般診療所,30.4
骨折,total,a70_74,70.0,74.0,False,False,総数,42.8
骨折,total,a70_74,70.0,74.0,False,False,病院,42.6
骨折,total,a70_74,70.0,74.0,False,False,一般診療所,44.7
骨折,male,a70_74,70.0,74.0,False,False,総数,43.1
骨折,male,a70_74,70.0,74.0,False,False,病院,40.5
骨折,male,a70_74,70.0,74.0,False,False,一般診療所,62.1
骨折,female,a70_74,70.0,74.0,False,False,総数,42.7
骨折,female,a70_74,70.0,74.0,False,False,病院,43.5
骨折,female,a70_74,70.0,74.0,False,False,一般診療所,36.1
健康状態に影響を及ぼす要因及び保健サービスの利用,total,a70_74,70.0,74.0,False,False,総数,22.9
健康状態に影響を及ぼす要因及び保健サービスの利用,total,a70_74,70.0,74.0,False,False,病院,20.0
健康状態に影響を及ぼす要因及び保健サービスの利用,total,a70_74,70.0,74.0,False,False,一般診療所,37.6
健康状態に影響を及ぼす要因及び保健サービスの利用,male,a70_74,70.0,74.0,False,False,総数,21.9
健康状態に影響を及ぼす要因及び保健サービスの利用,male,a70_74,70.0,74.0,False,False,病院,24.2
健康状態に影響を及ぼす要因及び保健サービスの利用,male,a70_74,70.0,74.0,False,False,一般診療所,1.3
健康状態に影響を及ぼす要因及び保健サービスの利用,female,a70_74,70.0,74.0,False,False,総数,23.8
健康状態に影響を及ぼす要因及び保健サービスの利用,female,a70_74,70.0,74.0,False,False,病院,16.0
健康状態に影響を及ぼす要因及び保健サービスの利用,female,a70_74,70.0,74.0,False,False,一般診療所,51.1
歯の補てつ,total,a70_74,70.0,74.0,False,False,総数,2.0
歯の補てつ,total,a70_74,70.0,74.0,False,False,病院,2.0
歯の補てつ,male,a70_74,70.0,74.0,False,False,総数,2.4
歯の補てつ,male,a70_74,70.0,74.0,False,False,病院,2.4
歯の補てつ,female,a70_74,70.0,74.0,False,False,総数,1.9
歯の補てつ,female,a70_74,70.0,74.0,False,False,病院,1.9
総数,total,a75_79,75.0,79.0,False,False,総数,41.9
総数,total,a75_79,75.0,79.0,False,False,病院,42.9
総数,total,a75_79,75.0,79.0,False,False,一般診療所,29.9
総数,male,a75_79,75.0,79.0,False,False,総数,37.8
総数,male,a75_79,75.0,79.0,False,False,病院,39.4
総数,male,a75_79,75.0,79.0,False,False,一般診療所,16.8
総数,female,a75_79,75.0,79.0,False,False,総数,46.4
総数,female,a75_79,75.0,79.0,False,False,病院,47.0
総数,female,a75_79,75.0,79.0,False,False,一般診療所,40.5
感染症及び寄生虫症,total,a75_79,75.0,79.0,False,False,総数,33.4
感染症及び寄生虫症,total,a75_79,75.0,79.0,False,False,病院,34.7
感染症及び寄生虫症,total,a75_79,75.0,79.0,False,False,一般診療所,12.7
感染症及び寄生虫症,male,a75_79,75.0,79.0,False,False,総数,31.4
感染症及び寄生虫症,male,a75_79,75.0,79.0,False,False,病院,31.4
感染症及び寄生虫症,male,a75_79,75.0,79.0,False,False,一般診療所,31.7
感染症及び寄生虫症,female,a75_79,75.0,79.0,False,False,総数,35.1
感染症及び寄生虫症,female,a75_79,75.0,79.0,False,False,病院,37.6
感染症及び寄生虫症,female,a75_79,75.0,79.0,False,False,一般診療所,4.3
腸管感染症,total,a75_79,75.0,79.0,False,False,総数,13.6
腸管感染症,total,a75_79,75.0,79.0,False,False,病院,14.6
腸管感染症,total,a75_79,75.0,79.0,False,False,一般診療所,4.2
腸管感染症,male,a75_79,75.0,79.0,False,False,総数,11.4
腸管感染症,male,a75_79,75.0,79.0,False,False,病院,11.7
腸管感染症,male,a75_79,75.0,79.0,False,False,一般診療所,5.2
腸管感染症,female,a75_79,75.0,79.0,False,False,総数,15.1
腸管感染症,female,a75_79,75.0,79.0,False,False,病院,16.7
腸管感染症,female,a75_79,75.0,79.0,False,False,一般診療所,3.9
結核,total,a75_79,75.0,79.0,False,False,総数,61.9
結核,total,a75_79,75.0,79.0,False,False,病院,61.9
結核,male,a75_79,75.0,79.0,False,False,総数,59.1
結核,male,a75_79,75.0,79.0,False,False,病院,59.1
結核,female,a75_79,75.0,79.0,False,False,総数,66.6
結核,female,a75_79,75.0,79.0,False,False,病院,66.6
皮膚及び粘膜の病変を伴うウイルス疾患,total,a75_79,75.0,79.0,False,False,総数,11.8
皮膚及び粘膜の病変を伴うウイルス疾患,total,a75_79,75.0,79.0,False,False,病院,11.8
皮膚及び粘膜の病変を伴うウイルス疾患,total,a75_79,75.0,79.0,False,False,一般診療所,10.1
皮膚及び粘膜の病変を伴うウイルス疾患,male,a75_79,75.0,79.0,False,False,総数,11.5
皮膚及び粘膜の病変を伴うウイルス疾患,male,a75_79,75.0,79.0,False,False,病院,11.6
皮膚及び粘膜の病変を伴うウイルス疾患,male,a75_79,75.0,79.0,False,False,一般診療所,10.7
皮膚及び粘膜の病変を伴うウイルス疾患,female,a75_79,75.0,79.0,False,False,総数,11.9
皮膚及び粘膜の病変を伴うウイルス疾患,female,a75_79,75.0,79.0,False,False,病院,12.0
皮膚及び粘膜の病変を伴うウイルス疾患,female,a75_79,75.0,79.0,False,False,一般診療所,9.7
真菌症,total,a75_79,75.0,79.0,False,False,総数,40.0
真菌症,total,a75_79,75.0,79.0,False,False,病院,40.0
真菌症,male,a75_79,75.0,79.0,False,False,総数,36.5
真菌症,male,a75_79,75.0,79.0,False,False,病院,36.5
真菌症,female,a75_79,75.0,79.0,False,False,総数,45.7
真菌症,female,a75_79,75.0,79.0,False,False,病院,45.7
新生物,total,a75_79,75.0,79.0,False,False,総数,25.9
新生物,total,a75_79,75.0,79.0,False,False,病院,25.7
新生物,total,a75_79,75.0,79.0,False,False,一般診療所,30.3
新生物,male,a75_79,75.0,79.0,False,False,総数,24.0
新生物,male,a75_79,75.0,79.0,False,False,病院,23.9
新生物,male,a75_79,75.0,79.0,False,False,一般診療所,27.0
新生物,female,a75_79,75.0,79.0,False,False,総数,29.1
新生物,female,a75_79,75.0,79.0,False,False,病院,28.8
新生物,female,a75_79,75.0,79.0,False,False,一般診療所,34.2
悪性新生物,total,a75_79,75.0,79.0,False,False,総数,26.7
悪性新生物,total,a75_79,75.0,79.0,False,False,病院,26.4
悪性新生物,total,a75_79,75.0,79.0,False,False,一般診療所,34.7
悪性新生物,male,a75_79,75.0,79.0,False,False,総数,24.8
悪性新生物,male,a75_79,75.0,79.0,False,False,病院,24.6
悪性新生物,male,a75_79,75.0,79.0,False,False,一般診療所,31.8
悪性新生物,female,a75_79,75.0,79.0,False,False,総数,30.2
悪性新生物,female,a75_79,75.0,79.0,False,False,病院,29.9
悪性新生物,female,a75_79,75.0,79.0,False,False,一般診療所,37.8
胃の悪性新生物,total,a75_79,75.0,79.0,False,False,総数,29.5
胃の悪性新生物,total,a75_79,75.0,79.0,False,False,病院,28.9
胃の悪性新生物,total,a75_79,75.0,79.0,False,False,一般診療所,43.2
胃の悪性新生物,male,a75_79,75.0,79.0,False,False,総数,26.9
胃の悪性新生物,male,a75_79,75.0,79.0,False,False,病院,26.6
胃の悪性新生物,male,a75_79,75.0,79.0,False,False,一般診療所,41.6
胃の悪性新生物,female,a75_79,75.0,79.0,False,False,総数,35.8
胃の悪性新生物,female,a75_79,75.0,79.0,False,False,病院,35.0
胃の悪性新生物,female,a75_79,75.0,79.0,False,False,一般診療所,44.0
結腸及び直腸の悪性新生物,total,a75_79,75.0,79.0,False,False,総数,21.6
結腸及び直腸の悪性新生物,total,a75_79,75.0,79.0,False,False,病院,21.2
結腸及び直腸の悪性新生物,total,a75_79,75.0,79.0,False,False,一般診療所,35.8
結腸及び直腸の悪性新生物,male,a75_79,75.0,79.0,False,False,総数,21.0
結腸及び直腸の悪性新生物,male,a75_79,75.0,79.0,False,False,病院,21.2
結腸及び直腸の悪性新生物,male,a75_79,75.0,79.0,False,False,一般診療所,2.0
結腸及び直腸の悪性新生物,female,a75_79,75.0,79.0,False,False,総数,22.4
結腸及び直腸の悪性新生物,female,a75_79,75.0,79.0,False,False,病院,21.2
結腸及び直腸の悪性新生物,female,a75_79,75.0,79.0,False,False,一般診療所,43.1
"気管,気管支及び肺の悪性新生物",total,a75_79,75.0,79.0,False,False,総数,29.8
"気管,気管支及び肺の悪性新生物",total,a75_79,75.0,79.0,False,False,病院,29.8
"気管,気管支及び肺の悪性新生物",total,a75_79,75.0,79.0,False,False,一般診療所,23.8
"気管,気管支及び肺の悪性新生物",male,a75_79,75.0,79.0,False,False,総数,27.6
"気管,気管支及び肺の悪性新生物",male,a75_79,75.0,79.0,False,False,病院,27.6
"気管,気管支及び肺の悪性新生物",male,a75_79,75.0,79.0,False,False,一般診療所,22.8
"気管,気管支及び肺の悪性新生物",female,a75_79,75.0,79.0,False,False,総数,35.1
"気管,気管支及び肺の悪性新生物",female,a75_79,75.0,79.0,False,False,病院,35.2
"気管,気管支及び肺の悪性新生物",female,a75_79,75.0,79.0,False,False,一般診療所,25.3
血液及び造血器の疾患並びに免疫機構の障害,total,a75_79,75.0,79.0,False,False,総数,27.2
血液及び造血器の疾患並びに免疫機構の障害,total,a75_79,75.0,79.0,False,False,病院,28.2
血液及び造血器の疾患並びに免疫機構の障害,total,a75_79,75.0,79.0,False,False,一般診療所,9.3
血液及び造血器の疾患並びに免疫機構の障害,male,a75_79,75.0,79.0,False,False,総数,20.8
血液及び造血器の疾患並びに免疫機構の障害,male,a75_79,75.0,79.0,False,False,病院,22.3
血液及び造血器の疾患並びに免疫機構の障害,male,a75_79,75.0,79.0,False,False,一般診療所,3.2
血液及び造血器の疾患並びに免疫機構の障害,female,a75_79,75.0,79.0,False,False,総数,33.5
血液及び造血器の疾患並びに免疫機構の障害,female,a75_79,75.0,79.0,False,False,病院,33.7
血液及び造血器の疾患並びに免疫機構の障害,female,a75_79,75.0,79.0,False,False,一般診療所,26.4
"内分泌,栄養及び代謝疾患",total,a75_79,75.0,79.0,False,False,総数,34.3
"内分泌,栄養及び代謝疾患",total,a75_79,75.0,79.0,False,False,病院,34.3
"内分泌,栄養及び代謝疾患",total,a75_79,75.0,79.0,False,False,一般診療所,34.4
"内分泌,栄養及び代謝疾患",male,a75_79,75.0,79.0,False,False,総数,34.3
"内分泌,栄養及び代謝疾患",male,a75_79,75.0,79.0,False,False,病院,36.0
"内分泌,栄養及び代謝疾患",male,a75_79,75.0,79.0,False,False,一般診療所,19.5
"内分泌,栄養及び代謝疾患",female,a75_79,75.0,79.0,False,False,総数,34.3
"内分泌,栄養及び代謝疾患",female,a75_79,75.0,79.0,False,False,病院,32.8
"内分泌,栄養及び代謝疾患",female,a75_79,75.0,79.0,False,False,一般診療所,56.2
甲状腺障害,total,a75_79,75.0,79.0,False,False,総数,21.6
甲状腺障害,total,a75_79,75.0,79.0,False,False,病院,23.1
甲状腺障害,total,a75_79,75.0,79.0,False,False,一般診療所,1.0
甲状腺障害,male,a75_79,75.0,79.0,False,False,総数,26.5
甲状腺障害,male,a75_79,75.0,79.0,False,False,病院,26.5
甲状腺障害,female,a75_79,75.0,79.0,False,False,総数,20.7
甲状腺障害,female,a75_79,75.0,79.0,False,False,病院,22.4
甲状腺障害,female,a75_79,75.0,79.0,False,False,一般診療所,1.0
糖尿病,total,a75_79,75.0,79.0,False,False,総数,39.1
糖尿病,total,a75_79,75.0,79.0,False,False,病院,38.4
糖尿病,total,a75_79,75.0,79.0,False,False,一般診療所,48.0
糖尿病,male,a75_79,75.0,79.0,False,False,総数,39.0
糖尿病,male,a75_79,75.0,79.0,False,False,病院,39.1
糖尿病,male,a75_79,75.0,79.0,False,False,一般診療所,37.1
糖尿病,female,a75_79,75.0,79.0,False,False,総数,39.3
糖尿病,female,a75_79,75.0,79.0,False,False,病院,37.8
糖尿病,female,a75_79,75.0,79.0,False,False,一般診療所,58.6
精神及び行動の障害,total,a75_79,75.0,79.0,False,False,総数,439.8
精神及び行動の障害,total,a75_79,75.0,79.0,False,False,病院,484.2
精神及び行動の障害,total,a75_79,75.0,79.0,False,False,一般診療所,28.9
精神及び行動の障害,male,a75_79,75.0,79.0,False,False,総数,489.9
精神及び行動の障害,male,a75_79,75.0,79.0,False,False,病院,527.3
精神及び行動の障害,male,a75_79,75.0,79.0,False,False,一般診療所,47.8
精神及び行動の障害,female,a75_79,75.0,79.0,False,False,総数,404.2
精神及び行動の障害,female,a75_79,75.0,79.0,False,False,病院,452.5
精神及び行動の障害,female,a75_79,75.0,79.0,False,False,一般診療所,19.6
"統合失調症,統合失調症型障害及び妄想性障害",total,a75_79,75.0,79.0,False,False,総数,1459.7
"統合失調症,統合失調症型障害及び妄想性障害",total,a75_79,75.0,79.0,False,False,病院,1459.7
"統合失調症,統合失調症型障害及び妄想性障害",male,a75_79,75.0,79.0,False,False,総数,1614.1
"統合失調症,統合失調症型障害及び妄想性障害",male,a75_79,75.0,79.0,False,False,病院,1614.1
"統合失調症,統合失調症型障害及び妄想性障害",female,a75_79,75.0,79.0,False,False,総数,1334.3
"統合失調症,統合失調症型障害及び妄想性障害",female,a75_79,75.0,79.0,False,False,病院,1334.3
気分[感情]障害(躁うつ病を含む),total,a75_79,75.0,79.0,False,False,総数,177.4
気分[感情]障害(躁うつ病を含む),total,a75_79,75.0,79.0,False,False,病院,193.1
気分[感情]障害(躁うつ病を含む),total,a75_79,75.0,79.0,False,False,一般診療所,20.8
気分[感情]障害(躁うつ病を含む),male,a75_79,75.0,79.0,False,False,総数,191.4
気分[感情]障害(躁うつ病を含む),male,a75_79,75.0,79.0,False,False,病院,191.4
気分[感情]障害(躁うつ病を含む),female,a75_79,75.0,79.0,False,False,総数,172.8
気分[感情]障害(躁うつ病を含む),female,a75_79,75.0,79.0,False,False,病院,193.7
気分[感情]障害(躁うつ病を含む),female,a75_79,75.0,79.0,False,False,一般診療所,20.8
"神経症性障害,ストレス関連障害及び身体表現性障害",total,a75_79,75.0,79.0,False,False,総数,52.1
"神経症性障害,ストレス関連障害及び身体表現性障害",total,a75_79,75.0,79.0,False,False,病院,66.2
"神経症性障害,ストレス関連障害及び身体表現性障害",total,a75_79,75.0,79.0,False,False,一般診療所,12.1
"神経症性障害,ストレス関連障害及び身体表現性障害",male,a75_79,75.0,79.0,False,False,総数,116.0
"神経症性障害,ストレス関連障害及び身体表現性障害",male,a75_79,75.0,79.0,False,False,病院,125.3
"神経症性障害,ストレス関連障害及び身体表現性障害",male,a75_79,75.0,79.0,False,False,一般診療所,2.0
"神経症性障害,ストレス関連障害及び身体表現性障害",female,a75_79,75.0,79.0,False,False,総数,30.5
"神経症性障害,ストレス関連障害及び身体表現性障害",female,a75_79,75.0,79.0,False,False,病院,38.9
"神経症性障害,ストレス関連障害及び身体表現性障害",female,a75_79,75.0,79.0,False,False,一般診療所,12.9
神経系の疾患,total,a75_79,75.0,79.0,False,False,総数,85.3
神経系の疾患,total,a75_79,75.0,79.0,False,False,病院,87.5
神経系の疾患,total,a75_79,75.0,79.0,False,False,一般診療所,60.8
神経系の疾患,male,a75_79,75.0,79.0,False,False,総数,75.9
神経系の疾患,male,a75_79,75.0,79.0,False,False,病院,79.4
神経系の疾患,male,a75_79,75.0,79.0,False,False,一般診療所,5.4
神経系の疾患,female,a75_79,75.0,79.0,False,False,総数,93.8
神経系の疾患,female,a75_79,75.0,79.0,False,False,病院,95.1
神経系の疾患,female,a75_79,75.0,79.0,False,False,一般診療所,83.1
眼及び付属器の疾患,total,a75_79,75.0,79.0,False,False,総数,6.8
眼及び付属器の疾患,total,a75_79,75.0,79.0,False,False,病院,7.7
眼及び付属器の疾患,total,a75_79,75.0,79.0,False,False,一般診療所,3.1
眼及び付属器の疾患,male,a75_79,75.0,79.0,False,False,総数,8.6
眼及び付属器の疾患,male,a75_79,75.0,79.0,False,False,病院,9.7
眼及び付属器の疾患,male,a75_79,75.0,79.0,False,False,一般診療所,3.7
眼及び付属器の疾患,female,a75_79,75.0,79.0,False,False,総数,5.6
眼及び付属器の疾患,female,a75_79,75.0,79.0,False,False,病院,6.3
眼及び付属器の疾患,female,a75_79,75.0,79.0,False,False,一般診療所,2.6
白内障,total,a75_79,75.0,79.0,False,False,総数,5.9
白内障,total,a75_79,75.0,79.0,False,False,病院,6.7
白内障,total,a75_79,75.0,79.0,False,False,一般診療所,3.0
白内障,male,a75_79,75.0,79.0,False,False,総数,8.6
白内障,male,a75_79,75.0,79.0,False,False,病院,9.9
白内障,male,a75_79,75.0,79.0,False,False,一般診療所,3.8
白内障,female,a75_79,75.0,79.0,False,False,総数,4.1
白内障,female,a75_79,75.0,79.0,False,False,病院,4.5
白内障,female,a75_79,75.0,79.0,False,False,一般診療所,2.3
耳及び乳様突起の疾患,total,a75_79,75.0,79.0,False,False,総数,13.9
耳及び乳様突起の疾患,total,a75_79,75.0,79.0,False,False,病院,14.2
耳及び乳様突起の疾患,total,a75_79,75.0,79.0,False,False,一般診療所,10.7
耳及び乳様突起の疾患,male,a75_79,75.0,79.0,False,False,総数,7.3
耳及び乳様突起の疾患,male,a75_79,75.0,79.0,False,False,病院,7.3
耳及び乳様突起の疾患,male,a75_79,75.0,79.0,False,False,一般診療所,7.6
耳及び乳様突起の疾患,female,a75_79,75.0,79.0,False,False,総数,16.8
耳及び乳様突起の疾患,female,a75_79,75.0,79.0,False,False,病院,17.2
耳及び乳様突起の疾患,female,a75_79,75.0,79.0,False,False,一般診療所,12.7
循環器系の疾患,total,a75_79,75.0,79.0,False,False,総数,53.6
循環器系の疾患,total,a75_79,75.0,79.0,False,False,病院,52.9
循環器系の疾患,total,a75_79,75.0,79.0,False,False,一般診療所,60.3
循環器系の疾患,male,a75_79,75.0,79.0,False,False,総数,47.4
循環器系の疾患,male,a75_79,75.0,79.0,False,False,病院,48.8
循環器系の疾患,male,a75_79,75.0,79.0,False,False,一般診療所,28.9
循環器系の疾患,female,a75_79,75.0,79.0,False,False,総数,61.7
循環器系の疾患,female,a75_79,75.0,79.0,False,False,病院,58.7
循環器系の疾患,female,a75_79,75.0,79.0,False,False,一般診療所,88.2
高血圧性疾患,total,a75_79,75.0,79.0,False,False,総数,23.5
高血圧性疾患,total,a75_79,75.0,79.0,False,False,病院,23.7
高血圧性疾患,total,a75_79,75.0,79.0,False,False,一般診療所,22.0
高血圧性疾患,male,a75_79,75.0,79.0,False,False,総数,19.8
高血圧性疾患,male,a75_79,75.0,79.0,False,False,病院,20.6
高血圧性疾患,male,a75_79,75.0,79.0,False,False,一般診療所,11.6
高血圧性疾患,female,a75_79,75.0,79.0,False,False,総数,25.4
高血圧性疾患,female,a75_79,75.0,79.0,False,False,病院,25.3
高血圧性疾患,female,a75_79,75.0,79.0,False,False,一般診療所,26.4
心疾患(高血圧性のものを除く),total,a75_79,75.0,79.0,False,False,総数,27.6
心疾患(高血圧性のものを除く),total,a75_79,75.0,79.0,False,False,病院,22.1
心疾患(高血圧性のものを除く),total,a75_79,75.0,79.0,False,False,一般診療所,123.5
心疾患(高血圧性のものを除く),male,a75_79,75.0,79.0,False,False,総数,20.7
心疾患(高血圧性のものを除く),male,a75_79,75.0,79.0,False,False,病院,21.1
心疾患(高血圧性のものを除く),male,a75_79,75.0,79.0,False,False,一般診療所,11.8
心疾患(高血圧性のものを除く),female,a75_79,75.0,79.0,False,False,総数,37.3
心疾患(高血圧性のものを除く),female,a75_79,75.0,79.0,False,False,病院,23.5
心疾患(高血圧性のものを除く),female,a75_79,75.0,79.0,False,False,一般診療所,209.1
虚血性心疾患,total,a75_79,75.0,79.0,False,False,総数,18.0
虚血性心疾患,total,a75_79,75.0,79.0,False,False,病院,14.1
虚血性心疾患,total,a75_79,75.0,79.0,False,False,一般診療所,86.6
虚血性心疾患,male,a75_79,75.0,79.0,False,False,総数,14.0
虚血性心疾患,male,a75_79,75.0,79.0,False,False,病院,14.4
虚血性心疾患,male,a75_79,75.0,79.0,False,False,一般診療所,4.9
虚血性心疾患,female,a75_79,75.0,79.0,False,False,総数,25.0
虚血性心疾患,female,a75_79,75.0,79.0,False,False,病院,13.5
虚血性心疾患,female,a75_79,75.0,79.0,False,False,一般診療所,164.6
脳血管疾患,total,a75_79,75.0,79.0,False,False,総数,98.3
脳血管疾患,total,a75_79,75.0,79.0,False,False,病院,106.0
脳血管疾患,total,a75_79,75.0,79.0,False,False,一般診療所,39.1
脳血管疾患,male,a75_79,75.0,79.0,False,False,総数,91.9
脳血管疾患,male,a75_79,75.0,79.0,False,False,病院,97.7
脳血管疾患,male,a75_79,75.0,79.0,False,False,一般診療所,43.0
脳血管疾患,female,a75_79,75.0,79.0,False,False,総数,106.4
脳血管疾患,female,a75_79,75.0,79.0,False,False,病院,116.9
脳血管疾患,female,a75_79,75.0,79.0,False,False,一般診療所,35.0
呼吸器系の疾患,total,a75_79,75.0,79.0,False,False,総数,35.8
呼吸器系の疾患,total,a75_79,75.0,79.0,False,False,病院,37.2
呼吸器系の疾患,total,a75_79,75.0,79.0,False,False,一般診療所,15.2
呼吸器系の疾患,male,a75_79,75.0,79.0,False,False,総数,35.6
呼吸器系の疾患,male,a75_79,75.0,79.0,False,False,病院,37.0
呼吸器系の疾患,male,a75_79,75.0,79.0,False,False,一般診療所,11.5
呼吸器系の疾患,female,a75_79,75.0,79.0,False,False,総数,36.0
呼吸器系の疾患,female,a75_79,75.0,79.0,False,False,病院,37.4
呼吸器系の疾患,female,a75_79,75.0,79.0,False,False,一般診療所,19.9
急性上気道感染症,total,a75_79,75.0,79.0,False,False,総数,9.6
急性上気道感染症,total,a75_79,75.0,79.0,False,False,病院,9.6
急性上気道感染症,male,a75_79,75.0,79.0,False,False,総数,7.5
急性上気道感染症,male,a75_79,75.0,79.0,False,False,病院,7.5
急性上気道感染症,female,a75_79,75.0,79.0,False,False,総数,11.4
急性上気道感染症,female,a75_79,75.0,79.0,False,False,病院,11.4
肺炎,total,a75_79,75.0,79.0,False,False,総数,31.8
肺炎,total,a75_79,75.0,79.0,False,False,病院,33.3
肺炎,total,a75_79,75.0,79.0,False,False,一般診療所,12.8
肺炎,male,a75_79,75.0,79.0,False,False,総数,32.4
肺炎,male,a75_79,75.0,79.0,False,False,病院,33.7
肺炎,male,a75_79,75.0,79.0,False,False,一般診療所,12.3
肺炎,female,a75_79,75.0,79.0,False,False,総数,30.7
肺炎,female,a75_79,75.0,79.0,False,False,病院,32.6
肺炎,female,a75_79,75.0,79.0,False,False,一般診療所,13.3
急性気管支炎及び急性細気管支炎,total,a75_79,75.0,79.0,False,False,総数,15.9
急性気管支炎及び急性細気管支炎,total,a75_79,75.0,79.0,False,False,病院,17.3
急性気管支炎及び急性細気管支炎,total,a75_79,75.0,79.0,False,False,一般診療所,6.9
急性気管支炎及び急性細気管支炎,male,a75_79,75.0,79.0,False,False,総数,16.8
急性気管支炎及び急性細気管支炎,male,a75_79,75.0,79.0,False,False,病院,17.2
急性気管支炎及び急性細気管支炎,male,a75_79,75.0,79.0,False,False,一般診療所,11.0
急性気管支炎及び急性細気管支炎,female,a75_79,75.0,79.0,False,False,総数,15.1
急性気管支炎及び急性細気管支炎,female,a75_79,75.0,79.0,False,False,病院,17.3
急性気管支炎及び急性細気管支炎,female,a75_79,75.0,79.0,False,False,一般診療所,5.8
気管支炎及び慢性閉塞性肺疾患,total,a75_79,75.0,79.0,False,False,総数,34.5
気管支炎及び慢性閉塞性肺疾患,total,a75_79,75.0,79.0,False,False,病院,39.3
気管支炎及び慢性閉塞性肺疾患,total,a75_79,75.0,79.0,False,False,一般診療所,5.5
気管支炎及び慢性閉塞性肺疾患,male,a75_79,75.0,79.0,False,False,総数,33.0
気管支炎及び慢性閉塞性肺疾患,male,a75_79,75.0,79.0,False,False,病院,38.0
気管支炎及び慢性閉塞性肺疾患,male,a75_79,75.0,79.0,False,False,一般診療所,5.0
気管支炎及び慢性閉塞性肺疾患,female,a75_79,75.0,79.0,False,False,総数,39.5
気管支炎及び慢性閉塞性肺疾患,female,a75_79,75.0,79.0,False,False,病院,43.4
気管支炎及び慢性閉塞性肺疾患,female,a75_79,75.0,79.0,False,False,一般診療所,7.9
喘息,total,a75_79,75.0,79.0,False,False,総数,21.7
喘息,total,a75_79,75.0,79.0,False,False,病院,21.1
喘息,total,a75_79,75.0,79.0,False,False,一般診療所,31.0
喘息,male,a75_79,75.0,79.0,False,False,総数,24.2
喘息,male,a75_79,75.0,79.0,False,False,病院,24.0
喘息,male,a75_79,75.0,79.0,False,False,一般診療所,27.3
喘息,female,a75_79,75.0,79.0,False,False,総数,19.8
喘息,female,a75_79,75.0,79.0,False,False,病院,19.0
喘息,female,a75_79,75.0,79.0,False,False,一般診療所,34.2
消化器系の疾患,total,a75_79,75.0,79.0,False,False,総数,18.8
消化器系の疾患,total,a75_79,75.0,79.0,False,False,病院,19.3
消化器系の疾患,total,a75_79,75.0,79.0,False,False,一般診療所,12.5
消化器系の疾患,male,a75_79,75.0,79.0,False,False,総数,17.3
消化器系の疾患,male,a75_79,75.0,79.0,False,False,病院,17.8
消化器系の疾患,male,a75_79,75.0,79.0,False,False,一般診療所,9.0
消化器系の疾患,female,a75_79,75.0,79.0,False,False,総数,20.7
消化器系の疾患,female,a75_79,75.0,79.0,False,False,病院,21.3
消化器系の疾患,female,a75_79,75.0,79.0,False,False,一般診療所,14.8
う蝕,total,a75_79,75.0,79.0,False,False,総数,11.4
う蝕,total,a75_79,75.0,79.0,False,False,病院,11.4
う蝕,male,a75_79,75.0,79.0,False,False,総数,10.0
う蝕,male,a75_79,75.0,79.0,False,False,病院,10.0
う蝕,female,a75_79,75.0,79.0,False,False,総数,13.2
う蝕,female,a75_79,75.0,79.0,False,False,病院,13.2
歯肉炎及び歯周疾患,total,a75_79,75.0,79.0,False,False,総数,6.1
歯肉炎及び歯周疾患,total,a75_79,75.0,79.0,False,False,病院,6.1
歯肉炎及び歯周疾患,male,a75_79,75.0,79.0,False,False,総数,5.1
歯肉炎及び歯周疾患,male,a75_79,75.0,79.0,False,False,病院,5.1
歯肉炎及び歯周疾患,female,a75_79,75.0,79.0,False,False,総数,7.2
歯肉炎及び歯周疾患,female,a75_79,75.0,79.0,False,False,病院,7.2
胃潰瘍及び十二指腸潰瘍,total,a75_79,75.0,79.0,False,False,総数,19.7
胃潰瘍及び十二指腸潰瘍,total,a75_79,75.0,79.0,False,False,病院,18.6
胃潰瘍及び十二指腸潰瘍,total,a75_79,75.0,79.0,False,False,一般診療所,32.7
胃潰瘍及び十二指腸潰瘍,male,a75_79,75.0,79.0,False,False,総数,18.5
胃潰瘍及び十二指腸潰瘍,male,a75_79,75.0,79.0,False,False,病院,17.6
胃潰瘍及び十二指腸潰瘍,male,a75_79,75.0,79.0,False,False,一般診療所,55.0
胃潰瘍及び十二指腸潰瘍,female,a75_79,75.0,79.0,False,False,総数,21.1
胃潰瘍及び十二指腸潰瘍,female,a75_79,75.0,79.0,False,False,病院,20.1
胃潰瘍及び十二指腸潰瘍,female,a75_79,75.0,79.0,False,False,一般診療所,28.0
胃炎及び十二指腸炎,total,a75_79,75.0,79.0,False,False,総数,52.0
胃炎及び十二指腸炎,total,a75_79,75.0,79.0,False,False,病院,54.5
胃炎及び十二指腸炎,total,a75_79,75.0,79.0,False,False,一般診療所,32.7
胃炎及び十二指腸炎,male,a75_79,75.0,79.0,False,False,総数,16.0
胃炎及び十二指腸炎,male,a75_79,75.0,79.0,False,False,病院,16.5
胃炎及び十二指腸炎,male,a75_79,75.0,79.0,False,False,一般診療所,4.0
胃炎及び十二指腸炎,female,a75_79,75.0,79.0,False,False,総数,75.8
胃炎及び十二指腸炎,female,a75_79,75.0,79.0,False,False,病院,83.4
胃炎及び十二指腸炎,female,a75_79,75.0,79.0,False,False,一般診療所,37.3
肝疾患,total,a75_79,75.0,79.0,False,False,総数,43.9
肝疾患,total,a75_79,75.0,79.0,False,False,病院,40.7
肝疾患,total,a75_79,75.0,79.0,False,False,一般診療所,145.0
肝疾患,male,a75_79,75.0,79.0,False,False,総数,36.7
肝疾患,male,a75_79,75.0,79.0,False,False,病院,37.3
肝疾患,male,a75_79,75.0,79.0,False,False,一般診療所,17.3
肝疾患,female,a75_79,75.0,79.0,False,False,総数,51.1
肝疾患,female,a75_79,75.0,79.0,False,False,病院,44.1
肝疾患,female,a75_79,75.0,79.0,False,False,一般診療所,266.8
皮膚及び皮下組織の疾患,total,a75_79,75.0,79.0,False,False,総数,27.8
皮膚及び皮下組織の疾患,total,a75_79,75.0,79.0,False,False,病院,28.1
皮膚及び皮下組織の疾患,total,a75_79,75.0,79.0,False,False,一般診療所,14.0
皮膚及び皮下組織の疾患,male,a75_79,75.0,79.0,False,False,総数,25.1
皮膚及び皮下組織の疾患,male,a75_79,75.0,79.0,False,False,病院,25.5
皮膚及び皮下組織の疾患,male,a75_79,75.0,79.0,False,False,一般診療所,13.4
皮膚及び皮下組織の疾患,female,a75_79,75.0,79.0,False,False,総数,30.4
皮膚及び皮下組織の疾患,female,a75_79,75.0,79.0,False,False,病院,30.5
皮膚及び皮下組織の疾患,female,a75_79,75.0,79.0,False,False,一般診療所,17.0
筋骨格系及び結合組織の疾患,total,a75_79,75.0,79.0,False,False,総数,38.0
筋骨格系及び結合組織の疾患,total,a75_79,75.0,79.0,False,False,病院,37.3
筋骨格系及び結合組織の疾患,total,a75_79,75.0,79.0,False,False,一般診療所,43.1
筋骨格系及び結合組織の疾患,male,a75_79,75.0,79.0,False,False,総数,29.2
筋骨格系及び結合組織の疾患,male,a75_79,75.0,79.0,False,False,病院,31.4
筋骨格系及び結合組織の疾患,male,a75_79,75.0,79.0,False,False,一般診療所,15.8
筋骨格系及び結合組織の疾患,female,a75_79,75.0,79.0,False,False,総数,42.6
筋骨格系及び結合組織の疾患,female,a75_79,75.0,79.0,False,False,病院,40.3
筋骨格系及び結合組織の疾患,female,a75_79,75.0,79.0,False,False,一般診療所,62.7
炎症性多発性関節障害,total,a75_79,75.0,79.0,False,False,総数,53.9
炎症性多発性関節障害,total,a75_79,75.0,79.0,False,False,病院,47.9
炎症性多発性関節障害,total,a75_79,75.0,79.0,False,False,一般診療所,204.3
炎症性多発性関節障害,male,a75_79,75.0,79.0,False,False,総数,35.8
炎症性多発性関節障害,male,a75_79,75.0,79.0,False,False,病院,35.0
炎症性多発性関節障害,male,a75_79,75.0,79.0,False,False,一般診療所,42.4
炎症性多発性関節障害,female,a75_79,75.0,79.0,False,False,総数,60.0
炎症性多発性関節障害,female,a75_79,75.0,79.0,False,False,病院,51.9
炎症性多発性関節障害,female,a75_79,75.0,79.0,False,False,一般診療所,500.4
関節症,total,a75_79,75.0,79.0,False,False,総数,38.0
関節症,total,a75_79,75.0,79.0,False,False,病院,38.3
関節症,total,a75_79,75.0,79.0,False,False,一般診療所,34.5
関節症,male,a75_79,75.0,79.0,False,False,総数,34.9
関節症,male,a75_79,75.0,79.0,False,False,病院,34.8
関節症,male,a75_79,75.0,79.0,False,False,一般診療所,36.2
関節症,female,a75_79,75.0,79.0,False,False,総数,38.6
関節症,female,a75_79,75.0,79.0,False,False,病院,39.0
関節症,female,a75_79,75.0,79.0,False,False,一般診療所,34.2
脊柱障害,total,a75_79,75.0,79.0,False,False,総数,32.0
脊柱障害,total,a75_79,75.0,79.0,False,False,病院,30.3
脊柱障害,total,a75_79,75.0,79.0,False,False,一般診療所,40.1
脊柱障害,male,a75_79,75.0,79.0,False,False,総数,23.4
脊柱障害,male,a75_79,75.0,79.0,False,False,病院,26.2
脊柱障害,male,a75_79,75.0,79.0,False,False,一般診療所,11.2
脊柱障害,female,a75_79,75.0,79.0,False,False,総数,39.0
脊柱障害,female,a75_79,75.0,79.0,False,False,病院,33.5
脊柱障害,female,a75_79,75.0,79.0,False,False,一般診療所,67.0
骨の密度及び構造の障害,total,a75_79,75.0,79.0,False,False,総数,37.0
骨の密度及び構造の障害,total,a75_79,75.0,79.0,False,False,病院,38.8
骨の密度及び構造の障害,total,a75_79,75.0,79.0,False,False,一般診療所,17.0
骨の密度及び構造の障害,male,a75_79,75.0,79.0,False,False,総数,34.5
骨の密度及び構造の障害,male,a75_79,75.0,79.0,False,False,病院,34.5
骨の密度及び構造の障害,female,a75_79,75.0,79.0,False,False,総数,37.6
骨の密度及び構造の障害,female,a75_79,75.0,79.0,False,False,病院,39.8
骨の密度及び構造の障害,female,a75_79,75.0,79.0,False,False,一般診療所,17.0
腎尿路生殖器系の疾患,total,a75_79,75.0,79.0,False,False,総数,33.2
腎尿路生殖器系の疾患,total,a75_79,75.0,79.0,False,False,病院,36.3
腎尿路生殖器系の疾患,total,a75_79,75.0,79.0,False,False,一般診療所,12.0
腎尿路生殖器系の疾患,male,a75_79,75.0,79.0,False,False,総数,28.7
腎尿路生殖器系の疾患,male,a75_79,75.0,79.0,False,False,病院,32.1
腎尿路生殖器系の疾患,male,a75_79,75.0,79.0,False,False,一般診療所,8.5
腎尿路生殖器系の疾患,female,a75_79,75.0,79.0,False,False,総数,39.8
腎尿路生殖器系の疾患,female,a75_79,75.0,79.0,False,False,病院,42.1
腎尿路生殖器系の疾患,female,a75_79,75.0,79.0,False,False,一般診療所,19.4
"糸球体疾患,腎尿細管間質性疾患及び腎不全",total,a75_79,75.0,79.0,False,False,総数,49.4
"糸球体疾患,腎尿細管間質性疾患及び腎不全",total,a75_79,75.0,79.0,False,False,病院,54.5
"糸球体疾患,腎尿細管間質性疾患及び腎不全",total,a75_79,75.0,79.0,False,False,一般診療所,14.1
"糸球体疾患,腎尿細管間質性疾患及び腎不全",male,a75_79,75.0,79.0,False,False,総数,50.2
"糸球体疾患,腎尿細管間質性疾患及び腎不全",male,a75_79,75.0,79.0,False,False,病院,56.6
"糸球体疾患,腎尿細管間質性疾患及び腎不全",male,a75_79,75.0,79.0,False,False,一般診療所,9.4
"糸球体疾患,腎尿細管間質性疾患及び腎不全",female,a75_79,75.0,79.0,False,False,総数,48.5
"糸球体疾患,腎尿細管間質性疾患及び腎不全",female,a75_79,75.0,79.0,False,False,病院,52.1
"糸球体疾患,腎尿細管間質性疾患及び腎不全",female,a75_79,75.0,79.0,False,False,一般診療所,20.4
前立腺肥大(症),total,a75_79,75.0,79.0,False,False,総数,9.6
前立腺肥大(症),total,a75_79,75.0,79.0,False,False,病院,10.4
前立腺肥大(症),total,a75_79,75.0,79.0,False,False,一般診療所,7.0
前立腺肥大(症),male,a75_79,75.0,79.0,False,False,総数,9.6
前立腺肥大(症),male,a75_79,75.0,79.0,False,False,病院,10.4
前立腺肥大(症),male,a75_79,75.0,79.0,False,False,一般診療所,7.0
乳房及び女性生殖器の疾患,total,a75_79,75.0,79.0,False,False,総数,48.0
乳房及び女性生殖器の疾患,total,a75_79,75.0,79.0,False,False,病院,50.3
乳房及び女性生殖器の疾患,total,a75_79,75.0,79.0,False,False,一般診療所,10.7
乳房及び女性生殖器の疾患,male,a75_79,75.0,79.0,False,False,総数,2.0
乳房及び女性生殖器の疾患,male,a75_79,75.0,79.0,False,False,病院,2.0
乳房及び女性生殖器の疾患,female,a75_79,75.0,79.0,False,False,総数,48.2
乳房及び女性生殖器の疾患,female,a75_79,75.0,79.0,False,False,病院,50.5
乳房及び女性生殖器の疾患,female,a75_79,75.0,79.0,False,False,一般診療所,10.7
"先天奇形,変形及び染色体異常",total,a75_79,75.0,79.0,False,False,総数,21.1
"先天奇形,変形及び染色体異常",total,a75_79,75.0,79.0,False,False,病院,23.0
"先天奇形,変形及び染色体異常",total,a75_79,75.0,79.0,False,False,一般診療所,1.0
"先天奇形,変形及び染色体異常",male,a75_79,75.0,79.0,False,False,総数,22.8
"先天奇形,変形及び染色体異常",male,a75_79,75.0,79.0,False,False,病院,22.8
"先天奇形,変形及び染色体異常",female,a75_79,75.0,79.0,False,False,総数,19.1
"先天奇形,変形及び染色体異常",female,a75_79,75.0,79.0,False,False,病院,23.3
"先天奇形,変形及び染色体異常",female,a75_79,75.0,79.0,False,False,一般診療所,1.0
"症状,徴候及び異常臨床所見・異常検査所見で他に分類されないもの",total,a75_79,75.0,79.0,False,False,総数,23.5
"症状,徴候及び異常臨床所見・異常検査所見で他に分類されないもの",total,a75_79,75.0,79.0,False,False,病院,24.6
"症状,徴候及び異常臨床所見・異常検査所見で他に分類されないもの",total,a75_79,75.0,79.0,False,False,一般診療所,14.1
"症状,徴候及び異常臨床所見・異常検査所見で他に分類されないもの",male,a75_79,75.0,79.0,False,False,総数,24.4
"症状,徴候及び異常臨床所見・異常検査所見で他に分類されないもの",male,a75_79,75.0,79.0,False,False,病院,25.6
"症状,徴候及び異常臨床所見・異常検査所見で他に分類されないもの",male,a75_79,75.0,79.0,False,False,一般診療所,11.7
"症状,徴候及び異常臨床所見・異常検査所見で他に分類されないもの",female,a75_79,75.0,79.0,False,False,総数,22.9
"症状,徴候及び異常臨床所見・異常検査所見で他に分類されないもの",female,a75_79,75.0,79.0,False,False,病院,23.8
"症状,徴候及び異常臨床所見・異常検査所見で他に分類されないもの",female,a75_79,75.0,79.0,False,False,一般診療所,15.4
"損傷,中毒及びその他の外因の影響",total,a75_79,75.0,79.0,False,False,総数,43.1
"損傷,中毒及びその他の外因の影響",total,a75_79,75.0,79.0,False,False,病院,43.3
"損傷,中毒及びその他の外因の影響",total,a75_79,75.0,79.0,False,False,一般診療所,40.9
"損傷,中毒及びその他の外因の影響",male,a75_79,75.0,79.0,False,False,総数,41.1
"損傷,中毒及びその他の外因の影響",male,a75_79,75.0,79.0,False,False,病院,42.6
"損傷,中毒及びその他の外因の影響",male,a75_79,75.0,79.0,False,False,一般診療所,21.1
"損傷,中毒及びその他の外因の影響",female,a75_79,75.0,79.0,False,False,総数,44.1
"損傷,中毒及びその他の外因の影響",female,a75_79,75.0,79.0,False,False,病院,43.7
"損傷,中毒及びその他の外因の影響",female,a75_79,75.0,79.0,False,False,一般診療所,47.0
骨折,total,a75_79,75.0,79.0,False,False,総数,49.6
骨折,total,a75_79,75.0,79.0,False,False,病院,49.8
骨折,total,a75_79,75.0,79.0,False,False,一般診療所,48.5
骨折,male,a75_79,75.0,79.0,False,False,総数,47.9
骨折,male,a75_79,75.0,79.0,False,False,病院,49.5
骨折,male,a75_79,75.0,79.0,False,False,一般診療所,30.1
骨折,female,a75_79,75.0,79.0,False,False,総数,50.2
骨折,female,a75_79,75.0,79.0,False,False,病院,49.9
骨折,female,a75_79,75.0,79.0,False,False,一般診療所,52.0
健康状態に影響を及ぼす要因及び保健サービスの利用,total,a75_79,75.0,79.0,False,False,総数,19.2
健康状態に影響を及ぼす要因及び保健サービスの利用,total,a75_79,75.0,79.0,False,False,病院,22.0
健康状態に影響を及ぼす要因及び保健サービスの利用,total,a75_79,75.0,79.0,False,False,一般診療所,6.5
健康状態に影響を及ぼす要因及び保健サービスの利用,male,a75_79,75.0,79.0,False,False,総数,13.6
健康状態に影響を及ぼす要因及び保健サービスの利用,male,a75_79,75.0,79.0,False,False,病院,14.7
健康状態に影響を及ぼす要因及び保健サービスの利用,male,a75_79,75.0,79.0,False,False,一般診療所,9.9
健康状態に影響を及ぼす要因及び保健サービスの利用,female,a75_79,75.0,79.0,False,False,総数,24.1
健康状態に影響を及ぼす要因及び保健サービスの利用,female,a75_79,75.0,79.0,False,False,病院,27.6
健康状態に影響を及ぼす要因及び保健サービスの利用,female,a75_79,75.0,79.0,False,False,一般診療所,1.1
歯の補てつ,total,a75_79,75.0,79.0,False,False,総数,2.6
歯の補てつ,total,a75_79,75.0,79.0,False,False,病院,2.6
歯の補てつ,male,a75_79,75.0,79.0,False,False,総数,3.0
歯の補てつ,male,a75_79,75.0,79.0,False,False,病院,3.0
歯の補てつ,female,a75_79,75.0,79.0,False,False,総数,2.5
歯の補てつ,female,a75_79,75.0,79.0,False,False,病院,2.5
総数,total,a80_84,80.0,84.0,False,False,総数,47.6
総数,total,a80_84,80.0,84.0,False,False,病院,49.2
総数,total,a80_84,80.0,84.0,False,False,一般診療所,30.2
総数,male,a80_84,80.0,84.0,False,False,総数,42.0
総数,male,a80_84,80.0,84.0,False,False,病院,43.1
総数,male,a80_84,80.0,84.0,False,False,一般診療所,28.4
総数,female,a80_84,80.0,84.0,False,False,総数,52.4
総数,female,a80_84,80.0,84.0,False,False,病院,54.8
総数,female,a80_84,80.0,84.0,False,False,一般診療所,31.4
感染症及び寄生虫症,total,a80_84,80.0,84.0,False,False,総数,43.7
感染症及び寄生虫症,total,a80_84,80.0,84.0,False,False,病院,46.3
感染症及び寄生虫症,total,a80_84,80.0,84.0,False,False,一般診療所,11.5
感染症及び寄生虫症,male,a80_84,80.0,84.0,False,False,総数,46.7
感染症及び寄生虫症,male,a80_84,80.0,84.0,False,False,病院,48.7
感染症及び寄生虫症,male,a80_84,80.0,84.0,False,False,一般診療所,14.0
感染症及び寄生虫症,female,a80_84,80.0,84.0,False,False,総数,41.4
感染症及び寄生虫症,female,a80_84,80.0,84.0,False,False,病院,44.4
感染症及び寄生虫症,female,a80_84,80.0,84.0,False,False,一般診療所,10.3
腸管感染症,total,a80_84,80.0,84.0,False,False,総数,21.6
腸管感染症,total,a80_84,80.0,84.0,False,False,病院,23.1
腸管感染症,total,a80_84,80.0,84.0,False,False,一般診療所,10.4
腸管感染症,male,a80_84,80.0,84.0,False,False,総数,34.7
腸管感染症,male,a80_84,80.0,84.0,False,False,病院,35.6
腸管感染症,male,a80_84,80.0,84.0,False,False,一般診療所,23.4
腸管感染症,female,a80_84,80.0,84.0,False,False,総数,14.1
腸管感染症,female,a80_84,80.0,84.0,False,False,病院,15.4
腸管感染症,female,a80_84,80.0,84.0,False,False,一般診療所,6.8
結核,total,a80_84,80.0,84.0,False,False,総数,63.3
結核,total,a80_84,80.0,84.0,False,False,病院,63.3
結核,male,a80_84,80.0,84.0,False,False,総数,63.2
結核,male,a80_84,80.0,84.0,False,False,病院,63.2
結核,female,a80_84,80.0,84.0,False,False,総数,63.5
結核,female,a80_84,80.0,84.0,False,False,病院,63.5
皮膚及び粘膜の病変を伴うウイルス疾患,total,a80_84,80.0,84.0,False,False,総数,12.6
皮膚及び粘膜の病変を伴うウイルス疾患,total,a80_84,80.0,84.0,False,False,病院,12.7
皮膚及び粘膜の病変を伴うウイルス疾患,total,a80_84,80.0,84.0,False,False,一般診療所,11.6
皮膚及び粘膜の病変を伴うウイルス疾患,male,a80_84,80.0,84.0,False,False,総数,11.4
皮膚及び粘膜の病変を伴うウイルス疾患,male,a80_84,80.0,84.0,False,False,病院,12.0
皮膚及び粘膜の病変を伴うウイルス疾患,male,a80_84,80.0,84.0,False,False,一般診療所,5.4
皮膚及び粘膜の病変を伴うウイルス疾患,female,a80_84,80.0,84.0,False,False,総数,13.4
皮膚及び粘膜の病変を伴うウイルス疾患,female,a80_84,80.0,84.0,False,False,病院,13.1
皮膚及び粘膜の病変を伴うウイルス疾患,female,a80_84,80.0,84.0,False,False,一般診療所,17.2
真菌症,total,a80_84,80.0,84.0,False,False,総数,33.4
真菌症,total,a80_84,80.0,84.0,False,False,病院,33.4
真菌症,male,a80_84,80.0,84.0,False,False,総数,34.4
真菌症,male,a80_84,80.0,84.0,False,False,病院,34.4
真菌症,female,a80_84,80.0,84.0,False,False,総数,31.6
真菌症,female,a80_84,80.0,84.0,False,False,病院,31.6
新生物,total,a80_84,80.0,84.0,False,False,総数,29.6
新生物,total,a80_84,80.0,84.0,False,False,病院,29.6
新生物,total,a80_84,80.0,84.0,False,False,一般診療所,29.6
新生物,male,a80_84,80.0,84.0,False,False,総数,27.4
新生物,male,a80_84,80.0,84.0,False,False,病院,27.3
新生物,male,a80_84,80.0,84.0,False,False,一般診療所,30.4
新生物,female,a80_84,80.0,84.0,False,False,総数,32.8
新生物,female,a80_84,80.0,84.0,False,False,病院,32.9
新生物,female,a80_84,80.0,84.0,False,False,一般診療所,28.7
悪性新生物,total,a80_84,80.0,84.0,False,False,総数,30.5
悪性新生物,total,a80_84,80.0,84.0,False,False,病院,30.3
悪性新生物,total,a80_84,80.0,84.0,False,False,一般診療所,37.1
悪性新生物,male,a80_84,80.0,84.0,False,False,総数,28.1
悪性新生物,male,a80_84,80.0,84.0,False,False,病院,27.9
悪性新生物,male,a80_84,80.0,84.0,False,False,一般診療所,33.7
悪性新生物,female,a80_84,80.0,84.0,False,False,総数,34.2
悪性新生物,female,a80_84,80.0,84.0,False,False,病院,34.0
悪性新生物,female,a80_84,80.0,84.0,False,False,一般診療所,43.0
胃の悪性新生物,total,a80_84,80.0,84.0,False,False,総数,33.7
胃の悪性新生物,total,a80_84,80.0,84.0,False,False,病院,33.6
胃の悪性新生物,total,a80_84,80.0,84.0,False,False,一般診療所,37.2
胃の悪性新生物,male,a80_84,80.0,84.0,False,False,総数,30.8
胃の悪性新生物,male,a80_84,80.0,84.0,False,False,病院,31.4
胃の悪性新生物,male,a80_84,80.0,84.0,False,False,一般診療所,9.4
胃の悪性新生物,female,a80_84,80.0,84.0,False,False,総数,39.0
胃の悪性新生物,female,a80_84,80.0,84.0,False,False,病院,37.8
胃の悪性新生物,female,a80_84,80.0,84.0,False,False,一般診療所,100.9
結腸及び直腸の悪性新生物,total,a80_84,80.0,84.0,False,False,総数,26.1
結腸及び直腸の悪性新生物,total,a80_84,80.0,84.0,False,False,病院,26.2
結腸及び直腸の悪性新生物,total,a80_84,80.0,84.0,False,False,一般診療所,24.5
結腸及び直腸の悪性新生物,male,a80_84,80.0,84.0,False,False,総数,24.0
結腸及び直腸の悪性新生物,male,a80_84,80.0,84.0,False,False,病院,23.6
結腸及び直腸の悪性新生物,male,a80_84,80.0,84.0,False,False,一般診療所,29.6
結腸及び直腸の悪性新生物,female,a80_84,80.0,84.0,False,False,総数,28.6
結腸及び直腸の悪性新生物,female,a80_84,80.0,84.0,False,False,病院,29.1
結腸及び直腸の悪性新生物,female,a80_84,80.0,84.0,False,False,一般診療所,13.8
"気管,気管支及び肺の悪性新生物",total,a80_84,80.0,84.0,False,False,総数,31.3
"気管,気管支及び肺の悪性新生物",total,a80_84,80.0,84.0,False,False,病院,30.8
"気管,気管支及び肺の悪性新生物",total,a80_84,80.0,84.0,False,False,一般診療所,58.0
"気管,気管支及び肺の悪性新生物",male,a80_84,80.0,84.0,False,False,総数,28.2
"気管,気管支及び肺の悪性新生物",male,a80_84,80.0,84.0,False,False,病院,28.4
"気管,気管支及び肺の悪性新生物",male,a80_84,80.0,84.0,False,False,一般診療所,16.0
"気管,気管支及び肺の悪性新生物",female,a80_84,80.0,84.0,False,False,総数,38.9
"気管,気管支及び肺の悪性新生物",female,a80_84,80.0,84.0,False,False,病院,36.6
"気管,気管支及び肺の悪性新生物",female,a80_84,80.0,84.0,False,False,一般診療所,252.0
血液及び造血器の疾患並びに免疫機構の障害,total,a80_84,80.0,84.0,False,False,総数,27.1
血液及び造血器の疾患並びに免疫機構の障害,total,a80_84,80.0,84.0,False,False,病院,27.1
血液及び造血器の疾患並びに免疫機構の障害,total,a80_84,80.0,84.0,False,False,一般診療所,31.4
血液及び造血器の疾患並びに免疫機構の障害,male,a80_84,80.0,84.0,False,False,総数,25.4
血液及び造血器の疾患並びに免疫機構の障害,male,a80_84,80.0,84.0,False,False,病院,25.1
血液及び造血器の疾患並びに免疫機構の障害,male,a80_84,80.0,84.0,False,False,一般診療所,47.0
血液及び造血器の疾患並びに免疫機構の障害,female,a80_84,80.0,84.0,False,False,総数,28.5
血液及び造血器の疾患並びに免疫機構の障害,female,a80_84,80.0,84.0,False,False,病院,28.6
血液及び造血器の疾患並びに免疫機構の障害,female,a80_84,80.0,84.0,False,False,一般診療所,21.0
"内分泌,栄養及び代謝疾患",total,a80_84,80.0,84.0,False,False,総数,40.7
"内分泌,栄養及び代謝疾患",total,a80_84,80.0,84.0,False,False,病院,42.5
"内分泌,栄養及び代謝疾患",total,a80_84,80.0,84.0,False,False,一般診療所,20.0
"内分泌,栄養及び代謝疾患",male,a80_84,80.0,84.0,False,False,総数,38.9
"内分泌,栄養及び代謝疾患",male,a80_84,80.0,84.0,False,False,病院,40.9
"内分泌,栄養及び代謝疾患",male,a80_84,80.0,84.0,False,False,一般診療所,19.9
"内分泌,栄養及び代謝疾患",female,a80_84,80.0,84.0,False,False,総数,42.0
"内分泌,栄養及び代謝疾患",female,a80_84,80.0,84.0,False,False,病院,43.6
"内分泌,栄養及び代謝疾患",female,a80_84,80.0,84.0,False,False,一般診療所,20.0
甲状腺障害,total,a80_84,80.0,84.0,False,False,総数,48.5
甲状腺障害,total,a80_84,80.0,84.0,False,False,病院,48.5
甲状腺障害,male,a80_84,80.0,84.0,False,False,総数,27.9
甲状腺障害,male,a80_84,80.0,84.0,False,False,病院,27.9
甲状腺障害,female,a80_84,80.0,84.0,False,False,総数,54.2
甲状腺障害,female,a80_84,80.0,84.0,False,False,病院,54.2
糖尿病,total,a80_84,80.0,84.0,False,False,総数,56.6
糖尿病,total,a80_84,80.0,84.0,False,False,病院,60.0
糖尿病,total,a80_84,80.0,84.0,False,False,一般診療所,24.4
糖尿病,male,a80_84,80.0,84.0,False,False,総数,50.2
糖尿病,male,a80_84,80.0,84.0,False,False,病院,55.2
糖尿病,male,a80_84,80.0,84.0,False,False,一般診療所,19.3
糖尿病,female,a80_84,80.0,84.0,False,False,総数,61.1
糖尿病,female,a80_84,80.0,84.0,False,False,病院,63.1
糖尿病,female,a80_84,80.0,84.0,False,False,一般診療所,31.7
精神及び行動の障害,total,a80_84,80.0,84.0,False,False,総数,403.3
精神及び行動の障害,total,a80_84,80.0,84.0,False,False,病院,455.4
精神及び行動の障害,total,a80_84,80.0,84.0,False,False,一般診療所,25.6
精神及び行動の障害,male,a80_84,80.0,84.0,False,False,総数,472.1
精神及び行動の障害,male,a80_84,80.0,84.0,False,False,病院,506.1
精神及び行動の障害,male,a80_84,80.0,84.0,False,False,一般診療所,15.8
精神及び行動の障害,female,a80_84,80.0,84.0,False,False,総数,368.9
精神及び行動の障害,female,a80_84,80.0,84.0,False,False,病院,427.8
精神及び行動の障害,female,a80_84,80.0,84.0,False,False,一般診療所,27.9
"統合失調症,統合失調症型障害及び妄想性障害",total,a80_84,80.0,84.0,False,False,総数,1607.2
"統合失調症,統合失調症型障害及び妄想性障害",total,a80_84,80.0,84.0,False,False,病院,1637.8
"統合失調症,統合失調症型障害及び妄想性障害",total,a80_84,80.0,84.0,False,False,一般診療所,1.0
"統合失調症,統合失調症型障害及び妄想性障害",male,a80_84,80.0,84.0,False,False,総数,2212.7
"統合失調症,統合失調症型障害及び妄想性障害",male,a80_84,80.0,84.0,False,False,病院,2212.7
"統合失調症,統合失調症型障害及び妄想性障害",female,a80_84,80.0,84.0,False,False,総数,1357.1
"統合失調症,統合失調症型障害及び妄想性障害",female,a80_84,80.0,84.0,False,False,病院,1393.9
"統合失調症,統合失調症型障害及び妄想性障害",female,a80_84,80.0,84.0,False,False,一般診療所,1.0
気分[感情]障害(躁うつ病を含む),total,a80_84,80.0,84.0,False,False,総数,178.1
気分[感情]障害(躁うつ病を含む),total,a80_84,80.0,84.0,False,False,病院,196.1
気分[感情]障害(躁うつ病を含む),total,a80_84,80.0,84.0,False,False,一般診療所,49.4
気分[感情]障害(躁うつ病を含む),male,a80_84,80.0,84.0,False,False,総数,279.4
気分[感情]障害(躁うつ病を含む),male,a80_84,80.0,84.0,False,False,病院,279.4
気分[感情]障害(躁うつ病を含む),female,a80_84,80.0,84.0,False,False,総数,153.0
気分[感情]障害(躁うつ病を含む),female,a80_84,80.0,84.0,False,False,病院,171.7
気分[感情]障害(躁うつ病を含む),female,a80_84,80.0,84.0,False,False,一般診療所,49.4
"神経症性障害,ストレス関連障害及び身体表現性障害",total,a80_84,80.0,84.0,False,False,総数,58.2
"神経症性障害,ストレス関連障害及び身体表現性障害",total,a80_84,80.0,84.0,False,False,病院,64.6
"神経症性障害,ストレス関連障害及び身体表現性障害",total,a80_84,80.0,84.0,False,False,一般診療所,4.6
"神経症性障害,ストレス関連障害及び身体表現性障害",male,a80_84,80.0,84.0,False,False,総数,49.7
"神経症性障害,ストレス関連障害及び身体表現性障害",male,a80_84,80.0,84.0,False,False,病院,49.7
"神経症性障害,ストレス関連障害及び身体表現性障害",female,a80_84,80.0,84.0,False,False,総数,60.0
"神経症性障害,ストレス関連障害及び身体表現性障害",female,a80_84,80.0,84.0,False,False,病院,68.2
"神経症性障害,ストレス関連障害及び身体表現性障害",female,a80_84,80.0,84.0,False,False,一般診療所,4.6
神経系の疾患,total,a80_84,80.0,84.0,False,False,総数,116.8
神経系の疾患,total,a80_84,80.0,84.0,False,False,病院,121.7
神経系の疾患,total,a80_84,80.0,84.0,False,False,一般診療所,71.2
神経系の疾患,male,a80_84,80.0,84.0,False,False,総数,86.8
神経系の疾患,male,a80_84,80.0,84.0,False,False,病院,87.5
神経系の疾患,male,a80_84,80.0,84.0,False,False,一般診療所,77.8
神経系の疾患,female,a80_84,80.0,84.0,False,False,総数,138.9
神経系の疾患,female,a80_84,80.0,84.0,False,False,病院,148.4
神経系の疾患,female,a80_84,80.0,84.0,False,False,一般診療所,68.6
眼及び付属器の疾患,total,a80_84,80.0,84.0,False,False,総数,7.0
眼及び付属器の疾患,total,a80_84,80.0,84.0,False,False,病院,7.7
眼及び付属器の疾患,total,a80_84,80.0,84.0,False,False,一般診療所,3.6
眼及び付属器の疾患,male,a80_84,80.0,84.0,False,False,総数,8.6
眼及び付属器の疾患,male,a80_84,80.0,84.0,False,False,病院,9.6
眼及び付属器の疾患,male,a80_84,80.0,84.0,False,False,一般診療所,2.9
眼及び付属器の疾患,female,a80_84,80.0,84.0,False,False,総数,6.0
眼及び付属器の疾患,female,a80_84,80.0,84.0,False,False,病院,6.4
眼及び付属器の疾患,female,a80_84,80.0,84.0,False,False,一般診療所,4.0
白内障,total,a80_84,80.0,84.0,False,False,総数,6.6
白内障,total,a80_84,80.0,84.0,False,False,病院,7.3
白内障,total,a80_84,80.0,84.0,False,False,一般診療所,3.7
白内障,male,a80_84,80.0,84.0,False,False,総数,9.0
白内障,male,a80_84,80.0,84.0,False,False,病院,10.1
白内障,male,a80_84,80.0,84.0,False,False,一般診療所,3.0
白内障,female,a80_84,80.0,84.0,False,False,総数,5.3
白内障,female,a80_84,80.0,84.0,False,False,病院,5.6
白内障,female,a80_84,80.0,84.0,False,False,一般診療所,4.0
耳及び乳様突起の疾患,total,a80_84,80.0,84.0,False,False,総数,9.8
耳及び乳様突起の疾患,total,a80_84,80.0,84.0,False,False,病院,9.1
耳及び乳様突起の疾患,total,a80_84,80.0,84.0,False,False,一般診療所,14.9
耳及び乳様突起の疾患,male,a80_84,80.0,84.0,False,False,総数,7.2
耳及び乳様突起の疾患,male,a80_84,80.0,84.0,False,False,病院,7.3
耳及び乳様突起の疾患,male,a80_84,80.0,84.0,False,False,一般診療所,2.0
耳及び乳様突起の疾患,female,a80_84,80.0,84.0,False,False,総数,10.7
耳及び乳様突起の疾患,female,a80_84,80.0,84.0,False,False,病院,9.9
耳及び乳様突起の疾患,female,a80_84,80.0,84.0,False,False,一般診療所,15.7
循環器系の疾患,total,a80_84,80.0,84.0,False,False,総数,59.9
循環器系の疾患,total,a80_84,80.0,84.0,False,False,病院,62.2
循環器系の疾患,total,a80_84,80.0,84.0,False,False,一般診療所,34.1
循環器系の疾患,male,a80_84,80.0,84.0,False,False,総数,53.9
循環器系の疾患,male,a80_84,80.0,84.0,False,False,病院,55.9
循環器系の疾患,male,a80_84,80.0,84.0,False,False,一般診療所,26.7
循環器系の疾患,female,a80_84,80.0,84.0,False,False,総数,65.3
循環器系の疾患,female,a80_84,80.0,84.0,False,False,病院,68.1
循環器系の疾患,female,a80_84,80.0,84.0,False,False,一般診療所,38.9
高血圧性疾患,total,a80_84,80.0,84.0,False,False,総数,31.7
高血圧性疾患,total,a80_84,80.0,84.0,False,False,病院,38.9
高血圧性疾患,total,a80_84,80.0,84.0,False,False,一般診療所,16.3
高血圧性疾患,male,a80_84,80.0,84.0,False,False,総数,22.4
高血圧性疾患,male,a80_84,80.0,84.0,False,False,病院,29.9
高血圧性疾患,male,a80_84,80.0,84.0,False,False,一般診療所,11.1
高血圧性疾患,female,a80_84,80.0,84.0,False,False,総数,36.5
高血圧性疾患,female,a80_84,80.0,84.0,False,False,病院,42.7
高血圧性疾患,female,a80_84,80.0,84.0,False,False,一般診療所,20.1
心疾患(高血圧性のものを除く),total,a80_84,80.0,84.0,False,False,総数,26.1
心疾患(高血圧性のものを除く),total,a80_84,80.0,84.0,False,False,病院,26.4
心疾患(高血圧性のものを除く),total,a80_84,80.0,84.0,False,False,一般診療所,20.3
心疾患(高血圧性のものを除く),male,a80_84,80.0,84.0,False,False,総数,22.2
心疾患(高血圧性のものを除く),male,a80_84,80.0,84.0,False,False,病院,22.3
心疾患(高血圧性のものを除く),male,a80_84,80.0,84.0,False,False,一般診療所,18.8
心疾患(高血圧性のものを除く),female,a80_84,80.0,84.0,False,False,総数,29.9
心疾患(高血圧性のものを除く),female,a80_84,80.0,84.0,False,False,病院,30.4
心疾患(高血圧性のものを除く),female,a80_84,80.0,84.0,False,False,一般診療所,21.3
虚血性心疾患,total,a80_84,80.0,84.0,False,False,総数,13.1
虚血性心疾患,total,a80_84,80.0,84.0,False,False,病院,13.4
虚血性心疾患,total,a80_84,80.0,84.0,False,False,一般診療所,4.5
虚血性心疾患,male,a80_84,80.0,84.0,False,False,総数,10.9
虚血性心疾患,male,a80_84,80.0,84.0,False,False,病院,11.2
虚血性心疾患,male,a80_84,80.0,84.0,False,False,一般診療所,3.2
虚血性心疾患,female,a80_84,80.0,84.0,False,False,総数,15.9
虚血性心疾患,female,a80_84,80.0,84.0,False,False,病院,16.4
虚血性心疾患,female,a80_84,80.0,84.0,False,False,一般診療所,5.9
脳血管疾患,total,a80_84,80.0,84.0,False,False,総数,107.6
脳血管疾患,total,a80_84,80.0,84.0,False,False,病院,112.6
脳血管疾患,total,a80_84,80.0,84.0,False,False,一般診療所,55.4
脳血管疾患,male,a80_84,80.0,84.0,False,False,総数,102.9
脳血管疾患,male,a80_84,80.0,84.0,False,False,病院,106.0
脳血管疾患,male,a80_84,80.0,84.0,False,False,一般診療所,52.6
脳血管疾患,female,a80_84,80.0,84.0,False,False,総数,111.3
脳血管疾患,female,a80_84,80.0,84.0,False,False,病院,118.1
脳血管疾患,female,a80_84,80.0,84.0,False,False,一般診療所,56.6
呼吸器系の疾患,total,a80_84,80.0,84.0,False,False,総数,41.5
呼吸器系の疾患,total,a80_84,80.0,84.0,False,False,病院,41.8
呼吸器系の疾患,total,a80_84,80.0,84.0,False,False,一般診療所,37.1
呼吸器系の疾患,male,a80_84,80.0,84.0,False,False,総数,38.4
呼吸器系の疾患,male,a80_84,80.0,84.0,False,False,病院,38.1
呼吸器系の疾患,male,a80_84,80.0,84.0,False,False,一般診療所,43.3
呼吸器系の疾患,female,a80_84,80.0,84.0,False,False,総数,46.4
呼吸器系の疾患,female,a80_84,80.0,84.0,False,False,病院,47.7
呼吸器系の疾患,female,a80_84,80.0,84.0,False,False,一般診療所,29.7
急性上気道感染症,total,a80_84,80.0,84.0,False,False,総数,11.7
急性上気道感染症,total,a80_84,80.0,84.0,False,False,病院,12.9
急性上気道感染症,total,a80_84,80.0,84.0,False,False,一般診療所,2.3
急性上気道感染症,male,a80_84,80.0,84.0,False,False,総数,8.8
急性上気道感染症,male,a80_84,80.0,84.0,False,False,病院,9.5
急性上気道感染症,male,a80_84,80.0,84.0,False,False,一般診療所,4.0
急性上気道感染症,female,a80_84,80.0,84.0,False,False,総数,13.6
急性上気道感染症,female,a80_84,80.0,84.0,False,False,病院,15.1
急性上気道感染症,female,a80_84,80.0,84.0,False,False,一般診療所,1.0
肺炎,total,a80_84,80.0,84.0,False,False,総数,39.1
肺炎,total,a80_84,80.0,84.0,False,False,病院,40.7
肺炎,total,a80_84,80.0,84.0,False,False,一般診療所,16.0
肺炎,male,a80_84,80.0,84.0,False,False,総数,32.5
肺炎,male,a80_84,80.0,84.0,False,False,病院,33.9
肺炎,male,a80_84,80.0,84.0,False,False,一般診療所,12.8
肺炎,female,a80_84,80.0,84.0,False,False,総数,49.6
肺炎,female,a80_84,80.0,84.0,False,False,病院,51.5
肺炎,female,a80_84,80.0,84.0,False,False,一般診療所,21.4
急性気管支炎及び急性細気管支炎,total,a80_84,80.0,84.0,False,False,総数,15.7
急性気管支炎及び急性細気管支炎,total,a80_84,80.0,84.0,False,False,病院,16.2
急性気管支炎及び急性細気管支炎,total,a80_84,80.0,84.0,False,False,一般診療所,13.1
急性気管支炎及び急性細気管支炎,male,a80_84,80.0,84.0,False,False,総数,15.5
急性気管支炎及び急性細気管支炎,male,a80_84,80.0,84.0,False,False,病院,16.0
急性気管支炎及び急性細気管支炎,male,a80_84,80.0,84.0,False,False,一般診療所,6.0
急性気管支炎及び急性細気管支炎,female,a80_84,80.0,84.0,False,False,総数,15.9
急性気管支炎及び急性細気管支炎,female,a80_84,80.0,84.0,False,False,病院,16.4
急性気管支炎及び急性細気管支炎,female,a80_84,80.0,84.0,False,False,一般診療所,14.1
気管支炎及び慢性閉塞性肺疾患,total,a80_84,80.0,84.0,False,False,総数,61.4
気管支炎及び慢性閉塞性肺疾患,total,a80_84,80.0,84.0,False,False,病院,52.7
気管支炎及び慢性閉塞性肺疾患,total,a80_84,80.0,84.0,False,False,一般診療所,144.3
気管支炎及び慢性閉塞性肺疾患,male,a80_84,80.0,84.0,False,False,総数,65.6
気管支炎及び慢性閉塞性肺疾患,male,a80_84,80.0,84.0,False,False,病院,54.9
気管支炎及び慢性閉塞性肺疾患,male,a80_84,80.0,84.0,False,False,一般診療所,144.3
気管支炎及び慢性閉塞性肺疾患,female,a80_84,80.0,84.0,False,False,総数,45.3
気管支炎及び慢性閉塞性肺疾患,female,a80_84,80.0,84.0,False,False,病院,45.3
喘息,total,a80_84,80.0,84.0,False,False,総数,38.3
喘息,total,a80_84,80.0,84.0,False,False,病院,38.6
喘息,total,a80_84,80.0,84.0,False,False,一般診療所,35.5
喘息,male,a80_84,80.0,84.0,False,False,総数,35.3
喘息,male,a80_84,80.0,84.0,False,False,病院,37.6
喘息,male,a80_84,80.0,84.0,False,False,一般診療所,18.3
喘息,female,a80_84,80.0,84.0,False,False,総数,40.0
喘息,female,a80_84,80.0,84.0,False,False,病院,39.3
喘息,female,a80_84,80.0,84.0,False,False,一般診療所,46.6
消化器系の疾患,total,a80_84,80.0,84.0,False,False,総数,19.2
消化器系の疾患,total,a80_84,80.0,84.0,False,False,病院,19.4
消化器系の疾患,total,a80_84,80.0,84.0,False,False,一般診療所,17.4
消化器系の疾患,male,a80_84,80.0,84.0,False,False,総数,17.1
消化器系の疾患,male,a80_84,80.0,84.0,False,False,病院,16.8
消化器系の疾患,male,a80_84,80.0,84.0,False,False,一般診療所,21.0
消化器系の疾患,female,a80_84,80.0,84.0,False,False,総数,21.4
消化器系の疾患,female,a80_84,80.0,84.0,False,False,病院,22.0
消化器系の疾患,female,a80_84,80.0,84.0,False,False,一般診療所,12.2
う蝕,total,a80_84,80.0,84.0,False,False,総数,6.5
う蝕,total,a80_84,80.0,84.0,False,False,病院,6.5
う蝕,male,a80_84,80.0,84.0,False,False,総数,2.8
う蝕,male,a80_84,80.0,84.0,False,False,病院,2.8
う蝕,female,a80_84,80.0,84.0,False,False,総数,9.5
う蝕,female,a80_84,80.0,84.0,False,False,病院,9.5
歯肉炎及び歯周疾患,total,a80_84,80.0,84.0,False,False,総数,13.1
歯肉炎及び歯周疾患,total,a80_84,80.0,84.0,False,False,病院,13.1
歯肉炎及び歯周疾患,male,a80_84,80.0,84.0,False,False,総数,21.8
歯肉炎及び歯周疾患,male,a80_84,80.0,84.0,False,False,病院,21.8
歯肉炎及び歯周疾患,female,a80_84,80.0,84.0,False,False,総数,4.7
歯肉炎及び歯周疾患,female,a80_84,80.0,84.0,False,False,病院,4.7
胃潰瘍及び十二指腸潰瘍,total,a80_84,80.0,84.0,False,False,総数,22.2
胃潰瘍及び十二指腸潰瘍,total,a80_84,80.0,84.0,False,False,病院,22.6
胃潰瘍及び十二指腸潰瘍,total,a80_84,80.0,84.0,False,False,一般診療所,17.8
胃潰瘍及び十二指腸潰瘍,male,a80_84,80.0,84.0,False,False,総数,18.7
胃潰瘍及び十二指腸潰瘍,male,a80_84,80.0,84.0,False,False,病院,19.5
胃潰瘍及び十二指腸潰瘍,male,a80_84,80.0,84.0,False,False,一般診療所,13.2
胃潰瘍及び十二指腸潰瘍,female,a80_84,80.0,84.0,False,False,総数,25.7
胃潰瘍及び十二指腸潰瘍,female,a80_84,80.0,84.0,False,False,病院,25.4
胃潰瘍及び十二指腸潰瘍,female,a80_84,80.0,84.0,False,False,一般診療所,31.1
胃炎及び十二指腸炎,total,a80_84,80.0,84.0,False,False,総数,11.7
胃炎及び十二指腸炎,total,a80_84,80.0,84.0,False,False,病院,13.8
胃炎及び十二指腸炎,total,a80_84,80.0,84.0,False,False,一般診療所,1.6
胃炎及び十二指腸炎,male,a80_84,80.0,84.0,False,False,総数,11.8
胃炎及び十二指腸炎,male,a80_84,80.0,84.0,False,False,病院,12.6
胃炎及び十二指腸炎,male,a80_84,80.0,84.0,False,False,一般診療所,1.0
胃炎及び十二指腸炎,female,a80_84,80.0,84.0,False,False,総数,11.7
胃炎及び十二指腸炎,female,a80_84,80.0,84.0,False,False,病院,14.5
胃炎及び十二指腸炎,female,a80_84,80.0,84.0,False,False,一般診療所,1.7
肝疾患,total,a80_84,80.0,84.0,False,False,総数,45.3
肝疾患,total,a80_84,80.0,84.0,False,False,病院,40.1
肝疾患,total,a80_84,80.0,84.0,False,False,一般診療所,88.1
肝疾患,male,a80_84,80.0,84.0,False,False,総数,44.7
肝疾患,male,a80_84,80.0,84.0,False,False,病院,31.9
肝疾患,male,a80_84,80.0,84.0,False,False,一般診療所,104.1
肝疾患,female,a80_84,80.0,84.0,False,False,総数,45.9
肝疾患,female,a80_84,80.0,84.0,False,False,病院,46.6
肝疾患,female,a80_84,80.0,84.0,False,False,一般診療所,30.1
皮膚及び皮下組織の疾患,total,a80_84,80.0,84.0,False,False,総数,39.6
皮膚及び皮下組織の疾患,total,a80_84,80.0,84.0,False,False,病院,40.7
皮膚及び皮下組織の疾患,total,a80_84,80.0,84.0,False,False,一般診療所,13.5
皮膚及び皮下組織の疾患,male,a80_84,80.0,84.0,False,False,総数,37.5
皮膚及び皮下組織の疾患,male,a80_84,80.0,84.0,False,False,病院,37.8
皮膚及び皮下組織の疾患,male,a80_84,80.0,84.0,False,False,一般診療所,18.6
皮膚及び皮下組織の疾患,female,a80_84,80.0,84.0,False,False,総数,41.0
皮膚及び皮下組織の疾患,female,a80_84,80.0,84.0,False,False,病院,42.7
皮膚及び皮下組織の疾患,female,a80_84,80.0,84.0,False,False,一般診療所,12.3
筋骨格系及び結合組織の疾患,total,a80_84,80.0,84.0,False,False,総数,46.4
筋骨格系及び結合組織の疾患,total,a80_84,80.0,84.0,False,False,病院,46.6
筋骨格系及び結合組織の疾患,total,a80_84,80.0,84.0,False,False,一般診療所,45.3
筋骨格系及び結合組織の疾患,male,a80_84,80.0,84.0,False,False,総数,38.2
筋骨格系及び結合組織の疾患,male,a80_84,80.0,84.0,False,False,病院,37.6
筋骨格系及び結合組織の疾患,male,a80_84,80.0,84.0,False,False,一般診療所,41.3
筋骨格系及び結合組織の疾患,female,a80_84,80.0,84.0,False,False,総数,50.0
筋骨格系及び結合組織の疾患,female,a80_84,80.0,84.0,False,False,病院,50.7
筋骨格系及び結合組織の疾患,female,a80_84,80.0,84.0,False,False,一般診療所,47.0
炎症性多発性関節障害,total,a80_84,80.0,84.0,False,False,総数,73.7
炎症性多発性関節障害,total,a80_84,80.0,84.0,False,False,病院,77.5
炎症性多発性関節障害,total,a80_84,80.0,84.0,False,False,一般診療所,53.6
炎症性多発性関節障害,male,a80_84,80.0,84.0,False,False,総数,26.0
炎症性多発性関節障害,male,a80_84,80.0,84.0,False,False,病院,25.7
炎症性多発性関節障害,male,a80_84,80.0,84.0,False,False,一般診療所,34.0
炎症性多発性関節障害,female,a80_84,80.0,84.0,False,False,総数,85.2
炎症性多発性関節障害,female,a80_84,80.0,84.0,False,False,病院,92.6
炎症性多発性関節障害,female,a80_84,80.0,84.0,False,False,一般診療所,54.5
関節症,total,a80_84,80.0,84.0,False,False,総数,45.1
関節症,total,a80_84,80.0,84.0,False,False,病院,45.2
関節症,total,a80_84,80.0,84.0,False,False,一般診療所,44.3
関節症,male,a80_84,80.0,84.0,False,False,総数,35.4
関節症,male,a80_84,80.0,84.0,False,False,病院,34.6
関節症,male,a80_84,80.0,84.0,False,False,一般診療所,40.5
関節症,female,a80_84,80.0,84.0,False,False,総数,46.9
関節症,female,a80_84,80.0,84.0,False,False,病院,47.3
関節症,female,a80_84,80.0,84.0,False,False,一般診療所,44.9
脊柱障害,total,a80_84,80.0,84.0,False,False,総数,38.1
脊柱障害,total,a80_84,80.0,84.0,False,False,病院,35.1
脊柱障害,total,a80_84,80.0,84.0,False,False,一般診療所,49.6
脊柱障害,male,a80_84,80.0,84.0,False,False,総数,37.9
脊柱障害,male,a80_84,80.0,84.0,False,False,病院,35.1
脊柱障害,male,a80_84,80.0,84.0,False,False,一般診療所,48.5
脊柱障害,female,a80_84,80.0,84.0,False,False,総数,38.2
脊柱障害,female,a80_84,80.0,84.0,False,False,病院,35.2
脊柱障害,female,a80_84,80.0,84.0,False,False,一般診療所,50.3
骨の密度及び構造の障害,total,a80_84,80.0,84.0,False,False,総数,58.4
骨の密度及び構造の障害,total,a80_84,80.0,84.0,False,False,病院,81.0
骨の密度及び構造の障害,total,a80_84,80.0,84.0,False,False,一般診療所,15.5
骨の密度及び構造の障害,male,a80_84,80.0,84.0,False,False,総数,84.4
骨の密度及び構造の障害,male,a80_84,80.0,84.0,False,False,病院,84.4
骨の密度及び構造の障害,female,a80_84,80.0,84.0,False,False,総数,54.3
骨の密度及び構造の障害,female,a80_84,80.0,84.0,False,False,病院,80.1
骨の密度及び構造の障害,female,a80_84,80.0,84.0,False,False,一般診療所,15.5
腎尿路生殖器系の疾患,total,a80_84,80.0,84.0,False,False,総数,35.7
腎尿路生殖器系の疾患,total,a80_84,80.0,84.0,False,False,病院,36.8
腎尿路生殖器系の疾患,total,a80_84,80.0,84.0,False,False,一般診療所,28.0
腎尿路生殖器系の疾患,male,a80_84,80.0,84.0,False,False,総数,33.1
腎尿路生殖器系の疾患,male,a80_84,80.0,84.0,False,False,病院,34.1
腎尿路生殖器系の疾患,male,a80_84,80.0,84.0,False,False,一般診療所,26.6
腎尿路生殖器系の疾患,female,a80_84,80.0,84.0,False,False,総数,38.5
腎尿路生殖器系の疾患,female,a80_84,80.0,84.0,False,False,病院,39.5
腎尿路生殖器系の疾患,female,a80_84,80.0,84.0,False,False,一般診療所,29.8
"糸球体疾患,腎尿細管間質性疾患及び腎不全",total,a80_84,80.0,84.0,False,False,総数,51.4
"糸球体疾患,腎尿細管間質性疾患及び腎不全",total,a80_84,80.0,84.0,False,False,病院,52.3
"糸球体疾患,腎尿細管間質性疾患及び腎不全",total,a80_84,80.0,84.0,False,False,一般診療所,44.5
"糸球体疾患,腎尿細管間質性疾患及び腎不全",male,a80_84,80.0,84.0,False,False,総数,52.4
"糸球体疾患,腎尿細管間質性疾患及び腎不全",male,a80_84,80.0,84.0,False,False,病院,52.0
"糸球体疾患,腎尿細管間質性疾患及び腎不全",male,a80_84,80.0,84.0,False,False,一般診療所,56.1
"糸球体疾患,腎尿細管間質性疾患及び腎不全",female,a80_84,80.0,84.0,False,False,総数,50.5
"糸球体疾患,腎尿細管間質性疾患及び腎不全",female,a80_84,80.0,84.0,False,False,病院,52.5
"糸球体疾患,腎尿細管間質性疾患及び腎不全",female,a80_84,80.0,84.0,False,False,一般診療所,37.1
前立腺肥大(症),total,a80_84,80.0,84.0,False,False,総数,11.9
前立腺肥大(症),total,a80_84,80.0,84.0,False,False,病院,13.2
前立腺肥大(症),total,a80_84,80.0,84.0,False,False,一般診療所,7.8
前立腺肥大(症),male,a80_84,80.0,84.0,False,False,総数,11.9
前立腺肥大(症),male,a80_84,80.0,84.0,False,False,病院,13.2
前立腺肥大(症),male,a80_84,80.0,84.0,False,False,一般診療所,7.8
乳房及び女性生殖器の疾患,total,a80_84,80.0,84.0,False,False,総数,12.1
乳房及び女性生殖器の疾患,total,a80_84,80.0,84.0,False,False,病院,12.3
乳房及び女性生殖器の疾患,total,a80_84,80.0,84.0,False,False,一般診療所,6.0
乳房及び女性生殖器の疾患,male,a80_84,80.0,84.0,False,False,総数,51.0
乳房及び女性生殖器の疾患,male,a80_84,80.0,84.0,False,False,病院,51.0
乳房及び女性生殖器の疾患,female,a80_84,80.0,84.0,False,False,総数,11.7
乳房及び女性生殖器の疾患,female,a80_84,80.0,84.0,False,False,病院,11.9
乳房及び女性生殖器の疾患,female,a80_84,80.0,84.0,False,False,一般診療所,6.0
"先天奇形,変形及び染色体異常",total,a80_84,80.0,84.0,False,False,総数,29.5
"先天奇形,変形及び染色体異常",total,a80_84,80.0,84.0,False,False,病院,29.5
"先天奇形,変形及び染色体異常",male,a80_84,80.0,84.0,False,False,総数,26.2
"先天奇形,変形及び染色体異常",male,a80_84,80.0,84.0,False,False,病院,26.2
"先天奇形,変形及び染色体異常",female,a80_84,80.0,84.0,False,False,総数,33.6
"先天奇形,変形及び染色体異常",female,a80_84,80.0,84.0,False,False,病院,33.6
"症状,徴候及び異常臨床所見・異常検査所見で他に分類されないもの",total,a80_84,80.0,84.0,False,False,総数,21.1
"症状,徴候及び異常臨床所見・異常検査所見で他に分類されないもの",total,a80_84,80.0,84.0,False,False,病院,21.3
"症状,徴候及び異常臨床所見・異常検査所見で他に分類されないもの",total,a80_84,80.0,84.0,False,False,一般診療所,18.9
"症状,徴候及び異常臨床所見・異常検査所見で他に分類されないもの",male,a80_84,80.0,84.0,False,False,総数,21.2
"症状,徴候及び異常臨床所見・異常検査所見で他に分類されないもの",male,a80_84,80.0,84.0,False,False,病院,21.0
"症状,徴候及び異常臨床所見・異常検査所見で他に分類されないもの",male,a80_84,80.0,84.0,False,False,一般診療所,22.4
"症状,徴候及び異常臨床所見・異常検査所見で他に分類されないもの",female,a80_84,80.0,84.0,False,False,総数,21.0
"症状,徴候及び異常臨床所見・異常検査所見で他に分類されないもの",female,a80_84,80.0,84.0,False,False,病院,21.5
"症状,徴候及び異常臨床所見・異常検査所見で他に分類されないもの",female,a80_84,80.0,84.0,False,False,一般診療所,17.1
"損傷,中毒及びその他の外因の影響",total,a80_84,80.0,84.0,False,False,総数,46.1
"損傷,中毒及びその他の外因の影響",total,a80_84,80.0,84.0,False,False,病院,46.5
"損傷,中毒及びその他の外因の影響",total,a80_84,80.0,84.0,False,False,一般診療所,43.1
"損傷,中毒及びその他の外因の影響",male,a80_84,80.0,84.0,False,False,総数,41.5
"損傷,中毒及びその他の外因の影響",male,a80_84,80.0,84.0,False,False,病院,42.1
"損傷,中毒及びその他の外因の影響",male,a80_84,80.0,84.0,False,False,一般診療所,36.3
"損傷,中毒及びその他の外因の影響",female,a80_84,80.0,84.0,False,False,総数,48.1
"損傷,中毒及びその他の外因の影響",female,a80_84,80.0,84.0,False,False,病院,48.4
"損傷,中毒及びその他の外因の影響",female,a80_84,80.0,84.0,False,False,一般診療所,45.9
骨折,total,a80_84,80.0,84.0,False,False,総数,51.6
骨折,total,a80_84,80.0,84.0,False,False,病院,51.4
骨折,total,a80_84,80.0,84.0,False,False,一般診療所,53.2
骨折,male,a80_84,80.0,84.0,False,False,総数,48.5
骨折,male,a80_84,80.0,84.0,False,False,病院,47.1
骨折,male,a80_84,80.0,84.0,False,False,一般診療所,60.0
骨折,female,a80_84,80.0,84.0,False,False,総数,52.4
骨折,female,a80_84,80.0,84.0,False,False,病院,52.5
骨折,female,a80_84,80.0,84.0,False,False,一般診療所,51.4
健康状態に影響を及ぼす要因及び保健サービスの利用,total,a80_84,80.0,84.0,False,False,総数,23.5
健康状態に影響を及ぼす要因及び保健サービスの利用,total,a80_84,80.0,84.0,False,False,病院,26.4
健康状態に影響を及ぼす要因及び保健サービスの利用,total,a80_84,80.0,84.0,False,False,一般診療所,12.2
健康状態に影響を及ぼす要因及び保健サービスの利用,male,a80_84,80.0,84.0,False,False,総数,22.4
健康状態に影響を及ぼす要因及び保健サービスの利用,male,a80_84,80.0,84.0,False,False,病院,21.3
健康状態に影響を及ぼす要因及び保健サービスの利用,male,a80_84,80.0,84.0,False,False,一般診療所,31.5
健康状態に影響を及ぼす要因及び保健サービスの利用,female,a80_84,80.0,84.0,False,False,総数,24.0
健康状態に影響を及ぼす要因及び保健サービスの利用,female,a80_84,80.0,84.0,False,False,病院,29.8
健康状態に影響を及ぼす要因及び保健サービスの利用,female,a80_84,80.0,84.0,False,False,一般診療所,8.0
歯の補てつ,total,a80_84,80.0,84.0,False,False,総数,3.2
歯の補てつ,total,a80_84,80.0,84.0,False,False,病院,3.2
歯の補てつ,male,a80_84,80.0,84.0,False,False,総数,2.0
歯の補てつ,male,a80_84,80.0,84.0,False,False,病院,2.0
歯の補てつ,female,a80_84,80.0,84.0,False,False,総数,3.4
歯の補てつ,female,a80_84,80.0,84.0,False,False,病院,3.4
総数,total,a85_89,85.0,89.0,False,False,総数,60.2
総数,total,a85_89,85.0,89.0,False,False,病院,62.4
総数,total,a85_89,85.0,89.0,False,False,一般診療所,39.0
総数,male,a85_89,85.0,89.0,False,False,総数,51.9
総数,male,a85_89,85.0,89.0,False,False,病院,54.1
総数,male,a85_89,85.0,89.0,False,False,一般診療所,22.9
総数,female,a85_89,85.0,89.0,False,False,総数,64.8
総数,female,a85_89,85.0,89.0,False,False,病院,67.1
総数,female,a85_89,85.0,89.0,False,False,一般診療所,44.9
感染症及び寄生虫症,total,a85_89,85.0,89.0,False,False,総数,43.5
感染症及び寄生虫症,total,a85_89,85.0,89.0,False,False,病院,45.7
感染症及び寄生虫症,total,a85_89,85.0,89.0,False,False,一般診療所,19.3
感染症及び寄生虫症,male,a85_89,85.0,89.0,False,False,総数,65.5
感染症及び寄生虫症,male,a85_89,85.0,89.0,False,False,病院,66.9
感染症及び寄生虫症,male,a85_89,85.0,89.0,False,False,一般診療所,7.8
感染症及び寄生虫症,female,a85_89,85.0,89.0,False,False,総数,31.7
感染症及び寄生虫症,female,a85_89,85.0,89.0,False,False,病院,33.1
感染症及び寄生虫症,female,a85_89,85.0,89.0,False,False,一般診療所,20.5
腸管感染症,total,a85_89,85.0,89.0,False,False,総数,23.3
腸管感染症,total,a85_89,85.0,89.0,False,False,病院,24.2
腸管感染症,total,a85_89,85.0,89.0,False,False,一般診療所,17.2
腸管感染症,male,a85_89,85.0,89.0,False,False,総数,37.3
腸管感染症,male,a85_89,85.0,89.0,False,False,病院,39.6
腸管感染症,male,a85_89,85.0,89.0,False,False,一般診療所,7.8
腸管感染症,female,a85_89,85.0,89.0,False,False,総数,18.1
腸管感染症,female,a85_89,85.0,89.0,False,False,病院,18.0
腸管感染症,female,a85_89,85.0,89.0,False,False,一般診療所,18.7
結核,total,a85_89,85.0,89.0,False,False,総数,63.0
結核,total,a85_89,85.0,89.0,False,False,病院,63.0
結核,male,a85_89,85.0,89.0,False,False,総数,65.6
結核,male,a85_89,85.0,89.0,False,False,病院,65.6
結核,female,a85_89,85.0,89.0,False,False,総数,60.1
結核,female,a85_89,85.0,89.0,False,False,病院,60.1
皮膚及び粘膜の病変を伴うウイルス疾患,total,a85_89,85.0,89.0,False,False,総数,17.7
皮膚及び粘膜の病変を伴うウイルス疾患,total,a85_89,85.0,89.0,False,False,病院,17.3
皮膚及び粘膜の病変を伴うウイルス疾患,total,a85_89,85.0,89.0,False,False,一般診療所,19.8
皮膚及び粘膜の病変を伴うウイルス疾患,male,a85_89,85.0,89.0,False,False,総数,13.1
皮膚及び粘膜の病変を伴うウイルス疾患,male,a85_89,85.0,89.0,False,False,病院,13.1
皮膚及び粘膜の病変を伴うウイルス疾患,female,a85_89,85.0,89.0,False,False,総数,19.7
皮膚及び粘膜の病変を伴うウイルス疾患,female,a85_89,85.0,89.0,False,False,病院,19.7
皮膚及び粘膜の病変を伴うウイルス疾患,female,a85_89,85.0,89.0,False,False,一般診療所,19.8
真菌症,total,a85_89,85.0,89.0,False,False,総数,41.7
真菌症,total,a85_89,85.0,89.0,False,False,病院,41.7
真菌症,male,a85_89,85.0,89.0,False,False,総数,42.3
真菌症,male,a85_89,85.0,89.0,False,False,病院,42.3
真菌症,female,a85_89,85.0,89.0,False,False,総数,41.0
真菌症,female,a85_89,85.0,89.0,False,False,病院,41.0
新生物,total,a85_89,85.0,89.0,False,False,総数,37.3
新生物,total,a85_89,85.0,89.0,False,False,病院,36.9
新生物,total,a85_89,85.0,89.0,False,False,一般診療所,43.3
新生物,male,a85_89,85.0,89.0,False,False,総数,33.5
新生物,male,a85_89,85.0,89.0,False,False,病院,33.0
新生物,male,a85_89,85.0,89.0,False,False,一般診療所,40.2
新生物,female,a85_89,85.0,89.0,False,False,総数,40.9
新生物,female,a85_89,85.0,89.0,False,False,病院,40.5
新生物,female,a85_89,85.0,89.0,False,False,一般診療所,46.0
悪性新生物,total,a85_89,85.0,89.0,False,False,総数,38.3
悪性新生物,total,a85_89,85.0,89.0,False,False,病院,37.6
悪性新生物,total,a85_89,85.0,89.0,False,False,一般診療所,48.3
悪性新生物,male,a85_89,85.0,89.0,False,False,総数,34.4
悪性新生物,male,a85_89,85.0,89.0,False,False,病院,34.0
悪性新生物,male,a85_89,85.0,89.0,False,False,一般診療所,40.2
悪性新生物,female,a85_89,85.0,89.0,False,False,総数,42.0
悪性新生物,female,a85_89,85.0,89.0,False,False,病院,41.1
悪性新生物,female,a85_89,85.0,89.0,False,False,一般診療所,57.3
胃の悪性新生物,total,a85_89,85.0,89.0,False,False,総数,49.2
胃の悪性新生物,total,a85_89,85.0,89.0,False,False,病院,47.5
胃の悪性新生物,total,a85_89,85.0,89.0,False,False,一般診療所,62.7
胃の悪性新生物,male,a85_89,85.0,89.0,False,False,総数,29.5
胃の悪性新生物,male,a85_89,85.0,89.0,False,False,病院,31.3
胃の悪性新生物,male,a85_89,85.0,89.0,False,False,一般診療所,14.3
胃の悪性新生物,female,a85_89,85.0,89.0,False,False,総数,71.8
胃の悪性新生物,female,a85_89,85.0,89.0,False,False,病院,66.4
胃の悪性新生物,female,a85_89,85.0,89.0,False,False,一般診療所,113.0
結腸及び直腸の悪性新生物,total,a85_89,85.0,89.0,False,False,総数,34.0
結腸及び直腸の悪性新生物,total,a85_89,85.0,89.0,False,False,病院,34.3
結腸及び直腸の悪性新生物,total,a85_89,85.0,89.0,False,False,一般診療所,28.6
結腸及び直腸の悪性新生物,male,a85_89,85.0,89.0,False,False,総数,33.1
結腸及び直腸の悪性新生物,male,a85_89,85.0,89.0,False,False,病院,34.0
結腸及び直腸の悪性新生物,male,a85_89,85.0,89.0,False,False,一般診療所,12.9
結腸及び直腸の悪性新生物,female,a85_89,85.0,89.0,False,False,総数,34.7
結腸及び直腸の悪性新生物,female,a85_89,85.0,89.0,False,False,病院,34.5
結腸及び直腸の悪性新生物,female,a85_89,85.0,89.0,False,False,一般診療所,39.6
"気管,気管支及び肺の悪性新生物",total,a85_89,85.0,89.0,False,False,総数,46.2
"気管,気管支及び肺の悪性新生物",total,a85_89,85.0,89.0,False,False,病院,46.5
"気管,気管支及び肺の悪性新生物",total,a85_89,85.0,89.0,False,False,一般診療所,42.0
"気管,気管支及び肺の悪性新生物",male,a85_89,85.0,89.0,False,False,総数,36.0
"気管,気管支及び肺の悪性新生物",male,a85_89,85.0,89.0,False,False,病院,36.0
"気管,気管支及び肺の悪性新生物",female,a85_89,85.0,89.0,False,False,総数,59.6
"気管,気管支及び肺の悪性新生物",female,a85_89,85.0,89.0,False,False,病院,63.3
"気管,気管支及び肺の悪性新生物",female,a85_89,85.0,89.0,False,False,一般診療所,42.0
血液及び造血器の疾患並びに免疫機構の障害,total,a85_89,85.0,89.0,False,False,総数,26.4
血液及び造血器の疾患並びに免疫機構の障害,total,a85_89,85.0,89.0,False,False,病院,26.9
血液及び造血器の疾患並びに免疫機構の障害,total,a85_89,85.0,89.0,False,False,一般診療所,7.0
血液及び造血器の疾患並びに免疫機構の障害,male,a85_89,85.0,89.0,False,False,総数,26.0
血液及び造血器の疾患並びに免疫機構の障害,male,a85_89,85.0,89.0,False,False,病院,26.0
血液及び造血器の疾患並びに免疫機構の障害,female,a85_89,85.0,89.0,False,False,総数,26.6
血液及び造血器の疾患並びに免疫機構の障害,female,a85_89,85.0,89.0,False,False,病院,27.3
血液及び造血器の疾患並びに免疫機構の障害,female,a85_89,85.0,89.0,False,False,一般診療所,7.0
"内分泌,栄養及び代謝疾患",total,a85_89,85.0,89.0,False,False,総数,59.7
"内分泌,栄養及び代謝疾患",total,a85_89,85.0,89.0,False,False,病院,56.6
"内分泌,栄養及び代謝疾患",total,a85_89,85.0,89.0,False,False,一般診療所,87.3
"内分泌,栄養及び代謝疾患",male,a85_89,85.0,89.0,False,False,総数,43.5
"内分泌,栄養及び代謝疾患",male,a85_89,85.0,89.0,False,False,病院,44.1
"内分泌,栄養及び代謝疾患",male,a85_89,85.0,89.0,False,False,一般診療所,35.2
"内分泌,栄養及び代謝疾患",female,a85_89,85.0,89.0,False,False,総数,66.1
"内分泌,栄養及び代謝疾患",female,a85_89,85.0,89.0,False,False,病院,61.9
"内分泌,栄養及び代謝疾患",female,a85_89,85.0,89.0,False,False,一般診療所,98.7
甲状腺障害,total,a85_89,85.0,89.0,False,False,総数,54.5
甲状腺障害,total,a85_89,85.0,89.0,False,False,病院,54.5
甲状腺障害,male,a85_89,85.0,89.0,False,False,総数,41.2
甲状腺障害,male,a85_89,85.0,89.0,False,False,病院,41.2
甲状腺障害,female,a85_89,85.0,89.0,False,False,総数,55.5
甲状腺障害,female,a85_89,85.0,89.0,False,False,病院,55.5
糖尿病,total,a85_89,85.0,89.0,False,False,総数,110.2
糖尿病,total,a85_89,85.0,89.0,False,False,病院,106.4
糖尿病,total,a85_89,85.0,89.0,False,False,一般診療所,131.3
糖尿病,male,a85_89,85.0,89.0,False,False,総数,83.1
糖尿病,male,a85_89,85.0,89.0,False,False,病院,87.4
糖尿病,male,a85_89,85.0,89.0,False,False,一般診療所,36.4
糖尿病,female,a85_89,85.0,89.0,False,False,総数,119.6
糖尿病,female,a85_89,85.0,89.0,False,False,病院,113.8
糖尿病,female,a85_89,85.0,89.0,False,False,一般診療所,147.5
精神及び行動の障害,total,a85_89,85.0,89.0,False,False,総数,291.1
精神及び行動の障害,total,a85_89,85.0,89.0,False,False,病院,367.9
精神及び行動の障害,total,a85_89,85.0,89.0,False,False,一般診療所,15.8
精神及び行動の障害,male,a85_89,85.0,89.0,False,False,総数,256.8
精神及び行動の障害,male,a85_89,85.0,89.0,False,False,病院,314.1
精神及び行動の障害,male,a85_89,85.0,89.0,False,False,一般診療所,6.9
精神及び行動の障害,female,a85_89,85.0,89.0,False,False,総数,305.7
精神及び行動の障害,female,a85_89,85.0,89.0,False,False,病院,392.2
精神及び行動の障害,female,a85_89,85.0,89.0,False,False,一般診療所,18.8
"統合失調症,統合失調症型障害及び妄想性障害",total,a85_89,85.0,89.0,False,False,総数,746.3
"統合失調症,統合失調症型障害及び妄想性障害",total,a85_89,85.0,89.0,False,False,病院,746.3
"統合失調症,統合失調症型障害及び妄想性障害",male,a85_89,85.0,89.0,False,False,総数,656.8
"統合失調症,統合失調症型障害及び妄想性障害",male,a85_89,85.0,89.0,False,False,病院,656.8
"統合失調症,統合失調症型障害及び妄想性障害",female,a85_89,85.0,89.0,False,False,総数,784.2
"統合失調症,統合失調症型障害及び妄想性障害",female,a85_89,85.0,89.0,False,False,病院,784.2
気分[感情]障害(躁うつ病を含む),total,a85_89,85.0,89.0,False,False,総数,170.2
気分[感情]障害(躁うつ病を含む),total,a85_89,85.0,89.0,False,False,病院,196.6
気分[感情]障害(躁うつ病を含む),total,a85_89,85.0,89.0,False,False,一般診療所,9.0
気分[感情]障害(躁うつ病を含む),male,a85_89,85.0,89.0,False,False,総数,177.8
気分[感情]障害(躁うつ病を含む),male,a85_89,85.0,89.0,False,False,病院,177.8
気分[感情]障害(躁うつ病を含む),female,a85_89,85.0,89.0,False,False,総数,168.8
気分[感情]障害(躁うつ病を含む),female,a85_89,85.0,89.0,False,False,病院,200.7
気分[感情]障害(躁うつ病を含む),female,a85_89,85.0,89.0,False,False,一般診療所,9.0
"神経症性障害,ストレス関連障害及び身体表現性障害",total,a85_89,85.0,89.0,False,False,総数,88.4
"神経症性障害,ストレス関連障害及び身体表現性障害",total,a85_89,85.0,89.0,False,False,病院,143.7
"神経症性障害,ストレス関連障害及び身体表現性障害",total,a85_89,85.0,89.0,False,False,一般診療所,21.5
"神経症性障害,ストレス関連障害及び身体表現性障害",male,a85_89,85.0,89.0,False,False,総数,133.4
"神経症性障害,ストレス関連障害及び身体表現性障害",male,a85_89,85.0,89.0,False,False,病院,133.4
"神経症性障害,ストレス関連障害及び身体表現性障害",female,a85_89,85.0,89.0,False,False,総数,82.9
"神経症性障害,ストレス関連障害及び身体表現性障害",female,a85_89,85.0,89.0,False,False,病院,146.2
"神経症性障害,ストレス関連障害及び身体表現性障害",female,a85_89,85.0,89.0,False,False,一般診療所,21.5
神経系の疾患,total,a85_89,85.0,89.0,False,False,総数,123.3
神経系の疾患,total,a85_89,85.0,89.0,False,False,病院,144.0
神経系の疾患,total,a85_89,85.0,89.0,False,False,一般診療所,17.4
神経系の疾患,male,a85_89,85.0,89.0,False,False,総数,120.5
神経系の疾患,male,a85_89,85.0,89.0,False,False,病院,139.4
神経系の疾患,male,a85_89,85.0,89.0,False,False,一般診療所,23.5
神経系の疾患,female,a85_89,85.0,89.0,False,False,総数,124.8
神経系の疾患,female,a85_89,85.0,89.0,False,False,病院,146.5
神経系の疾患,female,a85_89,85.0,89.0,False,False,一般診療所,14.1
眼及び付属器の疾患,total,a85_89,85.0,89.0,False,False,総数,6.6
眼及び付属器の疾患,total,a85_89,85.0,89.0,False,False,病院,7.2
眼及び付属器の疾患,total,a85_89,85.0,89.0,False,False,一般診療所,3.4
眼及び付属器の疾患,male,a85_89,85.0,89.0,False,False,総数,5.0
眼及び付属器の疾患,male,a85_89,85.0,89.0,False,False,病院,5.6
眼及び付属器の疾患,male,a85_89,85.0,89.0,False,False,一般診療所,1.9
眼及び付属器の疾患,female,a85_89,85.0,89.0,False,False,総数,7.4
眼及び付属器の疾患,female,a85_89,85.0,89.0,False,False,病院,8.0
眼及び付属器の疾患,female,a85_89,85.0,89.0,False,False,一般診療所,4.1
白内障,total,a85_89,85.0,89.0,False,False,総数,6.2
白内障,total,a85_89,85.0,89.0,False,False,病院,6.9
白内障,total,a85_89,85.0,89.0,False,False,一般診療所,3.2
白内障,male,a85_89,85.0,89.0,False,False,総数,4.2
白内障,male,a85_89,85.0,89.0,False,False,病院,4.6
白内障,male,a85_89,85.0,89.0,False,False,一般診療所,1.9
白内障,female,a85_89,85.0,89.0,False,False,総数,7.2
白内障,female,a85_89,85.0,89.0,False,False,病院,7.9
白内障,female,a85_89,85.0,89.0,False,False,一般診療所,3.9
耳及び乳様突起の疾患,total,a85_89,85.0,89.0,False,False,総数,14.2
耳及び乳様突起の疾患,total,a85_89,85.0,89.0,False,False,病院,13.7
耳及び乳様突起の疾患,total,a85_89,85.0,89.0,False,False,一般診療所,16.4
耳及び乳様突起の疾患,male,a85_89,85.0,89.0,False,False,総数,12.2
耳及び乳様突起の疾患,male,a85_89,85.0,89.0,False,False,病院,9.4
耳及び乳様突起の疾患,male,a85_89,85.0,89.0,False,False,一般診療所,24.9
耳及び乳様突起の疾患,female,a85_89,85.0,89.0,False,False,総数,14.9
耳及び乳様突起の疾患,female,a85_89,85.0,89.0,False,False,病院,15.3
耳及び乳様突起の疾患,female,a85_89,85.0,89.0,False,False,一般診療所,12.8
循環器系の疾患,total,a85_89,85.0,89.0,False,False,総数,90.3
循環器系の疾患,total,a85_89,85.0,89.0,False,False,病院,93.7
循環器系の疾患,total,a85_89,85.0,89.0,False,False,一般診療所,52.4
循環器系の疾患,male,a85_89,85.0,89.0,False,False,総数,75.4
循環器系の疾患,male,a85_89,85.0,89.0,False,False,病院,77.6
循環器系の疾患,male,a85_89,85.0,89.0,False,False,一般診療所,25.5
循環器系の疾患,female,a85_89,85.0,89.0,False,False,総数,97.5
循環器系の疾患,female,a85_89,85.0,89.0,False,False,病院,102.0
循環器系の疾患,female,a85_89,85.0,89.0,False,False,一般診療所,57.7
高血圧性疾患,total,a85_89,85.0,89.0,False,False,総数,64.5
高血圧性疾患,total,a85_89,85.0,89.0,False,False,病院,70.8
高血圧性疾患,total,a85_89,85.0,89.0,False,False,一般診療所,46.5
高血圧性疾患,male,a85_89,85.0,89.0,False,False,総数,29.4
高血圧性疾患,male,a85_89,85.0,89.0,False,False,病院,35.1
高血圧性疾患,male,a85_89,85.0,89.0,False,False,一般診療所,6.2
高血圧性疾患,female,a85_89,85.0,89.0,False,False,総数,73.2
高血圧性疾患,female,a85_89,85.0,89.0,False,False,病院,80.5
高血圧性疾患,female,a85_89,85.0,89.0,False,False,一般診療所,53.7
心疾患(高血圧性のものを除く),total,a85_89,85.0,89.0,False,False,総数,40.1
心疾患(高血圧性のものを除く),total,a85_89,85.0,89.0,False,False,病院,40.1
心疾患(高血圧性のものを除く),total,a85_89,85.0,89.0,False,False,一般診療所,39.3
心疾患(高血圧性のものを除く),male,a85_89,85.0,89.0,False,False,総数,32.0
心疾患(高血圧性のものを除く),male,a85_89,85.0,89.0,False,False,病院,32.3
心疾患(高血圧性のものを除く),male,a85_89,85.0,89.0,False,False,一般診療所,24.2
心疾患(高血圧性のものを除く),female,a85_89,85.0,89.0,False,False,総数,44.3
心疾患(高血圧性のものを除く),female,a85_89,85.0,89.0,False,False,病院,44.3
心疾患(高血圧性のものを除く),female,a85_89,85.0,89.0,False,False,一般診療所,43.4
虚血性心疾患,total,a85_89,85.0,89.0,False,False,総数,28.8
虚血性心疾患,total,a85_89,85.0,89.0,False,False,病院,29.6
虚血性心疾患,total,a85_89,85.0,89.0,False,False,一般診療所,19.5
虚血性心疾患,male,a85_89,85.0,89.0,False,False,総数,23.0
虚血性心疾患,male,a85_89,85.0,89.0,False,False,病院,23.3
虚血性心疾患,male,a85_89,85.0,89.0,False,False,一般診療所,12.7
虚血性心疾患,female,a85_89,85.0,89.0,False,False,総数,32.5
虚血性心疾患,female,a85_89,85.0,89.0,False,False,病院,33.9
虚血性心疾患,female,a85_89,85.0,89.0,False,False,一般診療所,20.5
脳血管疾患,total,a85_89,85.0,89.0,False,False,総数,147.1
脳血管疾患,total,a85_89,85.0,89.0,False,False,病院,154.5
脳血管疾患,total,a85_89,85.0,89.0,False,False,一般診療所,68.9
脳血管疾患,male,a85_89,85.0,89.0,False,False,総数,130.2
脳血管疾患,male,a85_89,85.0,89.0,False,False,病院,134.1
脳血管疾患,male,a85_89,85.0,89.0,False,False,一般診療所,36.3
脳血管疾患,female,a85_89,85.0,89.0,False,False,総数,154.7
脳血管疾患,female,a85_89,85.0,89.0,False,False,病院,164.4
脳血管疾患,female,a85_89,85.0,89.0,False,False,一般診療所,74.3
呼吸器系の疾患,total,a85_89,85.0,89.0,False,False,総数,46.2
呼吸器系の疾患,total,a85_89,85.0,89.0,False,False,病院,46.4
呼吸器系の疾患,total,a85_89,85.0,89.0,False,False,一般診療所,43.6
呼吸器系の疾患,male,a85_89,85.0,89.0,False,False,総数,43.7
呼吸器系の疾患,male,a85_89,85.0,89.0,False,False,病院,44.2
呼吸器系の疾患,male,a85_89,85.0,89.0,False,False,一般診療所,33.6
呼吸器系の疾患,female,a85_89,85.0,89.0,False,False,総数,48.4
呼吸器系の疾患,female,a85_89,85.0,89.0,False,False,病院,48.4
呼吸器系の疾患,female,a85_89,85.0,89.0,False,False,一般診療所,48.2
急性上気道感染症,total,a85_89,85.0,89.0,False,False,総数,11.7
急性上気道感染症,total,a85_89,85.0,89.0,False,False,病院,11.7
急性上気道感染症,male,a85_89,85.0,89.0,False,False,総数,8.2
急性上気道感染症,male,a85_89,85.0,89.0,False,False,病院,8.2
急性上気道感染症,female,a85_89,85.0,89.0,False,False,総数,14.4
急性上気道感染症,female,a85_89,85.0,89.0,False,False,病院,14.4
肺炎,total,a85_89,85.0,89.0,False,False,総数,39.0
肺炎,total,a85_89,85.0,89.0,False,False,病院,39.9
肺炎,total,a85_89,85.0,89.0,False,False,一般診療所,26.1
肺炎,male,a85_89,85.0,89.0,False,False,総数,36.5
肺炎,male,a85_89,85.0,89.0,False,False,病院,36.6
肺炎,male,a85_89,85.0,89.0,False,False,一般診療所,34.7
肺炎,female,a85_89,85.0,89.0,False,False,総数,41.1
肺炎,female,a85_89,85.0,89.0,False,False,病院,42.6
肺炎,female,a85_89,85.0,89.0,False,False,一般診療所,20.9
急性気管支炎及び急性細気管支炎,total,a85_89,85.0,89.0,False,False,総数,18.0
急性気管支炎及び急性細気管支炎,total,a85_89,85.0,89.0,False,False,病院,19.3
急性気管支炎及び急性細気管支炎,total,a85_89,85.0,89.0,False,False,一般診療所,10.2
急性気管支炎及び急性細気管支炎,male,a85_89,85.0,89.0,False,False,総数,16.1
急性気管支炎及び急性細気管支炎,male,a85_89,85.0,89.0,False,False,病院,17.6
急性気管支炎及び急性細気管支炎,male,a85_89,85.0,89.0,False,False,一般診療所,7.9
急性気管支炎及び急性細気管支炎,female,a85_89,85.0,89.0,False,False,総数,19.3
急性気管支炎及び急性細気管支炎,female,a85_89,85.0,89.0,False,False,病院,20.5
急性気管支炎及び急性細気管支炎,female,a85_89,85.0,89.0,False,False,一般診療所,12.0
気管支炎及び慢性閉塞性肺疾患,total,a85_89,85.0,89.0,False,False,総数,85.1
気管支炎及び慢性閉塞性肺疾患,total,a85_89,85.0,89.0,False,False,病院,90.0
気管支炎及び慢性閉塞性肺疾患,total,a85_89,85.0,89.0,False,False,一般診療所,34.0
気管支炎及び慢性閉塞性肺疾患,male,a85_89,85.0,89.0,False,False,総数,77.8
気管支炎及び慢性閉塞性肺疾患,male,a85_89,85.0,89.0,False,False,病院,77.8
気管支炎及び慢性閉塞性肺疾患,female,a85_89,85.0,89.0,False,False,総数,96.3
気管支炎及び慢性閉塞性肺疾患,female,a85_89,85.0,89.0,False,False,病院,113.7
気管支炎及び慢性閉塞性肺疾患,female,a85_89,85.0,89.0,False,False,一般診療所,34.0
喘息,total,a85_89,85.0,89.0,False,False,総数,41.3
喘息,total,a85_89,85.0,89.0,False,False,病院,46.6
喘息,total,a85_89,85.0,89.0,False,False,一般診療所,14.6
喘息,male,a85_89,85.0,89.0,False,False,総数,47.8
喘息,male,a85_89,85.0,89.0,False,False,病院,50.0
喘息,male,a85_89,85.0,89.0,False,False,一般診療所,14.0
喘息,female,a85_89,85.0,89.0,False,False,総数,38.8
喘息,female,a85_89,85.0,89.0,False,False,病院,45.1
喘息,female,a85_89,85.0,89.0,False,False,一般診療所,14.7
消化器系の疾患,total,a85_89,85.0,89.0,False,False,総数,23.6
消化器系の疾患,total,a85_89,85.0,89.0,False,False,病院,24.9
消化器系の疾患,total,a85_89,85.0,89.0,False,False,一般診療所,10.0
消化器系の疾患,male,a85_89,85.0,89.0,False,False,総数,20.9
消化器系の疾患,male,a85_89,85.0,89.0,False,False,病院,21.7
消化器系の疾患,male,a85_89,85.0,89.0,False,False,一般診療所,11.3
消化器系の疾患,female,a85_89,85.0,89.0,False,False,総数,25.3
消化器系の疾患,female,a85_89,85.0,89.0,False,False,病院,26.8
消化器系の疾患,female,a85_89,85.0,89.0,False,False,一般診療所,9.4
う蝕,total,a85_89,85.0,89.0,False,False,総数,8.2
う蝕,total,a85_89,85.0,89.0,False,False,病院,8.2
う蝕,male,a85_89,85.0,89.0,False,False,総数,4.6
う蝕,male,a85_89,85.0,89.0,False,False,病院,4.6
う蝕,female,a85_89,85.0,89.0,False,False,総数,12.6
う蝕,female,a85_89,85.0,89.0,False,False,病院,12.6
歯肉炎及び歯周疾患,total,a85_89,85.0,89.0,False,False,総数,7.9
歯肉炎及び歯周疾患,total,a85_89,85.0,89.0,False,False,病院,7.9
歯肉炎及び歯周疾患,male,a85_89,85.0,89.0,False,False,総数,1.0
歯肉炎及び歯周疾患,male,a85_89,85.0,89.0,False,False,病院,1.0
歯肉炎及び歯周疾患,female,a85_89,85.0,89.0,False,False,総数,9.0
歯肉炎及び歯周疾患,female,a85_89,85.0,89.0,False,False,病院,9.0
胃潰瘍及び十二指腸潰瘍,total,a85_89,85.0,89.0,False,False,総数,27.4
胃潰瘍及び十二指腸潰瘍,total,a85_89,85.0,89.0,False,False,病院,30.7
胃潰瘍及び十二指腸潰瘍,total,a85_89,85.0,89.0,False,False,一般診療所,12.4
胃潰瘍及び十二指腸潰瘍,male,a85_89,85.0,89.0,False,False,総数,18.6
胃潰瘍及び十二指腸潰瘍,male,a85_89,85.0,89.0,False,False,病院,21.4
胃潰瘍及び十二指腸潰瘍,male,a85_89,85.0,89.0,False,False,一般診療所,6.4
胃潰瘍及び十二指腸潰瘍,female,a85_89,85.0,89.0,False,False,総数,32.4
胃潰瘍及び十二指腸潰瘍,female,a85_89,85.0,89.0,False,False,病院,35.8
胃潰瘍及び十二指腸潰瘍,female,a85_89,85.0,89.0,False,False,一般診療所,16.1
胃炎及び十二指腸炎,total,a85_89,85.0,89.0,False,False,総数,14.0
胃炎及び十二指腸炎,total,a85_89,85.0,89.0,False,False,病院,16.1
胃炎及び十二指腸炎,total,a85_89,85.0,89.0,False,False,一般診療所,7.4
胃炎及び十二指腸炎,male,a85_89,85.0,89.0,False,False,総数,9.1
胃炎及び十二指腸炎,male,a85_89,85.0,89.0,False,False,病院,10.1
胃炎及び十二指腸炎,male,a85_89,85.0,89.0,False,False,一般診療所,6.2
胃炎及び十二指腸炎,female,a85_89,85.0,89.0,False,False,総数,15.7
胃炎及び十二指腸炎,female,a85_89,85.0,89.0,False,False,病院,18.0
胃炎及び十二指腸炎,female,a85_89,85.0,89.0,False,False,一般診療所,7.9
肝疾患,total,a85_89,85.0,89.0,False,False,総数,39.7
肝疾患,total,a85_89,85.0,89.0,False,False,病院,43.0
肝疾患,total,a85_89,85.0,89.0,False,False,一般診療所,8.3
肝疾患,male,a85_89,85.0,89.0,False,False,総数,41.0
肝疾患,male,a85_89,85.0,89.0,False,False,病院,43.2
肝疾患,male,a85_89,85.0,89.0,False,False,一般診療所,3.0
肝疾患,female,a85_89,85.0,89.0,False,False,総数,39.2
肝疾患,female,a85_89,85.0,89.0,False,False,病院,42.9
肝疾患,female,a85_89,85.0,89.0,False,False,一般診療所,9.4
皮膚及び皮下組織の疾患,total,a85_89,85.0,89.0,False,False,総数,46.8
皮膚及び皮下組織の疾患,total,a85_89,85.0,89.0,False,False,病院,47.5
皮膚及び皮下組織の疾患,total,a85_89,85.0,89.0,False,False,一般診療所,34.1
皮膚及び皮下組織の疾患,male,a85_89,85.0,89.0,False,False,総数,43.5
皮膚及び皮下組織の疾患,male,a85_89,85.0,89.0,False,False,病院,44.9
皮膚及び皮下組織の疾患,male,a85_89,85.0,89.0,False,False,一般診療所,13.0
皮膚及び皮下組織の疾患,female,a85_89,85.0,89.0,False,False,総数,48.3
皮膚及び皮下組織の疾患,female,a85_89,85.0,89.0,False,False,病院,48.7
皮膚及び皮下組織の疾患,female,a85_89,85.0,89.0,False,False,一般診療所,41.7
筋骨格系及び結合組織の疾患,total,a85_89,85.0,89.0,False,False,総数,76.8
筋骨格系及び結合組織の疾患,total,a85_89,85.0,89.0,False,False,病院,75.2
筋骨格系及び結合組織の疾患,total,a85_89,85.0,89.0,False,False,一般診療所,87.2
筋骨格系及び結合組織の疾患,male,a85_89,85.0,89.0,False,False,総数,68.9
筋骨格系及び結合組織の疾患,male,a85_89,85.0,89.0,False,False,病院,74.2
筋骨格系及び結合組織の疾患,male,a85_89,85.0,89.0,False,False,一般診療所,20.5
筋骨格系及び結合組織の疾患,female,a85_89,85.0,89.0,False,False,総数,79.7
筋骨格系及び結合組織の疾患,female,a85_89,85.0,89.0,False,False,病院,75.6
筋骨格系及び結合組織の疾患,female,a85_89,85.0,89.0,False,False,一般診療所,103.5
炎症性多発性関節障害,total,a85_89,85.0,89.0,False,False,総数,114.6
炎症性多発性関節障害,total,a85_89,85.0,89.0,False,False,病院,116.1
炎症性多発性関節障害,total,a85_89,85.0,89.0,False,False,一般診療所,14.0
炎症性多発性関節障害,male,a85_89,85.0,89.0,False,False,総数,123.7
炎症性多発性関節障害,male,a85_89,85.0,89.0,False,False,病院,123.7
炎症性多発性関節障害,female,a85_89,85.0,89.0,False,False,総数,112.7
炎症性多発性関節障害,female,a85_89,85.0,89.0,False,False,病院,114.4
炎症性多発性関節障害,female,a85_89,85.0,89.0,False,False,一般診療所,14.0
関節症,total,a85_89,85.0,89.0,False,False,総数,63.6
関節症,total,a85_89,85.0,89.0,False,False,病院,50.8
関節症,total,a85_89,85.0,89.0,False,False,一般診療所,175.6
関節症,male,a85_89,85.0,89.0,False,False,総数,37.1
関節症,male,a85_89,85.0,89.0,False,False,病院,35.0
関節症,male,a85_89,85.0,89.0,False,False,一般診療所,48.3
関節症,female,a85_89,85.0,89.0,False,False,総数,69.9
関節症,female,a85_89,85.0,89.0,False,False,病院,54.3
関節症,female,a85_89,85.0,89.0,False,False,一般診療所,228.3
脊柱障害,total,a85_89,85.0,89.0,False,False,総数,72.0
脊柱障害,total,a85_89,85.0,89.0,False,False,病院,67.8
脊柱障害,total,a85_89,85.0,89.0,False,False,一般診療所,90.0
脊柱障害,male,a85_89,85.0,89.0,False,False,総数,65.3
脊柱障害,male,a85_89,85.0,89.0,False,False,病院,69.9
脊柱障害,male,a85_89,85.0,89.0,False,False,一般診療所,21.4
脊柱障害,female,a85_89,85.0,89.0,False,False,総数,74.8
脊柱障害,female,a85_89,85.0,89.0,False,False,病院,66.7
脊柱障害,female,a85_89,85.0,89.0,False,False,一般診療所,101.8
骨の密度及び構造の障害,total,a85_89,85.0,89.0,False,False,総数,54.5
骨の密度及び構造の障害,total,a85_89,85.0,89.0,False,False,病院,73.8
骨の密度及び構造の障害,total,a85_89,85.0,89.0,False,False,一般診療所,2.1
骨の密度及び構造の障害,male,a85_89,85.0,89.0,False,False,総数,55.1
骨の密度及び構造の障害,male,a85_89,85.0,89.0,False,False,病院,111.7
骨の密度及び構造の障害,male,a85_89,85.0,89.0,False,False,一般診療所,2.0
骨の密度及び構造の障害,female,a85_89,85.0,89.0,False,False,総数,54.1
骨の密度及び構造の障害,female,a85_89,85.0,89.0,False,False,病院,61.5
骨の密度及び構造の障害,female,a85_89,85.0,89.0,False,False,一般診療所,2.5
腎尿路生殖器系の疾患,total,a85_89,85.0,89.0,False,False,総数,49.3
腎尿路生殖器系の疾患,total,a85_89,85.0,89.0,False,False,病院,48.4
腎尿路生殖器系の疾患,total,a85_89,85.0,89.0,False,False,一般診療所,60.1
腎尿路生殖器系の疾患,male,a85_89,85.0,89.0,False,False,総数,43.5
腎尿路生殖器系の疾患,male,a85_89,85.0,89.0,False,False,病院,45.1
腎尿路生殖器系の疾患,male,a85_89,85.0,89.0,False,False,一般診療所,21.5
腎尿路生殖器系の疾患,female,a85_89,85.0,89.0,False,False,総数,52.8
腎尿路生殖器系の疾患,female,a85_89,85.0,89.0,False,False,病院,50.5
腎尿路生殖器系の疾患,female,a85_89,85.0,89.0,False,False,一般診療所,84.3
"糸球体疾患,腎尿細管間質性疾患及び腎不全",total,a85_89,85.0,89.0,False,False,総数,67.4
"糸球体疾患,腎尿細管間質性疾患及び腎不全",total,a85_89,85.0,89.0,False,False,病院,65.3
"糸球体疾患,腎尿細管間質性疾患及び腎不全",total,a85_89,85.0,89.0,False,False,一般診療所,94.4
"糸球体疾患,腎尿細管間質性疾患及び腎不全",male,a85_89,85.0,89.0,False,False,総数,63.9
"糸球体疾患,腎尿細管間質性疾患及び腎不全",male,a85_89,85.0,89.0,False,False,病院,65.1
"糸球体疾患,腎尿細管間質性疾患及び腎不全",male,a85_89,85.0,89.0,False,False,一般診療所,37.6
"糸球体疾患,腎尿細管間質性疾患及び腎不全",female,a85_89,85.0,89.0,False,False,総数,69.3
"糸球体疾患,腎尿細管間質性疾患及び腎不全",female,a85_89,85.0,89.0,False,False,病院,65.5
"糸球体疾患,腎尿細管間質性疾患及び腎不全",female,a85_89,85.0,89.0,False,False,一般診療所,109.8
前立腺肥大(症),total,a85_89,85.0,89.0,False,False,総数,16.3
前立腺肥大(症),total,a85_89,85.0,89.0,False,False,病院,16.1
前立腺肥大(症),total,a85_89,85.0,89.0,False,False,一般診療所,18.6
前立腺肥大(症),male,a85_89,85.0,89.0,False,False,総数,16.3
前立腺肥大(症),male,a85_89,85.0,89.0,False,False,病院,16.1
前立腺肥大(症),male,a85_89,85.0,89.0,False,False,一般診療所,18.6
乳房及び女性生殖器の疾患,total,a85_89,85.0,89.0,False,False,総数,15.1
乳房及び女性生殖器の疾患,total,a85_89,85.0,89.0,False,False,病院,19.2
乳房及び女性生殖器の疾患,total,a85_89,85.0,89.0,False,False,一般診療所,5.0
乳房及び女性生殖器の疾患,male,a85_89,85.0,89.0,False,False,総数,7.0
乳房及び女性生殖器の疾患,male,a85_89,85.0,89.0,False,False,病院,7.0
乳房及び女性生殖器の疾患,female,a85_89,85.0,89.0,False,False,総数,15.5
乳房及び女性生殖器の疾患,female,a85_89,85.0,89.0,False,False,病院,20.1
乳房及び女性生殖器の疾患,female,a85_89,85.0,89.0,False,False,一般診療所,5.0
"先天奇形,変形及び染色体異常",total,a85_89,85.0,89.0,False,False,総数,31.0
"先天奇形,変形及び染色体異常",total,a85_89,85.0,89.0,False,False,病院,36.3
"先天奇形,変形及び染色体異常",total,a85_89,85.0,89.0,False,False,一般診療所,6.0
"先天奇形,変形及び染色体異常",male,a85_89,85.0,89.0,False,False,総数,27.6
"先天奇形,変形及び染色体異常",male,a85_89,85.0,89.0,False,False,病院,51.8
"先天奇形,変形及び染色体異常",male,a85_89,85.0,89.0,False,False,一般診療所,6.0
"先天奇形,変形及び染色体異常",female,a85_89,85.0,89.0,False,False,総数,32.7
"先天奇形,変形及び染色体異常",female,a85_89,85.0,89.0,False,False,病院,32.7
"症状,徴候及び異常臨床所見・異常検査所見で他に分類されないもの",total,a85_89,85.0,89.0,False,False,総数,31.3
"症状,徴候及び異常臨床所見・異常検査所見で他に分類されないもの",total,a85_89,85.0,89.0,False,False,病院,32.3
"症状,徴候及び異常臨床所見・異常検査所見で他に分類されないもの",total,a85_89,85.0,89.0,False,False,一般診療所,23.0
"症状,徴候及び異常臨床所見・異常検査所見で他に分類されないもの",male,a85_89,85.0,89.0,False,False,総数,25.4
"症状,徴候及び異常臨床所見・異常検査所見で他に分類されないもの",male,a85_89,85.0,89.0,False,False,病院,26.5
"症状,徴候及び異常臨床所見・異常検査所見で他に分類されないもの",male,a85_89,85.0,89.0,False,False,一般診療所,11.2
"症状,徴候及び異常臨床所見・異常検査所見で他に分類されないもの",female,a85_89,85.0,89.0,False,False,総数,33.8
"症状,徴候及び異常臨床所見・異常検査所見で他に分類されないもの",female,a85_89,85.0,89.0,False,False,病院,34.8
"症状,徴候及び異常臨床所見・異常検査所見で他に分類されないもの",female,a85_89,85.0,89.0,False,False,一般診療所,26.3
"損傷,中毒及びその他の外因の影響",total,a85_89,85.0,89.0,False,False,総数,51.9
"損傷,中毒及びその他の外因の影響",total,a85_89,85.0,89.0,False,False,病院,52.8
"損傷,中毒及びその他の外因の影響",total,a85_89,85.0,89.0,False,False,一般診療所,44.2
"損傷,中毒及びその他の外因の影響",male,a85_89,85.0,89.0,False,False,総数,47.6
"損傷,中毒及びその他の外因の影響",male,a85_89,85.0,89.0,False,False,病院,49.6
"損傷,中毒及びその他の外因の影響",male,a85_89,85.0,89.0,False,False,一般診療所,28.7
"損傷,中毒及びその他の外因の影響",female,a85_89,85.0,89.0,False,False,総数,53.2
"損傷,中毒及びその他の外因の影響",female,a85_89,85.0,89.0,False,False,病院,53.7
"損傷,中毒及びその他の外因の影響",female,a85_89,85.0,89.0,False,False,一般診療所,48.4
骨折,total,a85_89,85.0,89.0,False,False,総数,55.5
骨折,total,a85_89,85.0,89.0,False,False,病院,56.9
骨折,total,a85_89,85.0,89.0,False,False,一般診療所,44.0
骨折,male,a85_89,85.0,89.0,False,False,総数,47.8
骨折,male,a85_89,85.0,89.0,False,False,病院,48.9
骨折,male,a85_89,85.0,89.0,False,False,一般診療所,37.9
骨折,female,a85_89,85.0,89.0,False,False,総数,57.0
骨折,female,a85_89,85.0,89.0,False,False,病院,58.5
骨折,female,a85_89,85.0,89.0,False,False,一般診療所,45.1
健康状態に影響を及ぼす要因及び保健サービスの利用,total,a85_89,85.0,89.0,False,False,総数,22.0
健康状態に影響を及ぼす要因及び保健サービスの利用,total,a85_89,85.0,89.0,False,False,病院,30.5
健康状態に影響を及ぼす要因及び保健サービスの利用,total,a85_89,85.0,89.0,False,False,一般診療所,5.1
健康状態に影響を及ぼす要因及び保健サービスの利用,male,a85_89,85.0,89.0,False,False,総数,16.1
健康状態に影響を及ぼす要因及び保健サービスの利用,male,a85_89,85.0,89.0,False,False,病院,23.5
健康状態に影響を及ぼす要因及び保健サービスの利用,male,a85_89,85.0,89.0,False,False,一般診療所,3.6
健康状態に影響を及ぼす要因及び保健サービスの利用,female,a85_89,85.0,89.0,False,False,総数,24.1
健康状態に影響を及ぼす要因及び保健サービスの利用,female,a85_89,85.0,89.0,False,False,病院,32.8
健康状態に影響を及ぼす要因及び保健サービスの利用,female,a85_89,85.0,89.0,False,False,一般診療所,5.7
歯の補てつ,total,a85_89,85.0,89.0,False,False,総数,5.3
歯の補てつ,total,a85_89,85.0,89.0,False,False,病院,5.3
歯の補てつ,male,a85_89,85.0,89.0,False,False,総数,5.3
歯の補てつ,male,a85_89,85.0,89.0,False,False,病院,5.3
総数,total,a90p,90.0,,False,False,総数,92.6
総数,total,a90p,90.0,,False,False,病院,94.6
総数,total,a90p,90.0,,False,False,一般診療所,74.1
総数,male,a90p,90.0,,False,False,総数,64.6
総数,male,a90p,90.0,,False,False,病院,67.1
総数,male,a90p,90.0,,False,False,一般診療所,38.5
総数,female,a90p,90.0,,False,False,総数,103.4
総数,female,a90p,90.0,,False,False,病院,105.4
総数,female,a90p,90.0,,False,False,一般診療所,86.0
感染症及び寄生虫症,total,a90p,90.0,,False,False,総数,57.3
感染症及び寄生虫症,total,a90p,90.0,,False,False,病院,60.6
感染症及び寄生虫症,total,a90p,90.0,,False,False,一般診療所,8.2
感染症及び寄生虫症,male,a90p,90.0,,False,False,総数,43.5
感染症及び寄生虫症,male,a90p,90.0,,False,False,病院,45.8
感染症及び寄生虫症,male,a90p,90.0,,False,False,一般診療所,9.8
感染症及び寄生虫症,female,a90p,90.0,,False,False,総数,62.5
感染症及び寄生虫症,female,a90p,90.0,,False,False,病院,66.1
感染症及び寄生虫症,female,a90p,90.0,,False,False,一般診療所,7.6
腸管感染症,total,a90p,90.0,,False,False,総数,19.0
腸管感染症,total,a90p,90.0,,False,False,病院,21.0
腸管感染症,total,a90p,90.0,,False,False,一般診療所,4.7
腸管感染症,male,a90p,90.0,,False,False,総数,14.7
腸管感染症,male,a90p,90.0,,False,False,病院,16.6
腸管感染症,male,a90p,90.0,,False,False,一般診療所,2.2
腸管感染症,female,a90p,90.0,,False,False,総数,20.3
腸管感染症,female,a90p,90.0,,False,False,病院,22.3
腸管感染症,female,a90p,90.0,,False,False,一般診療所,5.5
結核,total,a90p,90.0,,False,False,総数,80.3
結核,total,a90p,90.0,,False,False,病院,80.3
結核,male,a90p,90.0,,False,False,総数,91.5
結核,male,a90p,90.0,,False,False,病院,91.5
結核,female,a90p,90.0,,False,False,総数,69.3
結核,female,a90p,90.0,,False,False,病院,69.3
皮膚及び粘膜の病変を伴うウイルス疾患,total,a90p,90.0,,False,False,総数,20.6
皮膚及び粘膜の病変を伴うウイルス疾患,total,a90p,90.0,,False,False,病院,20.0
皮膚及び粘膜の病変を伴うウイルス疾患,total,a90p,90.0,,False,False,一般診療所,36.0
皮膚及び粘膜の病変を伴うウイルス疾患,male,a90p,90.0,,False,False,総数,18.0
皮膚及び粘膜の病変を伴うウイルス疾患,male,a90p,90.0,,False,False,病院,14.9
皮膚及び粘膜の病変を伴うウイルス疾患,male,a90p,90.0,,False,False,一般診療所,36.0
皮膚及び粘膜の病変を伴うウイルス疾患,female,a90p,90.0,,False,False,総数,21.6
皮膚及び粘膜の病変を伴うウイルス疾患,female,a90p,90.0,,False,False,病院,21.6
真菌症,total,a90p,90.0,,False,False,総数,134.8
真菌症,total,a90p,90.0,,False,False,病院,134.8
真菌症,male,a90p,90.0,,False,False,総数,415.2
真菌症,male,a90p,90.0,,False,False,病院,415.2
真菌症,female,a90p,90.0,,False,False,総数,34.6
真菌症,female,a90p,90.0,,False,False,病院,34.6
新生物,total,a90p,90.0,,False,False,総数,53.8
新生物,total,a90p,90.0,,False,False,病院,53.5
新生物,total,a90p,90.0,,False,False,一般診療所,58.9
新生物,male,a90p,90.0,,False,False,総数,48.6
新生物,male,a90p,90.0,,False,False,病院,49.6
新生物,male,a90p,90.0,,False,False,一般診療所,23.6
新生物,female,a90p,90.0,,False,False,総数,57.2
新生物,female,a90p,90.0,,False,False,病院,56.1
新生物,female,a90p,90.0,,False,False,一般診療所,69.7
悪性新生物,total,a90p,90.0,,False,False,総数,52.0
悪性新生物,total,a90p,90.0,,False,False,病院,51.4
悪性新生物,total,a90p,90.0,,False,False,一般診療所,61.8
悪性新生物,male,a90p,90.0,,False,False,総数,48.7
悪性新生物,male,a90p,90.0,,False,False,病院,49.6
悪性新生物,male,a90p,90.0,,False,False,一般診療所,24.9
悪性新生物,female,a90p,90.0,,False,False,総数,54.3
悪性新生物,female,a90p,90.0,,False,False,病院,52.6
悪性新生物,female,a90p,90.0,,False,False,一般診療所,73.4
胃の悪性新生物,total,a90p,90.0,,False,False,総数,53.2
胃の悪性新生物,total,a90p,90.0,,False,False,病院,49.3
胃の悪性新生物,total,a90p,90.0,,False,False,一般診療所,78.7
胃の悪性新生物,male,a90p,90.0,,False,False,総数,39.1
胃の悪性新生物,male,a90p,90.0,,False,False,病院,38.5
胃の悪性新生物,male,a90p,90.0,,False,False,一般診療所,50.5
胃の悪性新生物,female,a90p,90.0,,False,False,総数,62.7
胃の悪性新生物,female,a90p,90.0,,False,False,病院,57.8
胃の悪性新生物,female,a90p,90.0,,False,False,一般診療所,83.0
結腸及び直腸の悪性新生物,total,a90p,90.0,,False,False,総数,48.0
結腸及び直腸の悪性新生物,total,a90p,90.0,,False,False,病院,50.4
結腸及び直腸の悪性新生物,total,a90p,90.0,,False,False,一般診療所,9.8
結腸及び直腸の悪性新生物,male,a90p,90.0,,False,False,総数,44.6
結腸及び直腸の悪性新生物,male,a90p,90.0,,False,False,病院,45.9
結腸及び直腸の悪性新生物,male,a90p,90.0,,False,False,一般診療所,18.6
結腸及び直腸の悪性新生物,female,a90p,90.0,,False,False,総数,49.8
結腸及び直腸の悪性新生物,female,a90p,90.0,,False,False,病院,52.8
結腸及び直腸の悪性新生物,female,a90p,90.0,,False,False,一般診療所,6.5
"気管,気管支及び肺の悪性新生物",total,a90p,90.0,,False,False,総数,58.0
"気管,気管支及び肺の悪性新生物",total,a90p,90.0,,False,False,病院,62.9
"気管,気管支及び肺の悪性新生物",total,a90p,90.0,,False,False,一般診療所,11.7
"気管,気管支及び肺の悪性新生物",male,a90p,90.0,,False,False,総数,38.8
"気管,気管支及び肺の悪性新生物",male,a90p,90.0,,False,False,病院,43.3
"気管,気管支及び肺の悪性新生物",male,a90p,90.0,,False,False,一般診療所,9.4
"気管,気管支及び肺の悪性新生物",female,a90p,90.0,,False,False,総数,81.3
"気管,気管支及び肺の悪性新生物",female,a90p,90.0,,False,False,病院,84.8
"気管,気管支及び肺の悪性新生物",female,a90p,90.0,,False,False,一般診療所,19.0
血液及び造血器の疾患並びに免疫機構の障害,total,a90p,90.0,,False,False,総数,51.4
血液及び造血器の疾患並びに免疫機構の障害,total,a90p,90.0,,False,False,病院,52.6
血液及び造血器の疾患並びに免疫機構の障害,total,a90p,90.0,,False,False,一般診療所,34.7
血液及び造血器の疾患並びに免疫機構の障害,male,a90p,90.0,,False,False,総数,37.8
血液及び造血器の疾患並びに免疫機構の障害,male,a90p,90.0,,False,False,病院,37.4
血液及び造血器の疾患並びに免疫機構の障害,male,a90p,90.0,,False,False,一般診療所,47.0
血液及び造血器の疾患並びに免疫機構の障害,female,a90p,90.0,,False,False,総数,56.5
血液及び造血器の疾患並びに免疫機構の障害,female,a90p,90.0,,False,False,病院,58.4
血液及び造血器の疾患並びに免疫機構の障害,female,a90p,90.0,,False,False,一般診療所,32.0
"内分泌,栄養及び代謝疾患",total,a90p,90.0,,False,False,総数,58.8
"内分泌,栄養及び代謝疾患",total,a90p,90.0,,False,False,病院,60.8
"内分泌,栄養及び代謝疾患",total,a90p,90.0,,False,False,一般診療所,40.2
"内分泌,栄養及び代謝疾患",male,a90p,90.0,,False,False,総数,48.9
"内分泌,栄養及び代謝疾患",male,a90p,90.0,,False,False,病院,53.1
"内分泌,栄養及び代謝疾患",male,a90p,90.0,,False,False,一般診療所,15.2
"内分泌,栄養及び代謝疾患",female,a90p,90.0,,False,False,総数,62.2
"内分泌,栄養及び代謝疾患",female,a90p,90.0,,False,False,病院,63.3
"内分泌,栄養及び代謝疾患",female,a90p,90.0,,False,False,一般診療所,50.6
甲状腺障害,total,a90p,90.0,,False,False,総数,24.3
甲状腺障害,total,a90p,90.0,,False,False,病院,41.1
甲状腺障害,total,a90p,90.0,,False,False,一般診療所,8.0
甲状腺障害,male,a90p,90.0,,False,False,総数,35.5
甲状腺障害,male,a90p,90.0,,False,False,病院,35.5
甲状腺障害,female,a90p,90.0,,False,False,総数,22.8
甲状腺障害,female,a90p,90.0,,False,False,病院,42.8
甲状腺障害,female,a90p,90.0,,False,False,一般診療所,8.0
糖尿病,total,a90p,90.0,,False,False,総数,144.3
糖尿病,total,a90p,90.0,,False,False,病院,155.2
糖尿病,total,a90p,90.0,,False,False,一般診療所,59.5
糖尿病,male,a90p,90.0,,False,False,総数,100.0
糖尿病,male,a90p,90.0,,False,False,病院,118.8
糖尿病,male,a90p,90.0,,False,False,一般診療所,14.8
糖尿病,female,a90p,90.0,,False,False,総数,162.3
糖尿病,female,a90p,90.0,,False,False,病院,168.3
糖尿病,female,a90p,90.0,,False,False,一般診療所,97.7
精神及び行動の障害,total,a90p,90.0,,False,False,総数,359.4
精神及び行動の障害,total,a90p,90.0,,False,False,病院,456.4
精神及び行動の障害,total,a90p,90.0,,False,False,一般診療所,36.6
精神及び行動の障害,male,a90p,90.0,,False,False,総数,231.6
精神及び行動の障害,male,a90p,90.0,,False,False,病院,333.5
精神及び行動の障害,male,a90p,90.0,,False,False,一般診療所,11.5
精神及び行動の障害,female,a90p,90.0,,False,False,総数,403.2
精神及び行動の障害,female,a90p,90.0,,False,False,病院,492.5
精神及び行動の障害,female,a90p,90.0,,False,False,一般診療所,50.1
"統合失調症,統合失調症型障害及び妄想性障害",total,a90p,90.0,,False,False,総数,1193.5
"統合失調症,統合失調症型障害及び妄想性障害",total,a90p,90.0,,False,False,病院,1193.5
"統合失調症,統合失調症型障害及び妄想性障害",male,a90p,90.0,,False,False,総数,757.7
"統合失調症,統合失調症型障害及び妄想性障害",male,a90p,90.0,,False,False,病院,757.7
"統合失調症,統合失調症型障害及び妄想性障害",female,a90p,90.0,,False,False,総数,1525.1
"統合失調症,統合失調症型障害及び妄想性障害",female,a90p,90.0,,False,False,病院,1525.1
気分[感情]障害(躁うつ病を含む),total,a90p,90.0,,False,False,総数,412.4
気分[感情]障害(躁うつ病を含む),total,a90p,90.0,,False,False,病院,459.0
気分[感情]障害(躁うつ病を含む),total,a90p,90.0,,False,False,一般診療所,6.3
気分[感情]障害(躁うつ病を含む),male,a90p,90.0,,False,False,総数,180.7
気分[感情]障害(躁うつ病を含む),male,a90p,90.0,,False,False,病院,180.7
気分[感情]障害(躁うつ病を含む),female,a90p,90.0,,False,False,総数,449.5
気分[感情]障害(躁うつ病を含む),female,a90p,90.0,,False,False,病院,509.6
気分[感情]障害(躁うつ病を含む),female,a90p,90.0,,False,False,一般診療所,6.3
"神経症性障害,ストレス関連障害及び身体表現性障害",total,a90p,90.0,,False,False,総数,180.2
"神経症性障害,ストレス関連障害及び身体表現性障害",total,a90p,90.0,,False,False,病院,164.3
"神経症性障害,ストレス関連障害及び身体表現性障害",total,a90p,90.0,,False,False,一般診療所,416.0
"神経症性障害,ストレス関連障害及び身体表現性障害",male,a90p,90.0,,False,False,総数,35.3
"神経症性障害,ストレス関連障害及び身体表現性障害",male,a90p,90.0,,False,False,病院,35.3
"神経症性障害,ストレス関連障害及び身体表現性障害",female,a90p,90.0,,False,False,総数,204.8
"神経症性障害,ストレス関連障害及び身体表現性障害",female,a90p,90.0,,False,False,病院,187.9
"神経症性障害,ストレス関連障害及び身体表現性障害",female,a90p,90.0,,False,False,一般診療所,416.0
神経系の疾患,total,a90p,90.0,,False,False,総数,222.9
神経系の疾患,total,a90p,90.0,,False,False,病院,221.4
神経系の疾患,total,a90p,90.0,,False,False,一般診療所,241.0
神経系の疾患,male,a90p,90.0,,False,False,総数,141.5
神経系の疾患,male,a90p,90.0,,False,False,病院,143.0
神経系の疾患,female,a90p,90.0,,False,False,総数,256.7
神経系の疾患,female,a90p,90.0,,False,False,病院,257.3
神経系の疾患,female,a90p,90.0,,False,False,一般診療所,250.9
眼及び付属器の疾患,total,a90p,90.0,,False,False,総数,5.0
眼及び付属器の疾患,total,a90p,90.0,,False,False,病院,5.5
眼及び付属器の疾患,total,a90p,90.0,,False,False,一般診療所,1.2
眼及び付属器の疾患,male,a90p,90.0,,False,False,総数,4.7
眼及び付属器の疾患,male,a90p,90.0,,False,False,病院,5.3
眼及び付属器の疾患,male,a90p,90.0,,False,False,一般診療所,0.4
眼及び付属器の疾患,female,a90p,90.0,,False,False,総数,5.1
眼及び付属器の疾患,female,a90p,90.0,,False,False,病院,5.7
眼及び付属器の疾患,female,a90p,90.0,,False,False,一般診療所,1.5
白内障,total,a90p,90.0,,False,False,総数,4.5
白内障,total,a90p,90.0,,False,False,病院,5.0
白内障,total,a90p,90.0,,False,False,一般診療所,1.2
白内障,male,a90p,90.0,,False,False,総数,4.1
白内障,male,a90p,90.0,,False,False,病院,4.7
白内障,male,a90p,90.0,,False,False,一般診療所,0.4
白内障,female,a90p,90.0,,False,False,総数,4.6
白内障,female,a90p,90.0,,False,False,病院,5.1
白内障,female,a90p,90.0,,False,False,一般診療所,1.5
耳及び乳様突起の疾患,total,a90p,90.0,,False,False,総数,23.3
耳及び乳様突起の疾患,total,a90p,90.0,,False,False,病院,18.7
耳及び乳様突起の疾患,total,a90p,90.0,,False,False,一般診療所,48.2
耳及び乳様突起の疾患,male,a90p,90.0,,False,False,総数,11.7
耳及び乳様突起の疾患,male,a90p,90.0,,False,False,病院,11.7
耳及び乳様突起の疾患,female,a90p,90.0,,False,False,総数,26.0
耳及び乳様突起の疾患,female,a90p,90.0,,False,False,病院,20.7
耳及び乳様突起の疾患,female,a90p,90.0,,False,False,一般診療所,48.2
循環器系の疾患,total,a90p,90.0,,False,False,総数,153.7
循環器系の疾患,total,a90p,90.0,,False,False,病院,159.2
循環器系の疾患,total,a90p,90.0,,False,False,一般診療所,102.1
循環器系の疾患,male,a90p,90.0,,False,False,総数,94.0
循環器系の疾患,male,a90p,90.0,,False,False,病院,97.3
循環器系の疾患,male,a90p,90.0,,False,False,一般診療所,63.2
循環器系の疾患,female,a90p,90.0,,False,False,総数,174.9
循環器系の疾患,female,a90p,90.0,,False,False,病院,181.2
循環器系の疾患,female,a90p,90.0,,False,False,一般診療所,115.9
高血圧性疾患,total,a90p,90.0,,False,False,総数,122.5
高血圧性疾患,total,a90p,90.0,,False,False,病院,117.4
高血圧性疾患,total,a90p,90.0,,False,False,一般診療所,130.6
高血圧性疾患,male,a90p,90.0,,False,False,総数,64.7
高血圧性疾患,male,a90p,90.0,,False,False,病院,100.3
高血圧性疾患,male,a90p,90.0,,False,False,一般診療所,15.7
高血圧性疾患,female,a90p,90.0,,False,False,総数,139.8
高血圧性疾患,female,a90p,90.0,,False,False,病院,122.2
高血圧性疾患,female,a90p,90.0,,False,False,一般診療所,169.4
心疾患(高血圧性のものを除く),total,a90p,90.0,,False,False,総数,81.8
心疾患(高血圧性のものを除く),total,a90p,90.0,,False,False,病院,80.5
心疾患(高血圧性のものを除く),total,a90p,90.0,,False,False,一般診療所,94.3
心疾患(高血圧性のものを除く),male,a90p,90.0,,False,False,総数,58.9
心疾患(高血圧性のものを除く),male,a90p,90.0,,False,False,病院,56.0
心疾患(高血圧性のものを除く),male,a90p,90.0,,False,False,一般診療所,105.1
心疾患(高血圧性のものを除く),female,a90p,90.0,,False,False,総数,90.1
心疾患(高血圧性のものを除く),female,a90p,90.0,,False,False,病院,89.8
心疾患(高血圧性のものを除く),female,a90p,90.0,,False,False,一般診療所,92.1
虚血性心疾患,total,a90p,90.0,,False,False,総数,67.2
虚血性心疾患,total,a90p,90.0,,False,False,病院,73.5
虚血性心疾患,total,a90p,90.0,,False,False,一般診療所,22.4
虚血性心疾患,male,a90p,90.0,,False,False,総数,39.6
虚血性心疾患,male,a90p,90.0,,False,False,病院,39.6
虚血性心疾患,female,a90p,90.0,,False,False,総数,78.8
虚血性心疾患,female,a90p,90.0,,False,False,病院,90.8
虚血性心疾患,female,a90p,90.0,,False,False,一般診療所,22.4
脳血管疾患,total,a90p,90.0,,False,False,総数,241.3
脳血管疾患,total,a90p,90.0,,False,False,病院,252.3
脳血管疾患,total,a90p,90.0,,False,False,一般診療所,97.5
脳血管疾患,male,a90p,90.0,,False,False,総数,141.2
脳血管疾患,male,a90p,90.0,,False,False,病院,151.6
脳血管疾患,male,a90p,90.0,,False,False,一般診療所,61.2
脳血管疾患,female,a90p,90.0,,False,False,総数,275.3
脳血管疾患,female,a90p,90.0,,False,False,病院,284.4
脳血管疾患,female,a90p,90.0,,False,False,一般診療所,122.7
呼吸器系の疾患,total,a90p,90.0,,False,False,総数,59.5
呼吸器系の疾患,total,a90p,90.0,,False,False,病院,62.5
呼吸器系の疾患,total,a90p,90.0,,False,False,一般診療所,25.4
呼吸器系の疾患,male,a90p,90.0,,False,False,総数,49.8
呼吸器系の疾患,male,a90p,90.0,,False,False,病院,51.1
呼吸器系の疾患,male,a90p,90.0,,False,False,一般診療所,35.7
呼吸器系の疾患,female,a90p,90.0,,False,False,総数,64.6
呼吸器系の疾患,female,a90p,90.0,,False,False,病院,68.6
呼吸器系の疾患,female,a90p,90.0,,False,False,一般診療所,20.1
急性上気道感染症,total,a90p,90.0,,False,False,総数,12.6
急性上気道感染症,total,a90p,90.0,,False,False,病院,13.2
急性上気道感染症,total,a90p,90.0,,False,False,一般診療所,8.4
急性上気道感染症,male,a90p,90.0,,False,False,総数,9.9
急性上気道感染症,male,a90p,90.0,,False,False,病院,9.9
急性上気道感染症,female,a90p,90.0,,False,False,総数,13.6
急性上気道感染症,female,a90p,90.0,,False,False,病院,14.6
急性上気道感染症,female,a90p,90.0,,False,False,一般診療所,8.4
肺炎,total,a90p,90.0,,False,False,総数,55.3
肺炎,total,a90p,90.0,,False,False,病院,58.4
肺炎,total,a90p,90.0,,False,False,一般診療所,23.1
肺炎,male,a90p,90.0,,False,False,総数,42.6
肺炎,male,a90p,90.0,,False,False,病院,44.4
肺炎,male,a90p,90.0,,False,False,一般診療所,25.7
肺炎,female,a90p,90.0,,False,False,総数,61.7
肺炎,female,a90p,90.0,,False,False,病院,65.3
肺炎,female,a90p,90.0,,False,False,一般診療所,21.7
急性気管支炎及び急性細気管支炎,total,a90p,90.0,,False,False,総数,62.8
急性気管支炎及び急性細気管支炎,total,a90p,90.0,,False,False,病院,75.7
急性気管支炎及び急性細気管支炎,total,a90p,90.0,,False,False,一般診療所,7.3
急性気管支炎及び急性細気管支炎,male,a90p,90.0,,False,False,総数,17.8
急性気管支炎及び急性細気管支炎,male,a90p,90.0,,False,False,病院,19.3
急性気管支炎及び急性細気管支炎,male,a90p,90.0,,False,False,一般診療所,7.1
急性気管支炎及び急性細気管支炎,female,a90p,90.0,,False,False,総数,79.9
急性気管支炎及び急性細気管支炎,female,a90p,90.0,,False,False,病院,99.5
急性気管支炎及び急性細気管支炎,female,a90p,90.0,,False,False,一般診療所,7.4
気管支炎及び慢性閉塞性肺疾患,total,a90p,90.0,,False,False,総数,103.7
気管支炎及び慢性閉塞性肺疾患,total,a90p,90.0,,False,False,病院,113.0
気管支炎及び慢性閉塞性肺疾患,total,a90p,90.0,,False,False,一般診療所,36.8
気管支炎及び慢性閉塞性肺疾患,male,a90p,90.0,,False,False,総数,89.0
気管支炎及び慢性閉塞性肺疾患,male,a90p,90.0,,False,False,病院,98.1
気管支炎及び慢性閉塞性肺疾患,male,a90p,90.0,,False,False,一般診療所,1.4
気管支炎及び慢性閉塞性肺疾患,female,a90p,90.0,,False,False,総数,122.9
気管支炎及び慢性閉塞性肺疾患,female,a90p,90.0,,False,False,病院,134.2
気管支炎及び慢性閉塞性肺疾患,female,a90p,90.0,,False,False,一般診療所,63.9
喘息,total,a90p,90.0,,False,False,総数,99.9
喘息,total,a90p,90.0,,False,False,病院,103.9
喘息,total,a90p,90.0,,False,False,一般診療所,84.2
喘息,male,a90p,90.0,,False,False,総数,110.7
喘息,male,a90p,90.0,,False,False,病院,51.6
喘息,male,a90p,90.0,,False,False,一般診療所,615.0
喘息,female,a90p,90.0,,False,False,総数,96.6
喘息,female,a90p,90.0,,False,False,病院,122.9
喘息,female,a90p,90.0,,False,False,一般診療所,8.9
消化器系の疾患,total,a90p,90.0,,False,False,総数,32.9
消化器系の疾患,total,a90p,90.0,,False,False,病院,33.2
消化器系の疾患,total,a90p,90.0,,False,False,一般診療所,29.1
消化器系の疾患,male,a90p,90.0,,False,False,総数,25.7
消化器系の疾患,male,a90p,90.0,,False,False,病院,27.6
消化器系の疾患,male,a90p,90.0,,False,False,一般診療所,7.5
消化器系の疾患,female,a90p,90.0,,False,False,総数,35.7
消化器系の疾患,female,a90p,90.0,,False,False,病院,35.3
消化器系の疾患,female,a90p,90.0,,False,False,一般診療所,41.2
う蝕,total,a90p,90.0,,False,False,総数,6.3
う蝕,total,a90p,90.0,,False,False,病院,6.3
う蝕,male,a90p,90.0,,False,False,総数,14.0
う蝕,male,a90p,90.0,,False,False,病院,14.0
う蝕,female,a90p,90.0,,False,False,総数,4.6
う蝕,female,a90p,90.0,,False,False,病院,4.6
歯肉炎及び歯周疾患,total,a90p,90.0,,False,False,総数,27.7
歯肉炎及び歯周疾患,total,a90p,90.0,,False,False,病院,27.7
歯肉炎及び歯周疾患,male,a90p,90.0,,False,False,総数,42.5
歯肉炎及び歯周疾患,male,a90p,90.0,,False,False,病院,42.5
歯肉炎及び歯周疾患,female,a90p,90.0,,False,False,総数,1.0
歯肉炎及び歯周疾患,female,a90p,90.0,,False,False,病院,1.0
胃潰瘍及び十二指腸潰瘍,total,a90p,90.0,,False,False,総数,31.7
胃潰瘍及び十二指腸潰瘍,total,a90p,90.0,,False,False,病院,37.3
胃潰瘍及び十二指腸潰瘍,total,a90p,90.0,,False,False,一般診療所,6.0
胃潰瘍及び十二指腸潰瘍,male,a90p,90.0,,False,False,総数,34.0
胃潰瘍及び十二指腸潰瘍,male,a90p,90.0,,False,False,病院,42.4
胃潰瘍及び十二指腸潰瘍,male,a90p,90.0,,False,False,一般診療所,4.0
胃潰瘍及び十二指腸潰瘍,female,a90p,90.0,,False,False,総数,30.7
胃潰瘍及び十二指腸潰瘍,female,a90p,90.0,,False,False,病院,35.2
胃潰瘍及び十二指腸潰瘍,female,a90p,90.0,,False,False,一般診療所,7.2
胃炎及び十二指腸炎,total,a90p,90.0,,False,False,総数,35.4
胃炎及び十二指腸炎,total,a90p,90.0,,False,False,病院,40.6
胃炎及び十二指腸炎,total,a90p,90.0,,False,False,一般診療所,16.0
胃炎及び十二指腸炎,male,a90p,90.0,,False,False,総数,12.4
胃炎及び十二指腸炎,male,a90p,90.0,,False,False,病院,12.4
胃炎及び十二指腸炎,female,a90p,90.0,,False,False,総数,41.9
胃炎及び十二指腸炎,female,a90p,90.0,,False,False,病院,51.5
胃炎及び十二指腸炎,female,a90p,90.0,,False,False,一般診療所,16.0
肝疾患,total,a90p,90.0,,False,False,総数,31.4
肝疾患,total,a90p,90.0,,False,False,病院,39.8
肝疾患,total,a90p,90.0,,False,False,一般診療所,10.2
肝疾患,male,a90p,90.0,,False,False,総数,13.1
肝疾患,male,a90p,90.0,,False,False,病院,23.6
肝疾患,male,a90p,90.0,,False,False,一般診療所,5.9
肝疾患,female,a90p,90.0,,False,False,総数,43.1
肝疾患,female,a90p,90.0,,False,False,病院,44.4
肝疾患,female,a90p,90.0,,False,False,一般診療所,29.1
皮膚及び皮下組織の疾患,total,a90p,90.0,,False,False,総数,48.9
皮膚及び皮下組織の疾患,total,a90p,90.0,,False,False,病院,49.2
皮膚及び皮下組織の疾患,total,a90p,90.0,,False,False,一般診療所,35.9
皮膚及び皮下組織の疾患,male,a90p,90.0,,False,False,総数,45.2
皮膚及び皮下組織の疾患,male,a90p,90.0,,False,False,病院,45.2
皮膚及び皮下組織の疾患,female,a90p,90.0,,False,False,総数,49.9
皮膚及び皮下組織の疾患,female,a90p,90.0,,False,False,病院,50.3
皮膚及び皮下組織の疾患,female,a90p,90.0,,False,False,一般診療所,35.9
筋骨格系及び結合組織の疾患,total,a90p,90.0,,False,False,総数,111.0
筋骨格系及び結合組織の疾患,total,a90p,90.0,,False,False,病院,120.8
筋骨格系及び結合組織の疾患,total,a90p,90.0,,False,False,一般診療所,86.8
筋骨格系及び結合組織の疾患,male,a90p,90.0,,False,False,総数,109.0
筋骨格系及び結合組織の疾患,male,a90p,90.0,,False,False,病院,146.5
筋骨格系及び結合組織の疾患,male,a90p,90.0,,False,False,一般診療所,17.2
筋骨格系及び結合組織の疾患,female,a90p,90.0,,False,False,総数,111.5
筋骨格系及び結合組織の疾患,female,a90p,90.0,,False,False,病院,113.4
筋骨格系及び結合組織の疾患,female,a90p,90.0,,False,False,一般診療所,106.8
炎症性多発性関節障害,total,a90p,90.0,,False,False,総数,87.7
炎症性多発性関節障害,total,a90p,90.0,,False,False,病院,95.2
炎症性多発性関節障害,total,a90p,90.0,,False,False,一般診療所,64.8
炎症性多発性関節障害,male,a90p,90.0,,False,False,総数,34.8
炎症性多発性関節障害,male,a90p,90.0,,False,False,病院,34.8
炎症性多発性関節障害,female,a90p,90.0,,False,False,総数,96.3
炎症性多発性関節障害,female,a90p,90.0,,False,False,病院,108.7
炎症性多発性関節障害,female,a90p,90.0,,False,False,一般診療所,64.8
関節症,total,a90p,90.0,,False,False,総数,82.0
関節症,total,a90p,90.0,,False,False,病院,93.1
関節症,total,a90p,90.0,,False,False,一般診療所,56.3
関節症,male,a90p,90.0,,False,False,総数,58.2
関節症,male,a90p,90.0,,False,False,病院,58.2
関節症,female,a90p,90.0,,False,False,総数,84.9
関節症,female,a90p,90.0,,False,False,病院,99.5
関節症,female,a90p,90.0,,False,False,一般診療所,56.3
脊柱障害,total,a90p,90.0,,False,False,総数,110.2
脊柱障害,total,a90p,90.0,,False,False,病院,123.1
脊柱障害,total,a90p,90.0,,False,False,一般診療所,81.1
脊柱障害,male,a90p,90.0,,False,False,総数,104.5
脊柱障害,male,a90p,90.0,,False,False,病院,170.2
脊柱障害,male,a90p,90.0,,False,False,一般診療所,10.8
脊柱障害,female,a90p,90.0,,False,False,総数,112.7
脊柱障害,female,a90p,90.0,,False,False,病院,106.6
脊柱障害,female,a90p,90.0,,False,False,一般診療所,130.1
骨の密度及び構造の障害,total,a90p,90.0,,False,False,総数,160.7
骨の密度及び構造の障害,total,a90p,90.0,,False,False,病院,243.0
骨の密度及び構造の障害,total,a90p,90.0,,False,False,一般診療所,90.9
骨の密度及び構造の障害,male,a90p,90.0,,False,False,総数,63.2
骨の密度及び構造の障害,male,a90p,90.0,,False,False,病院,63.2
骨の密度及び構造の障害,female,a90p,90.0,,False,False,総数,165.6
骨の密度及び構造の障害,female,a90p,90.0,,False,False,病院,263.7
骨の密度及び構造の障害,female,a90p,90.0,,False,False,一般診療所,90.9
腎尿路生殖器系の疾患,total,a90p,90.0,,False,False,総数,58.0
腎尿路生殖器系の疾患,total,a90p,90.0,,False,False,病院,59.7
腎尿路生殖器系の疾患,total,a90p,90.0,,False,False,一般診療所,37.3
腎尿路生殖器系の疾患,male,a90p,90.0,,False,False,総数,53.7
腎尿路生殖器系の疾患,male,a90p,90.0,,False,False,病院,57.3
腎尿路生殖器系の疾患,male,a90p,90.0,,False,False,一般診療所,5.4
腎尿路生殖器系の疾患,female,a90p,90.0,,False,False,総数,59.8
腎尿路生殖器系の疾患,female,a90p,90.0,,False,False,病院,60.8
腎尿路生殖器系の疾患,female,a90p,90.0,,False,False,一般診療所,49.2
"糸球体疾患,腎尿細管間質性疾患及び腎不全",total,a90p,90.0,,False,False,総数,80.5
"糸球体疾患,腎尿細管間質性疾患及び腎不全",total,a90p,90.0,,False,False,病院,84.2
"糸球体疾患,腎尿細管間質性疾患及び腎不全",total,a90p,90.0,,False,False,一般診療所,43.4
"糸球体疾患,腎尿細管間質性疾患及び腎不全",male,a90p,90.0,,False,False,総数,69.7
"糸球体疾患,腎尿細管間質性疾患及び腎不全",male,a90p,90.0,,False,False,病院,74.6
"糸球体疾患,腎尿細管間質性疾患及び腎不全",male,a90p,90.0,,False,False,一般診療所,6.0
"糸球体疾患,腎尿細管間質性疾患及び腎不全",female,a90p,90.0,,False,False,総数,85.5
"糸球体疾患,腎尿細管間質性疾患及び腎不全",female,a90p,90.0,,False,False,病院,88.8
"糸球体疾患,腎尿細管間質性疾患及び腎不全",female,a90p,90.0,,False,False,一般診療所,56.0
前立腺肥大(症),total,a90p,90.0,,False,False,総数,42.3
前立腺肥大(症),total,a90p,90.0,,False,False,病院,52.2
前立腺肥大(症),male,a90p,90.0,,False,False,総数,42.3
前立腺肥大(症),male,a90p,90.0,,False,False,病院,52.2
乳房及び女性生殖器の疾患,total,a90p,90.0,,False,False,総数,26.9
乳房及び女性生殖器の疾患,total,a90p,90.0,,False,False,病院,26.9
乳房及び女性生殖器の疾患,female,a90p,90.0,,False,False,総数,26.9
乳房及び女性生殖器の疾患,female,a90p,90.0,,False,False,病院,26.9
"先天奇形,変形及び染色体異常",total,a90p,90.0,,False,False,総数,69.5
"先天奇形,変形及び染色体異常",total,a90p,90.0,,False,False,病院,69.5
"先天奇形,変形及び染色体異常",male,a90p,90.0,,False,False,総数,22.0
"先天奇形,変形及び染色体異常",male,a90p,90.0,,False,False,病院,22.0
"先天奇形,変形及び染色体異常",female,a90p,90.0,,False,False,総数,93.9
"先天奇形,変形及び染色体異常",female,a90p,90.0,,False,False,病院,93.9
"症状,徴候及び異常臨床所見・異常検査所見で他に分類されないもの",total,a90p,90.0,,False,False,総数,55.0
"症状,徴候及び異常臨床所見・異常検査所見で他に分類されないもの",total,a90p,90.0,,False,False,病院,55.2
"症状,徴候及び異常臨床所見・異常検査所見で他に分類されないもの",total,a90p,90.0,,False,False,一般診療所,52.6
"症状,徴候及び異常臨床所見・異常検査所見で他に分類されないもの",male,a90p,90.0,,False,False,総数,43.0
"症状,徴候及び異常臨床所見・異常検査所見で他に分類されないもの",male,a90p,90.0,,False,False,病院,44.7
"症状,徴候及び異常臨床所見・異常検査所見で他に分類されないもの",male,a90p,90.0,,False,False,一般診療所,9.2
"症状,徴候及び異常臨床所見・異常検査所見で他に分類されないもの",female,a90p,90.0,,False,False,総数,59.6
"症状,徴候及び異常臨床所見・異常検査所見で他に分類されないもの",female,a90p,90.0,,False,False,病院,59.4
"症状,徴候及び異常臨床所見・異常検査所見で他に分類されないもの",female,a90p,90.0,,False,False,一般診療所,61.2
"損傷,中毒及びその他の外因の影響",total,a90p,90.0,,False,False,総数,82.3
"損傷,中毒及びその他の外因の影響",total,a90p,90.0,,False,False,病院,73.8
"損傷,中毒及びその他の外因の影響",total,a90p,90.0,,False,False,一般診療所,158.9
"損傷,中毒及びその他の外因の影響",male,a90p,90.0,,False,False,総数,60.5
"損傷,中毒及びその他の外因の影響",male,a90p,90.0,,False,False,病院,53.1
"損傷,中毒及びその他の外因の影響",male,a90p,90.0,,False,False,一般診療所,162.1
"損傷,中毒及びその他の外因の影響",female,a90p,90.0,,False,False,総数,86.9
"損傷,中毒及びその他の外因の影響",female,a90p,90.0,,False,False,病院,78.3
"損傷,中毒及びその他の外因の影響",female,a90p,90.0,,False,False,一般診療所,158.5
骨折,total,a90p,90.0,,False,False,総数,85.9
骨折,total,a90p,90.0,,False,False,病院,75.0
骨折,total,a90p,90.0,,False,False,一般診療所,179.9
骨折,male,a90p,90.0,,False,False,総数,69.5
骨折,male,a90p,90.0,,False,False,病院,57.1
骨折,male,a90p,90.0,,False,False,一般診療所,180.7
骨折,female,a90p,90.0,,False,False,総数,88.4
骨折,female,a90p,90.0,,False,False,病院,77.7
骨折,female,a90p,90.0,,False,False,一般診療所,179.8
健康状態に影響を及ぼす要因及び保健サービスの利用,total,a90p,90.0,,False,False,総数,34.1
健康状態に影響を及ぼす要因及び保健サービスの利用,total,a90p,90.0,,False,False,病院,49.7
健康状態に影響を及ぼす要因及び保健サービスの利用,total,a90p,90.0,,False,False,一般診療所,4.9
健康状態に影響を及ぼす要因及び保健サービスの利用,male,a90p,90.0,,False,False,総数,22.8
健康状態に影響を及ぼす要因及び保健サービスの利用,male,a90p,90.0,,False,False,病院,27.6
健康状態に影響を及ぼす要因及び保健サービスの利用,male,a90p,90.0,,False,False,一般診療所,6.0
健康状態に影響を及ぼす要因及び保健サービスの利用,female,a90p,90.0,,False,False,総数,37.1
健康状態に影響を及ぼす要因及び保健サービスの利用,female,a90p,90.0,,False,False,病院,57.0
健康状態に影響を及ぼす要因及び保健サービスの利用,female,a90p,90.0,,False,False,一般診療所,4.7
歯の補てつ,total,a90p,90.0,,False,False,総数,6.0
歯の補てつ,total,a90p,90.0,,False,False,病院,6.0
歯の補てつ,female,a90p,90.0,,False,False,総数,6.0
歯の補てつ,female,a90p,90.0,,False,False,病院,6.0
総数,total,unknown,,,False,False,総数,58.7
総数,total,unknown,,,False,False,病院,67.0
総数,total,unknown,,,False,False,一般診療所,12.2
総数,male,unknown,,,False,False,総数,45.6
総数,male,unknown,,,False,False,病院,52.4
総数,male,unknown,,,False,False,一般診療所,6.5
総数,female,unknown,,,False,False,総数,70.0
総数,female,unknown,,,False,False,病院,79.7
総数,female,unknown,,,False,False,一般診療所,16.9
感染症及び寄生虫症,total,unknown,,,False,False,総数,79.7
感染症及び寄生虫症,total,unknown,,,False,False,病院,79.7
感染症及び寄生虫症,male,unknown,,,False,False,総数,13.2
感染症及び寄生虫症,male,unknown,,,False,False,病院,13.2
感染症及び寄生虫症,female,unknown,,,False,False,総数,169.5
感染症及び寄生虫症,female,unknown,,,False,False,病院,169.5
腸管感染症,total,unknown,,,False,False,総数,104.4
腸管感染症,total,unknown,,,False,False,病院,104.4
腸管感染症,male,unknown,,,False,False,総数,9.6
腸管感染症,male,unknown,,,False,False,病院,9.6
腸管感染症,female,unknown,,,False,False,総数,165.3
腸管感染症,female,unknown,,,False,False,病院,165.3
結核,total,unknown,,,False,False,総数,27.0
結核,total,unknown,,,False,False,病院,27.0
結核,male,unknown,,,False,False,総数,43.0
結核,male,unknown,,,False,False,病院,43.0
結核,female,unknown,,,False,False,総数,11.7
結核,female,unknown,,,False,False,病院,11.7
皮膚及び粘膜の病変を伴うウイルス疾患,total,unknown,,,False,False,総数,7.1
皮膚及び粘膜の病変を伴うウイルス疾患,total,unknown,,,False,False,病院,7.1
皮膚及び粘膜の病変を伴うウイルス疾患,male,unknown,,,False,False,総数,7.8
皮膚及び粘膜の病変を伴うウイルス疾患,male,unknown,,,False,False,病院,7.8
皮膚及び粘膜の病変を伴うウイルス疾患,female,unknown,,,False,False,総数,6.0
皮膚及び粘膜の病変を伴うウイルス疾患,female,unknown,,,False,False,病院,6.0
真菌症,total,unknown,,,False,False,総数,1.0
真菌症,total,unknown,,,False,False,病院,1.0
真菌症,male,unknown,,,False,False,総数,1.0
真菌症,male,unknown,,,False,False,病院,1.0
新生物,total,unknown,,,False,False,総数,20.6
新生物,total,unknown,,,False,False,病院,20.8
新生物,total,unknown,,,False,False,一般診療所,15.0
新生物,male,unknown,,,False,False,総数,22.8
新生物,male,unknown,,,False,False,病院,22.8
新生物,female,unknown,,,False,False,総数,18.3
新生物,female,unknown,,,False,False,病院,18.6
新生物,female,unknown,,,False,False,一般診療所,15.0
悪性新生物,total,unknown,,,False,False,総数,21.4
悪性新生物,total,unknown,,,False,False,病院,21.4
悪性新生物,male,unknown,,,False,False,総数,22.1
悪性新生物,male,unknown,,,False,False,病院,22.1
悪性新生物,female,unknown,,,False,False,総数,20.6
悪性新生物,female,unknown,,,False,False,病院,20.6
胃の悪性新生物,total,unknown,,,False,False,総数,23.8
胃の悪性新生物,total,unknown,,,False,False,病院,23.8
胃の悪性新生物,male,unknown,,,False,False,総数,29.7
胃の悪性新生物,male,unknown,,,False,False,病院,29.7
胃の悪性新生物,female,unknown,,,False,False,総数,15.1
胃の悪性新生物,female,unknown,,,False,False,病院,15.1
結腸及び直腸の悪性新生物,total,unknown,,,False,False,総数,14.3
結腸及び直腸の悪性新生物,total,unknown,,,False,False,病院,14.3
結腸及び直腸の悪性新生物,male,unknown,,,False,False,総数,10.1
結腸及び直腸の悪性新生物,male,unknown,,,False,False,病院,10.1
結腸及び直腸の悪性新生物,female,unknown,,,False,False,総数,20.2
結腸及び直腸の悪性新生物,female,unknown,,,False,False,病院,20.2
"気管,気管支及び肺の悪性新生物",total,unknown,,,False,False,総数,18.9
"気管,気管支及び肺の悪性新生物",total,unknown,,,False,False,病院,18.9
"気管,気管支及び肺の悪性新生物",male,unknown,,,False,False,総数,14.7
"気管,気管支及び肺の悪性新生物",male,unknown,,,False,False,病院,14.7
"気管,気管支及び肺の悪性新生物",female,unknown,,,False,False,総数,29.4
"気管,気管支及び肺の悪性新生物",female,unknown,,,False,False,病院,29.4
血液及び造血器の疾患並びに免疫機構の障害,total,unknown,,,False,False,総数,400.5
血液及び造血器の疾患並びに免疫機構の障害,total,unknown,,,False,False,病院,400.5
血液及び造血器の疾患並びに免疫機構の障害,male,unknown,,,False,False,総数,15.9
血液及び造血器の疾患並びに免疫機構の障害,male,unknown,,,False,False,病院,15.9
血液及び造血器の疾患並びに免疫機構の障害,female,unknown,,,False,False,総数,644.5
血液及び造血器の疾患並びに免疫機構の障害,female,unknown,,,False,False,病院,644.5
"内分泌,栄養及び代謝疾患",total,unknown,,,False,False,総数,30.7
"内分泌,栄養及び代謝疾患",total,unknown,,,False,False,病院,30.7
"内分泌,栄養及び代謝疾患",male,unknown,,,False,False,総数,22.4
"内分泌,栄養及び代謝疾患",male,unknown,,,False,False,病院,22.4
"内分泌,栄養及び代謝疾患",female,unknown,,,False,False,総数,37.6
"内分泌,栄養及び代謝疾患",female,unknown,,,False,False,病院,37.6
甲状腺障害,total,unknown,,,False,False,総数,7.0
甲状腺障害,total,unknown,,,False,False,病院,7.0
甲状腺障害,female,unknown,,,False,False,総数,7.0
甲状腺障害,female,unknown,,,False,False,病院,7.0
糖尿病,total,unknown,,,False,False,総数,46.5
糖尿病,total,unknown,,,False,False,病院,46.5
糖尿病,male,unknown,,,False,False,総数,30.6
糖尿病,male,unknown,,,False,False,病院,30.6
糖尿病,female,unknown,,,False,False,総数,55.7
糖尿病,female,unknown,,,False,False,病院,55.7
精神及び行動の障害,total,unknown,,,False,False,総数,401.9
精神及び行動の障害,total,unknown,,,False,False,病院,705.2
精神及び行動の障害,total,unknown,,,False,False,一般診療所,4.4
精神及び行動の障害,male,unknown,,,False,False,総数,282.2
精神及び行動の障害,male,unknown,,,False,False,病院,757.7
精神及び行動の障害,male,unknown,,,False,False,一般診療所,4.4
精神及び行動の障害,female,unknown,,,False,False,総数,663.0
精神及び行動の障害,female,unknown,,,False,False,病院,663.0
"統合失調症,統合失調症型障害及び妄想性障害",total,unknown,,,False,False,総数,1443.6
"統合失調症,統合失調症型障害及び妄想性障害",total,unknown,,,False,False,病院,1443.6
"統合失調症,統合失調症型障害及び妄想性障害",male,unknown,,,False,False,総数,1783.4
"統合失調症,統合失調症型障害及び妄想性障害",male,unknown,,,False,False,病院,1783.4
"統合失調症,統合失調症型障害及び妄想性障害",female,unknown,,,False,False,総数,1185.8
"統合失調症,統合失調症型障害及び妄想性障害",female,unknown,,,False,False,病院,1185.8
気分[感情]障害(躁うつ病を含む),total,unknown,,,False,False,総数,382.5
気分[感情]障害(躁うつ病を含む),total,unknown,,,False,False,病院,382.5
気分[感情]障害(躁うつ病を含む),male,unknown,,,False,False,総数,46.9
気分[感情]障害(躁うつ病を含む),male,unknown,,,False,False,病院,46.9
気分[感情]障害(躁うつ病を含む),female,unknown,,,False,False,総数,553.9
気分[感情]障害(躁うつ病を含む),female,unknown,,,False,False,病院,553.9
"神経症性障害,ストレス関連障害及び身体表現性障害",total,unknown,,,False,False,総数,4.9
"神経症性障害,ストレス関連障害及び身体表現性障害",total,unknown,,,False,False,病院,19.3
"神経症性障害,ストレス関連障害及び身体表現性障害",total,unknown,,,False,False,一般診療所,3.0
"神経症性障害,ストレス関連障害及び身体表現性障害",male,unknown,,,False,False,総数,4.0
"神経症性障害,ストレス関連障害及び身体表現性障害",male,unknown,,,False,False,病院,29.0
"神経症性障害,ストレス関連障害及び身体表現性障害",male,unknown,,,False,False,一般診療所,3.0
"神経症性障害,ストレス関連障害及び身体表現性障害",female,unknown,,,False,False,総数,15.1
"神経症性障害,ストレス関連障害及び身体表現性障害",female,unknown,,,False,False,病院,15.1
神経系の疾患,total,unknown,,,False,False,総数,67.8
神経系の疾患,total,unknown,,,False,False,病院,63.0
神経系の疾患,total,unknown,,,False,False,一般診療所,128.0
神経系の疾患,male,unknown,,,False,False,総数,50.1
神経系の疾患,male,unknown,,,False,False,病院,50.1
神経系の疾患,female,unknown,,,False,False,総数,91.1
神経系の疾患,female,unknown,,,False,False,病院,83.5
神経系の疾患,female,unknown,,,False,False,一般診療所,128.0
眼及び付属器の疾患,total,unknown,,,False,False,総数,6.7
眼及び付属器の疾患,total,unknown,,,False,False,病院,7.7
眼及び付属器の疾患,total,unknown,,,False,False,一般診療所,3.5
眼及び付属器の疾患,male,unknown,,,False,False,総数,8.8
眼及び付属器の疾患,male,unknown,,,False,False,病院,11.1
眼及び付属器の疾患,male,unknown,,,False,False,一般診療所,3.8
眼及び付属器の疾患,female,unknown,,,False,False,総数,4.7
眼及び付属器の疾患,female,unknown,,,False,False,病院,5.0
眼及び付属器の疾患,female,unknown,,,False,False,一般診療所,3.0
白内障,total,unknown,,,False,False,総数,3.7
白内障,total,unknown,,,False,False,病院,3.8
白内障,total,unknown,,,False,False,一般診療所,3.5
白内障,male,unknown,,,False,False,総数,3.2
白内障,male,unknown,,,False,False,病院,2.7
白内障,male,unknown,,,False,False,一般診療所,3.8
白内障,female,unknown,,,False,False,総数,4.1
白内障,female,unknown,,,False,False,病院,4.4
白内障,female,unknown,,,False,False,一般診療所,3.0
耳及び乳様突起の疾患,total,unknown,,,False,False,総数,9.7
耳及び乳様突起の疾患,total,unknown,,,False,False,病院,9.7
耳及び乳様突起の疾患,male,unknown,,,False,False,総数,11.0
耳及び乳様突起の疾患,male,unknown,,,False,False,病院,11.0
耳及び乳様突起の疾患,female,unknown,,,False,False,総数,8.2
耳及び乳様突起の疾患,female,unknown,,,False,False,病院,8.2
循環器系の疾患,total,unknown,,,False,False,総数,79.6
循環器系の疾患,total,unknown,,,False,False,病院,93.2
循環器系の疾患,total,unknown,,,False,False,一般診療所,6.6
循環器系の疾患,male,unknown,,,False,False,総数,35.8
循環器系の疾患,male,unknown,,,False,False,病院,35.8
循環器系の疾患,female,unknown,,,False,False,総数,113.2
循環器系の疾患,female,unknown,,,False,False,病院,154.0
循環器系の疾患,female,unknown,,,False,False,一般診療所,6.6
高血圧性疾患,total,unknown,,,False,False,総数,171.0
高血圧性疾患,total,unknown,,,False,False,病院,171.0
高血圧性疾患,male,unknown,,,False,False,総数,34.8
高血圧性疾患,male,unknown,,,False,False,病院,34.8
高血圧性疾患,female,unknown,,,False,False,総数,340.4
高血圧性疾患,female,unknown,,,False,False,病院,340.4
心疾患(高血圧性のものを除く),total,unknown,,,False,False,総数,67.4
心疾患(高血圧性のものを除く),total,unknown,,,False,False,病院,70.4
心疾患(高血圧性のものを除く),total,unknown,,,False,False,一般診療所,1.0
心疾患(高血圧性のものを除く),male,unknown,,,False,False,総数,10.7
心疾患(高血圧性のものを除く),male,unknown,,,False,False,病院,10.7
心疾患(高血圧性のものを除く),female,unknown,,,False,False,総数,112.2
心疾患(高血圧性のものを除く),female,unknown,,,False,False,病院,121.7
心疾患(高血圧性のものを除く),female,unknown,,,False,False,一般診療所,1.0
虚血性心疾患,total,unknown,,,False,False,総数,25.3
虚血性心疾患,total,unknown,,,False,False,病院,27.7
虚血性心疾患,total,unknown,,,False,False,一般診療所,1.0
虚血性心疾患,male,unknown,,,False,False,総数,6.9
虚血性心疾患,male,unknown,,,False,False,病院,6.9
虚血性心疾患,female,unknown,,,False,False,総数,41.1
虚血性心疾患,female,unknown,,,False,False,病院,49.1
虚血性心疾患,female,unknown,,,False,False,一般診療所,1.0
脳血管疾患,total,unknown,,,False,False,総数,112.8
脳血管疾患,total,unknown,,,False,False,病院,126.4
脳血管疾患,total,unknown,,,False,False,一般診療所,13.0
脳血管疾患,male,unknown,,,False,False,総数,57.5
脳血管疾患,male,unknown,,,False,False,病院,57.5
脳血管疾患,female,unknown,,,False,False,総数,158.7
脳血管疾患,female,unknown,,,False,False,病院,199.7
脳血管疾患,female,unknown,,,False,False,一般診療所,13.0
呼吸器系の疾患,total,unknown,,,False,False,総数,50.3
呼吸器系の疾患,total,unknown,,,False,False,病院,52.3
呼吸器系の疾患,total,unknown,,,False,False,一般診療所,39.5
呼吸器系の疾患,male,unknown,,,False,False,総数,29.5
呼吸器系の疾患,male,unknown,,,False,False,病院,34.7
呼吸器系の疾患,male,unknown,,,False,False,一般診療所,1.6
呼吸器系の疾患,female,unknown,,,False,False,総数,75.9
呼吸器系の疾患,female,unknown,,,False,False,病院,74.0
呼吸器系の疾患,female,unknown,,,False,False,一般診療所,85.9
急性上気道感染症,total,unknown,,,False,False,総数,4.0
急性上気道感染症,total,unknown,,,False,False,病院,4.0
急性上気道感染症,male,unknown,,,False,False,総数,4.3
急性上気道感染症,male,unknown,,,False,False,病院,4.3
急性上気道感染症,female,unknown,,,False,False,総数,3.8
急性上気道感染症,female,unknown,,,False,False,病院,3.8
肺炎,total,unknown,,,False,False,総数,45.2
肺炎,total,unknown,,,False,False,病院,41.5
肺炎,total,unknown,,,False,False,一般診療所,59.2
肺炎,male,unknown,,,False,False,総数,42.2
肺炎,male,unknown,,,False,False,病院,48.3
肺炎,male,unknown,,,False,False,一般診療所,4.0
肺炎,female,unknown,,,False,False,総数,48.2
肺炎,female,unknown,,,False,False,病院,33.6
肺炎,female,unknown,,,False,False,一般診療所,85.9
急性気管支炎及び急性細気管支炎,total,unknown,,,False,False,総数,5.7
急性気管支炎及び急性細気管支炎,total,unknown,,,False,False,病院,5.7
急性気管支炎及び急性細気管支炎,male,unknown,,,False,False,総数,5.7
急性気管支炎及び急性細気管支炎,male,unknown,,,False,False,病院,5.7
急性気管支炎及び急性細気管支炎,female,unknown,,,False,False,総数,5.9
急性気管支炎及び急性細気管支炎,female,unknown,,,False,False,病院,5.9
気管支炎及び慢性閉塞性肺疾患,total,unknown,,,False,False,総数,23.7
気管支炎及び慢性閉塞性肺疾患,total,unknown,,,False,False,病院,23.7
気管支炎及び慢性閉塞性肺疾患,male,unknown,,,False,False,総数,37.3
気管支炎及び慢性閉塞性肺疾患,male,unknown,,,False,False,病院,37.3
気管支炎及び慢性閉塞性肺疾患,female,unknown,,,False,False,総数,8.5
気管支炎及び慢性閉塞性肺疾患,female,unknown,,,False,False,病院,8.5
喘息,total,unknown,,,False,False,総数,98.5
喘息,total,unknown,,,False,False,病院,162.2
喘息,male,unknown,,,False,False,総数,3.7
喘息,male,unknown,,,False,False,病院,8.5
喘息,female,unknown,,,False,False,総数,309.9
喘息,female,unknown,,,False,False,病院,309.9
消化器系の疾患,total,unknown,,,False,False,総数,15.1
消化器系の疾患,total,unknown,,,False,False,病院,16.5
消化器系の疾患,total,unknown,,,False,False,一般診療所,6.3
消化器系の疾患,male,unknown,,,False,False,総数,12.6
消化器系の疾患,male,unknown,,,False,False,病院,14.4
消化器系の疾患,male,unknown,,,False,False,一般診療所,6.3
消化器系の疾患,female,unknown,,,False,False,総数,18.9
消化器系の疾患,female,unknown,,,False,False,病院,18.9
胃潰瘍及び十二指腸潰瘍,total,unknown,,,False,False,総数,24.9
胃潰瘍及び十二指腸潰瘍,total,unknown,,,False,False,病院,24.9
胃潰瘍及び十二指腸潰瘍,male,unknown,,,False,False,総数,15.1
胃潰瘍及び十二指腸潰瘍,male,unknown,,,False,False,病院,15.1
胃潰瘍及び十二指腸潰瘍,female,unknown,,,False,False,総数,41.7
胃潰瘍及び十二指腸潰瘍,female,unknown,,,False,False,病院,41.7
胃炎及び十二指腸炎,total,unknown,,,False,False,総数,35.4
胃炎及び十二指腸炎,total,unknown,,,False,False,病院,35.4
胃炎及び十二指腸炎,female,unknown,,,False,False,総数,35.4
胃炎及び十二指腸炎,female,unknown,,,False,False,病院,35.4
肝疾患,total,unknown,,,False,False,総数,34.1
肝疾患,total,unknown,,,False,False,病院,34.1
肝疾患,male,unknown,,,False,False,総数,20.3
肝疾患,male,unknown,,,False,False,病院,20.3
肝疾患,female,unknown,,,False,False,総数,41.7
肝疾患,female,unknown,,,False,False,病院,41.7
皮膚及び皮下組織の疾患,total,unknown,,,False,False,総数,57.8
皮膚及び皮下組織の疾患,total,unknown,,,False,False,病院,57.8
皮膚及び皮下組織の疾患,male,unknown,,,False,False,総数,75.8
皮膚及び皮下組織の疾患,male,unknown,,,False,False,病院,75.8
皮膚及び皮下組織の疾患,female,unknown,,,False,False,総数,24.3
皮膚及び皮下組織の疾患,female,unknown,,,False,False,病院,24.3
筋骨格系及び結合組織の疾患,total,unknown,,,False,False,総数,38.1
筋骨格系及び結合組織の疾患,total,unknown,,,False,False,病院,36.0
筋骨格系及び結合組織の疾患,total,unknown,,,False,False,一般診療所,66.9
筋骨格系及び結合組織の疾患,male,unknown,,,False,False,総数,28.0
筋骨格系及び結合組織の疾患,male,unknown,,,False,False,病院,22.6
筋骨格系及び結合組織の疾患,male,unknown,,,False,False,一般診療所,88.0
筋骨格系及び結合組織の疾患,female,unknown,,,False,False,総数,46.4
筋骨格系及び結合組織の疾患,female,unknown,,,False,False,病院,46.7
筋骨格系及び結合組織の疾患,female,unknown,,,False,False,一般診療所,42.0
炎症性多発性関節障害,total,unknown,,,False,False,総数,21.7
炎症性多発性関節障害,total,unknown,,,False,False,病院,21.7
炎症性多発性関節障害,male,unknown,,,False,False,総数,6.7
炎症性多発性関節障害,male,unknown,,,False,False,病院,6.7
炎症性多発性関節障害,female,unknown,,,False,False,総数,24.6
炎症性多発性関節障害,female,unknown,,,False,False,病院,24.6
関節症,total,unknown,,,False,False,総数,38.2
関節症,total,unknown,,,False,False,病院,38.2
関節症,male,unknown,,,False,False,総数,55.2
関節症,male,unknown,,,False,False,病院,55.2
関節症,female,unknown,,,False,False,総数,34.4
関節症,female,unknown,,,False,False,病院,34.4
脊柱障害,total,unknown,,,False,False,総数,46.6
脊柱障害,total,unknown,,,False,False,病院,43.4
脊柱障害,total,unknown,,,False,False,一般診療所,66.9
脊柱障害,male,unknown,,,False,False,総数,29.3
脊柱障害,male,unknown,,,False,False,病院,21.0
脊柱障害,male,unknown,,,False,False,一般診療所,88.0
脊柱障害,female,unknown,,,False,False,総数,73.0
脊柱障害,female,unknown,,,False,False,病院,78.8
脊柱障害,female,unknown,,,False,False,一般診療所,42.0
骨の密度及び構造の障害,total,unknown,,,False,False,総数,55.0
骨の密度及び構造の障害,total,unknown,,,False,False,病院,55.0
骨の密度及び構造の障害,female,unknown,,,False,False,総数,55.0
骨の密度及び構造の障害,female,unknown,,,False,False,病院,55.0
腎尿路生殖器系の疾患,total,unknown,,,False,False,総数,16.7
腎尿路生殖器系の疾患,total,unknown,,,False,False,病院,21.4
腎尿路生殖器系の疾患,total,unknown,,,False,False,一般診療所,3.6
腎尿路生殖器系の疾患,male,unknown,,,False,False,総数,17.1
腎尿路生殖器系の疾患,male,unknown,,,False,False,病院,25.5
腎尿路生殖器系の疾患,male,unknown,,,False,False,一般診療所,3.0
腎尿路生殖器系の疾患,female,unknown,,,False,False,総数,15.9
腎尿路生殖器系の疾患,female,unknown,,,False,False,病院,16.6
腎尿路生殖器系の疾患,female,unknown,,,False,False,一般診療所,8.0
"糸球体疾患,腎尿細管間質性疾患及び腎不全",total,unknown,,,False,False,総数,24.6
"糸球体疾患,腎尿細管間質性疾患及び腎不全",total,unknown,,,False,False,病院,26.2
"糸球体疾患,腎尿細管間質性疾患及び腎不全",total,unknown,,,False,False,一般診療所,8.0
"糸球体疾患,腎尿細管間質性疾患及び腎不全",male,unknown,,,False,False,総数,25.9
"糸球体疾患,腎尿細管間質性疾患及び腎不全",male,unknown,,,False,False,病院,25.9
"糸球体疾患,腎尿細管間質性疾患及び腎不全",female,unknown,,,False,False,総数,23.2
"糸球体疾患,腎尿細管間質性疾患及び腎不全",female,unknown,,,False,False,病院,26.6
"糸球体疾患,腎尿細管間質性疾患及び腎不全",female,unknown,,,False,False,一般診療所,8.0
前立腺肥大(症),total,unknown,,,False,False,総数,53.5
前立腺肥大(症),total,unknown,,,False,False,病院,53.5
前立腺肥大(症),male,unknown,,,False,False,総数,53.5
前立腺肥大(症),male,unknown,,,False,False,病院,53.5
乳房及び女性生殖器の疾患,total,unknown,,,False,False,総数,8.4
乳房及び女性生殖器の疾患,total,unknown,,,False,False,病院,8.4
乳房及び女性生殖器の疾患,female,unknown,,,False,False,総数,8.4
乳房及び女性生殖器の疾患,female,unknown,,,False,False,病院,8.4
"妊娠,分娩及び産じょく",total,unknown,,,False,False,総数,8.1
"妊娠,分娩及び産じょく",total,unknown,,,False,False,病院,9.0
"妊娠,分娩及び産じょく",total,unknown,,,False,False,一般診療所,6.2
"妊娠,分娩及び産じょく",female,unknown,,,False,False,総数,8.1
"妊娠,分娩及び産じょく",female,unknown,,,False,False,病院,9.0
"妊娠,分娩及び産じょく",female,unknown,,,False,False,一般診療所,6.2
妊娠高血圧症候群,total,unknown,,,False,False,総数,10.1
妊娠高血圧症候群,total,unknown,,,False,False,病院,10.1
妊娠高血圧症候群,female,unknown,,,False,False,総数,10.1
妊娠高血圧症候群,female,unknown,,,False,False,病院,10.1
"先天奇形,変形及び染色体異常",total,unknown,,,False,False,総数,13.9
"先天奇形,変形及び染色体異常",total,unknown,,,False,False,病院,13.9
"先天奇形,変形及び染色体異常",male,unknown,,,False,False,総数,18.4
"先天奇形,変形及び染色体異常",male,unknown,,,False,False,病院,18.4
"先天奇形,変形及び染色体異常",female,unknown,,,False,False,総数,5.1
"先天奇形,変形及び染色体異常",female,unknown,,,False,False,病院,5.1
"症状,徴候及び異常臨床所見・異常検査所見で他に分類されないもの",total,unknown,,,False,False,総数,108.9
"症状,徴候及び異常臨床所見・異常検査所見で他に分類されないもの",total,unknown,,,False,False,病院,108.9
"症状,徴候及び異常臨床所見・異常検査所見で他に分類されないもの",male,unknown,,,False,False,総数,252.8
"症状,徴候及び異常臨床所見・異常検査所見で他に分類されないもの",male,unknown,,,False,False,病院,252.8
"症状,徴候及び異常臨床所見・異常検査所見で他に分類されないもの",female,unknown,,,False,False,総数,31.0
"症状,徴候及び異常臨床所見・異常検査所見で他に分類されないもの",female,unknown,,,False,False,病院,31.0
"損傷,中毒及びその他の外因の影響",total,unknown,,,False,False,総数,50.3
"損傷,中毒及びその他の外因の影響",total,unknown,,,False,False,病院,53.0
"損傷,中毒及びその他の外因の影響",total,unknown,,,False,False,一般診療所,12.8
"損傷,中毒及びその他の外因の影響",male,unknown,,,False,False,総数,22.9
"損傷,中毒及びその他の外因の影響",male,unknown,,,False,False,病院,24.0
"損傷,中毒及びその他の外因の影響",male,unknown,,,False,False,一般診療所,1.0
"損傷,中毒及びその他の外因の影響",female,unknown,,,False,False,総数,69.2
"損傷,中毒及びその他の外因の影響",female,unknown,,,False,False,病院,73.8
"損傷,中毒及びその他の外因の影響",female,unknown,,,False,False,一般診療所,17.5
骨折,total,unknown,,,False,False,総数,73.1
骨折,total,unknown,,,False,False,病院,75.2
骨折,total,unknown,,,False,False,一般診療所,12.0
骨折,male,unknown,,,False,False,総数,27.6
骨折,male,unknown,,,False,False,病院,27.6
骨折,female,unknown,,,False,False,総数,95.7
骨折,female,unknown,,,False,False,病院,100.1
骨折,female,unknown,,,False,False,一般診療所,12.0
健康状態に影響を及ぼす要因及び保健サービスの利用,total,unknown,,,False,False,総数,4.3
健康状態に影響を及ぼす要因及び保健サービスの利用,total,unknown,,,False,False,病院,4.5
健康状態に影響を及ぼす要因及び保健サービスの利用,total,unknown,,,False,False,一般診療所,3.6
健康状態に影響を及ぼす要因及び保健サービスの利用,male,unknown,,,False,False,総数,4.9
健康状態に影響を及ぼす要因及び保健サービスの利用,male,unknown,,,False,False,病院,4.9
健康状態に影響を及ぼす要因及び保健サービスの利用,female,unknown,,,False,False,総数,4.0
健康状態に影響を及ぼす要因及び保健サービスの利用,female,unknown,,,False,False,病院,4.3
健康状態に影響を及ぼす要因及び保健サービスの利用,female,unknown,,,False,False,一般診療所,3.6
総数,total,r65p,65.0,,True,False,総数,47.7
総数,total,r65p,65.0,,True,False,病院,49.0
総数,total,r65p,65.0,,True,False,一般診療所,32.7
総数,male,r65p,65.0,,True,False,総数,40.5
総数,male,r65p,65.0,,True,False,病院,41.8
総数,male,r65p,65.0,,True,False,一般診療所,23.0
総数,female,r65p,65.0,,True,False,総数,54.7
総数,female,r65p,65.0,,True,False,病院,56.2
総数,female,r65p,65.0,,True,False,一般診療所,39.5
感染症及び寄生虫症,total,r65p,65.0,,True,False,総数,35.7
感染症及び寄生虫症,total,r65p,65.0,,True,False,病院,37.1
感染症及び寄生虫症,total,r65p,65.0,,True,False,一般診療所,14.4
感染症及び寄生虫症,male,r65p,65.0,,True,False,総数,37.6
感染症及び寄生虫症,male,r65p,65.0,,True,False,病院,38.2
感染症及び寄生虫症,male,r65p,65.0,,True,False,一般診療所,19.0
感染症及び寄生虫症,female,r65p,65.0,,True,False,総数,34.4
感染症及び寄生虫症,female,r65p,65.0,,True,False,病院,36.2
感染症及び寄生虫症,female,r65p,65.0,,True,False,一般診療所,12.9
腸管感染症,total,r65p,65.0,,True,False,総数,16.9
腸管感染症,total,r65p,65.0,,True,False,病院,17.6
腸管感染症,total,r65p,65.0,,True,False,一般診療所,10.6
腸管感染症,male,r65p,65.0,,True,False,総数,20.2
腸管感染症,male,r65p,65.0,,True,False,病院,20.7
腸管感染症,male,r65p,65.0,,True,False,一般診療所,11.5
腸管感染症,female,r65p,65.0,,True,False,総数,15.1
腸管感染症,female,r65p,65.0,,True,False,病院,15.7
腸管感染症,female,r65p,65.0,,True,False,一般診療所,10.4
結核,total,r65p,65.0,,True,False,総数,63.8
結核,total,r65p,65.0,,True,False,病院,63.8
結核,male,r65p,65.0,,True,False,総数,66.0
結核,male,r65p,65.0,,True,False,病院,66.0
結核,female,r65p,65.0,,True,False,総数,60.4
結核,female,r65p,65.0,,True,False,病院,60.4
皮膚及び粘膜の病変を伴うウイルス疾患,total,r65p,65.0,,True,False,総数,13.2
皮膚及び粘膜の病変を伴うウイルス疾患,total,r65p,65.0,,True,False,病院,13.0
皮膚及び粘膜の病変を伴うウイルス疾患,total,r65p,65.0,,True,False,一般診療所,14.8
皮膚及び粘膜の病変を伴うウイルス疾患,male,r65p,65.0,,True,False,総数,13.0
皮膚及び粘膜の病変を伴うウイルス疾患,male,r65p,65.0,,True,False,病院,12.6
皮膚及び粘膜の病変を伴うウイルス疾患,male,r65p,65.0,,True,False,一般診療所,19.7
皮膚及び粘膜の病変を伴うウイルス疾患,female,r65p,65.0,,True,False,総数,13.3
皮膚及び粘膜の病変を伴うウイルス疾患,female,r65p,65.0,,True,False,病院,13.3
皮膚及び粘膜の病変を伴うウイルス疾患,female,r65p,65.0,,True,False,一般診療所,13.2
真菌症,total,r65p,65.0,,True,False,総数,40.7
真菌症,total,r65p,65.0,,True,False,病院,40.7
真菌症,male,r65p,65.0,,True,False,総数,44.0
真菌症,male,r65p,65.0,,True,False,病院,44.0
真菌症,female,r65p,65.0,,True,False,総数,35.7
真菌症,female,r65p,65.0,,True,False,病院,35.7
新生物,total,r65p,65.0,,True,False,総数,25.9
新生物,total,r65p,65.0,,True,False,病院,25.8
新生物,total,r65p,65.0,,True,False,一般診療所,27.6
新生物,male,r65p,65.0,,True,False,総数,23.8
新生物,male,r65p,65.0,,True,False,病院,23.9
新生物,male,r65p,65.0,,True,False,一般診療所,22.7
新生物,female,r65p,65.0,,True,False,総数,29.0
新生物,female,r65p,65.0,,True,False,病院,28.9
新生物,female,r65p,65.0,,True,False,一般診療所,33.9
悪性新生物,total,r65p,65.0,,True,False,総数,26.5
悪性新生物,total,r65p,65.0,,True,False,病院,26.4
悪性新生物,total,r65p,65.0,,True,False,一般診療所,32.1
悪性新生物,male,r65p,65.0,,True,False,総数,24.4
悪性新生物,male,r65p,65.0,,True,False,病院,24.4
悪性新生物,male,r65p,65.0,,True,False,一般診療所,25.3
悪性新生物,female,r65p,65.0,,True,False,総数,29.9
悪性新生物,female,r65p,65.0,,True,False,病院,29.5
悪性新生物,female,r65p,65.0,,True,False,一般診療所,41.5
胃の悪性新生物,total,r65p,65.0,,True,False,総数,29.2
胃の悪性新生物,total,r65p,65.0,,True,False,病院,28.4
胃の悪性新生物,total,r65p,65.0,,True,False,一般診療所,54.2
胃の悪性新生物,male,r65p,65.0,,True,False,総数,25.2
胃の悪性新生物,male,r65p,65.0,,True,False,病院,25.2
胃の悪性新生物,male,r65p,65.0,,True,False,一般診療所,24.3
胃の悪性新生物,female,r65p,65.0,,True,False,総数,38.2
胃の悪性新生物,female,r65p,65.0,,True,False,病院,35.8
胃の悪性新生物,female,r65p,65.0,,True,False,一般診療所,78.4
結腸及び直腸の悪性新生物,total,r65p,65.0,,True,False,総数,21.7
結腸及び直腸の悪性新生物,total,r65p,65.0,,True,False,病院,21.6
結腸及び直腸の悪性新生物,total,r65p,65.0,,True,False,一般診療所,24.8
結腸及び直腸の悪性新生物,male,r65p,65.0,,True,False,総数,19.9
結腸及び直腸の悪性新生物,male,r65p,65.0,,True,False,病院,20.0
結腸及び直腸の悪性新生物,male,r65p,65.0,,True,False,一般診療所,17.9
結腸及び直腸の悪性新生物,female,r65p,65.0,,True,False,総数,24.0
結腸及び直腸の悪性新生物,female,r65p,65.0,,True,False,病院,23.8
結腸及び直腸の悪性新生物,female,r65p,65.0,,True,False,一般診療所,30.8
"気管,気管支及び肺の悪性新生物",total,r65p,65.0,,True,False,総数,28.8
"気管,気管支及び肺の悪性新生物",total,r65p,65.0,,True,False,病院,28.7
"気管,気管支及び肺の悪性新生物",total,r65p,65.0,,True,False,一般診療所,33.9
"気管,気管支及び肺の悪性新生物",male,r65p,65.0,,True,False,総数,26.9
"気管,気管支及び肺の悪性新生物",male,r65p,65.0,,True,False,病院,27.0
"気管,気管支及び肺の悪性新生物",male,r65p,65.0,,True,False,一般診療所,17.2
"気管,気管支及び肺の悪性新生物",female,r65p,65.0,,True,False,総数,33.3
"気管,気管支及び肺の悪性新生物",female,r65p,65.0,,True,False,病院,32.8
"気管,気管支及び肺の悪性新生物",female,r65p,65.0,,True,False,一般診療所,53.2
血液及び造血器の疾患並びに免疫機構の障害,total,r65p,65.0,,True,False,総数,28.4
血液及び造血器の疾患並びに免疫機構の障害,total,r65p,65.0,,True,False,病院,28.7
血液及び造血器の疾患並びに免疫機構の障害,total,r65p,65.0,,True,False,一般診療所,18.0
血液及び造血器の疾患並びに免疫機構の障害,male,r65p,65.0,,True,False,総数,23.9
血液及び造血器の疾患並びに免疫機構の障害,male,r65p,65.0,,True,False,病院,24.2
血液及び造血器の疾患並びに免疫機構の障害,male,r65p,65.0,,True,False,一般診療所,12.3
血液及び造血器の疾患並びに免疫機構の障害,female,r65p,65.0,,True,False,総数,31.8
血液及び造血器の疾患並びに免疫機構の障害,female,r65p,65.0,,True,False,病院,32.0
血液及び造血器の疾患並びに免疫機構の障害,female,r65p,65.0,,True,False,一般診療所,22.7
"内分泌,栄養及び代謝疾患",total,r65p,65.0,,True,False,総数,42.1
"内分泌,栄養及び代謝疾患",total,r65p,65.0,,True,False,病院,42.0
"内分泌,栄養及び代謝疾患",total,r65p,65.0,,True,False,一般診療所,43.0
"内分泌,栄養及び代謝疾患",male,r65p,65.0,,True,False,総数,37.8
"内分泌,栄養及び代謝疾患",male,r65p,65.0,,True,False,病院,38.2
"内分泌,栄養及び代謝疾患",male,r65p,65.0,,True,False,一般診療所,33.3
"内分泌,栄養及び代謝疾患",female,r65p,65.0,,True,False,総数,45.5
"内分泌,栄養及び代謝疾患",female,r65p,65.0,,True,False,病院,45.0
"内分泌,栄養及び代謝疾患",female,r65p,65.0,,True,False,一般診療所,50.8
甲状腺障害,total,r65p,65.0,,True,False,総数,28.1
甲状腺障害,total,r65p,65.0,,True,False,病院,29.6
甲状腺障害,total,r65p,65.0,,True,False,一般診療所,6.5
甲状腺障害,male,r65p,65.0,,True,False,総数,26.7
甲状腺障害,male,r65p,65.0,,True,False,病院,26.7
甲状腺障害,female,r65p,65.0,,True,False,総数,28.4
甲状腺障害,female,r65p,65.0,,True,False,病院,30.3
甲状腺障害,female,r65p,65.0,,True,False,一般診療所,6.5
糖尿病,total,r65p,65.0,,True,False,総数,53.4
糖尿病,total,r65p,65.0,,True,False,病院,53.0
糖尿病,total,r65p,65.0,,True,False,一般診療所,57.3
糖尿病,male,r65p,65.0,,True,False,総数,44.4
糖尿病,male,r65p,65.0,,True,False,病院,44.3
糖尿病,male,r65p,65.0,,True,False,一般診療所,45.5
糖尿病,female,r65p,65.0,,True,False,総数,61.7
糖尿病,female,r65p,65.0,,True,False,病院,61.2
糖尿病,female,r65p,65.0,,True,False,一般診療所,67.4
精神及び行動の障害,total,r65p,65.0,,True,False,総数,438.5
精神及び行動の障害,total,r65p,65.0,,True,False,病院,485.9
精神及び行動の障害,total,r65p,65.0,,True,False,一般診療所,25.5
精神及び行動の障害,male,r65p,65.0,,True,False,総数,514.1
精神及び行動の障害,male,r65p,65.0,,True,False,病院,557.8
精神及び行動の障害,male,r65p,65.0,,True,False,一般診療所,19.6
精神及び行動の障害,female,r65p,65.0,,True,False,総数,389.5
精神及び行動の障害,female,r65p,65.0,,True,False,病院,437.3
精神及び行動の障害,female,r65p,65.0,,True,False,一般診療所,28.1
"統合失調症,統合失調症型障害及び妄想性障害",total,r65p,65.0,,True,False,総数,1231.6
"統合失調症,統合失調症型障害及び妄想性障害",total,r65p,65.0,,True,False,病院,1234.3
"統合失調症,統合失調症型障害及び妄想性障害",total,r65p,65.0,,True,False,一般診療所,1.0
"統合失調症,統合失調症型障害及び妄想性障害",male,r65p,65.0,,True,False,総数,1488.7
"統合失調症,統合失調症型障害及び妄想性障害",male,r65p,65.0,,True,False,病院,1488.7
"統合失調症,統合失調症型障害及び妄想性障害",female,r65p,65.0,,True,False,総数,1042.8
"統合失調症,統合失調症型障害及び妄想性障害",female,r65p,65.0,,True,False,病院,1046.8
"統合失調症,統合失調症型障害及び妄想性障害",female,r65p,65.0,,True,False,一般診療所,1.0
気分[感情]障害(躁うつ病を含む),total,r65p,65.0,,True,False,総数,170.6
気分[感情]障害(躁うつ病を含む),total,r65p,65.0,,True,False,病院,181.4
気分[感情]障害(躁うつ病を含む),total,r65p,65.0,,True,False,一般診療所,27.4
気分[感情]障害(躁うつ病を含む),male,r65p,65.0,,True,False,総数,199.7
気分[感情]障害(躁うつ病を含む),male,r65p,65.0,,True,False,病院,207.2
気分[感情]障害(躁うつ病を含む),male,r65p,65.0,,True,False,一般診療所,26.2
気分[感情]障害(躁うつ病を含む),female,r65p,65.0,,True,False,総数,160.1
気分[感情]障害(躁うつ病を含む),female,r65p,65.0,,True,False,病院,171.8
気分[感情]障害(躁うつ病を含む),female,r65p,65.0,,True,False,一般診療所,27.7
"神経症性障害,ストレス関連障害及び身体表現性障害",total,r65p,65.0,,True,False,総数,66.6
"神経症性障害,ストレス関連障害及び身体表現性障害",total,r65p,65.0,,True,False,病院,76.6
"神経症性障害,ストレス関連障害及び身体表現性障害",total,r65p,65.0,,True,False,一般診療所,24.6
"神経症性障害,ストレス関連障害及び身体表現性障害",male,r65p,65.0,,True,False,総数,73.9
"神経症性障害,ストレス関連障害及び身体表現性障害",male,r65p,65.0,,True,False,病院,77.2
"神経症性障害,ストレス関連障害及び身体表現性障害",male,r65p,65.0,,True,False,一般診療所,24.7
"神経症性障害,ストレス関連障害及び身体表現性障害",female,r65p,65.0,,True,False,総数,64.7
"神経症性障害,ストレス関連障害及び身体表現性障害",female,r65p,65.0,,True,False,病院,76.4
"神経症性障害,ストレス関連障害及び身体表現性障害",female,r65p,65.0,,True,False,一般診療所,24.6
神経系の疾患,total,r65p,65.0,,True,False,総数,102.6
神経系の疾患,total,r65p,65.0,,True,False,病院,105.2
神経系の疾患,total,r65p,65.0,,True,False,一般診療所,72.8
神経系の疾患,male,r65p,65.0,,True,False,総数,80.8
神経系の疾患,male,r65p,65.0,,True,False,病院,82.9
神経系の疾患,male,r65p,65.0,,True,False,一般診療所,45.9
神経系の疾患,female,r65p,65.0,,True,False,総数,122.0
神経系の疾患,female,r65p,65.0,,True,False,病院,126.1
神経系の疾患,female,r65p,65.0,,True,False,一般診療所,85.9
眼及び付属器の疾患,total,r65p,65.0,,True,False,総数,7.1
眼及び付属器の疾患,total,r65p,65.0,,True,False,病院,7.8
眼及び付属器の疾患,total,r65p,65.0,,True,False,一般診療所,3.2
眼及び付属器の疾患,male,r65p,65.0,,True,False,総数,7.0
眼及び付属器の疾患,male,r65p,65.0,,True,False,病院,7.7
眼及び付属器の疾患,male,r65p,65.0,,True,False,一般診療所,3.2
眼及び付属器の疾患,female,r65p,65.0,,True,False,総数,7.1
眼及び付属器の疾患,female,r65p,65.0,,True,False,病院,8.0
眼及び付属器の疾患,female,r65p,65.0,,True,False,一般診療所,3.3
白内障,total,r65p,65.0,,True,False,総数,6.5
白内障,total,r65p,65.0,,True,False,病院,7.2
白内障,total,r65p,65.0,,True,False,一般診療所,3.2
白内障,male,r65p,65.0,,True,False,総数,6.5
白内障,male,r65p,65.0,,True,False,病院,7.2
白内障,male,r65p,65.0,,True,False,一般診療所,3.1
白内障,female,r65p,65.0,,True,False,総数,6.5
白内障,female,r65p,65.0,,True,False,病院,7.3
白内障,female,r65p,65.0,,True,False,一般診療所,3.2
耳及び乳様突起の疾患,total,r65p,65.0,,True,False,総数,11.3
耳及び乳様突起の疾患,total,r65p,65.0,,True,False,病院,11.3
耳及び乳様突起の疾患,total,r65p,65.0,,True,False,一般診療所,12.2
耳及び乳様突起の疾患,male,r65p,65.0,,True,False,総数,9.9
耳及び乳様突起の疾患,male,r65p,65.0,,True,False,病院,10.0
耳及び乳様突起の疾患,male,r65p,65.0,,True,False,一般診療所,9.1
耳及び乳様突起の疾患,female,r65p,65.0,,True,False,総数,12.0
耳及び乳様突起の疾患,female,r65p,65.0,,True,False,病院,11.9
耳及び乳様突起の疾患,female,r65p,65.0,,True,False,一般診療所,13.2
循環器系の疾患,total,r65p,65.0,,True,False,総数,63.7
循環器系の疾患,total,r65p,65.0,,True,False,病院,65.2
循環器系の疾患,total,r65p,65.0,,True,False,一般診療所,46.7
循環器系の疾患,male,r65p,65.0,,True,False,総数,48.1
循環器系の疾患,male,r65p,65.0,,True,False,病院,49.4
循環器系の疾患,male,r65p,65.0,,True,False,一般診療所,29.2
循環器系の疾患,female,r65p,65.0,,True,False,総数,80.2
循環器系の疾患,female,r65p,65.0,,True,False,病院,82.4
循環器系の疾患,female,r65p,65.0,,True,False,一般診療所,59.0
高血圧性疾患,total,r65p,65.0,,True,False,総数,52.4
高血圧性疾患,total,r65p,65.0,,True,False,病院,51.1
高血圧性疾患,total,r65p,65.0,,True,False,一般診療所,56.6
高血圧性疾患,male,r65p,65.0,,True,False,総数,29.2
高血圧性疾患,male,r65p,65.0,,True,False,病院,33.3
高血圧性疾患,male,r65p,65.0,,True,False,一般診療所,16.0
高血圧性疾患,female,r65p,65.0,,True,False,総数,63.2
高血圧性疾患,female,r65p,65.0,,True,False,病院,59.4
高血圧性疾患,female,r65p,65.0,,True,False,一般診療所,74.8
心疾患(高血圧性のものを除く),total,r65p,65.0,,True,False,総数,29.0
心疾患(高血圧性のものを除く),total,r65p,65.0,,True,False,病院,27.4
心疾患(高血圧性のものを除く),total,r65p,65.0,,True,False,一般診療所,59.5
心疾患(高血圧性のものを除く),male,r65p,65.0,,True,False,総数,20.3
心疾患(高血圧性のものを除く),male,r65p,65.0,,True,False,病院,20.3
心疾患(高血圧性のものを除く),male,r65p,65.0,,True,False,一般診療所,20.5
心疾患(高血圧性のものを除く),female,r65p,65.0,,True,False,総数,39.0
心疾患(高血圧性のものを除く),female,r65p,65.0,,True,False,病院,36.0
心疾患(高血圧性のものを除く),female,r65p,65.0,,True,False,一般診療所,80.9
虚血性心疾患,total,r65p,65.0,,True,False,総数,16.1
虚血性心疾患,total,r65p,65.0,,True,False,病院,15.3
虚血性心疾患,total,r65p,65.0,,True,False,一般診療所,31.3
虚血性心疾患,male,r65p,65.0,,True,False,総数,12.9
虚血性心疾患,male,r65p,65.0,,True,False,病院,13.1
虚血性心疾患,male,r65p,65.0,,True,False,一般診療所,4.9
虚血性心疾患,female,r65p,65.0,,True,False,総数,21.5
虚血性心疾患,female,r65p,65.0,,True,False,病院,19.2
虚血性心疾患,female,r65p,65.0,,True,False,一般診療所,51.9
脳血管疾患,total,r65p,65.0,,True,False,総数,118.4
脳血管疾患,total,r65p,65.0,,True,False,病院,124.6
脳血管疾患,total,r65p,65.0,,True,False,一般診療所,52.1
脳血管疾患,male,r65p,65.0,,True,False,総数,95.2
脳血管疾患,male,r65p,65.0,,True,False,病院,99.3
脳血管疾患,male,r65p,65.0,,True,False,一般診療所,46.4
脳血管疾患,female,r65p,65.0,,True,False,総数,140.0
脳血管疾患,female,r65p,65.0,,True,False,病院,148.5
脳血管疾患,female,r65p,65.0,,True,False,一般診療所,56.5
呼吸器系の疾患,total,r65p,65.0,,True,False,総数,42.9
呼吸器系の疾患,total,r65p,65.0,,True,False,病院,43.8
呼吸器系の疾患,total,r65p,65.0,,True,False,一般診療所,28.9
呼吸器系の疾患,male,r65p,65.0,,True,False,総数,38.4
呼吸器系の疾患,male,r65p,65.0,,True,False,病院,39.0
呼吸器系の疾患,male,r65p,65.0,,True,False,一般診療所,28.6
呼吸器系の疾患,female,r65p,65.0,,True,False,総数,48.3
呼吸器系の疾患,female,r65p,65.0,,True,False,病院,49.8
呼吸器系の疾患,female,r65p,65.0,,True,False,一般診療所,29.1
急性上気道感染症,total,r65p,65.0,,True,False,総数,10.1
急性上気道感染症,total,r65p,65.0,,True,False,病院,10.5
急性上気道感染症,total,r65p,65.0,,True,False,一般診療所,4.7
急性上気道感染症,male,r65p,65.0,,True,False,総数,8.1
急性上気道感染症,male,r65p,65.0,,True,False,病院,8.2
急性上気道感染症,male,r65p,65.0,,True,False,一般診療所,4.0
急性上気道感染症,female,r65p,65.0,,True,False,総数,11.7
急性上気道感染症,female,r65p,65.0,,True,False,病院,12.3
急性上気道感染症,female,r65p,65.0,,True,False,一般診療所,4.8
肺炎,total,r65p,65.0,,True,False,総数,40.6
肺炎,total,r65p,65.0,,True,False,病院,42.1
肺炎,total,r65p,65.0,,True,False,一般診療所,19.0
肺炎,male,r65p,65.0,,True,False,総数,34.7
肺炎,male,r65p,65.0,,True,False,病院,35.8
肺炎,male,r65p,65.0,,True,False,一般診療所,18.3
肺炎,female,r65p,65.0,,True,False,総数,47.3
肺炎,female,r65p,65.0,,True,False,病院,49.4
肺炎,female,r65p,65.0,,True,False,一般診療所,19.6
急性気管支炎及び急性細気管支炎,total,r65p,65.0,,True,False,総数,25.8
急性気管支炎及び急性細気管支炎,total,r65p,65.0,,True,False,病院,28.5
急性気管支炎及び急性細気管支炎,total,r65p,65.0,,True,False,一般診療所,9.6
急性気管支炎及び急性細気管支炎,male,r65p,65.0,,True,False,総数,15.8
急性気管支炎及び急性細気管支炎,male,r65p,65.0,,True,False,病院,16.4
急性気管支炎及び急性細気管支炎,male,r65p,65.0,,True,False,一般診療所,9.2
急性気管支炎及び急性細気管支炎,female,r65p,65.0,,True,False,総数,32.9
急性気管支炎及び急性細気管支炎,female,r65p,65.0,,True,False,病院,37.8
急性気管支炎及び急性細気管支炎,female,r65p,65.0,,True,False,一般診療所,9.8
気管支炎及び慢性閉塞性肺疾患,total,r65p,65.0,,True,False,総数,58.0
気管支炎及び慢性閉塞性肺疾患,total,r65p,65.0,,True,False,病院,58.7
気管支炎及び慢性閉塞性肺疾患,total,r65p,65.0,,True,False,一般診療所,52.1
気管支炎及び慢性閉塞性肺疾患,male,r65p,65.0,,True,False,総数,53.3
気管支炎及び慢性閉塞性肺疾患,male,r65p,65.0,,True,False,病院,52.8
気管支炎及び慢性閉塞性肺疾患,male,r65p,65.0,,True,False,一般診療所,58.4
気管支炎及び慢性閉塞性肺疾患,female,r65p,65.0,,True,False,総数,70.9
気管支炎及び慢性閉塞性肺疾患,female,r65p,65.0,,True,False,病院,74.9
気管支炎及び慢性閉塞性肺疾患,female,r65p,65.0,,True,False,一般診療所,36.2
喘息,total,r65p,65.0,,True,False,総数,33.7
喘息,total,r65p,65.0,,True,False,病院,33.3
喘息,total,r65p,65.0,,True,False,一般診療所,37.2
喘息,male,r65p,65.0,,True,False,総数,29.8
喘息,male,r65p,65.0,,True,False,病院,27.1
喘息,male,r65p,65.0,,True,False,一般診療所,62.3
喘息,female,r65p,65.0,,True,False,総数,36.2
喘息,female,r65p,65.0,,True,False,病院,37.5
喘息,female,r65p,65.0,,True,False,一般診療所,25.9
消化器系の疾患,total,r65p,65.0,,True,False,総数,18.2
消化器系の疾患,total,r65p,65.0,,True,False,病院,18.7
消化器系の疾患,total,r65p,65.0,,True,False,一般診療所,12.2
消化器系の疾患,male,r65p,65.0,,True,False,総数,15.9
消化器系の疾患,male,r65p,65.0,,True,False,病院,16.2
消化器系の疾患,male,r65p,65.0,,True,False,一般診療所,12.7
消化器系の疾患,female,r65p,65.0,,True,False,総数,20.8
消化器系の疾患,female,r65p,65.0,,True,False,病院,21.6
消化器系の疾患,female,r65p,65.0,,True,False,一般診療所,11.6
う蝕,total,r65p,65.0,,True,False,総数,16.3
う蝕,total,r65p,65.0,,True,False,病院,16.3
う蝕,male,r65p,65.0,,True,False,総数,24.5
う蝕,male,r65p,65.0,,True,False,病院,24.5
う蝕,female,r65p,65.0,,True,False,総数,7.8
う蝕,female,r65p,65.0,,True,False,病院,7.8
歯肉炎及び歯周疾患,total,r65p,65.0,,True,False,総数,8.7
歯肉炎及び歯周疾患,total,r65p,65.0,,True,False,病院,8.7
歯肉炎及び歯周疾患,male,r65p,65.0,,True,False,総数,11.7
歯肉炎及び歯周疾患,male,r65p,65.0,,True,False,病院,11.7
歯肉炎及び歯周疾患,female,r65p,65.0,,True,False,総数,5.4
歯肉炎及び歯周疾患,female,r65p,65.0,,True,False,病院,5.4
胃潰瘍及び十二指腸潰瘍,total,r65p,65.0,,True,False,総数,23.4
胃潰瘍及び十二指腸潰瘍,total,r65p,65.0,,True,False,病院,23.7
胃潰瘍及び十二指腸潰瘍,total,r65p,65.0,,True,False,一般診療所,19.9
胃潰瘍及び十二指腸潰瘍,male,r65p,65.0,,True,False,総数,22.2
胃潰瘍及び十二指腸潰瘍,male,r65p,65.0,,True,False,病院,22.2
胃潰瘍及び十二指腸潰瘍,male,r65p,65.0,,True,False,一般診療所,22.3
胃潰瘍及び十二指腸潰瘍,female,r65p,65.0,,True,False,総数,24.6
胃潰瘍及び十二指腸潰瘍,female,r65p,65.0,,True,False,病院,25.5
胃潰瘍及び十二指腸潰瘍,female,r65p,65.0,,True,False,一般診療所,17.8
胃炎及び十二指腸炎,total,r65p,65.0,,True,False,総数,22.5
胃炎及び十二指腸炎,total,r65p,65.0,,True,False,病院,24.3
胃炎及び十二指腸炎,total,r65p,65.0,,True,False,一般診療所,11.4
胃炎及び十二指腸炎,male,r65p,65.0,,True,False,総数,12.4
胃炎及び十二指腸炎,male,r65p,65.0,,True,False,病院,12.7
胃炎及び十二指腸炎,male,r65p,65.0,,True,False,一般診療所,7.1
胃炎及び十二指腸炎,female,r65p,65.0,,True,False,総数,28.1
胃炎及び十二指腸炎,female,r65p,65.0,,True,False,病院,31.7
胃炎及び十二指腸炎,female,r65p,65.0,,True,False,一般診療所,12.3
肝疾患,total,r65p,65.0,,True,False,総数,37.8
肝疾患,total,r65p,65.0,,True,False,病院,36.6
肝疾患,total,r65p,65.0,,True,False,一般診療所,52.5
肝疾患,male,r65p,65.0,,True,False,総数,34.1
肝疾患,male,r65p,65.0,,True,False,病院,32.2
肝疾患,male,r65p,65.0,,True,False,一般診療所,50.6
肝疾患,female,r65p,65.0,,True,False,総数,41.9
肝疾患,female,r65p,65.0,,True,False,病院,41.1
肝疾患,female,r65p,65.0,,True,False,一般診療所,57.3
皮膚及び皮下組織の疾患,total,r65p,65.0,,True,False,総数,36.0
皮膚及び皮下組織の疾患,total,r65p,65.0,,True,False,病院,36.6
皮膚及び皮下組織の疾患,total,r65p,65.0,,True,False,一般診療所,22.0
皮膚及び皮下組織の疾患,male,r65p,65.0,,True,False,総数,31.7
皮膚及び皮下組織の疾患,male,r65p,65.0,,True,False,病院,32.0
皮膚及び皮下組織の疾患,male,r65p,65.0,,True,False,一般診療所,23.6
皮膚及び皮下組織の疾患,female,r65p,65.0,,True,False,総数,39.4
皮膚及び皮下組織の疾患,female,r65p,65.0,,True,False,病院,40.2
皮膚及び皮下組織の疾患,female,r65p,65.0,,True,False,一般診療所,20.8
筋骨格系及び結合組織の疾患,total,r65p,65.0,,True,False,総数,45.1
筋骨格系及び結合組織の疾患,total,r65p,65.0,,True,False,病院,44.5
筋骨格系及び結合組織の疾患,total,r65p,65.0,,True,False,一般診療所,49.4
筋骨格系及び結合組織の疾患,male,r65p,65.0,,True,False,総数,35.6
筋骨格系及び結合組織の疾患,male,r65p,65.0,,True,False,病院,36.9
筋骨格系及び結合組織の疾患,male,r65p,65.0,,True,False,一般診療所,25.9
筋骨格系及び結合組織の疾患,female,r65p,65.0,,True,False,総数,50.0
筋骨格系及び結合組織の疾患,female,r65p,65.0,,True,False,病院,48.4
筋骨格系及び結合組織の疾患,female,r65p,65.0,,True,False,一般診療所,60.8
炎症性多発性関節障害,total,r65p,65.0,,True,False,総数,54.3
炎症性多発性関節障害,total,r65p,65.0,,True,False,病院,53.6
炎症性多発性関節障害,total,r65p,65.0,,True,False,一般診療所,62.8
炎症性多発性関節障害,male,r65p,65.0,,True,False,総数,33.9
炎症性多発性関節障害,male,r65p,65.0,,True,False,病院,33.2
炎症性多発性関節障害,male,r65p,65.0,,True,False,一般診療所,43.1
炎症性多発性関節障害,female,r65p,65.0,,True,False,総数,59.8
炎症性多発性関節障害,female,r65p,65.0,,True,False,病院,59.1
炎症性多発性関節障害,female,r65p,65.0,,True,False,一般診療所,67.6
関節症,total,r65p,65.0,,True,False,総数,40.8
関節症,total,r65p,65.0,,True,False,病院,40.2
関節症,total,r65p,65.0,,True,False,一般診療所,45.2
関節症,male,r65p,65.0,,True,False,総数,34.5
関節症,male,r65p,65.0,,True,False,病院,34.2
関節症,male,r65p,65.0,,True,False,一般診療所,39.1
関節症,female,r65p,65.0,,True,False,総数,42.0
関節症,female,r65p,65.0,,True,False,病院,41.5
関節症,female,r65p,65.0,,True,False,一般診療所,46.1
脊柱障害,total,r65p,65.0,,True,False,総数,39.4
脊柱障害,total,r65p,65.0,,True,False,病院,37.6
脊柱障害,total,r65p,65.0,,True,False,一般診療所,48.7
脊柱障害,male,r65p,65.0,,True,False,総数,31.3
脊柱障害,male,r65p,65.0,,True,False,病院,32.6
脊柱障害,male,r65p,65.0,,True,False,一般診療所,24.5
脊柱障害,female,r65p,65.0,,True,False,総数,45.9
脊柱障害,female,r65p,65.0,,True,False,病院,41.8
脊柱障害,female,r65p,65.0,,True,False,一般診療所,66.7
骨の密度及び構造の障害,total,r65p,65.0,,True,False,総数,71.8
骨の密度及び構造の障害,total,r65p,65.0,,True,False,病院,80.1
骨の密度及び構造の障害,total,r65p,65.0,,True,False,一般診療所,48.3
骨の密度及び構造の障害,male,r65p,65.0,,True,False,総数,49.6
骨の密度及び構造の障害,male,r65p,65.0,,True,False,病院,57.8
骨の密度及び構造の障害,male,r65p,65.0,,True,False,一般診療所,2.0
骨の密度及び構造の障害,female,r65p,65.0,,True,False,総数,77.5
骨の密度及び構造の障害,female,r65p,65.0,,True,False,病院,87.0
骨の密度及び構造の障害,female,r65p,65.0,,True,False,一般診療所,54.3
腎尿路生殖器系の疾患,total,r65p,65.0,,True,False,総数,34.8
腎尿路生殖器系の疾患,total,r65p,65.0,,True,False,病院,35.9
腎尿路生殖器系の疾患,total,r65p,65.0,,True,False,一般診療所,24.7
腎尿路生殖器系の疾患,male,r65p,65.0,,True,False,総数,30.8
腎尿路生殖器系の疾患,male,r65p,65.0,,True,False,病院,32.1
腎尿路生殖器系の疾患,male,r65p,65.0,,True,False,一般診療所,19.7
腎尿路生殖器系の疾患,female,r65p,65.0,,True,False,総数,39.4
腎尿路生殖器系の疾患,female,r65p,65.0,,True,False,病院,40.1
腎尿路生殖器系の疾患,female,r65p,65.0,,True,False,一般診療所,32.2
"糸球体疾患,腎尿細管間質性疾患及び腎不全",total,r65p,65.0,,True,False,総数,52.6
"糸球体疾患,腎尿細管間質性疾患及び腎不全",total,r65p,65.0,,True,False,病院,54.3
"糸球体疾患,腎尿細管間質性疾患及び腎不全",total,r65p,65.0,,True,False,一般診療所,37.8
"糸球体疾患,腎尿細管間質性疾患及び腎不全",male,r65p,65.0,,True,False,総数,52.3
"糸球体疾患,腎尿細管間質性疾患及び腎不全",male,r65p,65.0,,True,False,病院,53.8
"糸球体疾患,腎尿細管間質性疾患及び腎不全",male,r65p,65.0,,True,False,一般診療所,37.1
"糸球体疾患,腎尿細管間質性疾患及び腎不全",female,r65p,65.0,,True,False,総数,52.9
"糸球体疾患,腎尿細管間質性疾患及び腎不全",female,r65p,65.0,,True,False,病院,54.7
"糸球体疾患,腎尿細管間質性疾患及び腎不全",female,r65p,65.0,,True,False,一般診療所,38.5
前立腺肥大(症),total,r65p,65.0,,True,False,総数,10.8
前立腺肥大(症),total,r65p,65.0,,True,False,病院,11.6
前立腺肥大(症),total,r65p,65.0,,True,False,一般診療所,7.7
前立腺肥大(症),male,r65p,65.0,,True,False,総数,10.8
前立腺肥大(症),male,r65p,65.0,,True,False,病院,11.6
前立腺肥大(症),male,r65p,65.0,,True,False,一般診療所,7.7
乳房及び女性生殖器の疾患,total,r65p,65.0,,True,False,総数,20.4
乳房及び女性生殖器の疾患,total,r65p,65.0,,True,False,病院,21.3
乳房及び女性生殖器の疾患,total,r65p,65.0,,True,False,一般診療所,7.8
乳房及び女性生殖器の疾患,male,r65p,65.0,,True,False,総数,11.3
乳房及び女性生殖器の疾患,male,r65p,65.0,,True,False,病院,11.3
乳房及び女性生殖器の疾患,female,r65p,65.0,,True,False,総数,20.5
乳房及び女性生殖器の疾患,female,r65p,65.0,,True,False,病院,21.4
乳房及び女性生殖器の疾患,female,r65p,65.0,,True,False,一般診療所,7.8
"先天奇形,変形及び染色体異常",total,r65p,65.0,,True,False,総数,22.6
"先天奇形,変形及び染色体異常",total,r65p,65.0,,True,False,病院,23.1
"先天奇形,変形及び染色体異常",total,r65p,65.0,,True,False,一般診療所,2.8
"先天奇形,変形及び染色体異常",male,r65p,65.0,,True,False,総数,18.5
"先天奇形,変形及び染色体異常",male,r65p,65.0,,True,False,病院,18.7
"先天奇形,変形及び染色体異常",male,r65p,65.0,,True,False,一般診療所,6.0
"先天奇形,変形及び染色体異常",female,r65p,65.0,,True,False,総数,26.8
"先天奇形,変形及び染色体異常",female,r65p,65.0,,True,False,病院,27.8
"先天奇形,変形及び染色体異常",female,r65p,65.0,,True,False,一般診療所,1.0
"症状,徴候及び異常臨床所見・異常検査所見で他に分類されないもの",total,r65p,65.0,,True,False,総数,26.2
"症状,徴候及び異常臨床所見・異常検査所見で他に分類されないもの",total,r65p,65.0,,True,False,病院,26.5
"症状,徴候及び異常臨床所見・異常検査所見で他に分類されないもの",total,r65p,65.0,,True,False,一般診療所,22.1
"症状,徴候及び異常臨床所見・異常検査所見で他に分類されないもの",male,r65p,65.0,,True,False,総数,23.2
"症状,徴候及び異常臨床所見・異常検査所見で他に分類されないもの",male,r65p,65.0,,True,False,病院,23.6
"症状,徴候及び異常臨床所見・異常検査所見で他に分類されないもの",male,r65p,65.0,,True,False,一般診療所,17.6
"症状,徴候及び異常臨床所見・異常検査所見で他に分類されないもの",female,r65p,65.0,,True,False,総数,28.1
"症状,徴候及び異常臨床所見・異常検査所見で他に分類されないもの",female,r65p,65.0,,True,False,病院,28.6
"症状,徴候及び異常臨床所見・異常検査所見で他に分類されないもの",female,r65p,65.0,,True,False,一般診療所,24.2
"損傷,中毒及びその他の外因の影響",total,r65p,65.0,,True,False,総数,48.6
"損傷,中毒及びその他の外因の影響",total,r65p,65.0,,True,False,病院,47.9
"損傷,中毒及びその他の外因の影響",total,r65p,65.0,,True,False,一般診療所,54.2
"損傷,中毒及びその他の外因の影響",male,r65p,65.0,,True,False,総数,43.0
"損傷,中毒及びその他の外因の影響",male,r65p,65.0,,True,False,病院,43.0
"損傷,中毒及びその他の外因の影響",male,r65p,65.0,,True,False,一般診療所,42.7
"損傷,中毒及びその他の外因の影響",female,r65p,65.0,,True,False,総数,51.3
"損傷,中毒及びその他の外因の影響",female,r65p,65.0,,True,False,病院,50.3
"損傷,中毒及びその他の外因の影響",female,r65p,65.0,,True,False,一般診療所,58.7
骨折,total,r65p,65.0,,True,False,総数,54.4
骨折,total,r65p,65.0,,True,False,病院,53.2
骨折,total,r65p,65.0,,True,False,一般診療所,63.6
骨折,male,r65p,65.0,,True,False,総数,47.9
骨折,male,r65p,65.0,,True,False,病院,46.8
骨折,male,r65p,65.0,,True,False,一般診療所,56.5
骨折,female,r65p,65.0,,True,False,総数,56.3
骨折,female,r65p,65.0,,True,False,病院,55.1
骨折,female,r65p,65.0,,True,False,一般診療所,65.6
健康状態に影響を及ぼす要因及び保健サービスの利用,total,r65p,65.0,,True,False,総数,20.2
健康状態に影響を及ぼす要因及び保健サービスの利用,total,r65p,65.0,,True,False,病院,22.1
健康状態に影響を及ぼす要因及び保健サービスの利用,total,r65p,65.0,,True,False,一般診療所,12.4
健康状態に影響を及ぼす要因及び保健サービスの利用,male,r65p,65.0,,True,False,総数,15.6
健康状態に影響を及ぼす要因及び保健サービスの利用,male,r65p,65.0,,True,False,病院,16.7
健康状態に影響を及ぼす要因及び保健サービスの利用,male,r65p,65.0,,True,False,一般診療所,8.7
健康状態に影響を及ぼす要因及び保健サービスの利用,female,r65p,65.0,,True,False,総数,23.3
健康状態に影響を及ぼす要因及び保健サービスの利用,female,r65p,65.0,,True,False,病院,26.2
健康状態に影響を及ぼす要因及び保健サービスの利用,female,r65p,65.0,,True,False,一般診療所,13.9
歯の補てつ,total,r65p,65.0,,True,False,総数,2.8
歯の補てつ,total,r65p,65.0,,True,False,病院,2.8
歯の補てつ,male,r65p,65.0,,True,False,総数,2.1
歯の補てつ,male,r65p,65.0,,True,False,病院,2.1
歯の補てつ,female,r65p,65.0,,True,False,総数,3.1
歯の補てつ,female,r65p,65.0,,True,False,病院,3.1
総数,total,r70p,70.0,,True,False,総数,50.2
総数,total,r70p,70.0,,True,False,病院,51.5
総数,total,r70p,70.0,,True,False,一般診療所,35.5
総数,male,r70p,70.0,,True,False,総数,41.8
総数,male,r70p,70.0,,True,False,病院,43.1
総数,male,r70p,70.0,,True,False,一般診療所,24.0
総数,female,r70p,70.0,,True,False,総数,57.7
総数,female,r70p,70.0,,True,False,病院,59.3
総数,female,r70p,70.0,,True,False,一般診療所,43.0
感染症及び寄生虫症,total,r70p,70.0,,True,False,総数,38.1
感染症及び寄生虫症,total,r70p,70.0,,True,False,病院,39.7
感染症及び寄生虫症,total,r70p,70.0,,True,False,一般診療所,14.9
感染症及び寄生虫症,male,r70p,70.0,,True,False,総数,40.0
感染症及び寄生虫症,male,r70p,70.0,,True,False,病院,40.8
感染症及び寄生虫症,male,r70p,70.0,,True,False,一般診療所,19.5
感染症及び寄生虫症,female,r70p,70.0,,True,False,総数,36.8
感染症及び寄生虫症,female,r70p,70.0,,True,False,病院,38.9
感染症及び寄生虫症,female,r70p,70.0,,True,False,一般診療所,13.4
腸管感染症,total,r70p,70.0,,True,False,総数,17.9
腸管感染症,total,r70p,70.0,,True,False,病院,18.8
腸管感染症,total,r70p,70.0,,True,False,一般診療所,10.4
腸管感染症,male,r70p,70.0,,True,False,総数,22.3
腸管感染症,male,r70p,70.0,,True,False,病院,23.0
腸管感染症,male,r70p,70.0,,True,False,一般診療所,11.7
腸管感染症,female,r70p,70.0,,True,False,総数,15.7
腸管感染症,female,r70p,70.0,,True,False,病院,16.6
腸管感染症,female,r70p,70.0,,True,False,一般診療所,10.2
結核,total,r70p,70.0,,True,False,総数,63.0
結核,total,r70p,70.0,,True,False,病院,63.0
結核,male,r70p,70.0,,True,False,総数,62.4
結核,male,r70p,70.0,,True,False,病院,62.4
結核,female,r70p,70.0,,True,False,総数,63.8
結核,female,r70p,70.0,,True,False,病院,63.8
皮膚及び粘膜の病変を伴うウイルス疾患,total,r70p,70.0,,True,False,総数,13.9
皮膚及び粘膜の病変を伴うウイルス疾患,total,r70p,70.0,,True,False,病院,13.6
皮膚及び粘膜の病変を伴うウイルス疾患,total,r70p,70.0,,True,False,一般診療所,17.5
皮膚及び粘膜の病変を伴うウイルス疾患,male,r70p,70.0,,True,False,総数,13.4
皮膚及び粘膜の病変を伴うウイルス疾患,male,r70p,70.0,,True,False,病院,12.9
皮膚及び粘膜の病変を伴うウイルス疾患,male,r70p,70.0,,True,False,一般診療所,19.7
皮膚及び粘膜の病変を伴うウイルス疾患,female,r70p,70.0,,True,False,総数,14.2
皮膚及び粘膜の病変を伴うウイルス疾患,female,r70p,70.0,,True,False,病院,14.0
皮膚及び粘膜の病変を伴うウイルス疾患,female,r70p,70.0,,True,False,一般診療所,16.4
真菌症,total,r70p,70.0,,True,False,総数,42.5
真菌症,total,r70p,70.0,,True,False,病院,42.5
真菌症,male,r70p,70.0,,True,False,総数,46.0
真菌症,male,r70p,70.0,,True,False,病院,46.0
真菌症,female,r70p,70.0,,True,False,総数,37.2
真菌症,female,r70p,70.0,,True,False,病院,37.2
新生物,total,r70p,70.0,,True,False,総数,27.7
新生物,total,r70p,70.0,,True,False,病院,27.6
新生物,total,r70p,70.0,,True,False,一般診療所,30.6
新生物,male,r70p,70.0,,True,False,総数,25.0
新生物,male,r70p,70.0,,True,False,病院,25.0
新生物,male,r70p,70.0,,True,False,一般診療所,25.8
新生物,female,r70p,70.0,,True,False,総数,31.8
新生物,female,r70p,70.0,,True,False,病院,31.6
新生物,female,r70p,70.0,,True,False,一般診療所,35.8
悪性新生物,total,r70p,70.0,,True,False,総数,28.3
悪性新生物,total,r70p,70.0,,True,False,病院,28.1
悪性新生物,total,r70p,70.0,,True,False,一般診療所,35.5
悪性新生物,male,r70p,70.0,,True,False,総数,25.6
悪性新生物,male,r70p,70.0,,True,False,病院,25.5
悪性新生物,male,r70p,70.0,,True,False,一般診療所,29.1
悪性新生物,female,r70p,70.0,,True,False,総数,32.6
悪性新生物,female,r70p,70.0,,True,False,病院,32.2
悪性新生物,female,r70p,70.0,,True,False,一般診療所,43.4
胃の悪性新生物,total,r70p,70.0,,True,False,総数,31.6
胃の悪性新生物,total,r70p,70.0,,True,False,病院,30.7
胃の悪性新生物,total,r70p,70.0,,True,False,一般診療所,54.3
胃の悪性新生物,male,r70p,70.0,,True,False,総数,26.8
胃の悪性新生物,male,r70p,70.0,,True,False,病院,26.8
胃の悪性新生物,male,r70p,70.0,,True,False,一般診療所,24.0
胃の悪性新生物,female,r70p,70.0,,True,False,総数,41.5
胃の悪性新生物,female,r70p,70.0,,True,False,病院,39.0
胃の悪性新生物,female,r70p,70.0,,True,False,一般診療所,78.4
結腸及び直腸の悪性新生物,total,r70p,70.0,,True,False,総数,23.5
結腸及び直腸の悪性新生物,total,r70p,70.0,,True,False,病院,23.3
結腸及び直腸の悪性新生物,total,r70p,70.0,,True,False,一般診療所,27.5
結腸及び直腸の悪性新生物,male,r70p,70.0,,True,False,総数,21.2
結腸及び直腸の悪性新生物,male,r70p,70.0,,True,False,病院,21.2
結腸及び直腸の悪性新生物,male,r70p,70.0,,True,False,一般診療所,20.8
結腸及び直腸の悪性新生物,female,r70p,70.0,,True,False,総数,26.3
結腸及び直腸の悪性新生物,female,r70p,70.0,,True,False,病院,26.1
結腸及び直腸の悪性新生物,female,r70p,70.0,,True,False,一般診療所,32.9
"気管,気管支及び肺の悪性新生物",total,r70p,70.0,,True,False,総数,30.2
"気管,気管支及び肺の悪性新生物",total,r70p,70.0,,True,False,病院,30.1
"気管,気管支及び肺の悪性新生物",total,r70p,70.0,,True,False,一般診療所,34.6
"気管,気管支及び肺の悪性新生物",male,r70p,70.0,,True,False,総数,27.2
"気管,気管支及び肺の悪性新生物",male,r70p,70.0,,True,False,病院,27.3
"気管,気管支及び肺の悪性新生物",male,r70p,70.0,,True,False,一般診療所,17.3
"気管,気管支及び肺の悪性新生物",female,r70p,70.0,,True,False,総数,37.0
"気管,気管支及び肺の悪性新生物",female,r70p,70.0,,True,False,病院,36.5
"気管,気管支及び肺の悪性新生物",female,r70p,70.0,,True,False,一般診療所,53.2
血液及び造血器の疾患並びに免疫機構の障害,total,r70p,70.0,,True,False,総数,29.2
血液及び造血器の疾患並びに免疫機構の障害,total,r70p,70.0,,True,False,病院,29.5
血液及び造血器の疾患並びに免疫機構の障害,total,r70p,70.0,,True,False,一般診療所,18.0
血液及び造血器の疾患並びに免疫機構の障害,male,r70p,70.0,,True,False,総数,24.0
血液及び造血器の疾患並びに免疫機構の障害,male,r70p,70.0,,True,False,病院,24.4
血液及び造血器の疾患並びに免疫機構の障害,male,r70p,70.0,,True,False,一般診療所,12.3
血液及び造血器の疾患並びに免疫機構の障害,female,r70p,70.0,,True,False,総数,32.9
血液及び造血器の疾患並びに免疫機構の障害,female,r70p,70.0,,True,False,病院,33.2
血液及び造血器の疾患並びに免疫機構の障害,female,r70p,70.0,,True,False,一般診療所,22.7
"内分泌,栄養及び代謝疾患",total,r70p,70.0,,True,False,総数,44.4
"内分泌,栄養及び代謝疾患",total,r70p,70.0,,True,False,病院,44.8
"内分泌,栄養及び代謝疾患",total,r70p,70.0,,True,False,一般診療所,39.9
"内分泌,栄養及び代謝疾患",male,r70p,70.0,,True,False,総数,40.0
"内分泌,栄養及び代謝疾患",male,r70p,70.0,,True,False,病院,41.7
"内分泌,栄養及び代謝疾患",male,r70p,70.0,,True,False,一般診療所,20.6
"内分泌,栄養及び代謝疾患",female,r70p,70.0,,True,False,総数,47.5
"内分泌,栄養及び代謝疾患",female,r70p,70.0,,True,False,病院,47.0
"内分泌,栄養及び代謝疾患",female,r70p,70.0,,True,False,一般診療所,52.7
甲状腺障害,total,r70p,70.0,,True,False,総数,30.2
甲状腺障害,total,r70p,70.0,,True,False,病院,32.3
甲状腺障害,total,r70p,70.0,,True,False,一般診療所,6.5
甲状腺障害,male,r70p,70.0,,True,False,総数,27.1
甲状腺障害,male,r70p,70.0,,True,False,病院,27.1
甲状腺障害,female,r70p,70.0,,True,False,総数,30.9
甲状腺障害,female,r70p,70.0,,True,False,病院,33.4
甲状腺障害,female,r70p,70.0,,True,False,一般診療所,6.5
糖尿病,total,r70p,70.0,,True,False,総数,59.6
糖尿病,total,r70p,70.0,,True,False,病院,60.3
糖尿病,total,r70p,70.0,,True,False,一般診療所,52.7
糖尿病,male,r70p,70.0,,True,False,総数,50.0
糖尿病,male,r70p,70.0,,True,False,病院,52.0
糖尿病,male,r70p,70.0,,True,False,一般診療所,25.7
糖尿病,female,r70p,70.0,,True,False,総数,67.3
糖尿病,female,r70p,70.0,,True,False,病院,67.0
糖尿病,female,r70p,70.0,,True,False,一般診療所,69.6
精神及び行動の障害,total,r70p,70.0,,True,False,総数,415.8
精神及び行動の障害,total,r70p,70.0,,True,False,病院,470.9
精神及び行動の障害,total,r70p,70.0,,True,False,一般診療所,25.8
精神及び行動の障害,male,r70p,70.0,,True,False,総数,480.1
精神及び行動の障害,male,r70p,70.0,,True,False,病院,530.7
精神及び行動の障害,male,r70p,70.0,,True,False,一般診療所,19.9
精神及び行動の障害,female,r70p,70.0,,True,False,総数,378.7
精神及び行動の障害,female,r70p,70.0,,True,False,病院,434.9
精神及び行動の障害,female,r70p,70.0,,True,False,一般診療所,28.2
"統合失調症,統合失調症型障害及び妄想性障害",total,r70p,70.0,,True,False,総数,1353.5
"統合失調症,統合失調症型障害及び妄想性障害",total,r70p,70.0,,True,False,病院,1358.2
"統合失調症,統合失調症型障害及び妄想性障害",total,r70p,70.0,,True,False,一般診療所,1.0
"統合失調症,統合失調症型障害及び妄想性障害",male,r70p,70.0,,True,False,総数,1627.8
"統合失調症,統合失調症型障害及び妄想性障害",male,r70p,70.0,,True,False,病院,1627.8
"統合失調症,統合失調症型障害及び妄想性障害",female,r70p,70.0,,True,False,総数,1167.6
"統合失調症,統合失調症型障害及び妄想性障害",female,r70p,70.0,,True,False,病院,1174.5
"統合失調症,統合失調症型障害及び妄想性障害",female,r70p,70.0,,True,False,一般診療所,1.0
気分[感情]障害(躁うつ病を含む),total,r70p,70.0,,True,False,総数,179.4
気分[感情]障害(躁うつ病を含む),total,r70p,70.0,,True,False,病院,193.9
気分[感情]障害(躁うつ病を含む),total,r70p,70.0,,True,False,一般診療所,27.9
気分[感情]障害(躁うつ病を含む),male,r70p,70.0,,True,False,総数,224.7
気分[感情]障害(躁うつ病を含む),male,r70p,70.0,,True,False,病院,235.0
気分[感情]障害(躁うつ病を含む),male,r70p,70.0,,True,False,一般診療所,25.3
気分[感情]障害(躁うつ病を含む),female,r70p,70.0,,True,False,総数,165.1
気分[感情]障害(躁うつ病を含む),female,r70p,70.0,,True,False,病院,180.1
気分[感情]障害(躁うつ病を含む),female,r70p,70.0,,True,False,一般診療所,28.3
"神経症性障害,ストレス関連障害及び身体表現性障害",total,r70p,70.0,,True,False,総数,68.6
"神経症性障害,ストレス関連障害及び身体表現性障害",total,r70p,70.0,,True,False,病院,80.3
"神経症性障害,ストレス関連障害及び身体表現性障害",total,r70p,70.0,,True,False,一般診療所,23.9
"神経症性障害,ストレス関連障害及び身体表現性障害",male,r70p,70.0,,True,False,総数,82.5
"神経症性障害,ストレス関連障害及び身体表現性障害",male,r70p,70.0,,True,False,病院,85.1
"神経症性障害,ストレス関連障害及び身体表現性障害",male,r70p,70.0,,True,False,一般診療所,2.0
"神経症性障害,ストレス関連障害及び身体表現性障害",female,r70p,70.0,,True,False,総数,65.3
"神経症性障害,ストレス関連障害及び身体表現性障害",female,r70p,70.0,,True,False,病院,78.8
"神経症性障害,ストレス関連障害及び身体表現性障害",female,r70p,70.0,,True,False,一般診療所,24.6
神経系の疾患,total,r70p,70.0,,True,False,総数,109.9
神経系の疾患,total,r70p,70.0,,True,False,病院,113.0
神経系の疾患,total,r70p,70.0,,True,False,一般診療所,77.6
神経系の疾患,male,r70p,70.0,,True,False,総数,87.5
神経系の疾患,male,r70p,70.0,,True,False,病院,90.1
神経系の疾患,male,r70p,70.0,,True,False,一般診療所,47.3
神経系の疾患,female,r70p,70.0,,True,False,総数,128.2
神経系の疾患,female,r70p,70.0,,True,False,病院,132.8
神経系の疾患,female,r70p,70.0,,True,False,一般診療所,91.1
眼及び付属器の疾患,total,r70p,70.0,,True,False,総数,7.3
眼及び付属器の疾患,total,r70p,70.0,,True,False,病院,8.2
眼及び付属器の疾患,total,r70p,70.0,,True,False,一般診療所,3.2
眼及び付属器の疾患,male,r70p,70.0,,True,False,総数,7.2
眼及び付属器の疾患,male,r70p,70.0,,True,False,病院,7.9
眼及び付属器の疾患,male,r70p,70.0,,True,False,一般診療所,3.1
眼及び付属器の疾患,female,r70p,70.0,,True,False,総数,7.4
眼及び付属器の疾患,female,r70p,70.0,,True,False,病院,8.3
眼及び付属器の疾患,female,r70p,70.0,,True,False,一般診療所,3.2
白内障,total,r70p,70.0,,True,False,総数,6.8
白内障,total,r70p,70.0,,True,False,病院,7.7
白内障,total,r70p,70.0,,True,False,一般診療所,3.2
白内障,male,r70p,70.0,,True,False,総数,6.8
白内障,male,r70p,70.0,,True,False,病院,7.7
白内障,male,r70p,70.0,,True,False,一般診療所,3.2
白内障,female,r70p,70.0,,True,False,総数,6.8
白内障,female,r70p,70.0,,True,False,病院,7.7
白内障,female,r70p,70.0,,True,False,一般診療所,3.2
耳及び乳様突起の疾患,total,r70p,70.0,,True,False,総数,11.8
耳及び乳様突起の疾患,total,r70p,70.0,,True,False,病院,11.6
耳及び乳様突起の疾患,total,r70p,70.0,,True,False,一般診療所,13.7
耳及び乳様突起の疾患,male,r70p,70.0,,True,False,総数,8.2
耳及び乳様突起の疾患,male,r70p,70.0,,True,False,病院,8.0
耳及び乳様突起の疾患,male,r70p,70.0,,True,False,一般診療所,10.3
耳及び乳様突起の疾患,female,r70p,70.0,,True,False,総数,13.5
耳及び乳様突起の疾患,female,r70p,70.0,,True,False,病院,13.4
耳及び乳様突起の疾患,female,r70p,70.0,,True,False,一般診療所,14.7
循環器系の疾患,total,r70p,70.0,,True,False,総数,69.6
循環器系の疾患,total,r70p,70.0,,True,False,病院,71.2
循環器系の疾患,total,r70p,70.0,,True,False,一般診療所,52.1
循環器系の疾患,male,r70p,70.0,,True,False,総数,52.4
循環器系の疾患,male,r70p,70.0,,True,False,病院,53.8
循環器系の疾患,male,r70p,70.0,,True,False,一般診療所,32.2
循環器系の疾患,female,r70p,70.0,,True,False,総数,85.9
循環器系の疾患,female,r70p,70.0,,True,False,病院,88.1
循環器系の疾患,female,r70p,70.0,,True,False,一般診療所,65.3
高血圧性疾患,total,r70p,70.0,,True,False,総数,55.7
高血圧性疾患,total,r70p,70.0,,True,False,病院,54.7
高血圧性疾患,total,r70p,70.0,,True,False,一般診療所,58.5
高血圧性疾患,male,r70p,70.0,,True,False,総数,30.8
高血圧性疾患,male,r70p,70.0,,True,False,病院,35.4
高血圧性疾患,male,r70p,70.0,,True,False,一般診療所,17.3
高血圧性疾患,female,r70p,70.0,,True,False,総数,66.1
高血圧性疾患,female,r70p,70.0,,True,False,病院,62.8
高血圧性疾患,female,r70p,70.0,,True,False,一般診療所,75.7
心疾患(高血圧性のものを除く),total,r70p,70.0,,True,False,総数,32.8
心疾患(高血圧性のものを除く),total,r70p,70.0,,True,False,病院,31.0
心疾患(高血圧性のものを除く),total,r70p,70.0,,True,False,一般診療所,66.5
心疾患(高血圧性のものを除く),male,r70p,70.0,,True,False,総数,23.2
心疾患(高血圧性のものを除く),male,r70p,70.0,,True,False,病院,23.2
心疾患(高血圧性のものを除く),male,r70p,70.0,,True,False,一般診療所,23.3
心疾患(高血圧性のものを除く),female,r70p,70.0,,True,False,総数,42.6
心疾患(高血圧性のものを除く),female,r70p,70.0,,True,False,病院,39.2
心疾患(高血圧性のものを除く),female,r70p,70.0,,True,False,一般診療所,88.5
虚血性心疾患,total,r70p,70.0,,True,False,総数,18.7
虚血性心疾患,total,r70p,70.0,,True,False,病院,17.7
虚血性心疾患,total,r70p,70.0,,True,False,一般診療所,37.5
虚血性心疾患,male,r70p,70.0,,True,False,総数,14.9
虚血性心疾患,male,r70p,70.0,,True,False,病院,15.2
虚血性心疾患,male,r70p,70.0,,True,False,一般診療所,5.0
虚血性心疾患,female,r70p,70.0,,True,False,総数,24.6
虚血性心疾患,female,r70p,70.0,,True,False,病院,21.7
虚血性心疾患,female,r70p,70.0,,True,False,一般診療所,60.1
脳血管疾患,total,r70p,70.0,,True,False,総数,125.1
脳血管疾患,total,r70p,70.0,,True,False,病院,132.2
脳血管疾患,total,r70p,70.0,,True,False,一般診療所,54.2
脳血管疾患,male,r70p,70.0,,True,False,総数,99.7
脳血管疾患,male,r70p,70.0,,True,False,病院,104.6
脳血管疾患,male,r70p,70.0,,True,False,一般診療所,47.8
脳血管疾患,female,r70p,70.0,,True,False,総数,146.6
脳血管疾患,female,r70p,70.0,,True,False,病院,155.9
脳血管疾患,female,r70p,70.0,,True,False,一般診療所,59.0
呼吸器系の疾患,total,r70p,70.0,,True,False,総数,44.2
呼吸器系の疾患,total,r70p,70.0,,True,False,病院,45.2
呼吸器系の疾患,total,r70p,70.0,,True,False,一般診療所,29.8
呼吸器系の疾患,male,r70p,70.0,,True,False,総数,39.5
呼吸器系の疾患,male,r70p,70.0,,True,False,病院,40.1
呼吸器系の疾患,male,r70p,70.0,,True,False,一般診療所,29.8
呼吸器系の疾患,female,r70p,70.0,,True,False,総数,49.7
呼吸器系の疾患,female,r70p,70.0,,True,False,病院,51.3
呼吸器系の疾患,female,r70p,70.0,,True,False,一般診療所,29.7
急性上気道感染症,total,r70p,70.0,,True,False,総数,10.7
急性上気道感染症,total,r70p,70.0,,True,False,病院,11.0
急性上気道感染症,total,r70p,70.0,,True,False,一般診療所,3.9
急性上気道感染症,male,r70p,70.0,,True,False,総数,8.0
急性上気道感染症,male,r70p,70.0,,True,False,病院,8.2
急性上気道感染症,male,r70p,70.0,,True,False,一般診療所,4.0
急性上気道感染症,female,r70p,70.0,,True,False,総数,12.5
急性上気道感染症,female,r70p,70.0,,True,False,病院,13.2
急性上気道感染症,female,r70p,70.0,,True,False,一般診療所,3.9
肺炎,total,r70p,70.0,,True,False,総数,41.1
肺炎,total,r70p,70.0,,True,False,病院,42.7
肺炎,total,r70p,70.0,,True,False,一般診療所,19.4
肺炎,male,r70p,70.0,,True,False,総数,34.8
肺炎,male,r70p,70.0,,True,False,病院,35.9
肺炎,male,r70p,70.0,,True,False,一般診療所,19.0
肺炎,female,r70p,70.0,,True,False,総数,48.0
肺炎,female,r70p,70.0,,True,False,病院,50.2
肺炎,female,r70p,70.0,,True,False,一般診療所,19.8
急性気管支炎及び急性細気管支炎,total,r70p,70.0,,True,False,総数,26.7
急性気管支炎及び急性細気管支炎,total,r70p,70.0,,True,False,病院,29.6
急性気管支炎及び急性細気管支炎,total,r70p,70.0,,True,False,一般診療所,9.9
急性気管支炎及び急性細気管支炎,male,r70p,70.0,,True,False,総数,15.9
急性気管支炎及び急性細気管支炎,male,r70p,70.0,,True,False,病院,16.7
急性気管支炎及び急性細気管支炎,male,r70p,70.0,,True,False,一般診療所,9.2
急性気管支炎及び急性細気管支炎,female,r70p,70.0,,True,False,総数,33.9
急性気管支炎及び急性細気管支炎,female,r70p,70.0,,True,False,病院,39.1
急性気管支炎及び急性細気管支炎,female,r70p,70.0,,True,False,一般診療所,10.2
気管支炎及び慢性閉塞性肺疾患,total,r70p,70.0,,True,False,総数,58.8
気管支炎及び慢性閉塞性肺疾患,total,r70p,70.0,,True,False,病院,59.6
気管支炎及び慢性閉塞性肺疾患,total,r70p,70.0,,True,False,一般診療所,52.1
気管支炎及び慢性閉塞性肺疾患,male,r70p,70.0,,True,False,総数,54.8
気管支炎及び慢性閉塞性肺疾患,male,r70p,70.0,,True,False,病院,54.4
気管支炎及び慢性閉塞性肺疾患,male,r70p,70.0,,True,False,一般診療所,58.4
気管支炎及び慢性閉塞性肺疾患,female,r70p,70.0,,True,False,総数,69.7
気管支炎及び慢性閉塞性肺疾患,female,r70p,70.0,,True,False,病院,73.8
気管支炎及び慢性閉塞性肺疾患,female,r70p,70.0,,True,False,一般診療所,36.2
喘息,total,r70p,70.0,,True,False,総数,36.8
喘息,total,r70p,70.0,,True,False,病院,36.4
喘息,total,r70p,70.0,,True,False,一般診療所,40.0
喘息,male,r70p,70.0,,True,False,総数,33.1
喘息,male,r70p,70.0,,True,False,病院,29.7
喘息,male,r70p,70.0,,True,False,一般診療所,72.8
喘息,female,r70p,70.0,,True,False,総数,39.1
喘息,female,r70p,70.0,,True,False,病院,40.8
喘息,female,r70p,70.0,,True,False,一般診療所,25.7
消化器系の疾患,total,r70p,70.0,,True,False,総数,19.5
消化器系の疾患,total,r70p,70.0,,True,False,病院,20.1
消化器系の疾患,total,r70p,70.0,,True,False,一般診療所,12.6
消化器系の疾患,male,r70p,70.0,,True,False,総数,16.8
消化器系の疾患,male,r70p,70.0,,True,False,病院,17.3
消化器系の疾患,male,r70p,70.0,,True,False,一般診療所,11.2
消化器系の疾患,female,r70p,70.0,,True,False,総数,22.4
消化器系の疾患,female,r70p,70.0,,True,False,病院,23.1
消化器系の疾患,female,r70p,70.0,,True,False,一般診療所,14.1
う蝕,total,r70p,70.0,,True,False,総数,20.0
う蝕,total,r70p,70.0,,True,False,病院,20.0
う蝕,male,r70p,70.0,,True,False,総数,32.9
う蝕,male,r70p,70.0,,True,False,病院,32.9
う蝕,female,r70p,70.0,,True,False,総数,8.7
う蝕,female,r70p,70.0,,True,False,病院,8.7
歯肉炎及び歯周疾患,total,r70p,70.0,,True,False,総数,9.5
歯肉炎及び歯周疾患,total,r70p,70.0,,True,False,病院,9.5
歯肉炎及び歯周疾患,male,r70p,70.0,,True,False,総数,14.1
歯肉炎及び歯周疾患,male,r70p,70.0,,True,False,病院,14.1
歯肉炎及び歯周疾患,female,r70p,70.0,,True,False,総数,5.4
歯肉炎及び歯周疾患,female,r70p,70.0,,True,False,病院,5.4
胃潰瘍及び十二指腸潰瘍,total,r70p,70.0,,True,False,総数,24.7
胃潰瘍及び十二指腸潰瘍,total,r70p,70.0,,True,False,病院,25.2
胃潰瘍及び十二指腸潰瘍,total,r70p,70.0,,True,False,一般診療所,20.0
胃潰瘍及び十二指腸潰瘍,male,r70p,70.0,,True,False,総数,23.6
胃潰瘍及び十二指腸潰瘍,male,r70p,70.0,,True,False,病院,23.7
胃潰瘍及び十二指腸潰瘍,male,r70p,70.0,,True,False,一般診療所,22.8
胃潰瘍及び十二指腸潰瘍,female,r70p,70.0,,True,False,総数,25.7
胃潰瘍及び十二指腸潰瘍,female,r70p,70.0,,True,False,病院,26.8
胃潰瘍及び十二指腸潰瘍,female,r70p,70.0,,True,False,一般診療所,17.9
胃炎及び十二指腸炎,total,r70p,70.0,,True,False,総数,24.3
胃炎及び十二指腸炎,total,r70p,70.0,,True,False,病院,26.6
胃炎及び十二指腸炎,total,r70p,70.0,,True,False,一般診療所,11.9
胃炎及び十二指腸炎,male,r70p,70.0,,True,False,総数,12.2
胃炎及び十二指腸炎,male,r70p,70.0,,True,False,病院,12.6
胃炎及び十二指腸炎,male,r70p,70.0,,True,False,一般診療所,7.1
胃炎及び十二指腸炎,female,r70p,70.0,,True,False,総数,30.2
胃炎及び十二指腸炎,female,r70p,70.0,,True,False,病院,34.3
胃炎及び十二指腸炎,female,r70p,70.0,,True,False,一般診療所,12.9
肝疾患,total,r70p,70.0,,True,False,総数,41.4
肝疾患,total,r70p,70.0,,True,False,病院,40.9
肝疾患,total,r70p,70.0,,True,False,一般診療所,48.6
肝疾患,male,r70p,70.0,,True,False,総数,36.1
肝疾患,male,r70p,70.0,,True,False,病院,35.8
肝疾患,male,r70p,70.0,,True,False,一般診療所,38.6
肝疾患,female,r70p,70.0,,True,False,総数,46.6
肝疾患,female,r70p,70.0,,True,False,病院,45.4
肝疾患,female,r70p,70.0,,True,False,一般診療所,73.7
皮膚及び皮下組織の疾患,total,r70p,70.0,,True,False,総数,37.6
皮膚及び皮下組織の疾患,total,r70p,70.0,,True,False,病院,38.3
皮膚及び皮下組織の疾患,total,r70p,70.0,,True,False,一般診療所,21.1
皮膚及び皮下組織の疾患,male,r70p,70.0,,True,False,総数,33.0
皮膚及び皮下組織の疾患,male,r70p,70.0,,True,False,病院,33.5
皮膚及び皮下組織の疾患,male,r70p,70.0,,True,False,一般診療所,21.2
皮膚及び皮下組織の疾患,female,r70p,70.0,,True,False,総数,40.8
皮膚及び皮下組織の疾患,female,r70p,70.0,,True,False,病院,41.8
皮膚及び皮下組織の疾患,female,r70p,70.0,,True,False,一般診療所,21.1
筋骨格系及び結合組織の疾患,total,r70p,70.0,,True,False,総数,48.3
筋骨格系及び結合組織の疾患,total,r70p,70.0,,True,False,病院,47.7
筋骨格系及び結合組織の疾患,total,r70p,70.0,,True,False,一般診療所,52.4
筋骨格系及び結合組織の疾患,male,r70p,70.0,,True,False,総数,38.6
筋骨格系及び結合組織の疾患,male,r70p,70.0,,True,False,病院,40.5
筋骨格系及び結合組織の疾患,male,r70p,70.0,,True,False,一般診療所,26.2
筋骨格系及び結合組織の疾患,female,r70p,70.0,,True,False,総数,53.0
筋骨格系及び結合組織の疾患,female,r70p,70.0,,True,False,病院,51.2
筋骨格系及び結合組織の疾患,female,r70p,70.0,,True,False,一般診療所,64.1
炎症性多発性関節障害,total,r70p,70.0,,True,False,総数,65.1
炎症性多発性関節障害,total,r70p,70.0,,True,False,病院,64.1
炎症性多発性関節障害,total,r70p,70.0,,True,False,一般診療所,75.6
炎症性多発性関節障害,male,r70p,70.0,,True,False,総数,38.3
炎症性多発性関節障害,male,r70p,70.0,,True,False,病院,37.6
炎症性多発性関節障害,male,r70p,70.0,,True,False,一般診療所,45.8
炎症性多発性関節障害,female,r70p,70.0,,True,False,総数,72.4
炎症性多発性関節障害,female,r70p,70.0,,True,False,病院,71.3
炎症性多発性関節障害,female,r70p,70.0,,True,False,一般診療所,84.2
関節症,total,r70p,70.0,,True,False,総数,42.1
関節症,total,r70p,70.0,,True,False,病院,41.5
関節症,total,r70p,70.0,,True,False,一般診療所,47.1
関節症,male,r70p,70.0,,True,False,総数,35.0
関節症,male,r70p,70.0,,True,False,病院,34.6
関節症,male,r70p,70.0,,True,False,一般診療所,39.1
関節症,female,r70p,70.0,,True,False,総数,43.5
関節症,female,r70p,70.0,,True,False,病院,42.9
関節症,female,r70p,70.0,,True,False,一般診療所,48.3
脊柱障害,total,r70p,70.0,,True,False,総数,41.9
脊柱障害,total,r70p,70.0,,True,False,病院,39.9
脊柱障害,total,r70p,70.0,,True,False,一般診療所,51.2
脊柱障害,male,r70p,70.0,,True,False,総数,34.3
脊柱障害,male,r70p,70.0,,True,False,病院,36.2
脊柱障害,male,r70p,70.0,,True,False,一般診療所,24.7
脊柱障害,female,r70p,70.0,,True,False,総数,47.4
脊柱障害,female,r70p,70.0,,True,False,病院,42.7
脊柱障害,female,r70p,70.0,,True,False,一般診療所,68.9
骨の密度及び構造の障害,total,r70p,70.0,,True,False,総数,75.7
骨の密度及び構造の障害,total,r70p,70.0,,True,False,病院,86.5
骨の密度及び構造の障害,total,r70p,70.0,,True,False,一般診療所,48.3
骨の密度及び構造の障害,male,r70p,70.0,,True,False,総数,55.6
骨の密度及び構造の障害,male,r70p,70.0,,True,False,病院,67.2
骨の密度及び構造の障害,male,r70p,70.0,,True,False,一般診療所,2.0
骨の密度及び構造の障害,female,r70p,70.0,,True,False,総数,80.2
骨の密度及び構造の障害,female,r70p,70.0,,True,False,病院,91.6
骨の密度及び構造の障害,female,r70p,70.0,,True,False,一般診療所,54.3
腎尿路生殖器系の疾患,total,r70p,70.0,,True,False,総数,37.4
腎尿路生殖器系の疾患,total,r70p,70.0,,True,False,病院,38.5
腎尿路生殖器系の疾患,total,r70p,70.0,,True,False,一般診療所,27.5
腎尿路生殖器系の疾患,male,r70p,70.0,,True,False,総数,33.0
腎尿路生殖器系の疾患,male,r70p,70.0,,True,False,病院,34.4
腎尿路生殖器系の疾患,male,r70p,70.0,,True,False,一般診療所,22.2
腎尿路生殖器系の疾患,female,r70p,70.0,,True,False,総数,42.1
腎尿路生殖器系の疾患,female,r70p,70.0,,True,False,病院,42.9
腎尿路生殖器系の疾患,female,r70p,70.0,,True,False,一般診療所,34.7
"糸球体疾患,腎尿細管間質性疾患及び腎不全",total,r70p,70.0,,True,False,総数,55.2
"糸球体疾患,腎尿細管間質性疾患及び腎不全",total,r70p,70.0,,True,False,病院,56.9
"糸球体疾患,腎尿細管間質性疾患及び腎不全",total,r70p,70.0,,True,False,一般診療所,40.8
"糸球体疾患,腎尿細管間質性疾患及び腎不全",male,r70p,70.0,,True,False,総数,54.7
"糸球体疾患,腎尿細管間質性疾患及び腎不全",male,r70p,70.0,,True,False,病院,56.3
"糸球体疾患,腎尿細管間質性疾患及び腎不全",male,r70p,70.0,,True,False,一般診療所,40.6
"糸球体疾患,腎尿細管間質性疾患及び腎不全",female,r70p,70.0,,True,False,総数,55.5
"糸球体疾患,腎尿細管間質性疾患及び腎不全",female,r70p,70.0,,True,False,病院,57.4
"糸球体疾患,腎尿細管間質性疾患及び腎不全",female,r70p,70.0,,True,False,一般診療所,40.9
前立腺肥大(症),total,r70p,70.0,,True,False,総数,11.5
前立腺肥大(症),total,r70p,70.0,,True,False,病院,12.4
前立腺肥大(症),total,r70p,70.0,,True,False,一般診療所,8.1
前立腺肥大(症),male,r70p,70.0,,True,False,総数,11.5
前立腺肥大(症),male,r70p,70.0,,True,False,病院,12.4
前立腺肥大(症),male,r70p,70.0,,True,False,一般診療所,8.1
乳房及び女性生殖器の疾患,total,r70p,70.0,,True,False,総数,24.4
乳房及び女性生殖器の疾患,total,r70p,70.0,,True,False,病院,25.5
乳房及び女性生殖器の疾患,total,r70p,70.0,,True,False,一般診療所,7.6
乳房及び女性生殖器の疾患,male,r70p,70.0,,True,False,総数,11.3
乳房及び女性生殖器の疾患,male,r70p,70.0,,True,False,病院,11.3
乳房及び女性生殖器の疾患,female,r70p,70.0,,True,False,総数,24.5
乳房及び女性生殖器の疾患,female,r70p,70.0,,True,False,病院,25.6
乳房及び女性生殖器の疾患,female,r70p,70.0,,True,False,一般診療所,7.6
"先天奇形,変形及び染色体異常",total,r70p,70.0,,True,False,総数,23.1
"先天奇形,変形及び染色体異常",total,r70p,70.0,,True,False,病院,24.1
"先天奇形,変形及び染色体異常",total,r70p,70.0,,True,False,一般診療所,2.8
"先天奇形,変形及び染色体異常",male,r70p,70.0,,True,False,総数,21.1
"先天奇形,変形及び染色体異常",male,r70p,70.0,,True,False,病院,21.6
"先天奇形,変形及び染色体異常",male,r70p,70.0,,True,False,一般診療所,6.0
"先天奇形,変形及び染色体異常",female,r70p,70.0,,True,False,総数,25.2
"先天奇形,変形及び染色体異常",female,r70p,70.0,,True,False,病院,26.6
"先天奇形,変形及び染色体異常",female,r70p,70.0,,True,False,一般診療所,1.0
"症状,徴候及び異常臨床所見・異常検査所見で他に分類されないもの",total,r70p,70.0,,True,False,総数,27.8
"症状,徴候及び異常臨床所見・異常検査所見で他に分類されないもの",total,r70p,70.0,,True,False,病院,28.2
"症状,徴候及び異常臨床所見・異常検査所見で他に分類されないもの",total,r70p,70.0,,True,False,一般診療所,23.5
"症状,徴候及び異常臨床所見・異常検査所見で他に分類されないもの",male,r70p,70.0,,True,False,総数,24.2
"症状,徴候及び異常臨床所見・異常検査所見で他に分類されないもの",male,r70p,70.0,,True,False,病院,24.6
"症状,徴候及び異常臨床所見・異常検査所見で他に分類されないもの",male,r70p,70.0,,True,False,一般診療所,18.5
"症状,徴候及び異常臨床所見・異常検査所見で他に分類されないもの",female,r70p,70.0,,True,False,総数,30.1
"症状,徴候及び異常臨床所見・異常検査所見で他に分類されないもの",female,r70p,70.0,,True,False,病院,30.5
"症状,徴候及び異常臨床所見・異常検査所見で他に分類されないもの",female,r70p,70.0,,True,False,一般診療所,25.6
"損傷,中毒及びその他の外因の影響",total,r70p,70.0,,True,False,総数,50.6
"損傷,中毒及びその他の外因の影響",total,r70p,70.0,,True,False,病院,49.7
"損傷,中毒及びその他の外因の影響",total,r70p,70.0,,True,False,一般診療所,58.8
"損傷,中毒及びその他の外因の影響",male,r70p,70.0,,True,False,総数,43.8
"損傷,中毒及びその他の外因の影響",male,r70p,70.0,,True,False,病院,43.4
"損傷,中毒及びその他の外因の影響",male,r70p,70.0,,True,False,一般診療所,47.0
"損傷,中毒及びその他の外因の影響",female,r70p,70.0,,True,False,総数,53.6
"損傷,中毒及びその他の外因の影響",female,r70p,70.0,,True,False,病院,52.4
"損傷,中毒及びその他の外因の影響",female,r70p,70.0,,True,False,一般診療所,62.7
骨折,total,r70p,70.0,,True,False,総数,56.4
骨折,total,r70p,70.0,,True,False,病院,54.9
骨折,total,r70p,70.0,,True,False,一般診療所,68.6
骨折,male,r70p,70.0,,True,False,総数,49.2
骨折,male,r70p,70.0,,True,False,病院,47.6
骨折,male,r70p,70.0,,True,False,一般診療所,63.0
骨折,female,r70p,70.0,,True,False,総数,58.3
骨折,female,r70p,70.0,,True,False,病院,56.8
骨折,female,r70p,70.0,,True,False,一般診療所,69.9
健康状態に影響を及ぼす要因及び保健サービスの利用,total,r70p,70.0,,True,False,総数,23.4
健康状態に影響を及ぼす要因及び保健サービスの利用,total,r70p,70.0,,True,False,病院,26.6
健康状態に影響を及ぼす要因及び保健サービスの利用,total,r70p,70.0,,True,False,一般診療所,12.9
健康状態に影響を及ぼす要因及び保健サービスの利用,male,r70p,70.0,,True,False,総数,18.9
健康状態に影響を及ぼす要因及び保健サービスの利用,male,r70p,70.0,,True,False,病院,21.2
健康状態に影響を及ぼす要因及び保健サービスの利用,male,r70p,70.0,,True,False,一般診療所,8.9
健康状態に影響を及ぼす要因及び保健サービスの利用,female,r70p,70.0,,True,False,総数,26.1
健康状態に影響を及ぼす要因及び保健サービスの利用,female,r70p,70.0,,True,False,病院,30.1
健康状態に影響を及ぼす要因及び保健サービスの利用,female,r70p,70.0,,True,False,一般診療所,14.6
歯の補てつ,total,r70p,70.0,,True,False,総数,3.0
歯の補てつ,total,r70p,70.0,,True,False,病院,3.0
歯の補てつ,male,r70p,70.0,,True,False,総数,3.3
歯の補てつ,male,r70p,70.0,,True,False,病院,3.3
歯の補てつ,female,r70p,70.0,,True,False,総数,2.9
歯の補てつ,female,r70p,70.0,,True,False,病院,2.9
総数,total,r75p,75.0,,True,False,総数,54.2
総数,total,r75p,75.0,,True,False,病院,55.7
総数,total,r75p,75.0,,True,False,一般診療所,38.7
総数,male,r75p,75.0,,True,False,総数,43.7
総数,male,r75p,75.0,,True,False,病院,45.3
総数,male,r75p,75.0,,True,False,一般診療所,23.9
総数,female,r75p,75.0,,True,False,総数,62.5
総数,female,r75p,75.0,,True,False,病院,64.2
総数,female,r75p,75.0,,True,False,一般診療所,47.2
感染症及び寄生虫症,total,r75p,75.0,,True,False,総数,42.3
感染症及び寄生虫症,total,r75p,75.0,,True,False,病院,44.4
感染症及び寄生虫症,total,r75p,75.0,,True,False,一般診療所,13.4
感染症及び寄生虫症,male,r75p,75.0,,True,False,総数,44.2
感染症及び寄生虫症,male,r75p,75.0,,True,False,病院,45.4
感染症及び寄生虫症,male,r75p,75.0,,True,False,一般診療所,18.8
感染症及び寄生虫症,female,r75p,75.0,,True,False,総数,41.0
感染症及び寄生虫症,female,r75p,75.0,,True,False,病院,43.8
感染症及び寄生虫症,female,r75p,75.0,,True,False,一般診療所,11.5
腸管感染症,total,r75p,75.0,,True,False,総数,19.1
腸管感染症,total,r75p,75.0,,True,False,病院,20.4
腸管感染症,total,r75p,75.0,,True,False,一般診療所,9.7
腸管感染症,male,r75p,75.0,,True,False,総数,24.3
腸管感染症,male,r75p,75.0,,True,False,病院,25.3
腸管感染症,male,r75p,75.0,,True,False,一般診療所,11.6
腸管感染症,female,r75p,75.0,,True,False,総数,16.5
腸管感染症,female,r75p,75.0,,True,False,病院,17.7
腸管感染症,female,r75p,75.0,,True,False,一般診療所,9.3
結核,total,r75p,75.0,,True,False,総数,64.8
結核,total,r75p,75.0,,True,False,病院,64.8
結核,male,r75p,75.0,,True,False,総数,65.2
結核,male,r75p,75.0,,True,False,病院,65.2
結核,female,r75p,75.0,,True,False,総数,64.2
結核,female,r75p,75.0,,True,False,病院,64.2
皮膚及び粘膜の病変を伴うウイルス疾患,total,r75p,75.0,,True,False,総数,14.1
皮膚及び粘膜の病変を伴うウイルス疾患,total,r75p,75.0,,True,False,病院,14.0
皮膚及び粘膜の病変を伴うウイルス疾患,total,r75p,75.0,,True,False,一般診療所,15.7
皮膚及び粘膜の病変を伴うウイルス疾患,male,r75p,75.0,,True,False,総数,12.3
皮膚及び粘膜の病変を伴うウイルス疾患,male,r75p,75.0,,True,False,病院,12.2
皮膚及び粘膜の病変を伴うウイルス疾患,male,r75p,75.0,,True,False,一般診療所,12.3
皮膚及び粘膜の病変を伴うウイルス疾患,female,r75p,75.0,,True,False,総数,15.2
皮膚及び粘膜の病変を伴うウイルス疾患,female,r75p,75.0,,True,False,病院,15.0
皮膚及び粘膜の病変を伴うウイルス疾患,female,r75p,75.0,,True,False,一般診療所,17.2
真菌症,total,r75p,75.0,,True,False,総数,46.7
真菌症,total,r75p,75.0,,True,False,病院,46.7
真菌症,male,r75p,75.0,,True,False,総数,52.0
真菌症,male,r75p,75.0,,True,False,病院,52.0
真菌症,female,r75p,75.0,,True,False,総数,39.3
真菌症,female,r75p,75.0,,True,False,病院,39.3
新生物,total,r75p,75.0,,True,False,総数,30.4
新生物,total,r75p,75.0,,True,False,病院,30.1
新生物,total,r75p,75.0,,True,False,一般診療所,36.1
新生物,male,r75p,75.0,,True,False,総数,27.2
新生物,male,r75p,75.0,,True,False,病院,27.1
新生物,male,r75p,75.0,,True,False,一般診療所,30.7
新生物,female,r75p,75.0,,True,False,総数,34.8
新生物,female,r75p,75.0,,True,False,病院,34.5
新生物,female,r75p,75.0,,True,False,一般診療所,41.3
悪性新生物,total,r75p,75.0,,True,False,総数,31.1
悪性新生物,total,r75p,75.0,,True,False,病院,30.7
悪性新生物,total,r75p,75.0,,True,False,一般診療所,41.5
悪性新生物,male,r75p,75.0,,True,False,総数,27.9
悪性新生物,male,r75p,75.0,,True,False,病院,27.7
悪性新生物,male,r75p,75.0,,True,False,一般診療所,34.1
悪性新生物,female,r75p,75.0,,True,False,総数,35.7
悪性新生物,female,r75p,75.0,,True,False,病院,35.1
悪性新生物,female,r75p,75.0,,True,False,一般診療所,49.4
胃の悪性新生物,total,r75p,75.0,,True,False,総数,35.9
胃の悪性新生物,total,r75p,75.0,,True,False,病院,34.8
胃の悪性新生物,total,r75p,75.0,,True,False,一般診療所,56.1
胃の悪性新生物,male,r75p,75.0,,True,False,総数,29.1
胃の悪性新生物,male,r75p,75.0,,True,False,病院,29.3
胃の悪性新生物,male,r75p,75.0,,True,False,一般診療所,23.1
胃の悪性新生物,female,r75p,75.0,,True,False,総数,47.9
胃の悪性新生物,female,r75p,75.0,,True,False,病院,44.9
胃の悪性新生物,female,r75p,75.0,,True,False,一般診療所,78.4
結腸及び直腸の悪性新生物,total,r75p,75.0,,True,False,総数,26.5
結腸及び直腸の悪性新生物,total,r75p,75.0,,True,False,病院,26.4
結腸及び直腸の悪性新生物,total,r75p,75.0,,True,False,一般診療所,27.8
結腸及び直腸の悪性新生物,male,r75p,75.0,,True,False,総数,24.3
結腸及び直腸の悪性新生物,male,r75p,75.0,,True,False,病院,24.3
結腸及び直腸の悪性新生物,male,r75p,75.0,,True,False,一般診療所,21.9
結腸及び直腸の悪性新生物,female,r75p,75.0,,True,False,総数,28.9
結腸及び直腸の悪性新生物,female,r75p,75.0,,True,False,病院,28.8
結腸及び直腸の悪性新生物,female,r75p,75.0,,True,False,一般診療所,31.8
"気管,気管支及び肺の悪性新生物",total,r75p,75.0,,True,False,総数,33.6
"気管,気管支及び肺の悪性新生物",total,r75p,75.0,,True,False,病院,33.5
"気管,気管支及び肺の悪性新生物",total,r75p,75.0,,True,False,一般診療所,36.8
"気管,気管支及び肺の悪性新生物",male,r75p,75.0,,True,False,総数,29.1
"気管,気管支及び肺の悪性新生物",male,r75p,75.0,,True,False,病院,29.3
"気管,気管支及び肺の悪性新生物",male,r75p,75.0,,True,False,一般診療所,15.7
"気管,気管支及び肺の悪性新生物",female,r75p,75.0,,True,False,総数,43.4
"気管,気管支及び肺の悪性新生物",female,r75p,75.0,,True,False,病院,43.0
"気管,気管支及び肺の悪性新生物",female,r75p,75.0,,True,False,一般診療所,53.2
血液及び造血器の疾患並びに免疫機構の障害,total,r75p,75.0,,True,False,総数,31.1
血液及び造血器の疾患並びに免疫機構の障害,total,r75p,75.0,,True,False,病院,31.5
血液及び造血器の疾患並びに免疫機構の障害,total,r75p,75.0,,True,False,一般診療所,18.9
血液及び造血器の疾患並びに免疫機構の障害,male,r75p,75.0,,True,False,総数,25.2
血液及び造血器の疾患並びに免疫機構の障害,male,r75p,75.0,,True,False,病院,25.7
血液及び造血器の疾患並びに免疫機構の障害,male,r75p,75.0,,True,False,一般診療所,13.6
血液及び造血器の疾患並びに免疫機構の障害,female,r75p,75.0,,True,False,総数,34.9
血液及び造血器の疾患並びに免疫機構の障害,female,r75p,75.0,,True,False,病院,35.3
血液及び造血器の疾患並びに免疫機構の障害,female,r75p,75.0,,True,False,一般診療所,22.7
"内分泌,栄養及び代謝疾患",total,r75p,75.0,,True,False,総数,45.6
"内分泌,栄養及び代謝疾患",total,r75p,75.0,,True,False,病院,45.7
"内分泌,栄養及び代謝疾患",total,r75p,75.0,,True,False,一般診療所,44.8
"内分泌,栄養及び代謝疾患",male,r75p,75.0,,True,False,総数,38.8
"内分泌,栄養及び代謝疾患",male,r75p,75.0,,True,False,病院,40.7
"内分泌,栄養及び代謝疾患",male,r75p,75.0,,True,False,一般診療所,20.8
"内分泌,栄養及び代謝疾患",female,r75p,75.0,,True,False,総数,49.9
"内分泌,栄養及び代謝疾患",female,r75p,75.0,,True,False,病院,48.8
"内分泌,栄養及び代謝疾患",female,r75p,75.0,,True,False,一般診療所,61.6
甲状腺障害,total,r75p,75.0,,True,False,総数,35.3
甲状腺障害,total,r75p,75.0,,True,False,病院,39.0
甲状腺障害,total,r75p,75.0,,True,False,一般診療所,6.5
甲状腺障害,male,r75p,75.0,,True,False,総数,29.4
甲状腺障害,male,r75p,75.0,,True,False,病院,29.4
甲状腺障害,female,r75p,75.0,,True,False,総数,36.3
甲状腺障害,female,r75p,75.0,,True,False,病院,40.9
甲状腺障害,female,r75p,75.0,,True,False,一般診療所,6.5
糖尿病,total,r75p,75.0,,True,False,総数,65.5
糖尿病,total,r75p,75.0,,True,False,病院,65.6
糖尿病,total,r75p,75.0,,True,False,一般診療所,64.5
糖尿病,male,r75p,75.0,,True,False,総数,50.9
糖尿病,male,r75p,75.0,,True,False,病院,53.6
糖尿病,male,r75p,75.0,,True,False,一般診療所,27.2
糖尿病,female,r75p,75.0,,True,False,総数,75.6
糖尿病,female,r75p,75.0,,True,False,病院,73.8
糖尿病,female,r75p,75.0,,True,False,一般診療所,92.2
精神及び行動の障害,total,r75p,75.0,,True,False,総数,382.1
精神及び行動の障害,total,r75p,75.0,,True,False,病院,447.2
精神及び行動の障害,total,r75p,75.0,,True,False,一般診療所,26.0
精神及び行動の障害,male,r75p,75.0,,True,False,総数,404.8
精神及び行動の障害,male,r75p,75.0,,True,False,病院,461.5
精神及び行動の障害,male,r75p,75.0,,True,False,一般診療所,19.4
精神及び行動の障害,female,r75p,75.0,,True,False,総数,370.5
精神及び行動の障害,female,r75p,75.0,,True,False,病院,439.5
精神及び行動の障害,female,r75p,75.0,,True,False,一般診療所,28.6
"統合失調症,統合失調症型障害及び妄想性障害",total,r75p,75.0,,True,False,総数,1400.1
"統合失調症,統合失調症型障害及び妄想性障害",total,r75p,75.0,,True,False,病院,1408.7
"統合失調症,統合失調症型障害及び妄想性障害",total,r75p,75.0,,True,False,一般診療所,1.0
"統合失調症,統合失調症型障害及び妄想性障害",male,r75p,75.0,,True,False,総数,1617.0
"統合失調症,統合失調症型障害及び妄想性障害",male,r75p,75.0,,True,False,病院,1617.0
"統合失調症,統合失調症型障害及び妄想性障害",female,r75p,75.0,,True,False,総数,1269.1
"統合失調症,統合失調症型障害及び妄想性障害",female,r75p,75.0,,True,False,病院,1281.7
"統合失調症,統合失調症型障害及び妄想性障害",female,r75p,75.0,,True,False,一般診療所,1.0
気分[感情]障害(躁うつ病を含む),total,r75p,75.0,,True,False,総数,189.5
気分[感情]障害(躁うつ病を含む),total,r75p,75.0,,True,False,病院,209.3
気分[感情]障害(躁うつ病を含む),total,r75p,75.0,,True,False,一般診療所,28.3
気分[感情]障害(躁うつ病を含む),male,r75p,75.0,,True,False,総数,216.3
気分[感情]障害(躁うつ病を含む),male,r75p,75.0,,True,False,病院,216.3
気分[感情]障害(躁うつ病を含む),female,r75p,75.0,,True,False,総数,182.4
気分[感情]障害(躁うつ病を含む),female,r75p,75.0,,True,False,病院,207.1
気分[感情]障害(躁うつ病を含む),female,r75p,75.0,,True,False,一般診療所,28.3
"神経症性障害,ストレス関連障害及び身体表現性障害",total,r75p,75.0,,True,False,総数,73.7
"神経症性障害,ストレス関連障害及び身体表現性障害",total,r75p,75.0,,True,False,病院,89.8
"神経症性障害,ストレス関連障害及び身体表現性障害",total,r75p,75.0,,True,False,一般診療所,24.3
"神経症性障害,ストレス関連障害及び身体表現性障害",male,r75p,75.0,,True,False,総数,95.1
"神経症性障害,ストレス関連障害及び身体表現性障害",male,r75p,75.0,,True,False,病院,98.9
"神経症性障害,ストレス関連障害及び身体表現性障害",male,r75p,75.0,,True,False,一般診療所,2.0
"神経症性障害,ストレス関連障害及び身体表現性障害",female,r75p,75.0,,True,False,総数,68.8
"神経症性障害,ストレス関連障害及び身体表現性障害",female,r75p,75.0,,True,False,病院,86.9
"神経症性障害,ストレス関連障害及び身体表現性障害",female,r75p,75.0,,True,False,一般診療所,25.0
神経系の疾患,total,r75p,75.0,,True,False,総数,117.4
神経系の疾患,total,r75p,75.0,,True,False,病院,123.5
神経系の疾患,total,r75p,75.0,,True,False,一般診療所,63.8
神経系の疾患,male,r75p,75.0,,True,False,総数,92.1
神経系の疾患,male,r75p,75.0,,True,False,病院,96.5
神経系の疾患,male,r75p,75.0,,True,False,一般診療所,34.3
神経系の疾患,female,r75p,75.0,,True,False,総数,135.2
神経系の疾患,female,r75p,75.0,,True,False,病院,143.6
神経系の疾患,female,r75p,75.0,,True,False,一般診療所,75.7
眼及び付属器の疾患,total,r75p,75.0,,True,False,総数,6.8
眼及び付属器の疾患,total,r75p,75.0,,True,False,病院,7.5
眼及び付属器の疾患,total,r75p,75.0,,True,False,一般診療所,3.3
眼及び付属器の疾患,male,r75p,75.0,,True,False,総数,8.0
眼及び付属器の疾患,male,r75p,75.0,,True,False,病院,9.0
眼及び付属器の疾患,male,r75p,75.0,,True,False,一般診療所,3.2
眼及び付属器の疾患,female,r75p,75.0,,True,False,総数,6.0
眼及び付属器の疾患,female,r75p,75.0,,True,False,病院,6.6
眼及び付属器の疾患,female,r75p,75.0,,True,False,一般診療所,3.3
白内障,total,r75p,75.0,,True,False,総数,6.2
白内障,total,r75p,75.0,,True,False,病院,6.9
白内障,total,r75p,75.0,,True,False,一般診療所,3.2
白内障,male,r75p,75.0,,True,False,総数,8.0
白内障,male,r75p,75.0,,True,False,病院,9.1
白内障,male,r75p,75.0,,True,False,一般診療所,3.3
白内障,female,r75p,75.0,,True,False,総数,5.1
白内障,female,r75p,75.0,,True,False,病院,5.5
白内障,female,r75p,75.0,,True,False,一般診療所,3.2
耳及び乳様突起の疾患,total,r75p,75.0,,True,False,総数,13.2
耳及び乳様突起の疾患,total,r75p,75.0,,True,False,病院,12.7
耳及び乳様突起の疾患,total,r75p,75.0,,True,False,一般診療所,16.7
耳及び乳様突起の疾患,male,r75p,75.0,,True,False,総数,8.2
耳及び乳様突起の疾患,male,r75p,75.0,,True,False,病院,7.8
耳及び乳様突起の疾患,male,r75p,75.0,,True,False,一般診療所,12.5
耳及び乳様突起の疾患,female,r75p,75.0,,True,False,総数,15.1
耳及び乳様突起の疾患,female,r75p,75.0,,True,False,病院,14.7
耳及び乳様突起の疾患,female,r75p,75.0,,True,False,一般診療所,17.9
循環器系の疾患,total,r75p,75.0,,True,False,総数,78.8
循環器系の疾患,total,r75p,75.0,,True,False,病院,80.7
循環器系の疾患,total,r75p,75.0,,True,False,一般診療所,58.7
循環器系の疾患,male,r75p,75.0,,True,False,総数,58.0
循環器系の疾患,male,r75p,75.0,,True,False,病院,59.9
循環器系の疾患,male,r75p,75.0,,True,False,一般診療所,32.5
循環器系の疾患,female,r75p,75.0,,True,False,総数,95.4
循環器系の疾患,female,r75p,75.0,,True,False,病院,97.9
循環器系の疾患,female,r75p,75.0,,True,False,一般診療所,72.8
高血圧性疾患,total,r75p,75.0,,True,False,総数,59.4
高血圧性疾患,total,r75p,75.0,,True,False,病院,58.8
高血圧性疾患,total,r75p,75.0,,True,False,一般診療所,60.7
高血圧性疾患,male,r75p,75.0,,True,False,総数,31.2
高血圧性疾患,male,r75p,75.0,,True,False,病院,39.3
高血圧性疾患,male,r75p,75.0,,True,False,一般診療所,11.9
高血圧性疾患,female,r75p,75.0,,True,False,総数,70.3
高血圧性疾患,female,r75p,75.0,,True,False,病院,66.2
高血圧性疾患,female,r75p,75.0,,True,False,一般診療所,81.4
心疾患(高血圧性のものを除く),total,r75p,75.0,,True,False,総数,38.2
心疾患(高血圧性のものを除く),total,r75p,75.0,,True,False,病院,35.8
心疾患(高血圧性のものを除く),total,r75p,75.0,,True,False,一般診療所,76.2
心疾患(高血圧性のものを除く),male,r75p,75.0,,True,False,総数,26.3
心疾患(高血圧性のものを除く),male,r75p,75.0,,True,False,病院,26.2
心疾患(高血圧性のものを除く),male,r75p,75.0,,True,False,一般診療所,27.6
心疾患(高血圧性のものを除く),female,r75p,75.0,,True,False,総数,48.3
心疾患(高血圧性のものを除く),female,r75p,75.0,,True,False,病院,44.2
心疾患(高血圧性のものを除く),female,r75p,75.0,,True,False,一般診療所,98.9
虚血性心疾患,total,r75p,75.0,,True,False,総数,20.7
虚血性心疾患,total,r75p,75.0,,True,False,病院,19.0
虚血性心疾患,total,r75p,75.0,,True,False,一般診療所,49.0
虚血性心疾患,male,r75p,75.0,,True,False,総数,14.6
虚血性心疾患,male,r75p,75.0,,True,False,病院,15.0
虚血性心疾患,male,r75p,75.0,,True,False,一般診療所,4.9
虚血性心疾患,female,r75p,75.0,,True,False,総数,28.6
虚血性心疾患,female,r75p,75.0,,True,False,病院,24.5
虚血性心疾患,female,r75p,75.0,,True,False,一般診療所,75.1
脳血管疾患,total,r75p,75.0,,True,False,総数,136.3
脳血管疾患,total,r75p,75.0,,True,False,病院,144.4
脳血管疾患,total,r75p,75.0,,True,False,一般診療所,57.4
脳血管疾患,male,r75p,75.0,,True,False,総数,106.8
脳血管疾患,male,r75p,75.0,,True,False,病院,112.0
脳血管疾患,male,r75p,75.0,,True,False,一般診療所,47.3
脳血管疾患,female,r75p,75.0,,True,False,総数,157.3
脳血管疾患,female,r75p,75.0,,True,False,病院,168.0
脳血管疾患,female,r75p,75.0,,True,False,一般診療所,63.1
呼吸器系の疾患,total,r75p,75.0,,True,False,総数,45.7
呼吸器系の疾患,total,r75p,75.0,,True,False,病院,46.8
呼吸器系の疾患,total,r75p,75.0,,True,False,一般診療所,30.5
呼吸器系の疾患,male,r75p,75.0,,True,False,総数,40.6
呼吸器系の疾患,male,r75p,75.0,,True,False,病院,41.1
呼吸器系の疾患,male,r75p,75.0,,True,False,一般診療所,31.1
呼吸器系の疾患,female,r75p,75.0,,True,False,総数,51.1
呼吸器系の疾患,female,r75p,75.0,,True,False,病院,52.9
呼吸器系の疾患,female,r75p,75.0,,True,False,一般診療所,30.1
急性上気道感染症,total,r75p,75.0,,True,False,総数,11.3
急性上気道感染症,total,r75p,75.0,,True,False,病院,11.7
急性上気道感染症,total,r75p,75.0,,True,False,一般診療所,4.4
急性上気道感染症,male,r75p,75.0,,True,False,総数,8.3
急性上気道感染症,male,r75p,75.0,,True,False,病院,8.5
急性上気道感染症,male,r75p,75.0,,True,False,一般診療所,4.0
急性上気道感染症,female,r75p,75.0,,True,False,総数,13.3
急性上気道感染症,female,r75p,75.0,,True,False,病院,13.9
急性上気道感染症,female,r75p,75.0,,True,False,一般診療所,4.5
肺炎,total,r75p,75.0,,True,False,総数,42.1
肺炎,total,r75p,75.0,,True,False,病院,43.8
肺炎,total,r75p,75.0,,True,False,一般診療所,19.8
肺炎,male,r75p,75.0,,True,False,総数,35.2
肺炎,male,r75p,75.0,,True,False,病院,36.3
肺炎,male,r75p,75.0,,True,False,一般診療所,19.7
肺炎,female,r75p,75.0,,True,False,総数,49.0
肺炎,female,r75p,75.0,,True,False,病院,51.4
肺炎,female,r75p,75.0,,True,False,一般診療所,19.8
急性気管支炎及び急性細気管支炎,total,r75p,75.0,,True,False,総数,28.4
急性気管支炎及び急性細気管支炎,total,r75p,75.0,,True,False,病院,31.9
急性気管支炎及び急性細気管支炎,total,r75p,75.0,,True,False,一般診療所,9.5
急性気管支炎及び急性細気管支炎,male,r75p,75.0,,True,False,総数,16.4
急性気管支炎及び急性細気管支炎,male,r75p,75.0,,True,False,病院,17.3
急性気管支炎及び急性細気管支炎,male,r75p,75.0,,True,False,一般診療所,7.9
急性気管支炎及び急性細気管支炎,female,r75p,75.0,,True,False,総数,35.8
急性気管支炎及び急性細気管支炎,female,r75p,75.0,,True,False,病院,41.9
急性気管支炎及び急性細気管支炎,female,r75p,75.0,,True,False,一般診療所,10.0
気管支炎及び慢性閉塞性肺疾患,total,r75p,75.0,,True,False,総数,63.8
気管支炎及び慢性閉塞性肺疾患,total,r75p,75.0,,True,False,病院,64.8
気管支炎及び慢性閉塞性肺疾患,total,r75p,75.0,,True,False,一般診療所,55.4
気管支炎及び慢性閉塞性肺疾患,male,r75p,75.0,,True,False,総数,59.4
気管支炎及び慢性閉塞性肺疾患,male,r75p,75.0,,True,False,病院,58.8
気管支炎及び慢性閉塞性肺疾患,male,r75p,75.0,,True,False,一般診療所,64.3
気管支炎及び慢性閉塞性肺疾患,female,r75p,75.0,,True,False,総数,74.7
気管支炎及び慢性閉塞性肺疾患,female,r75p,75.0,,True,False,病院,80.1
気管支炎及び慢性閉塞性肺疾患,female,r75p,75.0,,True,False,一般診療所,36.2
喘息,total,r75p,75.0,,True,False,総数,41.4
喘息,total,r75p,75.0,,True,False,病院,41.5
喘息,total,r75p,75.0,,True,False,一般診療所,40.6
喘息,male,r75p,75.0,,True,False,総数,39.5
喘息,male,r75p,75.0,,True,False,病院,35.0
喘息,male,r75p,75.0,,True,False,一般診療所,86.9
喘息,female,r75p,75.0,,True,False,総数,42.4
喘息,female,r75p,75.0,,True,False,病院,45.2
喘息,female,r75p,75.0,,True,False,一般診療所,23.9
消化器系の疾患,total,r75p,75.0,,True,False,総数,21.4
消化器系の疾患,total,r75p,75.0,,True,False,病院,21.9
消化器系の疾患,total,r75p,75.0,,True,False,一般診療所,15.4
消化器系の疾患,male,r75p,75.0,,True,False,総数,18.3
消化器系の疾患,male,r75p,75.0,,True,False,病院,18.6
消化器系の疾患,male,r75p,75.0,,True,False,一般診療所,14.3
消化器系の疾患,female,r75p,75.0,,True,False,総数,24.2
消化器系の疾患,female,r75p,75.0,,True,False,病院,24.9
消化器系の疾患,female,r75p,75.0,,True,False,一般診療所,16.2
う蝕,total,r75p,75.0,,True,False,総数,8.4
う蝕,total,r75p,75.0,,True,False,病院,8.4
う蝕,male,r75p,75.0,,True,False,総数,6.4
う蝕,male,r75p,75.0,,True,False,病院,6.4
う蝕,female,r75p,75.0,,True,False,総数,10.2
う蝕,female,r75p,75.0,,True,False,病院,10.2
歯肉炎及び歯周疾患,total,r75p,75.0,,True,False,総数,10.8
歯肉炎及び歯周疾患,total,r75p,75.0,,True,False,病院,10.8
歯肉炎及び歯周疾患,male,r75p,75.0,,True,False,総数,15.8
歯肉炎及び歯周疾患,male,r75p,75.0,,True,False,病院,15.8
歯肉炎及び歯周疾患,female,r75p,75.0,,True,False,総数,6.2
歯肉炎及び歯周疾患,female,r75p,75.0,,True,False,病院,6.2
胃潰瘍及び十二指腸潰瘍,total,r75p,75.0,,True,False,総数,24.0
胃潰瘍及び十二指腸潰瘍,total,r75p,75.0,,True,False,病院,25.0
胃潰瘍及び十二指腸潰瘍,total,r75p,75.0,,True,False,一般診療所,16.3
胃潰瘍及び十二指腸潰瘍,male,r75p,75.0,,True,False,総数,20.1
胃潰瘍及び十二指腸潰瘍,male,r75p,75.0,,True,False,病院,21.0
胃潰瘍及び十二指腸潰瘍,male,r75p,75.0,,True,False,一般診療所,12.8
胃潰瘍及び十二指腸潰瘍,female,r75p,75.0,,True,False,総数,27.2
胃潰瘍及び十二指腸潰瘍,female,r75p,75.0,,True,False,病院,28.4
胃潰瘍及び十二指腸潰瘍,female,r75p,75.0,,True,False,一般診療所,18.9
胃炎及び十二指腸炎,total,r75p,75.0,,True,False,総数,27.4
胃炎及び十二指腸炎,total,r75p,75.0,,True,False,病院,30.7
胃炎及び十二指腸炎,total,r75p,75.0,,True,False,一般診療所,11.8
胃炎及び十二指腸炎,male,r75p,75.0,,True,False,総数,12.9
胃炎及び十二指腸炎,male,r75p,75.0,,True,False,病院,13.7
胃炎及び十二指腸炎,male,r75p,75.0,,True,False,一般診療所,4.4
胃炎及び十二指腸炎,female,r75p,75.0,,True,False,総数,33.8
胃炎及び十二指腸炎,female,r75p,75.0,,True,False,病院,39.5
胃炎及び十二指腸炎,female,r75p,75.0,,True,False,一般診療所,13.2
肝疾患,total,r75p,75.0,,True,False,総数,42.7
肝疾患,total,r75p,75.0,,True,False,病院,40.8
肝疾患,total,r75p,75.0,,True,False,一般診療所,62.8
肝疾患,male,r75p,75.0,,True,False,総数,38.1
肝疾患,male,r75p,75.0,,True,False,病院,35.8
肝疾患,male,r75p,75.0,,True,False,一般診療所,54.9
肝疾患,female,r75p,75.0,,True,False,総数,46.5
肝疾患,female,r75p,75.0,,True,False,病院,44.7
肝疾患,female,r75p,75.0,,True,False,一般診療所,76.9
皮膚及び皮下組織の疾患,total,r75p,75.0,,True,False,総数,39.5
皮膚及び皮下組織の疾患,total,r75p,75.0,,True,False,病院,40.0
皮膚及び皮下組織の疾患,total,r75p,75.0,,True,False,一般診療所,23.6
皮膚及び皮下組織の疾患,male,r75p,75.0,,True,False,総数,34.7
皮膚及び皮下組織の疾患,male,r75p,75.0,,True,False,病院,35.2
皮膚及び皮下組織の疾患,male,r75p,75.0,,True,False,一般診療所,14.5
皮膚及び皮下組織の疾患,female,r75p,75.0,,True,False,総数,42.3
皮膚及び皮下組織の疾患,female,r75p,75.0,,True,False,病院,42.9
皮膚及び皮下組織の疾患,female,r75p,75.0,,True,False,一般診療所,27.5
筋骨格系及び結合組織の疾患,total,r75p,75.0,,True,False,総数,53.9
筋骨格系及び結合組織の疾患,total,r75p,75.0,,True,False,病院,53.2
筋骨格系及び結合組織の疾患,total,r75p,75.0,,True,False,一般診療所,57.8
筋骨格系及び結合組織の疾患,male,r75p,75.0,,True,False,総数,43.1
筋骨格系及び結合組織の疾患,male,r75p,75.0,,True,False,病院,46.3
筋骨格系及び結合組織の疾患,male,r75p,75.0,,True,False,一般診療所,25.4
筋骨格系及び結合組織の疾患,female,r75p,75.0,,True,False,総数,58.7
筋骨格系及び結合組織の疾患,female,r75p,75.0,,True,False,病院,56.2
筋骨格系及び結合組織の疾患,female,r75p,75.0,,True,False,一般診療所,71.9
炎症性多発性関節障害,total,r75p,75.0,,True,False,総数,74.5
炎症性多発性関節障害,total,r75p,75.0,,True,False,病院,74.1
炎症性多発性関節障害,total,r75p,75.0,,True,False,一般診療所,77.6
炎症性多発性関節障害,male,r75p,75.0,,True,False,総数,44.5
炎症性多発性関節障害,male,r75p,75.0,,True,False,病院,44.8
炎症性多発性関節障害,male,r75p,75.0,,True,False,一般診療所,40.8
炎症性多発性関節障害,female,r75p,75.0,,True,False,総数,82.2
炎症性多発性関節障害,female,r75p,75.0,,True,False,病院,82.2
炎症性多発性関節障害,female,r75p,75.0,,True,False,一般診療所,82.3
関節症,total,r75p,75.0,,True,False,総数,45.2
関節症,total,r75p,75.0,,True,False,病院,44.0
関節症,total,r75p,75.0,,True,False,一般診療所,53.7
関節症,male,r75p,75.0,,True,False,総数,36.0
関節症,male,r75p,75.0,,True,False,病院,35.5
関節症,male,r75p,75.0,,True,False,一般診療所,40.8
関節症,female,r75p,75.0,,True,False,総数,47.0
関節症,female,r75p,75.0,,True,False,病院,45.7
関節症,female,r75p,75.0,,True,False,一般診療所,55.5
脊柱障害,total,r75p,75.0,,True,False,総数,47.0
脊柱障害,total,r75p,75.0,,True,False,病院,44.6
脊柱障害,total,r75p,75.0,,True,False,一般診療所,56.5
脊柱障害,male,r75p,75.0,,True,False,総数,38.4
脊柱障害,male,r75p,75.0,,True,False,病院,41.8
脊柱障害,male,r75p,75.0,,True,False,一般診療所,24.6
脊柱障害,female,r75p,75.0,,True,False,総数,52.6
脊柱障害,female,r75p,75.0,,True,False,病院,46.5
脊柱障害,female,r75p,75.0,,True,False,一般診療所,77.3
骨の密度及び構造の障害,total,r75p,75.0,,True,False,総数,81.9
骨の密度及び構造の障害,total,r75p,75.0,,True,False,病院,98.4
骨の密度及び構造の障害,total,r75p,75.0,,True,False,一般診療所,48.3
骨の密度及び構造の障害,male,r75p,75.0,,True,False,総数,58.5
骨の密度及び構造の障害,male,r75p,75.0,,True,False,病院,74.9
骨の密度及び構造の障害,male,r75p,75.0,,True,False,一般診療所,2.0
骨の密度及び構造の障害,female,r75p,75.0,,True,False,総数,86.7
骨の密度及び構造の障害,female,r75p,75.0,,True,False,病院,104.1
骨の密度及び構造の障害,female,r75p,75.0,,True,False,一般診療所,54.3
腎尿路生殖器系の疾患,total,r75p,75.0,,True,False,総数,40.9
腎尿路生殖器系の疾患,total,r75p,75.0,,True,False,病院,42.6
腎尿路生殖器系の疾患,total,r75p,75.0,,True,False,一般診療所,26.6
腎尿路生殖器系の疾患,male,r75p,75.0,,True,False,総数,34.8
腎尿路生殖器系の疾患,male,r75p,75.0,,True,False,病院,37.4
腎尿路生殖器系の疾患,male,r75p,75.0,,True,False,一般診療所,15.8
腎尿路生殖器系の疾患,female,r75p,75.0,,True,False,総数,46.6
腎尿路生殖器系の疾患,female,r75p,75.0,,True,False,病院,47.3
腎尿路生殖器系の疾患,female,r75p,75.0,,True,False,一般診療所,40.1
"糸球体疾患,腎尿細管間質性疾患及び腎不全",total,r75p,75.0,,True,False,総数,58.4
"糸球体疾患,腎尿細管間質性疾患及び腎不全",total,r75p,75.0,,True,False,病院,60.7
"糸球体疾患,腎尿細管間質性疾患及び腎不全",total,r75p,75.0,,True,False,一般診療所,39.4
"糸球体疾患,腎尿細管間質性疾患及び腎不全",male,r75p,75.0,,True,False,総数,55.4
"糸球体疾患,腎尿細管間質性疾患及び腎不全",male,r75p,75.0,,True,False,病院,58.7
"糸球体疾患,腎尿細管間質性疾患及び腎不全",male,r75p,75.0,,True,False,一般診療所,25.9
"糸球体疾患,腎尿細管間質性疾患及び腎不全",female,r75p,75.0,,True,False,総数,60.8
"糸球体疾患,腎尿細管間質性疾患及び腎不全",female,r75p,75.0,,True,False,病院,62.3
"糸球体疾患,腎尿細管間質性疾患及び腎不全",female,r75p,75.0,,True,False,一般診療所,48.9
前立腺肥大(症),total,r75p,75.0,,True,False,総数,12.4
前立腺肥大(症),total,r75p,75.0,,True,False,病院,13.9
前立腺肥大(症),total,r75p,75.0,,True,False,一般診療所,7.5
前立腺肥大(症),male,r75p,75.0,,True,False,総数,12.4
前立腺肥大(症),male,r75p,75.0,,True,False,病院,13.9
前立腺肥大(症),male,r75p,75.0,,True,False,一般診療所,7.5
乳房及び女性生殖器の疾患,total,r75p,75.0,,True,False,総数,34.9
乳房及び女性生殖器の疾患,total,r75p,75.0,,True,False,病院,37.2
乳房及び女性生殖器の疾患,total,r75p,75.0,,True,False,一般診療所,7.7
乳房及び女性生殖器の疾患,male,r75p,75.0,,True,False,総数,15.1
乳房及び女性生殖器の疾患,male,r75p,75.0,,True,False,病院,15.1
乳房及び女性生殖器の疾患,female,r75p,75.0,,True,False,総数,35.1
乳房及び女性生殖器の疾患,female,r75p,75.0,,True,False,病院,37.4
乳房及び女性生殖器の疾患,female,r75p,75.0,,True,False,一般診療所,7.7
"先天奇形,変形及び染色体異常",total,r75p,75.0,,True,False,総数,25.9
"先天奇形,変形及び染色体異常",total,r75p,75.0,,True,False,病院,27.7
"先天奇形,変形及び染色体異常",total,r75p,75.0,,True,False,一般診療所,2.8
"先天奇形,変形及び染色体異常",male,r75p,75.0,,True,False,総数,24.4
"先天奇形,変形及び染色体異常",male,r75p,75.0,,True,False,病院,25.4
"先天奇形,変形及び染色体異常",male,r75p,75.0,,True,False,一般診療所,6.0
"先天奇形,変形及び染色体異常",female,r75p,75.0,,True,False,総数,27.4
"先天奇形,変形及び染色体異常",female,r75p,75.0,,True,False,病院,30.2
"先天奇形,変形及び染色体異常",female,r75p,75.0,,True,False,一般診療所,1.0
"症状,徴候及び異常臨床所見・異常検査所見で他に分類されないもの",total,r75p,75.0,,True,False,総数,30.0
"症状,徴候及び異常臨床所見・異常検査所見で他に分類されないもの",total,r75p,75.0,,True,False,病院,30.8
"症状,徴候及び異常臨床所見・異常検査所見で他に分類されないもの",total,r75p,75.0,,True,False,一般診療所,23.2
"症状,徴候及び異常臨床所見・異常検査所見で他に分類されないもの",male,r75p,75.0,,True,False,総数,26.0
"症状,徴候及び異常臨床所見・異常検査所見で他に分類されないもの",male,r75p,75.0,,True,False,病院,26.9
"症状,徴候及び異常臨床所見・異常検査所見で他に分類されないもの",male,r75p,75.0,,True,False,一般診療所,15.5
"症状,徴候及び異常臨床所見・異常検査所見で他に分類されないもの",female,r75p,75.0,,True,False,総数,32.3
"症状,徴候及び異常臨床所見・異常検査所見で他に分類されないもの",female,r75p,75.0,,True,False,病院,33.0
"症状,徴候及び異常臨床所見・異常検査所見で他に分類されないもの",female,r75p,75.0,,True,False,一般診療所,26.3
"損傷,中毒及びその他の外因の影響",total,r75p,75.0,,True,False,総数,53.1
"損傷,中毒及びその他の外因の影響",total,r75p,75.0,,True,False,病院,52.0
"損傷,中毒及びその他の外因の影響",total,r75p,75.0,,True,False,一般診療所,62.5
"損傷,中毒及びその他の外因の影響",male,r75p,75.0,,True,False,総数,44.7
"損傷,中毒及びその他の外因の影響",male,r75p,75.0,,True,False,病院,45.0
"損傷,中毒及びその他の外因の影響",male,r75p,75.0,,True,False,一般診療所,41.3
"損傷,中毒及びその他の外因の影響",female,r75p,75.0,,True,False,総数,56.2
"損傷,中毒及びその他の外因の影響",female,r75p,75.0,,True,False,病院,54.6
"損傷,中毒及びその他の外因の影響",female,r75p,75.0,,True,False,一般診療所,68.7
骨折,total,r75p,75.0,,True,False,総数,58.9
骨折,total,r75p,75.0,,True,False,病院,57.1
骨折,total,r75p,75.0,,True,False,一般診療所,72.9
骨折,male,r75p,75.0,,True,False,総数,51.0
骨折,male,r75p,75.0,,True,False,病院,49.6
骨折,male,r75p,75.0,,True,False,一般診療所,63.3
骨折,female,r75p,75.0,,True,False,総数,60.8
骨折,female,r75p,75.0,,True,False,病院,58.9
骨折,female,r75p,75.0,,True,False,一般診療所,74.8
健康状態に影響を及ぼす要因及び保健サービスの利用,total,r75p,75.0,,True,False,総数,23.6
健康状態に影響を及ぼす要因及び保健サービスの利用,total,r75p,75.0,,True,False,病院,29.2
健康状態に影響を及ぼす要因及び保健サービスの利用,total,r75p,75.0,,True,False,一般診療所,7.0
健康状態に影響を及ぼす要因及び保健サービスの利用,male,r75p,75.0,,True,False,総数,17.5
健康状態に影響を及ぼす要因及び保健サービスの利用,male,r75p,75.0,,True,False,病院,19.5
健康状態に影響を及ぼす要因及び保健サービスの利用,male,r75p,75.0,,True,False,一般診療所,10.5
健康状態に影響を及ぼす要因及び保健サービスの利用,female,r75p,75.0,,True,False,総数,26.8
健康状態に影響を及ぼす要因及び保健サービスの利用,female,r75p,75.0,,True,False,病院,34.7
健康状態に影響を及ぼす要因及び保健サービスの利用,female,r75p,75.0,,True,False,一般診療所,5.4
歯の補てつ,total,r75p,75.0,,True,False,総数,3.7
歯の補てつ,total,r75p,75.0,,True,False,病院,3.7
歯の補てつ,male,r75p,75.0,,True,False,総数,4.0
歯の補てつ,male,r75p,75.0,,True,False,病院,4.0
歯の補てつ,female,r75p,75.0,,True,False,総数,3.6
歯の補てつ,female,r75p,75.0,,True,False,病院,3.6
