run_id,source_stream,disease_id,sex,section,age,year,is_observed,improvement_final,rate_projected
verify_test_proj,mortality_apc/cancer,cancer,male,total,20,1950,1,,
verify_test_proj,mortality_apc/cancer,cancer,male,total,20,1951,1,,
verify_test_proj,mortality_apc/cancer,cancer,male,total,20,1952,1,,
verify_test_proj,mortality_apc/cancer,cancer,male,total,20,1953,1,,
verify_test_proj,mortality_apc/cancer,cancer,male,total,20,1954,1,,7.1296465663332524
verify_test_proj,mortality_apc/cancer,cancer,male,total,20,1955,1,0.004904982405836367,7.094675775365556
verify_test_proj,mortality_apc/cancer,cancer,male,total,20,1956,1,0.004904982405836367,7.059876515512275
verify_test_proj,mortality_apc/cancer,cancer,male,total,20,1957,1,0.004904982405836367,7.02524794541631
verify_test_proj,mortality_apc/cancer,cancer,male,total,20,1958,1,0.004904982405836367,6.990789227847404
verify_test_proj,mortality_apc/cancer,cancer,male,total,20,1959,1,0.004904982405836367,6.956499529681903
verify_test_proj,mortality_apc/cancer,cancer,male,total,20,1960,1,0.005468772562187474,6.918456015925108
verify_test_proj,mortality_apc/cancer,cancer,male,total,20,1961,1,0.005468772562187474,6.880620553492516
verify_test_proj,mortality_apc/cancer,cancer,male,total,20,1962,1,0.005468772562187474,6.842992004598753
verify_test_proj,mortality_apc/cancer,cancer,male,total,20,1963,1,0.005468772562187474,6.805569237680735
verify_test_proj,mortality_apc/cancer,cancer,male,total,20,1964,1,0.005468772562187474,6.76835112736364
verify_test_proj,mortality_apc/cancer,cancer,male,total,20,1965,1,0.007071339695655432,6.720489817362579
verify_test_proj,mortality_apc/cancer,cancer,male,total,20,1966,1,0.007071339695655432,6.672966950942815
verify_test_proj,mortality_apc/cancer,cancer,male,total,20,1967,1,0.007071339695655432,6.625780134854816
verify_test_proj,mortality_apc/cancer,cancer,male,total,20,1968,1,0.007071339695655432,6.578926992772532
verify_test_proj,mortality_apc/cancer,cancer,male,total,20,1969,1,0.007071339695655432,6.532405165173721
verify_test_proj,mortality_apc/cancer,cancer,male,total,20,1970,1,0.009770765720963692,6.468578564710395
verify_test_proj,mortality_apc/cancer,cancer,male,total,20,1971,1,0.009770765720963692,6.405375599006962
verify_test_proj,mortality_apc/cancer,cancer,male,total,20,1972,1,0.009770765720963692,6.342790174674287
verify_test_proj,mortality_apc/cancer,cancer,male,total,20,1973,1,0.009770765720963692,6.280816257860314
verify_test_proj,mortality_apc/cancer,cancer,male,total,20,1974,1,0.009770765720963692,6.219447873668341
verify_test_proj,mortality_apc/cancer,cancer,male,total,20,1975,1,0.012939756021486337,6.138969735594721
verify_test_proj,mortality_apc/cancer,cancer,male,total,20,1976,1,0.012939756021486337,6.059532964992837
verify_test_proj,mortality_apc/cancer,cancer,male,total,20,1977,1,0.012939756021486337,5.9811240868216755
verify_test_proj,mortality_apc/cancer,cancer,male,total,20,1978,1,0.012939756021486337,5.903729800403967
verify_test_proj,mortality_apc/cancer,cancer,male,total,20,1979,1,0.012939756021486337,5.827336977169962
verify_test_proj,mortality_apc/cancer,cancer,male,total,20,1980,1,0.015936256956102235,5.734471037731985
verify_test_proj,mortality_apc/cancer,cancer,male,total,20,1981,1,0.015936256956102235,5.6430850337673615
verify_test_proj,mortality_apc/cancer,cancer,male,total,20,1982,1,0.015936256956102235,5.55315538064411
verify_test_proj,mortality_apc/cancer,cancer,male,total,20,1983,1,0.015936256956102235,5.464658869581004
verify_test_proj,mortality_apc/cancer,cancer,male,total,20,1984,1,0.015936256956102235,5.377572661657918
verify_test_proj,mortality_apc/cancer,cancer,male,total,20,1985,1,0.01811099965571894,5.280179445034028
verify_test_proj,mortality_apc/cancer,cancer,male,total,20,1986,1,0.01811099965571894,5.184550116922883
verify_test_proj,mortality_apc/cancer,cancer,male,total,20,1987,1,0.01811099965571894,5.090652731540235
verify_test_proj,mortality_apc/cancer,cancer,male,total,20,1988,1,0.01811099965571894,4.998455921671925
verify_test_proj,mortality_apc/cancer,cancer,male,total,20,1989,1,0.01811099965571894,4.907928888195399
verify_test_proj,mortality_apc/cancer,cancer,male,total,20,1990,1,0.019417246821115897,4.812630421592824
verify_test_proj,mortality_apc/cancer,cancer,male,total,20,1991,1,0.019417246821115897,4.719182388837945
verify_test_proj,mortality_apc/cancer,cancer,male,total,20,1992,1,0.019417246821115897,4.627548859600015
verify_test_proj,mortality_apc/cancer,cancer,male,total,20,1993,1,0.019417246821115897,4.537694601216388
verify_test_proj,mortality_apc/cancer,cancer,male,total,20,1994,1,0.019417246821115897,4.449585065145724
verify_test_proj,mortality_apc/cancer,cancer,male,total,20,1995,1,0.01996810506405311,4.360735283073453
verify_test_proj,mortality_apc/cancer,cancer,male,total,20,1996,1,0.01996810506405311,4.273659662784518
verify_test_proj,mortality_apc/cancer,cancer,male,total,20,1997,1,0.01996810506405311,4.188322777630031
verify_test_proj,mortality_apc/cancer,cancer,male,total,20,1998,1,0.01996810506405311,4.104689908364148
verify_test_proj,mortality_apc/cancer,cancer,male,total,20,1999,1,0.01996810506405311,4.022727029018574
verify_test_proj,mortality_apc/cancer,cancer,male,total,20,2000,1,0.01951613693247667,3.9442189374782726
verify_test_proj,mortality_apc/cancer,cancer,male,total,20,2001,1,0.01951613693247667,3.867243020602779
verify_test_proj,mortality_apc/cancer,cancer,male,total,20,2002,1,0.01951613693247667,3.7917693762615303
verify_test_proj,mortality_apc/cancer,cancer,male,total,20,2003,1,0.01951613693247667,3.7177686858980388
verify_test_proj,mortality_apc/cancer,cancer,male,total,20,2004,1,0.01951613693247667,3.6452122031407788
verify_test_proj,mortality_apc/cancer,cancer,male,total,20,2005,1,0.018129982806565526,3.5791245685715536
verify_test_proj,mortality_apc/cancer,cancer,male,total,20,2006,1,0.018129982806565526,3.514235101680795
verify_test_proj,mortality_apc/cancer,cancer,male,total,20,2007,1,0.018129982806565526,3.4505220797090934
verify_test_proj,mortality_apc/cancer,cancer,male,total,20,2008,1,0.018129982806565526,3.387964173730293
verify_test_proj,mortality_apc/cancer,cancer,male,total,20,2009,1,0.018129982806565526,3.3265404415113027
verify_test_proj,mortality_apc/cancer,cancer,male,total,20,2010,1,0.01615099559824673,3.2728135014830637
verify_test_proj,mortality_apc/cancer,cancer,male,total,20,2011,1,0.01615099559824673,3.2199543050267283
verify_test_proj,mortality_apc/cancer,cancer,male,total,20,2012,1,0.01615099559824673,3.167948837219686
verify_test_proj,mortality_apc/cancer,cancer,male,total,20,2013,1,0.022924760194162674,3.095324369819048
verify_test_proj,mortality_apc/cancer,cancer,male,total,20,2014,1,0.05494821815207085,2.9252418110948097
verify_test_proj,mortality_apc/cancer,cancer,male,total,20,2015,1,0.043305168407631656,2.7985637218323034
verify_test_proj,mortality_apc/cancer,cancer,male,total,20,2016,1,0.034329234787641605,2.7024911707573462
verify_test_proj,mortality_apc/cancer,cancer,male,total,20,2017,1,0.026626772184112357,2.630532554024015
verify_test_proj,mortality_apc/cancer,cancer,male,total,20,2018,1,0.021272956154769873,2.5745733503385675
verify_test_proj,mortality_apc/cancer,cancer,male,total,20,2019,1,0.016873600635376462,2.5311310278184713
verify_test_proj,mortality_apc/cancer,cancer,male,total,20,2020,1,-0.02186152860740176,2.586465421192207
verify_test_proj,mortality_apc/cancer,cancer,male,total,20,2021,1,-0.02196003883478248,2.64326430228641
verify_test_proj,mortality_apc/cancer,cancer,male,total,20,2022,1,7.890120440556814e-06,2.6432434466127086
verify_test_proj,mortality_apc/cancer,cancer,male,total,20,2023,1,0.08205993846023452,2.4263390520482515
verify_test_proj,mortality_apc/cancer,cancer,male,total,20,2024,1,0.006784428263236442,2.409877728807341
verify_test_proj,mortality_apc/cancer,cancer,male,total,20,2025,0,0.007076752966578583,2.392823619440912
verify_test_proj,mortality_apc/cancer,cancer,male,total,20,2026,0,0.007369077669920725,2.375190716338831
verify_test_proj,mortality_apc/cancer,cancer,male,total,20,2027,0,0.007661402373262866,2.3569934245477207
verify_test_proj,mortality_apc/cancer,cancer,male,total,20,2028,0,0.007953727076605008,2.3382465421275156
verify_test_proj,mortality_apc/cancer,cancer,male,total,20,2029,0,0.00824605177994715,2.3189652400668495
verify_test_proj,mortality_apc/cancer,cancer,male,total,20,2030,0,0.00853837648328929,2.2991650417954976
verify_test_proj,mortality_apc/cancer,cancer,male,total,20,2031,0,0.008830701186631434,2.278861802332653
verify_test_proj,mortality_apc/cancer,cancer,male,total,20,2032,0,0.009123025889973574,2.2580716871103
verify_test_proj,mortality_apc/cancer,cancer,male,total,20,2033,0,0.009415350593315717,2.2368111505113166
verify_test_proj,mortality_apc/cancer,cancer,male,total,20,2034,0,0.009707675296657859,2.215096914162209
verify_test_proj,mortality_apc/cancer,cancer,male,total,20,2035,0,0.01,2.192945945020587
verify_test_proj,mortality_apc/cancer,cancer,male,total,20,2036,0,0.01,2.171016485570381
verify_test_proj,mortality_apc/cancer,cancer,male,total,20,2037,0,0.01,2.149306320714677
verify_test_proj,mortality_apc/cancer,cancer,male,total,20,2038,0,0.01,2.1278132575075306
verify_test_proj,mortality_apc/cancer,cancer,male,total,20,2039,0,0.01,2.106535124932455
verify_test_proj,mortality_apc/cancer,cancer,male,total,20,2040,0,0.01,2.0854697736831307
verify_test_proj,mortality_apc/cancer,cancer,male,total,20,2041,0,0.01,2.0646150759462993
verify_test_proj,mortality_apc/cancer,cancer,male,total,20,2042,0,0.01,2.0439689251868365
verify_test_proj,mortality_apc/cancer,cancer,male,total,20,2043,0,0.01,2.023529235934968
verify_test_proj,mortality_apc/cancer,cancer,male,total,20,2044,0,0.01,2.0032939435756183
verify_test_proj,mortality_apc/cancer,cancer,male,total,20,2045,0,0.01,1.9832610041398622
verify_test_proj,mortality_apc/cancer,cancer,male,total,20,2046,0,0.01,1.9634283940984636
verify_test_proj,mortality_apc/cancer,cancer,male,total,20,2047,0,0.01,1.943794110157479
verify_test_proj,mortality_apc/cancer,cancer,male,total,20,2048,0,0.01,1.9243561690559041
verify_test_proj,mortality_apc/cancer,cancer,male,total,20,2049,0,0.01,1.905112607365345
verify_test_proj,mortality_apc/cancer,cancer,male,total,20,2050,0,0.01,1.8860614812916916
verify_test_proj,mortality_apc/cancer,cancer,male,total,20,2051,0,0.01,1.8672008664787747
verify_test_proj,mortality_apc/cancer,cancer,male,total,20,2052,0,0.01,1.848528857813987
verify_test_proj,mortality_apc/cancer,cancer,male,total,20,2053,0,0.01,1.830043569235847
verify_test_proj,mortality_apc/cancer,cancer,male,total,20,2054,0,0.01,1.8117431335434886
verify_test_proj,mortality_apc/cancer,cancer,male,total,20,2055,0,0.01,1.7936257022080537
verify_test_proj,mortality_apc/cancer,cancer,male,total,20,2056,0,0.01,1.7756894451859733
verify_test_proj,mortality_apc/cancer,cancer,male,total,20,2057,0,0.01,1.7579325507341135
verify_test_proj,mortality_apc/cancer,cancer,male,total,20,2058,0,0.01,1.7403532252267724
verify_test_proj,mortality_apc/cancer,cancer,male,total,20,2059,0,0.01,1.7229496929745047
verify_test_proj,mortality_apc/cancer,cancer,male,total,20,2060,0,0.01,1.7057201960447597
verify_test_proj,mortality_apc/cancer,cancer,male,total,20,2061,0,0.01,1.688662994084312
verify_test_proj,mortality_apc/cancer,cancer,male,total,20,2062,0,0.01,1.6717763641434689
verify_test_proj,mortality_apc/cancer,cancer,male,total,20,2063,0,0.01,1.6550586005020342
verify_test_proj,mortality_apc/cancer,cancer,male,total,20,2064,0,0.01,1.6385080144970139
verify_test_proj,mortality_apc/cancer,cancer,male,total,20,2065,0,0.01,1.6221229343520438
verify_test_proj,mortality_apc/cancer,cancer,male,total,20,2066,0,0.01,1.6059017050085234
verify_test_proj,mortality_apc/cancer,cancer,male,total,20,2067,0,0.01,1.5898426879584382
verify_test_proj,mortality_apc/cancer,cancer,male,total,20,2068,0,0.01,1.5739442610788539
verify_test_proj,mortality_apc/cancer,cancer,male,total,20,2069,0,0.01,1.5582048184680652
verify_test_proj,mortality_apc/cancer,cancer,male,total,20,2070,0,0.01,1.5426227702833846
verify_test_proj,mortality_apc/cancer,cancer,male,total,20,2071,0,0.01,1.5271965425805507
verify_test_proj,mortality_apc/cancer,cancer,male,total,20,2072,0,0.01,1.5119245771547452
verify_test_proj,mortality_apc/cancer,cancer,male,total,20,2073,0,0.01,1.4968053313831977
verify_test_proj,mortality_apc/cancer,cancer,male,total,20,2074,0,0.01,1.4818372780693658
verify_test_proj,mortality_apc/cancer,cancer,male,total,20,2075,0,0.01,1.4670189052886722
verify_test_proj,mortality_apc/cancer,cancer,male,total,20,2076,0,0.01,1.4523487162357855
verify_test_proj,mortality_apc/cancer,cancer,male,total,20,2077,0,0.01,1.4378252290734277
verify_test_proj,mortality_apc/cancer,cancer,male,total,20,2078,0,0.01,1.4234469767826934
verify_test_proj,mortality_apc/cancer,cancer,male,total,20,2079,0,0.01,1.4092125070148664
verify_test_proj,mortality_apc/cancer,cancer,male,total,20,2080,0,0.01,1.3951203819447178
verify_test_proj,mortality_apc/cancer,cancer,male,total,20,2081,0,0.01,1.3811691781252706
verify_test_proj,mortality_apc/cancer,cancer,male,total,20,2082,0,0.01,1.3673574863440179
verify_test_proj,mortality_apc/cancer,cancer,male,total,20,2083,0,0.01,1.3536839114805777
verify_test_proj,mortality_apc/cancer,cancer,male,total,20,2084,0,0.01,1.3401470723657718
verify_test_proj,mortality_apc/cancer,cancer,male,total,20,2085,0,0.01,1.326745601642114
verify_test_proj,mortality_apc/cancer,cancer,male,total,20,2086,0,0.01,1.3134781456256928
verify_test_proj,mortality_apc/cancer,cancer,male,total,20,2087,0,0.01,1.3003433641694357
verify_test_proj,mortality_apc/cancer,cancer,male,total,20,2088,0,0.01,1.2873399305277413
verify_test_proj,mortality_apc/cancer,cancer,male,total,20,2089,0,0.01,1.274466531222464
verify_test_proj,mortality_apc/cancer,cancer,male,total,20,2090,0,0.01,1.2617218659102392
verify_test_proj,mortality_apc/cancer,cancer,male,total,20,2091,0,0.01,1.2491046472511367
verify_test_proj,mortality_apc/cancer,cancer,male,total,20,2092,0,0.01,1.2366136007786253
verify_test_proj,mortality_apc/cancer,cancer,male,total,20,2093,0,0.01,1.224247464770839
verify_test_proj,mortality_apc/cancer,cancer,male,total,20,2094,0,0.01,1.2120049901231307
verify_test_proj,mortality_apc/cancer,cancer,male,total,20,2095,0,0.01,1.1998849402218994
verify_test_proj,mortality_apc/cancer,cancer,male,total,20,2096,0,0.01,1.1878860908196804
verify_test_proj,mortality_apc/cancer,cancer,male,total,20,2097,0,0.01,1.1760072299114837
verify_test_proj,mortality_apc/cancer,cancer,male,total,20,2098,0,0.01,1.1642471576123687
verify_test_proj,mortality_apc/cancer,cancer,male,total,20,2099,0,0.01,1.152604686036245
verify_test_proj,mortality_apc/cancer,cancer,male,total,20,2100,0,0.01,1.1410786391758827
verify_test_proj,mortality_apc/cancer,cancer,male,total,25,1950,1,,
verify_test_proj,mortality_apc/cancer,cancer,male,total,25,1951,1,,
verify_test_proj,mortality_apc/cancer,cancer,male,total,25,1952,1,,
verify_test_proj,mortality_apc/cancer,cancer,male,total,25,1953,1,,
verify_test_proj,mortality_apc/cancer,cancer,male,total,25,1954,1,,12.593276197872699
verify_test_proj,mortality_apc/cancer,cancer,male,total,25,1955,1,0.006570413322787738,12.51053316816465
verify_test_proj,mortality_apc/cancer,cancer,male,total,25,1956,1,0.006570413322787738,12.428333794361365
verify_test_proj,mortality_apc/cancer,cancer,male,total,25,1957,1,0.006570413322787738,12.34667450441884
verify_test_proj,mortality_apc/cancer,cancer,male,total,25,1958,1,0.006570413322787738,12.265551749762881
verify_test_proj,mortality_apc/cancer,cancer,male,total,25,1959,1,0.006570413322787738,12.184962005134897
verify_test_proj,mortality_apc/cancer,cancer,male,total,25,1960,1,0.006334622407405344,12.107774871783787
verify_test_proj,mortality_apc/cancer,cancer,male,total,25,1961,1,0.006334622407405344,12.031076689777166
verify_test_proj,mortality_apc/cancer,cancer,male,total,25,1962,1,0.006334622407405344,11.954864361792891
verify_test_proj,mortality_apc/cancer,cancer,male,total,25,1963,1,0.006334622407405344,11.879134810129187
verify_test_proj,mortality_apc/cancer,cancer,male,total,25,1964,1,0.006334622407405344,11.803884976580354
verify_test_proj,mortality_apc/cancer,cancer,male,total,25,1965,1,0.007074755442527669,11.720375377099321
verify_test_proj,mortality_apc/cancer,cancer,male,total,25,1966,1,0.007074755442527669,11.637456587611721
verify_test_proj,mortality_apc/cancer,cancer,male,total,25,1967,1,0.007074755442527669,11.555124428281335
verify_test_proj,mortality_apc/cancer,cancer,male,total,25,1968,1,0.007074755442527669,11.473374748843268
verify_test_proj,mortality_apc/cancer,cancer,male,total,25,1969,1,0.007074755442527669,11.39220342839473
verify_test_proj,mortality_apc/cancer,cancer,male,total,25,1970,1,0.008966846256304839,11.290051291731766
verify_test_proj,mortality_apc/cancer,cancer,male,total,25,1971,1,0.008966846256304839,11.18881513757301
verify_test_proj,mortality_apc/cancer,cancer,male,total,25,1972,1,0.008966846256304839,11.088486752444178
verify_test_proj,mortality_apc/cancer,cancer,male,total,25,1973,1,0.008966846256304839,10.989057996519938
verify_test_proj,mortality_apc/cancer,cancer,male,total,25,1974,1,0.008966846256304839,10.890520802963525
verify_test_proj,mortality_apc/cancer,cancer,male,total,25,1975,1,0.011550677454147396,10.764727909860811
verify_test_proj,mortality_apc/cancer,cancer,male,total,25,1976,1,0.011550677454147396,10.640388009892352
verify_test_proj,mortality_apc/cancer,cancer,male,total,25,1977,1,0.011550677454147396,10.517484320003108
verify_test_proj,mortality_apc/cancer,cancer,male,total,25,1978,1,0.011550677454147396,10.3960002509937
verify_test_proj,mortality_apc/cancer,cancer,male,total,25,1979,1,0.011550677454147396,10.275919405281236
verify_test_proj,mortality_apc/cancer,cancer,male,total,25,1980,1,0.014242907726096377,10.129560433391012
verify_test_proj,mortality_apc/cancer,cancer,male,total,25,1981,1,0.014242907726096377,9.985286038832307
verify_test_proj,mortality_apc/cancer,cancer,male,total,25,1982,1,0.014242907726096377,9.84306653116254
verify_test_proj,mortality_apc/cancer,cancer,male,total,25,1983,1,0.014242907726096377,9.702872642817365
verify_test_proj,mortality_apc/cancer,cancer,male,total,25,1984,1,0.014242907726096377,9.564675523087653
verify_test_proj,mortality_apc/cancer,cancer,male,total,25,1985,1,0.016611931685044268,9.405787786708505
verify_test_proj,mortality_apc/cancer,cancer,male,total,25,1986,1,0.016611931685044268,9.249539482551679
verify_test_proj,mortality_apc/cancer,cancer,male,total,25,1987,1,0.016611931685044268,9.09588676454941
verify_test_proj,mortality_apc/cancer,cancer,male,total,25,1988,1,0.016611931685044268,8.944786515001818
verify_test_proj,mortality_apc/cancer,cancer,male,total,25,1989,1,0.016611931685044268,8.796196332477303
verify_test_proj,mortality_apc/cancer,cancer,male,total,25,1990,1,0.01825052322196019,8.635661147046505
verify_test_proj,mortality_apc/cancer,cancer,male,total,25,1991,1,0.01825052322196019,8.478055812745353
verify_test_proj,mortality_apc/cancer,cancer,male,total,25,1992,1,0.01825052322196019,8.323326858257769
verify_test_proj,mortality_apc/cancer,cancer,male,total,25,1993,1,0.01825052322196019,8.171421788147171
verify_test_proj,mortality_apc/cancer,cancer,male,total,25,1994,1,0.01825052322196019,8.02228906504616
verify_test_proj,mortality_apc/cancer,cancer,male,total,25,1995,1,0.01910424480735462,7.869029290832153
verify_test_proj,mortality_apc/cancer,cancer,male,total,25,1996,1,0.01910424480735462,7.718697428863852
verify_test_proj,mortality_apc/cancer,cancer,male,total,25,1997,1,0.01910424480735462,7.571237543588938
verify_test_proj,mortality_apc/cancer,cancer,male,total,25,1998,1,0.01910424480735462,7.426594768061581
verify_test_proj,mortality_apc/cancer,cancer,male,total,25,1999,1,0.01910424480735462,7.284715283527514
verify_test_proj,mortality_apc/cancer,cancer,male,total,25,2000,1,0.019171192239141766,7.145058606419593
verify_test_proj,mortality_apc/cancer,cancer,male,total,25,2001,1,0.019171192239141766,7.008079314315989
verify_test_proj,mortality_apc/cancer,cancer,male,total,25,2002,1,0.019171192239141766,6.873726078554084
verify_test_proj,mortality_apc/cancer,cancer,male,total,25,2003,1,0.019171192239141766,6.741948554502922
verify_test_proj,mortality_apc/cancer,cancer,male,total,25,2004,1,0.019171192239141766,6.6126973626981425
verify_test_proj,mortality_apc/cancer,cancer,male,total,25,2005,1,0.018231014341577034,6.492141182242284
verify_test_proj,mortality_apc/cancer,cancer,male,total,25,2006,1,0.018231014341577034,6.373782863241281
verify_test_proj,mortality_apc/cancer,cancer,male,total,25,2007,1,0.018231014341577034,6.257582336451431
verify_test_proj,mortality_apc/cancer,cancer,male,total,25,2008,1,0.018231014341577034,6.143500263131986
verify_test_proj,mortality_apc/cancer,cancer,male,total,25,2009,1,0.018231014341577034,6.031498021727344
verify_test_proj,mortality_apc/cancer,cancer,male,total,25,2010,1,0.016519115629119452,5.931863008489625
verify_test_proj,mortality_apc/cancer,cancer,male,total,25,2011,1,0.016519115629119452,5.833873877556289
verify_test_proj,mortality_apc/cancer,cancer,male,total,25,2012,1,0.016519115629119452,5.737503440407237
verify_test_proj,mortality_apc/cancer,cancer,male,total,25,2013,1,0.02397628049227274,5.599939448594653
verify_test_proj,mortality_apc/cancer,cancer,male,total,25,2014,1,0.059311758202119425,5.267797194073097
verify_test_proj,mortality_apc/cancer,cancer,male,total,25,2015,1,0.04885066747125988,5.010461785039396
verify_test_proj,mortality_apc/cancer,cancer,male,total,25,2016,1,0.03989973277198111,4.810545698752101
verify_test_proj,mortality_apc/cancer,cancer,male,total,25,2017,1,0.0327233232997417,4.653128656603654
verify_test_proj,mortality_apc/cancer,cancer,male,total,25,2018,1,0.02665785281345734,4.529086237753833
verify_test_proj,mortality_apc/cancer,cancer,male,total,25,2019,1,0.021879070348959972,4.42999404134151
verify_test_proj,mortality_apc/cancer,cancer,male,total,25,2020,1,-0.016636635361592544,4.503694236861337
verify_test_proj,mortality_apc/cancer,cancer,male,total,25,2021,1,-0.016404271036657425,4.577574057789042
verify_test_proj,mortality_apc/cancer,cancer,male,total,25,2022,1,0.004986454263723461,4.55474819411107
verify_test_proj,mortality_apc/cancer,cancer,male,total,25,2023,1,0.0866873240054521,4.159909261644916
verify_test_proj,mortality_apc/cancer,cancer,male,total,25,2024,1,0.011903203248291971,4.1103930162091045
verify_test_proj,mortality_apc/cancer,cancer,male,total,25,2025,0,0.01173018477117452,4.062177346646826
verify_test_proj,mortality_apc/cancer,cancer,male,total,25,2026,0,0.011557166294057066,4.015230087535677
verify_test_proj,mortality_apc/cancer,cancer,male,total,25,2027,0,0.011384147816939616,3.9695201147001478
verify_test_proj,mortality_apc/cancer,cancer,male,total,25,2028,0,0.011211129339822164,3.9250173112772186
verify_test_proj,mortality_apc/cancer,cancer,male,total,25,2029,0,0.01103811086270471,3.8816925350573057
verify_test_proj,mortality_apc/cancer,cancer,male,total,25,2030,0,0.01086509238558726,3.8395175870514633
verify_test_proj,mortality_apc/cancer,cancer,male,total,25,2031,0,0.010692073908469808,3.798465181237839
verify_test_proj,mortality_apc/cancer,cancer,male,total,25,2032,0,0.010519055431352356,3.7585089154423366
verify_test_proj,mortality_apc/cancer,cancer,male,total,25,2033,0,0.010346036954234904,3.719623243310349
verify_test_proj,mortality_apc/cancer,cancer,male,total,25,2034,0,0.010173018477117452,3.6817834473282374
verify_test_proj,mortality_apc/cancer,cancer,male,total,25,2035,0,0.01,3.644965612854955
verify_test_proj,mortality_apc/cancer,cancer,male,total,25,2036,0,0.01,3.6085159567264053
verify_test_proj,mortality_apc/cancer,cancer,male,total,25,2037,0,0.01,3.572430797159141
verify_test_proj,mortality_apc/cancer,cancer,male,total,25,2038,0,0.01,3.5367064891875497
verify_test_proj,mortality_apc/cancer,cancer,male,total,25,2039,0,0.01,3.5013394242956744
verify_test_proj,mortality_apc/cancer,cancer,male,total,25,2040,0,0.01,3.4663260300527177
verify_test_proj,mortality_apc/cancer,cancer,male,total,25,2041,0,0.01,3.4316627697521906
verify_test_proj,mortality_apc/cancer,cancer,male,total,25,2042,0,0.01,3.3973461420546687
verify_test_proj,mortality_apc/cancer,cancer,male,total,25,2043,0,0.01,3.363372680634122
verify_test_proj,mortality_apc/cancer,cancer,male,total,25,2044,0,0.01,3.3297389538277806
verify_test_proj,mortality_apc/cancer,cancer,male,total,25,2045,0,0.01,3.296441564289503
verify_test_proj,mortality_apc/cancer,cancer,male,total,25,2046,0,0.01,3.263477148646608
verify_test_proj,mortality_apc/cancer,cancer,male,total,25,2047,0,0.01,3.2308423771601418
verify_test_proj,mortality_apc/cancer,cancer,male,total,25,2048,0,0.01,3.1985339533885404
verify_test_proj,mortality_apc/cancer,cancer,male,total,25,2049,0,0.01,3.166548613854655
verify_test_proj,mortality_apc/cancer,cancer,male,total,25,2050,0,0.01,3.134883127716108
verify_test_proj,mortality_apc/cancer,cancer,male,total,25,2051,0,0.01,3.103534296438947
verify_test_proj,mortality_apc/cancer,cancer,male,total,25,2052,0,0.01,3.0724989534745575
verify_test_proj,mortality_apc/cancer,cancer,male,total,25,2053,0,0.01,3.041773963939812
verify_test_proj,mortality_apc/cancer,cancer,male,total,25,2054,0,0.01,3.011356224300414
verify_test_proj,mortality_apc/cancer,cancer,male,total,25,2055,0,0.01,2.9812426620574097
verify_test_proj,mortality_apc/cancer,cancer,male,total,25,2056,0,0.01,2.9514302354368356
verify_test_proj,mortality_apc/cancer,cancer,male,total,25,2057,0,0.01,2.921915933082467
verify_test_proj,mortality_apc/cancer,cancer,male,total,25,2058,0,0.01,2.8926967737516422
verify_test_proj,mortality_apc/cancer,cancer,male,total,25,2059,0,0.01,2.8637698060141257
verify_test_proj,mortality_apc/cancer,cancer,male,total,25,2060,0,0.01,2.835132107953984
verify_test_proj,mortality_apc/cancer,cancer,male,total,25,2061,0,0.01,2.806780786874444
verify_test_proj,mortality_apc/cancer,cancer,male,total,25,2062,0,0.01,2.7787129790056997
verify_test_proj,mortality_apc/cancer,cancer,male,total,25,2063,0,0.01,2.7509258492156428
verify_test_proj,mortality_apc/cancer,cancer,male,total,25,2064,0,0.01,2.7234165907234864
verify_test_proj,mortality_apc/cancer,cancer,male,total,25,2065,0,0.01,2.6961824248162514
verify_test_proj,mortality_apc/cancer,cancer,male,total,25,2066,0,0.01,2.6692206005680887
verify_test_proj,mortality_apc/cancer,cancer,male,total,25,2067,0,0.01,2.6425283945624076
verify_test_proj,mortality_apc/cancer,cancer,male,total,25,2068,0,0.01,2.6161031106167836
verify_test_proj,mortality_apc/cancer,cancer,male,total,25,2069,0,0.01,2.5899420795106156
verify_test_proj,mortality_apc/cancer,cancer,male,total,25,2070,0,0.01,2.5640426587155094
verify_test_proj,mortality_apc/cancer,cancer,male,total,25,2071,0,0.01,2.5384022321283544
verify_test_proj,mortality_apc/cancer,cancer,male,total,25,2072,0,0.01,2.5130182098070706
verify_test_proj,mortality_apc/cancer,cancer,male,total,25,2073,0,0.01,2.487888027709
verify_test_proj,mortality_apc/cancer,cancer,male,total,25,2074,0,0.01,2.46300914743191
verify_test_proj,mortality_apc/cancer,cancer,male,total,25,2075,0,0.01,2.438379055957591
verify_test_proj,mortality_apc/cancer,cancer,male,total,25,2076,0,0.01,2.413995265398015
verify_test_proj,mortality_apc/cancer,cancer,male,total,25,2077,0,0.01,2.389855312744035
verify_test_proj,mortality_apc/cancer,cancer,male,total,25,2078,0,0.01,2.3659567596165947
verify_test_proj,mortality_apc/cancer,cancer,male,total,25,2079,0,0.01,2.3422971920204287
verify_test_proj,mortality_apc/cancer,cancer,male,total,25,2080,0,0.01,2.3188742201002244
verify_test_proj,mortality_apc/cancer,cancer,male,total,25,2081,0,0.01,2.295685477899222
verify_test_proj,mortality_apc/cancer,cancer,male,total,25,2082,0,0.01,2.27272862312023
verify_test_proj,mortality_apc/cancer,cancer,male,total,25,2083,0,0.01,2.2500013368890275
verify_test_proj,mortality_apc/cancer,cancer,male,total,25,2084,0,0.01,2.227501323520137
verify_test_proj,mortality_apc/cancer,cancer,male,total,25,2085,0,0.01,2.2052263102849357
verify_test_proj,mortality_apc/cancer,cancer,male,total,25,2086,0,0.01,2.1831740471820864
verify_test_proj,mortality_apc/cancer,cancer,male,total,25,2087,0,0.01,2.1613423067102655
verify_test_proj,mortality_apc/cancer,cancer,male,total,25,2088,0,0.01,2.139728883643163
verify_test_proj,mortality_apc/cancer,cancer,male,total,25,2089,0,0.01,2.1183315948067314
verify_test_proj,mortality_apc/cancer,cancer,male,total,25,2090,0,0.01,2.097148278858664
verify_test_proj,mortality_apc/cancer,cancer,male,total,25,2091,0,0.01,2.076176796070077
verify_test_proj,mortality_apc/cancer,cancer,male,total,25,2092,0,0.01,2.0554150281093766
verify_test_proj,mortality_apc/cancer,cancer,male,total,25,2093,0,0.01,2.0348608778282826
verify_test_proj,mortality_apc/cancer,cancer,male,total,25,2094,0,0.01,2.01451226905
verify_test_proj,mortality_apc/cancer,cancer,male,total,25,2095,0,0.01,1.9943671463594999
verify_test_proj,mortality_apc/cancer,cancer,male,total,25,2096,0,0.01,1.9744234748959049
verify_test_proj,mortality_apc/cancer,cancer,male,total,25,2097,0,0.01,1.9546792401469457
verify_test_proj,mortality_apc/cancer,cancer,male,total,25,2098,0,0.01,1.9351324477454763
verify_test_proj,mortality_apc/cancer,cancer,male,total,25,2099,0,0.01,1.9157811232680215
verify_test_proj,mortality_apc/cancer,cancer,male,total,25,2100,0,0.01,1.8966233120353413
verify_test_proj,mortality_apc/cancer,cancer,male,total,30,1950,1,,
verify_test_proj,mortality_apc/cancer,cancer,male,total,30,1951,1,,
verify_test_proj,mortality_apc/cancer,cancer,male,total,30,1952,1,,
verify_test_proj,mortality_apc/cancer,cancer,male,total,30,1953,1,,
verify_test_proj,mortality_apc/cancer,cancer,male,total,30,1954,1,,22.24947927822461
verify_test_proj,mortality_apc/cancer,cancer,male,total,30,1955,1,0.007725177384142468,22.07759810409552
verify_test_proj,mortality_apc/cancer,cancer,male,total,30,1956,1,0.007725177384142468,21.907044742525578
verify_test_proj,mortality_apc/cancer,cancer,male,total,30,1957,1,0.007725177384142468,21.737808935927223
verify_test_proj,mortality_apc/cancer,cancer,male,total,30,1958,1,0.007725177384142468,21.56988050595459
verify_test_proj,mortality_apc/cancer,cancer,male,total,30,1959,1,0.007725177384142468,21.403249352891333
verify_test_proj,mortality_apc/cancer,cancer,male,total,30,1960,1,0.007009577898960617,21.253221609261363
verify_test_proj,mortality_apc/cancer,cancer,male,total,30,1961,1,0.007009577898960617,21.10424549678737
verify_test_proj,mortality_apc/cancer,cancer,male,total,30,1962,1,0.007009577898960617,20.956313643978852
verify_test_proj,mortality_apc/cancer,cancer,male,total,30,1963,1,0.007009577898960617,20.809418731016333
verify_test_proj,mortality_apc/cancer,cancer,male,total,30,1964,1,0.007009577898960617,20.663553489389184
verify_test_proj,mortality_apc/cancer,cancer,male,total,30,1965,1,0.0072145942703114585,20.514474334780363
verify_test_proj,mortality_apc/cancer,cancer,male,total,30,1966,1,0.0072145942703114585,20.366470725786204
verify_test_proj,mortality_apc/cancer,cancer,male,total,30,1967,1,0.0072145942703114585,20.21953490278148
verify_test_proj,mortality_apc/cancer,cancer,male,total,30,1968,1,0.0072145942703114585,20.07365916212351
verify_test_proj,mortality_apc/cancer,cancer,male,total,30,1969,1,0.0072145942703114585,19.928835855748268
verify_test_proj,mortality_apc/cancer,cancer,male,total,30,1970,1,0.008402889287752235,19.76137605441863
verify_test_proj,mortality_apc/cancer,cancer,male,total,30,1971,1,0.008402889287752235,19.595323399259712
verify_test_proj,mortality_apc/cancer,cancer,male,total,30,1972,1,0.008402889287752235,19.43066606617803
verify_test_proj,mortality_apc/cancer,cancer,male,total,30,1973,1,0.008402889287752235,19.267392330436653
verify_test_proj,mortality_apc/cancer,cancer,male,total,30,1974,1,0.008402889287752235,19.105490565820308
verify_test_proj,mortality_apc/cancer,cancer,male,total,30,1975,1,0.010425113514545448,18.906313657920553
verify_test_proj,mortality_apc/cancer,cancer,male,total,30,1976,1,0.010425113514545448,18.70921319189513
verify_test_proj,mortality_apc/cancer,cancer,male,total,30,1977,1,0.010425113514545448,18.51416752060179
verify_test_proj,mortality_apc/cancer,cancer,male,total,30,1978,1,0.010425113514545448,18.32115522257221
verify_test_proj,mortality_apc/cancer,cancer,male,total,30,1979,1,0.010425113514545448,18.130155099659287
verify_test_proj,mortality_apc/cancer,cancer,male,total,30,1980,1,0.01282095041236131,17.897709280158136
verify_test_proj,mortality_apc/cancer,cancer,male,total,30,1981,1,0.01282095041236131,17.668243636982368
verify_test_proj,mortality_apc/cancer,cancer,male,total,30,1982,1,0.01282095041236131,17.441719961439098
verify_test_proj,mortality_apc/cancer,cancer,male,total,30,1983,1,0.01282095041236131,17.218100534707194
verify_test_proj,mortality_apc/cancer,cancer,male,total,30,1984,1,0.01282095041236131,16.997348121556662
verify_test_proj,mortality_apc/cancer,cancer,male,total,30,1985,1,0.015152501047595024,16.739795786338437
verify_test_proj,mortality_apc/cancer,cancer,male,total,30,1986,1,0.015152501047595024,16.486146013149416
verify_test_proj,mortality_apc/cancer,cancer,male,total,30,1987,1,0.015152501047595024,16.236339668414363
verify_test_proj,mortality_apc/cancer,cancer,male,total,30,1988,1,0.015152501047595024,15.990318514579606
verify_test_proj,mortality_apc/cancer,cancer,male,total,30,1989,1,0.015152501047595024,15.74802519653606
verify_test_proj,mortality_apc/cancer,cancer,male,total,30,1990,1,0.017038631786092884,15.47970039385417
verify_test_proj,mortality_apc/cancer,cancer,male,total,30,1991,1,0.017038631786092884,15.215947478684251
verify_test_proj,mortality_apc/cancer,cancer,male,total,30,1992,1,0.017038631786092884,14.956688552318422
verify_test_proj,mortality_apc/cancer,cancer,male,total,30,1993,1,0.017038631786092884,14.701847043336198
verify_test_proj,mortality_apc/cancer,cancer,male,total,30,1994,1,0.017038631786092884,14.451347684989333
verify_test_proj,mortality_apc/cancer,cancer,male,total,30,1995,1,0.01821590348245472,14.188103330368172
verify_test_proj,mortality_apc/cancer,cancer,male,total,30,1996,1,0.01821590348245472,13.929654209503092
verify_test_proj,mortality_apc/cancer,cancer,male,total,30,1997,1,0.01821590348245472,13.675912972878814
verify_test_proj,mortality_apc/cancer,cancer,male,total,30,1998,1,0.01821590348245472,13.426793862130403
verify_test_proj,mortality_apc/cancer,cancer,male,total,30,1999,1,0.01821590348245472,13.18221268105902
verify_test_proj,mortality_apc/cancer,cancer,male,total,30,2000,1,0.018644474235886555,12.936437256355038
verify_test_proj,mortality_apc/cancer,cancer,male,total,30,2001,1,0.018644474235886555,12.695244185224764
verify_test_proj,mortality_apc/cancer,cancer,male,total,30,2002,1,0.018644474235886555,12.458548032095052
verify_test_proj,mortality_apc/cancer,cancer,male,total,30,2003,1,0.018644474235886555,12.2262649542941
verify_test_proj,mortality_apc/cancer,cancer,male,total,30,2004,1,0.018644474235886555,11.998312672352641
verify_test_proj,mortality_apc/cancer,cancer,male,total,30,2005,1,0.018207271271369896,11.779856138728402
verify_test_proj,mortality_apc/cancer,cancer,male,total,30,2006,1,0.018207271271369896,11.565377102472862
verify_test_proj,mortality_apc/cancer,cancer,male,total,30,2007,1,0.018207271271369896,11.354803144212449
verify_test_proj,mortality_apc/cancer,cancer,male,total,30,2008,1,0.018207271271369896,11.148063163132768
verify_test_proj,mortality_apc/cancer,cancer,male,total,30,2009,1,0.018207271271369896,10.945087352971244
verify_test_proj,mortality_apc/cancer,cancer,male,total,30,2010,1,0.01683213198843747,10.760858198021054
verify_test_proj,mortality_apc/cancer,cancer,male,total,30,2011,1,0.01683213198843747,10.579730012523104
verify_test_proj,mortality_apc/cancer,cancer,male,total,30,2012,1,0.01683213198843747,10.401650600550282
verify_test_proj,mortality_apc/cancer,cancer,male,total,30,2013,1,0.024798274782495633,10.143707610766326
verify_test_proj,mortality_apc/cancer,cancer,male,total,30,2014,1,0.0625794425532018,9.508920043061899
verify_test_proj,mortality_apc/cancer,cancer,male,total,30,2015,1,0.053263379614924444,9.00244282508033
verify_test_proj,mortality_apc/cancer,cancer,male,total,30,2016,1,0.04458710483391759,8.601049963077124
verify_test_proj,mortality_apc/cancer,cancer,male,total,30,2017,1,0.03748305779569516,8.278656310207442
verify_test_proj,mortality_apc/cancer,cancer,male,total,30,2018,1,0.03167081150213347,8.016464546715914
verify_test_proj,mortality_apc/cancer,cancer,male,total,30,2019,1,0.026727139892974705,7.802207377328766
verify_test_proj,mortality_apc/cancer,cancer,male,total,30,2020,1,-0.01207795072239115,7.896442053558019
verify_test_proj,mortality_apc/cancer,cancer,male,total,30,2021,1,-0.011917747038483917,7.99054985245637
verify_test_proj,mortality_apc/cancer,cancer,male,total,30,2022,1,0.009845049075160484,7.911882497021421
verify_test_proj,mortality_apc/cancer,cancer,male,total,30,2023,1,0.09161302866566534,7.1870509790224215
verify_test_proj,mortality_apc/cancer,cancer,male,total,30,2024,1,0.017751043653163268,7.0594733233562845
verify_test_proj,mortality_apc/cancer,cancer,male,total,30,2025,0,0.017046403321057516,6.939134693852107
verify_test_proj,mortality_apc/cancer,cancer,male,total,30,2026,0,0.016341762988951763,6.825736999336764
verify_test_proj,mortality_apc/cancer,cancer,male,total,30,2027,0,0.01563712265684601,6.7190021126547625
verify_test_proj,mortality_apc/cancer,cancer,male,total,30,2028,0,0.01493248232474026,6.618670732367653
verify_test_proj,mortality_apc/cancer,cancer,male,total,30,2029,0,0.014227841992634509,6.524501330986252
verify_test_proj,mortality_apc/cancer,cancer,male,total,30,2030,0,0.013523201660528759,6.436269183752936
verify_test_proj,mortality_apc/cancer,cancer,male,total,30,2031,0,0.012818561328423007,6.35376547249476
verify_test_proj,mortality_apc/cancer,cancer,male,total,30,2032,0,0.012113920996317255,6.27679645953183
verify_test_proj,mortality_apc/cancer,cancer,male,total,30,2033,0,0.011409280664211503,6.205182727052902
verify_test_proj,mortality_apc/cancer,cancer,male,total,30,2034,0,0.010704640332105752,6.138758477764806
verify_test_proj,mortality_apc/cancer,cancer,male,total,30,2035,0,0.01,6.077370892987157
verify_test_proj,mortality_apc/cancer,cancer,male,total,30,2036,0,0.01,6.016597184057286
verify_test_proj,mortality_apc/cancer,cancer,male,total,30,2037,0,0.01,5.956431212216713
verify_test_proj,mortality_apc/cancer,cancer,male,total,30,2038,0,0.01,5.896866900094546
verify_test_proj,mortality_apc/cancer,cancer,male,total,30,2039,0,0.01,5.8378982310936
verify_test_proj,mortality_apc/cancer,cancer,male,total,30,2040,0,0.01,5.779519248782664
verify_test_proj,mortality_apc/cancer,cancer,male,total,30,2041,0,0.01,5.721724056294837
verify_test_proj,mortality_apc/cancer,cancer,male,total,30,2042,0,0.01,5.6645068157318885
verify_test_proj,mortality_apc/cancer,cancer,male,total,30,2043,0,0.01,5.60786174757457
verify_test_proj,mortality_apc/cancer,cancer,male,total,30,2044,0,0.01,5.5517831300988245
verify_test_proj,mortality_apc/cancer,cancer,male,total,30,2045,0,0.01,5.496265298797836
verify_test_proj,mortality_apc/cancer,cancer,male,total,30,2046,0,0.01,5.441302645809858
verify_test_proj,mortality_apc/cancer,cancer,male,total,30,2047,0,0.01,5.38688961935176
verify_test_proj,mortality_apc/cancer,cancer,male,total,30,2048,0,0.01,5.333020723158242
verify_test_proj,mortality_apc/cancer,cancer,male,total,30,2049,0,0.01,5.279690515926659
verify_test_proj,mortality_apc/cancer,cancer,male,total,30,2050,0,0.01,5.226893610767393
verify_test_proj,mortality_apc/cancer,cancer,male,total,30,2051,0,0.01,5.174624674659719
verify_test_proj,mortality_apc/cancer,cancer,male,total,30,2052,0,0.01,5.122878427913122
verify_test_proj,mortality_apc/cancer,cancer,male,total,30,2053,0,0.01,5.07164964363399
verify_test_proj,mortality_apc/cancer,cancer,male,total,30,2054,0,0.01,5.020933147197651
verify_test_proj,mortality_apc/cancer,cancer,male,total,30,2055,0,0.01,4.970723815725674
verify_test_proj,mortality_apc/cancer,cancer,male,total,30,2056,0,0.01,4.921016577568417
verify_test_proj,mortality_apc/cancer,cancer,male,total,30,2057,0,0.01,4.871806411792733
verify_test_proj,mortality_apc/cancer,cancer,male,total,30,2058,0,0.01,4.823088347674806
verify_test_proj,mortality_apc/cancer,cancer,male,total,30,2059,0,0.01,4.774857464198058
verify_test_proj,mortality_apc/cancer,cancer,male,total,30,2060,0,0.01,4.727108889556077
verify_test_proj,mortality_apc/cancer,cancer,male,total,30,2061,0,0.01,4.679837800660517
verify_test_proj,mortality_apc/cancer,cancer,male,total,30,2062,0,0.01,4.633039422653911
verify_test_proj,mortality_apc/cancer,cancer,male,total,30,2063,0,0.01,4.586709028427372
verify_test_proj,mortality_apc/cancer,cancer,male,total,30,2064,0,0.01,4.540841938143099
verify_test_proj,mortality_apc/cancer,cancer,male,total,30,2065,0,0.01,4.495433518761668
verify_test_proj,mortality_apc/cancer,cancer,male,total,30,2066,0,0.01,4.450479183574051
verify_test_proj,mortality_apc/cancer,cancer,male,total,30,2067,0,0.01,4.40597439173831
verify_test_proj,mortality_apc/cancer,cancer,male,total,30,2068,0,0.01,4.361914647820926
verify_test_proj,mortality_apc/cancer,cancer,male,total,30,2069,0,0.01,4.318295501342717
verify_test_proj,mortality_apc/cancer,cancer,male,total,30,2070,0,0.01,4.275112546329289
verify_test_proj,mortality_apc/cancer,cancer,male,total,30,2071,0,0.01,4.232361420865996
verify_test_proj,mortality_apc/cancer,cancer,male,total,30,2072,0,0.01,4.190037806657337
verify_test_proj,mortality_apc/cancer,cancer,male,total,30,2073,0,0.01,4.148137428590763
verify_test_proj,mortality_apc/cancer,cancer,male,total,30,2074,0,0.01,4.106656054304856
verify_test_proj,mortality_apc/cancer,cancer,male,total,30,2075,0,0.01,4.065589493761808
verify_test_proj,mortality_apc/cancer,cancer,male,total,30,2076,0,0.01,4.024933598824189
verify_test_proj,mortality_apc/cancer,cancer,male,total,30,2077,0,0.01,3.9846842628359473
verify_test_proj,mortality_apc/cancer,cancer,male,total,30,2078,0,0.01,3.944837420207588
verify_test_proj,mortality_apc/cancer,cancer,male,total,30,2079,0,0.01,3.9053890460055123
verify_test_proj,mortality_apc/cancer,cancer,male,total,30,2080,0,0.01,3.8663351555454573
verify_test_proj,mortality_apc/cancer,cancer,male,total,30,2081,0,0.01,3.8276718039900026
verify_test_proj,mortality_apc/cancer,cancer,male,total,30,2082,0,0.01,3.7893950859501024
verify_test_proj,mortality_apc/cancer,cancer,male,total,30,2083,0,0.01,3.7515011350906016
verify_test_proj,mortality_apc/cancer,cancer,male,total,30,2084,0,0.01,3.7139861237396956
verify_test_proj,mortality_apc/cancer,cancer,male,total,30,2085,0,0.01,3.6768462625022984
verify_test_proj,mortality_apc/cancer,cancer,male,total,30,2086,0,0.01,3.6400777998772753
verify_test_proj,mortality_apc/cancer,cancer,male,total,30,2087,0,0.01,3.6036770218785024
verify_test_proj,mortality_apc/cancer,cancer,male,total,30,2088,0,0.01,3.5676402516597174
verify_test_proj,mortality_apc/cancer,cancer,male,total,30,2089,0,0.01,3.53196384914312
verify_test_proj,mortality_apc/cancer,cancer,male,total,30,2090,0,0.01,3.496644210651689
verify_test_proj,mortality_apc/cancer,cancer,male,total,30,2091,0,0.01,3.461677768545172
verify_test_proj,mortality_apc/cancer,cancer,male,total,30,2092,0,0.01,3.42706099085972
verify_test_proj,mortality_apc/cancer,cancer,male,total,30,2093,0,0.01,3.392790380951123
verify_test_proj,mortality_apc/cancer,cancer,male,total,30,2094,0,0.01,3.358862477141612
verify_test_proj,mortality_apc/cancer,cancer,male,total,30,2095,0,0.01,3.3252738523701955
verify_test_proj,mortality_apc/cancer,cancer,male,total,30,2096,0,0.01,3.2920211138464937
verify_test_proj,mortality_apc/cancer,cancer,male,total,30,2097,0,0.01,3.259100902708029
verify_test_proj,mortality_apc/cancer,cancer,male,total,30,2098,0,0.01,3.2265098936809484
verify_test_proj,mortality_apc/cancer,cancer,male,total,30,2099,0,0.01,3.194244794744139
verify_test_proj,mortality_apc/cancer,cancer,male,total,30,2100,0,0.01,3.1623023467966975
verify_test_proj,mortality_apc/cancer,cancer,male,total,35,1950,1,,
verify_test_proj,mortality_apc/cancer,cancer,male,total,35,1951,1,,
verify_test_proj,mortality_apc/cancer,cancer,male,total,35,1952,1,,
verify_test_proj,mortality_apc/cancer,cancer,male,total,35,1953,1,,
verify_test_proj,mortality_apc/cancer,cancer,male,total,35,1954,1,,39.04665038614289
verify_test_proj,mortality_apc/cancer,cancer,male,total,35,1955,1,0.008402180261381842,38.71857339099537
verify_test_proj,mortality_apc/cancer,cancer,male,total,35,1956,1,0.008402180261381842,38.39325295790068
verify_test_proj,mortality_apc/cancer,cancer,male,total,35,1957,1,0.008402180261381842,38.07066592572757
verify_test_proj,mortality_apc/cancer,cancer,male,total,35,1958,1,0.008402180261381842,37.75078932794876
verify_test_proj,mortality_apc/cancer,cancer,male,total,35,1959,1,0.008402180261381842,37.43360039100588
verify_test_proj,mortality_apc/cancer,cancer,male,total,35,1960,1,0.00735130833733777,37.15841445235491
verify_test_proj,mortality_apc/cancer,cancer,male,total,35,1961,1,0.00735130833733777,36.88525149038906
verify_test_proj,mortality_apc/cancer,cancer,male,total,35,1962,1,0.00735130833733777,36.61409663358296
verify_test_proj,mortality_apc/cancer,cancer,male,total,35,1963,1,0.00735130833733777,36.34493511973641
verify_test_proj,mortality_apc/cancer,cancer,male,total,35,1964,1,0.00735130833733777,36.0777522951707
verify_test_proj,mortality_apc/cancer,cancer,male,total,35,1965,1,0.007118069377272107,35.820948351357636
verify_test_proj,mortality_apc/cancer,cancer,male,total,35,1966,1,0.007118069377272107,35.56597235583299
verify_test_proj,mortality_apc/cancer,cancer,male,total,35,1967,1,0.007118069377272107,35.312811297134026
verify_test_proj,mortality_apc/cancer,cancer,male,total,35,1968,1,0.007118069377272107,35.061452256414505
verify_test_proj,mortality_apc/cancer,cancer,male,total,35,1969,1,0.007118069377272107,34.811882406785436
verify_test_proj,mortality_apc/cancer,cancer,male,total,35,1970,1,0.007819056576733652,34.539686328704185
verify_test_proj,mortality_apc/cancer,cancer,male,total,35,1971,1,0.007819056576733652,34.269618567157416
verify_test_proj,mortality_apc/cancer,cancer,male,total,35,1972,1,0.007819056576733652,34.00166248071773
verify_test_proj,mortality_apc/cancer,cancer,male,total,35,1973,1,0.007819056576733652,33.735801558077995
verify_test_proj,mortality_apc/cancer,cancer,male,total,35,1974,1,0.007819056576733652,33.47201941703393
verify_test_proj,mortality_apc/cancer,cancer,male,total,35,1975,1,0.009355526023062444,33.15887106833341
verify_test_proj,mortality_apc/cancer,cancer,male,total,35,1976,1,0.009355526023062444,32.848652387158246
verify_test_proj,mortality_apc/cancer,cancer,male,total,35,1977,1,0.009355526023062444,32.541335964927654
verify_test_proj,mortality_apc/cancer,cancer,male,total,35,1978,1,0.009355526023062444,32.23689464948256
verify_test_proj,mortality_apc/cancer,cancer,male,total,35,1979,1,0.009355526023062444,31.935301542686602
verify_test_proj,mortality_apc/cancer,cancer,male,total,35,1980,1,0.011401813505791392,31.571181190245678
verify_test_proj,mortality_apc/cancer,cancer,male,total,35,1981,1,0.011401813505791392,31.211212470156948
verify_test_proj,mortality_apc/cancer,cancer,male,total,35,1982,1,0.011401813505791392,30.855348046282586
verify_test_proj,mortality_apc/cancer,cancer,male,total,35,1983,1,0.011401813505791392,30.503541122202588
verify_test_proj,mortality_apc/cancer,cancer,male,total,35,1984,1,0.011401813505791392,30.155745435060997
verify_test_proj,mortality_apc/cancer,cancer,male,total,35,1985,1,0.01361954228023421,29.745037985116202
verify_test_proj,mortality_apc/cancer,cancer,male,total,35,1986,1,0.01361954228023421,29.33992418265074
verify_test_proj,mortality_apc/cancer,cancer,male,total,35,1987,1,0.01361954228023421,28.940327844746264
verify_test_proj,mortality_apc/cancer,cancer,male,total,35,1988,1,0.01361954228023421,28.546173826060905
verify_test_proj,mortality_apc/cancer,cancer,male,total,35,1989,1,0.01361954228023421,28.157388004697953
verify_test_proj,mortality_apc/cancer,cancer,male,total,35,1990,1,0.015613620564668418,27.717749232300452
verify_test_proj,mortality_apc/cancer,cancer,male,total,35,1991,1,0.015613620564668418,27.284974812880684
verify_test_proj,mortality_apc/cancer,cancer,male,total,35,1992,1,0.015613620564668418,26.85895756903583
verify_test_proj,mortality_apc/cancer,cancer,male,total,35,1993,1,0.015613620564668418,26.439591996790377
verify_test_proj,mortality_apc/cancer,cancer,male,total,35,1994,1,0.015613620564668418,26.026774239467848
verify_test_proj,mortality_apc/cancer,cancer,male,total,35,1995,1,0.01712480552059137,25.581070792288624
verify_test_proj,mortality_apc/cancer,cancer,male,total,35,1996,1,0.01712480552059137,25.1429999299622
verify_test_proj,mortality_apc/cancer,cancer,male,total,35,1997,1,0.01712480552059137,24.712430945957355
verify_test_proj,mortality_apc/cancer,cancer,male,total,35,1998,1,0.01712480552059137,24.28923537206679
verify_test_proj,mortality_apc/cancer,cancer,male,total,35,1999,1,0.01712480552059137,23.87328694007628
verify_test_proj,mortality_apc/cancer,cancer,male,total,35,2000,1,0.017940450655769546,23.444989413736813
verify_test_proj,mortality_apc/cancer,cancer,male,total,35,2001,1,0.017940450655769546,23.024375738034628
verify_test_proj,mortality_apc/cancer,cancer,male,total,35,2002,1,0.017940450655769546,22.61130806122652
verify_test_proj,mortality_apc/cancer,cancer,male,total,35,2003,1,0.017940450655769546,22.20565100469168
verify_test_proj,mortality_apc/cancer,cancer,male,total,35,2004,1,0.017940450655769546,21.80727161856277
verify_test_proj,mortality_apc/cancer,cancer,male,total,35,2005,1,0.017896697126162375,21.416993483257393
verify_test_proj,mortality_apc/cancer,cancer,male,total,35,2006,1,0.017896697126162375,21.03370003753454
verify_test_proj,mortality_apc/cancer,cancer,male,total,35,2007,1,0.017896697126162375,20.657266278520236
verify_test_proj,mortality_apc/cancer,cancer,male,total,35,2008,1,0.017896697126162375,20.28756944047907
verify_test_proj,mortality_apc/cancer,cancer,male,total,35,2009,1,0.017896697126162375,19.92448895477683
verify_test_proj,mortality_apc/cancer,cancer,male,total,35,2010,1,0.016952146943150836,19.586726090248266
verify_test_proj,mortality_apc/cancer,cancer,male,total,35,2011,1,0.016952146943150836,19.25468903143113
verify_test_proj,mortality_apc/cancer,cancer,male,total,35,2012,1,0.016952146943150836,18.928280713625636
verify_test_proj,mortality_apc/cancer,cancer,male,total,35,2013,1,0.02536893790905803,18.448090335476447
verify_test_proj,mortality_apc/cancer,cancer,male,total,35,2014,1,0.06537398902677327,17.24206508032009
verify_test_proj,mortality_apc/cancer,cancer,male,total,35,2015,1,0.0565083149813409,16.267745035832583
verify_test_proj,mortality_apc/cancer,cancer,male,total,35,2016,1,0.048311363593713796,15.481828090556643
verify_test_proj,mortality_apc/cancer,cancer,male,total,35,2017,1,0.041490911558333954,14.839472930490027
verify_test_proj,mortality_apc/cancer,cancer,male,total,35,2018,1,0.03570964718730951,14.309560587696598
verify_test_proj,mortality_apc/cancer,cancer,male,total,35,2019,1,0.030859207588496806,13.867978887020696
verify_test_proj,mortality_apc/cancer,cancer,male,total,35,2020,1,-0.007733470794946573,13.975226496728407
verify_test_proj,mortality_apc/cancer,cancer,male,total,35,2021,1,-0.007955145863895563,14.08640146199086
verify_test_proj,mortality_apc/cancer,cancer,male,total,35,2022,1,0.013764817101153404,13.892504722253136
verify_test_proj,mortality_apc/cancer,cancer,male,total,35,2023,1,0.09585076672073312,12.560897492953767
verify_test_proj,mortality_apc/cancer,cancer,male,total,35,2024,1,0.02347465473041488,12.266034761202544
verify_test_proj,mortality_apc/cancer,cancer,male,total,35,2025,0,0.02224968611855898,11.993119337846455
verify_test_proj,mortality_apc/cancer,cancer,male,total,35,2026,0,0.021024717506703084,11.740967391744055
verify_test_proj,mortality_apc/cancer,cancer,male,total,35,2027,0,0.019799748894847185,11.508499185604935
verify_test_proj,mortality_apc/cancer,cancer,male,total,35,2028,0,0.018574780282991286,11.294731341845338
verify_test_proj,mortality_apc/cancer,cancer,male,total,35,2029,0,0.017349811671135387,11.098769880188252
verify_test_proj,mortality_apc/cancer,cancer,male,total,35,2030,0,0.01612484305927949,10.919803957719157
verify_test_proj,mortality_apc/cancer,cancer,male,total,35,2031,0,0.014899874447423592,10.757100249758663
verify_test_proj,mortality_apc/cancer,cancer,male,total,35,2032,0,0.013674905835567693,10.60999791677945
verify_test_proj,mortality_apc/cancer,cancer,male,total,35,2033,0,0.012449937223711797,10.477904108771833
verify_test_proj,mortality_apc/cancer,cancer,male,total,35,2034,0,0.011224968611855898,10.360289964032834
verify_test_proj,mortality_apc/cancer,cancer,male,total,35,2035,0,0.01,10.256687064392505
verify_test_proj,mortality_apc/cancer,cancer,male,total,35,2036,0,0.01,10.15412019374858
verify_test_proj,mortality_apc/cancer,cancer,male,total,35,2037,0,0.01,10.052578991811094
verify_test_proj,mortality_apc/cancer,cancer,male,total,35,2038,0,0.01,9.952053201892983
verify_test_proj,mortality_apc/cancer,cancer,male,total,35,2039,0,0.01,9.852532669874053
verify_test_proj,mortality_apc/cancer,cancer,male,total,35,2040,0,0.01,9.754007343175312
verify_test_proj,mortality_apc/cancer,cancer,male,total,35,2041,0,0.01,9.656467269743558
verify_test_proj,mortality_apc/cancer,cancer,male,total,35,2042,0,0.01,9.559902597046122
verify_test_proj,mortality_apc/cancer,cancer,male,total,35,2043,0,0.01,9.46430357107566
verify_test_proj,mortality_apc/cancer,cancer,male,total,35,2044,0,0.01,9.369660535364904
verify_test_proj,mortality_apc/cancer,cancer,male,total,35,2045,0,0.01,9.275963930011255
verify_test_proj,mortality_apc/cancer,cancer,male,total,35,2046,0,0.01,9.183204290711142
verify_test_proj,mortality_apc/cancer,cancer,male,total,35,2047,0,0.01,9.091372247804031
verify_test_proj,mortality_apc/cancer,cancer,male,total,35,2048,0,0.01,9.00045852532599
verify_test_proj,mortality_apc/cancer,cancer,male,total,35,2049,0,0.01,8.910453940072731
verify_test_proj,mortality_apc/cancer,cancer,male,total,35,2050,0,0.01,8.821349400672004
verify_test_proj,mortality_apc/cancer,cancer,male,total,35,2051,0,0.01,8.733135906665284
verify_test_proj,mortality_apc/cancer,cancer,male,total,35,2052,0,0.01,8.645804547598631
verify_test_proj,mortality_apc/cancer,cancer,male,total,35,2053,0,0.01,8.559346502122645
verify_test_proj,mortality_apc/cancer,cancer,male,total,35,2054,0,0.01,8.47375303710142
verify_test_proj,mortality_apc/cancer,cancer,male,total,35,2055,0,0.01,8.389015506730406
verify_test_proj,mortality_apc/cancer,cancer,male,total,35,2056,0,0.01,8.3051253516631
verify_test_proj,mortality_apc/cancer,cancer,male,total,35,2057,0,0.01,8.22207409814647
verify_test_proj,mortality_apc/cancer,cancer,male,total,35,2058,0,0.01,8.139853357165006
verify_test_proj,mortality_apc/cancer,cancer,male,total,35,2059,0,0.01,8.058454823593355
verify_test_proj,mortality_apc/cancer,cancer,male,total,35,2060,0,0.01,7.977870275357421
verify_test_proj,mortality_apc/cancer,cancer,male,total,35,2061,0,0.01,7.898091572603846
verify_test_proj,mortality_apc/cancer,cancer,male,total,35,2062,0,0.01,7.8191106568778075
verify_test_proj,mortality_apc/cancer,cancer,male,total,35,2063,0,0.01,7.740919550309029
verify_test_proj,mortality_apc/cancer,cancer,male,total,35,2064,0,0.01,7.663510354805939
verify_test_proj,mortality_apc/cancer,cancer,male,total,35,2065,0,0.01,7.586875251257879
verify_test_proj,mortality_apc/cancer,cancer,male,total,35,2066,0,0.01,7.5110064987453
verify_test_proj,mortality_apc/cancer,cancer,male,total,35,2067,0,0.01,7.435896433757847
verify_test_proj,mortality_apc/cancer,cancer,male,total,35,2068,0,0.01,7.361537469420268
verify_test_proj,mortality_apc/cancer,cancer,male,total,35,2069,0,0.01,7.287922094726065
verify_test_proj,mortality_apc/cancer,cancer,male,total,35,2070,0,0.01,7.215042873778804
verify_test_proj,mortality_apc/cancer,cancer,male,total,35,2071,0,0.01,7.142892445041016
verify_test_proj,mortality_apc/cancer,cancer,male,total,35,2072,0,0.01,7.071463520590606
verify_test_proj,mortality_apc/cancer,cancer,male,total,35,2073,0,0.01,7.0007488853846995
verify_test_proj,mortality_apc/cancer,cancer,male,total,35,2074,0,0.01,6.930741396530853
verify_test_proj,mortality_apc/cancer,cancer,male,total,35,2075,0,0.01,6.861433982565544
verify_test_proj,mortality_apc/cancer,cancer,male,total,35,2076,0,0.01,6.792819642739889
verify_test_proj,mortality_apc/cancer,cancer,male,total,35,2077,0,0.01,6.72489144631249
verify_test_proj,mortality_apc/cancer,cancer,male,total,35,2078,0,0.01,6.657642531849365
verify_test_proj,mortality_apc/cancer,cancer,male,total,35,2079,0,0.01,6.591066106530871
verify_test_proj,mortality_apc/cancer,cancer,male,total,35,2080,0,0.01,6.525155445465562
verify_test_proj,mortality_apc/cancer,cancer,male,total,35,2081,0,0.01,6.459903891010907
verify_test_proj,mortality_apc/cancer,cancer,male,total,35,2082,0,0.01,6.395304852100797
verify_test_proj,mortality_apc/cancer,cancer,male,total,35,2083,0,0.01,6.331351803579789
verify_test_proj,mortality_apc/cancer,cancer,male,total,35,2084,0,0.01,6.268038285543991
verify_test_proj,mortality_apc/cancer,cancer,male,total,35,2085,0,0.01,6.205357902688551
verify_test_proj,mortality_apc/cancer,cancer,male,total,35,2086,0,0.01,6.143304323661665
verify_test_proj,mortality_apc/cancer,cancer,male,total,35,2087,0,0.01,6.081871280425048
verify_test_proj,mortality_apc/cancer,cancer,male,total,35,2088,0,0.01,6.0210525676207975
verify_test_proj,mortality_apc/cancer,cancer,male,total,35,2089,0,0.01,5.9608420419445896
verify_test_proj,mortality_apc/cancer,cancer,male,total,35,2090,0,0.01,5.901233621525144
verify_test_proj,mortality_apc/cancer,cancer,male,total,35,2091,0,0.01,5.8422212853098925
verify_test_proj,mortality_apc/cancer,cancer,male,total,35,2092,0,0.01,5.783799072456794
verify_test_proj,mortality_apc/cancer,cancer,male,total,35,2093,0,0.01,5.725961081732225
verify_test_proj,mortality_apc/cancer,cancer,male,total,35,2094,0,0.01,5.668701470914903
verify_test_proj,mortality_apc/cancer,cancer,male,total,35,2095,0,0.01,5.612014456205754
verify_test_proj,mortality_apc/cancer,cancer,male,total,35,2096,0,0.01,5.555894311643697
verify_test_proj,mortality_apc/cancer,cancer,male,total,35,2097,0,0.01,5.50033536852726
verify_test_proj,mortality_apc/cancer,cancer,male,total,35,2098,0,0.01,5.445332014841988
verify_test_proj,mortality_apc/cancer,cancer,male,total,35,2099,0,0.01,5.390878694693567
verify_test_proj,mortality_apc/cancer,cancer,male,total,35,2100,0,0.01,5.3369699077466315
verify_test_proj,mortality_apc/cancer,cancer,male,total,40,1950,1,,
verify_test_proj,mortality_apc/cancer,cancer,male,total,40,1951,1,,
verify_test_proj,mortality_apc/cancer,cancer,male,total,40,1952,1,,
verify_test_proj,mortality_apc/cancer,cancer,male,total,40,1953,1,,
verify_test_proj,mortality_apc/cancer,cancer,male,total,40,1954,1,,67.25611804468545
verify_test_proj,mortality_apc/cancer,cancer,male,total,40,1955,1,0.008245433637438015,66.7015621866363
verify_test_proj,mortality_apc/cancer,cancer,male,total,40,1956,1,0.008245433637438015,66.15157888211294
verify_test_proj,mortality_apc/cancer,cancer,male,total,40,1957,1,0.008245433637438015,65.60613042842874
verify_test_proj,mortality_apc/cancer,cancer,male,total,40,1958,1,0.008245433637438015,65.06517943377203
verify_test_proj,mortality_apc/cancer,cancer,male,total,40,1959,1,0.008245433637438015,64.52868881464286
verify_test_proj,mortality_apc/cancer,cancer,male,total,40,1960,1,0.006979173686815443,64.07833188762301
verify_test_proj,mortality_apc/cancer,cancer,male,total,40,1961,1,0.006979173686815443,63.63111807981789
verify_test_proj,mortality_apc/cancer,cancer,male,total,40,1962,1,0.006979173686815443,63.187025454852574
verify_test_proj,mortality_apc/cancer,cancer,male,total,40,1963,1,0.006979173686815443,62.74603222944993
verify_test_proj,mortality_apc/cancer,cancer,male,total,40,1964,1,0.006979173686815443,62.30811677236208
verify_test_proj,mortality_apc/cancer,cancer,male,total,40,1965,1,0.006571651135494072,61.89864956602449
verify_test_proj,mortality_apc/cancer,cancer,male,total,40,1966,1,0.006571651135494072,61.49187323531837
verify_test_proj,mortality_apc/cancer,cancer,male,total,40,1967,1,0.006571651135494072,61.08777009674783
verify_test_proj,mortality_apc/cancer,cancer,male,total,40,1968,1,0.006571651135494072,60.68632258302674
verify_test_proj,mortality_apc/cancer,cancer,male,total,40,1969,1,0.006571651135494072,60.28751324231503
verify_test_proj,mortality_apc/cancer,cancer,male,total,40,1970,1,0.006944113465974566,59.86886990977895
verify_test_proj,mortality_apc/cancer,cancer,male,total,40,1971,1,0.006944113465974566,59.453133684045774
verify_test_proj,mortality_apc/cancer,cancer,male,total,40,1972,1,0.006944113465974566,59.040284377836
verify_test_proj,mortality_apc/cancer,cancer,male,total,40,1973,1,0.006944113465974566,58.6303019440529
verify_test_proj,mortality_apc/cancer,cancer,male,total,40,1974,1,0.006944113465974566,58.22316647480905
verify_test_proj,mortality_apc/cancer,cancer,male,total,40,1975,1,0.008112929011970138,57.750806058346804
verify_test_proj,mortality_apc/cancer,cancer,male,total,40,1976,1,0.008112929011970138,57.282277868411384
verify_test_proj,mortality_apc/cancer,cancer,male,total,40,1977,1,0.008112929011970138,56.81755081442101
verify_test_proj,mortality_apc/cancer,cancer,male,total,40,1978,1,0.008112929011970138,56.35659405802961
verify_test_proj,mortality_apc/cancer,cancer,male,total,40,1979,1,0.008112929011970138,55.8993770110804
verify_test_proj,mortality_apc/cancer,cancer,male,total,40,1980,1,0.009882930185390437,55.34692737067307
verify_test_proj,mortality_apc/cancer,cancer,male,total,40,1981,1,0.009882930185390437,54.79993755149283
verify_test_proj,mortality_apc/cancer,cancer,male,total,40,1982,1,0.009882930185390437,54.258353594507675
verify_test_proj,mortality_apc/cancer,cancer,male,total,40,1983,1,0.009882930185390437,53.72212207395893
verify_test_proj,mortality_apc/cancer,cancer,male,total,40,1984,1,0.009882930185390437,53.19119009209097
verify_test_proj,mortality_apc/cancer,cancer,male,total,40,1985,1,0.011931071940408766,52.556562176506276
verify_test_proj,mortality_apc/cancer,cancer,male,total,40,1986,1,0.011931071940408766,51.92950605223781
verify_test_proj,mortality_apc/cancer,cancer,male,total,40,1987,1,0.011931071940408766,51.30993137969867
verify_test_proj,mortality_apc/cancer,cancer,male,total,40,1988,1,0.011931071940408766,50.69774889715005
verify_test_proj,mortality_apc/cancer,cancer,male,total,40,1989,1,0.011931071940408766,50.092870407841374
verify_test_proj,mortality_apc/cancer,cancer,male,total,40,1990,1,0.013958488683710302,49.393649643118955
verify_test_proj,mortality_apc/cancer,cancer,male,total,40,1991,1,0.013958488683710302,48.70418894352833
verify_test_proj,mortality_apc/cancer,cancer,male,total,40,1992,1,0.013958488683710302,48.0243520733108
verify_test_proj,mortality_apc/cancer,cancer,male,total,40,1993,1,0.013958488683710302,47.35400469835297
verify_test_proj,mortality_apc/cancer,cancer,male,total,40,1994,1,0.013958488683710302,46.693014359642646
verify_test_proj,mortality_apc/cancer,cancer,male,total,40,1995,1,0.015659596487846095,45.96182059596944
verify_test_proj,mortality_apc/cancer,cancer,male,total,40,1996,1,0.015659596487846095,45.24207703158979
verify_test_proj,mortality_apc/cancer,cancer,male,total,40,1997,1,0.015659596487846095,44.53360436100304
verify_test_proj,mortality_apc/cancer,cancer,male,total,40,1998,1,0.015659596487846095,43.83622608656035
verify_test_proj,mortality_apc/cancer,cancer,male,total,40,1999,1,0.015659596487846095,43.14976847449483
verify_test_proj,mortality_apc/cancer,cancer,male,total,40,2000,1,0.016837186831803908,42.423247760940676
verify_test_proj,mortality_apc/cancer,cancer,male,total,40,2001,1,0.016837186831803908,41.70895961237781
verify_test_proj,mortality_apc/cancer,cancer,male,total,40,2002,1,0.016837186831803908,41.00669806682404
verify_test_proj,mortality_apc/cancer,cancer,male,total,40,2003,1,0.016837186831803908,40.316260630117554
verify_test_proj,mortality_apc/cancer,cancer,male,total,40,2004,1,0.016837186831803908,39.637448217528565
verify_test_proj,mortality_apc/cancer,cancer,male,total,40,2005,1,0.017255107944422865,38.95349976989364
verify_test_proj,mortality_apc/cancer,cancer,male,total,40,2006,1,0.017255107944422865,38.28135292655107
verify_test_proj,mortality_apc/cancer,cancer,male,total,40,2007,1,0.017255107944422865,37.62080404954489
verify_test_proj,mortality_apc/cancer,cancer,male,total,40,2008,1,0.017255107944422865,36.97165301471401
verify_test_proj,mortality_apc/cancer,cancer,male,total,40,2009,1,0.017255107944422865,36.33370315106137
verify_test_proj,mortality_apc/cancer,cancer,male,total,40,2010,1,0.016712606381823147,35.726472271903674
verify_test_proj,mortality_apc/cancer,cancer,male,total,40,2011,1,0.016712606381823147,35.12938980341223
verify_test_proj,mortality_apc/cancer,cancer,male,total,40,2012,1,0.016712606381823147,34.54228613919417
verify_test_proj,mortality_apc/cancer,cancer,male,total,40,2013,1,0.025595331285347855,33.65816488210822
verify_test_proj,mortality_apc/cancer,cancer,male,total,40,2014,1,0.06704326641134806,31.401611566999957
verify_test_proj,mortality_apc/cancer,cancer,male,total,40,2015,1,0.058831475641063724,29.554208421005853
verify_test_proj,mortality_apc/cancer,cancer,male,total,40,2016,1,0.05119975197744553,28.041040279960622
verify_test_proj,mortality_apc/cancer,cancer,male,total,40,2017,1,0.04437709957777669,26.796660243192363
verify_test_proj,mortality_apc/cancer,cancer,male,total,40,2018,1,0.03874400401880396,25.758450331039594
verify_test_proj,mortality_apc/cancer,cancer,male,total,40,2019,1,0.03412349296813533,24.879482032298302
verify_test_proj,mortality_apc/cancer,cancer,male,total,40,2020,1,-0.004371455431168236,24.988241579153044
verify_test_proj,mortality_apc/cancer,cancer,male,total,40,2021,1,-0.004626331482306734,25.103845467858164
verify_test_proj,mortality_apc/cancer,cancer,male,total,40,2022,1,0.016917612215678002,24.679148345110633
verify_test_proj,mortality_apc/cancer,cancer,male,total,40,2023,1,0.09906836382470063,22.234225497973455
verify_test_proj,mortality_apc/cancer,cancer,male,total,40,2024,1,0.027720745817827352,21.617876184487876
verify_test_proj,mortality_apc/cancer,cancer,male,total,40,2025,0,0.02610976892529759,21.053438432655202
verify_test_proj,mortality_apc/cancer,cancer,male,total,40,2026,0,0.024498792032767832,20.5376546229189
verify_test_proj,mortality_apc/cancer,cancer,male,total,40,2027,0,0.022887815140238077,20.067592580495475
verify_test_proj,mortality_apc/cancer,cancer,male,total,40,2028,0,0.021276838247708315,19.640617659139362
verify_test_proj,mortality_apc/cancer,cancer,male,total,40,2029,0,0.019665861355178553,19.254367995324657
verify_test_proj,mortality_apc/cancer,cancer,male,total,40,2030,0,0.018054884462648798,18.906732605767747
verify_test_proj,mortality_apc/cancer,cancer,male,total,40,2031,0,0.01644390757011904,18.595832042345545
verify_test_proj,mortality_apc/cancer,cancer,male,total,40,2032,0,0.014832930677589277,18.32000135476934
verify_test_proj,mortality_apc/cancer,cancer,male,total,40,2033,0,0.013221953785059519,18.07777514351435
verify_test_proj,mortality_apc/cancer,cancer,male,total,40,2034,0,0.01161097689252976,17.86787451405466
verify_test_proj,mortality_apc/cancer,cancer,male,total,40,2035,0,0.01,17.68919576891411
verify_test_proj,mortality_apc/cancer,cancer,male,total,40,2036,0,0.01,17.51230381122497
verify_test_proj,mortality_apc/cancer,cancer,male,total,40,2037,0,0.01,17.33718077311272
verify_test_proj,mortality_apc/cancer,cancer,male,total,40,2038,0,0.01,17.163808965381595
verify_test_proj,mortality_apc/cancer,cancer,male,total,40,2039,0,0.01,16.99217087572778
verify_test_proj,mortality_apc/cancer,cancer,male,total,40,2040,0,0.01,16.8222491669705
verify_test_proj,mortality_apc/cancer,cancer,male,total,40,2041,0,0.01,16.654026675300795
verify_test_proj,mortality_apc/cancer,cancer,male,total,40,2042,0,0.01,16.487486408547788
verify_test_proj,mortality_apc/cancer,cancer,male,total,40,2043,0,0.01,16.32261154446231
verify_test_proj,mortality_apc/cancer,cancer,male,total,40,2044,0,0.01,16.159385429017686
verify_test_proj,mortality_apc/cancer,cancer,male,total,40,2045,0,0.01,15.99779157472751
verify_test_proj,mortality_apc/cancer,cancer,male,total,40,2046,0,0.01,15.837813658980235
verify_test_proj,mortality_apc/cancer,cancer,male,total,40,2047,0,0.01,15.679435522390433
verify_test_proj,mortality_apc/cancer,cancer,male,total,40,2048,0,0.01,15.522641167166528
verify_test_proj,mortality_apc/cancer,cancer,male,total,40,2049,0,0.01,15.367414755494863
verify_test_proj,mortality_apc/cancer,cancer,male,total,40,2050,0,0.01,15.213740607939915
verify_test_proj,mortality_apc/cancer,cancer,male,total,40,2051,0,0.01,15.061603201860516
verify_test_proj,mortality_apc/cancer,cancer,male,total,40,2052,0,0.01,14.91098716984191
verify_test_proj,mortality_apc/cancer,cancer,male,total,40,2053,0,0.01,14.76187729814349
verify_test_proj,mortality_apc/cancer,cancer,male,total,40,2054,0,0.01,14.614258525162056
verify_test_proj,mortality_apc/cancer,cancer,male,total,40,2055,0,0.01,14.468115939910435
verify_test_proj,mortality_apc/cancer,cancer,male,total,40,2056,0,0.01,14.323434780511331
verify_test_proj,mortality_apc/cancer,cancer,male,total,40,2057,0,0.01,14.180200432706217
verify_test_proj,mortality_apc/cancer,cancer,male,total,40,2058,0,0.01,14.038398428379155
verify_test_proj,mortality_apc/cancer,cancer,male,total,40,2059,0,0.01,13.898014444095363
verify_test_proj,mortality_apc/cancer,cancer,male,total,40,2060,0,0.01,13.75903429965441
verify_test_proj,mortality_apc/cancer,cancer,male,total,40,2061,0,0.01,13.621443956657865
verify_test_proj,mortality_apc/cancer,cancer,male,total,40,2062,0,0.01,13.485229517091286
verify_test_proj,mortality_apc/cancer,cancer,male,total,40,2063,0,0.01,13.350377221920374
verify_test_proj,mortality_apc/cancer,cancer,male,total,40,2064,0,0.01,13.21687344970117
verify_test_proj,mortality_apc/cancer,cancer,male,total,40,2065,0,0.01,13.084704715204158
verify_test_proj,mortality_apc/cancer,cancer,male,total,40,2066,0,0.01,12.953857668052116
verify_test_proj,mortality_apc/cancer,cancer,male,total,40,2067,0,0.01,12.824319091371594
verify_test_proj,mortality_apc/cancer,cancer,male,total,40,2068,0,0.01,12.696075900457878
verify_test_proj,mortality_apc/cancer,cancer,male,total,40,2069,0,0.01,12.569115141453299
verify_test_proj,mortality_apc/cancer,cancer,male,total,40,2070,0,0.01,12.443423990038767
verify_test_proj,mortality_apc/cancer,cancer,male,total,40,2071,0,0.01,12.318989750138378
verify_test_proj,mortality_apc/cancer,cancer,male,total,40,2072,0,0.01,12.195799852636995
verify_test_proj,mortality_apc/cancer,cancer,male,total,40,2073,0,0.01,12.073841854110626
verify_test_proj,mortality_apc/cancer,cancer,male,total,40,2074,0,0.01,11.953103435569519
verify_test_proj,mortality_apc/cancer,cancer,male,total,40,2075,0,0.01,11.833572401213823
verify_test_proj,mortality_apc/cancer,cancer,male,total,40,2076,0,0.01,11.715236677201684
verify_test_proj,mortality_apc/cancer,cancer,male,total,40,2077,0,0.01,11.598084310429668
verify_test_proj,mortality_apc/cancer,cancer,male,total,40,2078,0,0.01,11.482103467325372
verify_test_proj,mortality_apc/cancer,cancer,male,total,40,2079,0,0.01,11.367282432652118
verify_test_proj,mortality_apc/cancer,cancer,male,total,40,2080,0,0.01,11.253609608325597
verify_test_proj,mortality_apc/cancer,cancer,male,total,40,2081,0,0.01,11.141073512242341
verify_test_proj,mortality_apc/cancer,cancer,male,total,40,2082,0,0.01,11.029662777119919
verify_test_proj,mortality_apc/cancer,cancer,male,total,40,2083,0,0.01,10.91936614934872
verify_test_proj,mortality_apc/cancer,cancer,male,total,40,2084,0,0.01,10.810172487855233
verify_test_proj,mortality_apc/cancer,cancer,male,total,40,2085,0,0.01,10.70207076297668
verify_test_proj,mortality_apc/cancer,cancer,male,total,40,2086,0,0.01,10.595050055346913
verify_test_proj,mortality_apc/cancer,cancer,male,total,40,2087,0,0.01,10.489099554793444
verify_test_proj,mortality_apc/cancer,cancer,male,total,40,2088,0,0.01,10.38420855924551
verify_test_proj,mortality_apc/cancer,cancer,male,total,40,2089,0,0.01,10.280366473653054
verify_test_proj,mortality_apc/cancer,cancer,male,total,40,2090,0,0.01,10.177562808916523
verify_test_proj,mortality_apc/cancer,cancer,male,total,40,2091,0,0.01,10.075787180827358
verify_test_proj,mortality_apc/cancer,cancer,male,total,40,2092,0,0.01,9.975029309019085
verify_test_proj,mortality_apc/cancer,cancer,male,total,40,2093,0,0.01,9.875279015928895
verify_test_proj,mortality_apc/cancer,cancer,male,total,40,2094,0,0.01,9.776526225769606
verify_test_proj,mortality_apc/cancer,cancer,male,total,40,2095,0,0.01,9.67876096351191
verify_test_proj,mortality_apc/cancer,cancer,male,total,40,2096,0,0.01,9.581973353876792
verify_test_proj,mortality_apc/cancer,cancer,male,total,40,2097,0,0.01,9.486153620338024
verify_test_proj,mortality_apc/cancer,cancer,male,total,40,2098,0,0.01,9.391292084134644
verify_test_proj,mortality_apc/cancer,cancer,male,total,40,2099,0,0.01,9.297379163293298
verify_test_proj,mortality_apc/cancer,cancer,male,total,40,2100,0,0.01,9.204405371660366
verify_test_proj,mortality_apc/cancer,cancer,male,total,45,1950,1,,
verify_test_proj,mortality_apc/cancer,cancer,male,total,45,1951,1,,
verify_test_proj,mortality_apc/cancer,cancer,male,total,45,1952,1,,
verify_test_proj,mortality_apc/cancer,cancer,male,total,45,1953,1,,
verify_test_proj,mortality_apc/cancer,cancer,male,total,45,1954,1,,112.05046630066057
verify_test_proj,mortality_apc/cancer,cancer,male,total,45,1955,1,0.006763938080035059,111.29256388476385
verify_test_proj,mortality_apc/cancer,cancer,male,total,45,1956,1,0.006763938080035059,110.53978787387896
verify_test_proj,mortality_apc/cancer,cancer,male,total,45,1957,1,0.006763938080035059,109.79210359331984
verify_test_proj,mortality_apc/cancer,cancer,male,total,45,1958,1,0.006763938080035059,109.04947660293783
verify_test_proj,mortality_apc/cancer,cancer,male,total,45,1959,1,0.006763938080035059,108.31187269553533
verify_test_proj,mortality_apc/cancer,cancer,male,total,45,1960,1,0.0055677428839499,107.70882003708748
verify_test_proj,mortality_apc/cancer,cancer,male,total,45,1961,1,0.0055677428839499,107.10912502078735
verify_test_proj,mortality_apc/cancer,cancer,male,total,45,1962,1,0.0055677428839499,106.51276895214676
verify_test_proj,mortality_apc/cancer,cancer,male,total,45,1963,1,0.0055677428839499,105.91973324076365
verify_test_proj,mortality_apc/cancer,cancer,male,total,45,1964,1,0.0055677428839499,105.32999939974252
verify_test_proj,mortality_apc/cancer,cancer,male,total,45,1965,1,0.005226773798313267,104.77946331870359
verify_test_proj,mortality_apc/cancer,cancer,male,total,45,1966,1,0.005226773798313267,104.23180476522806
verify_test_proj,mortality_apc/cancer,cancer,male,total,45,1967,1,0.005226773798313267,103.68700869913026
verify_test_proj,mortality_apc/cancer,cancer,male,total,45,1968,1,0.005226773798313267,103.14506015883616
verify_test_proj,mortality_apc/cancer,cancer,male,total,45,1969,1,0.005226773798313267,102.6059442609725
verify_test_proj,mortality_apc/cancer,cancer,male,total,45,1970,1,0.0055683379516108245,102.03459968748327
verify_test_proj,mortality_apc/cancer,cancer,male,total,45,1971,1,0.0055683379516108245,101.46643655366603
verify_test_proj,mortality_apc/cancer,cancer,male,total,45,1972,1,0.0055683379516108245,100.90143714418954
verify_test_proj,mortality_apc/cancer,cancer,male,total,45,1973,1,0.0055683379516108245,100.33958384236747
verify_test_proj,mortality_apc/cancer,cancer,male,total,45,1974,1,0.0055683379516108245,99.78085912960918
verify_test_proj,mortality_apc/cancer,cancer,male,total,45,1975,1,0.006523142351894107,99.12997438151245
verify_test_proj,mortality_apc/cancer,cancer,male,total,45,1976,1,0.006523142351894107,98.48333544728223
verify_test_proj,mortality_apc/cancer,cancer,male,total,45,1977,1,0.006523142351894107,97.84091463087027
verify_test_proj,mortality_apc/cancer,cancer,male,total,45,1978,1,0.006523142351894107,97.20268441689359
verify_test_proj,mortality_apc/cancer,cancer,male,total,45,1979,1,0.006523142351894107,96.56861746945596
verify_test_proj,mortality_apc/cancer,cancer,male,total,45,1980,1,0.00805943712730739,95.79032876848989
verify_test_proj,mortality_apc/cancer,cancer,male,total,45,1981,1,0.00805943712730739,95.01831263637614
verify_test_proj,mortality_apc/cancer,cancer,male,total,45,1982,1,0.00805943712730739,94.25251851974042
verify_test_proj,mortality_apc/cancer,cancer,male,total,45,1983,1,0.00805943712730739,93.4928962726402
verify_test_proj,mortality_apc/cancer,cancer,male,total,45,1984,1,0.00805943712730739,92.73939615328098
verify_test_proj,mortality_apc/cancer,cancer,male,total,45,1985,1,0.010038882084966172,91.80839629066722
verify_test_proj,mortality_apc/cancer,cancer,male,total,45,1986,1,0.010038882084966172,90.88674262589537
verify_test_proj,mortality_apc/cancer,cancer,male,total,45,1987,1,0.010038882084966172,89.97434133358733
verify_test_proj,mortality_apc/cancer,cancer,male,total,45,1988,1,0.010038882084966172,89.07109953026695
verify_test_proj,mortality_apc/cancer,cancer,male,total,45,1989,1,0.010038882084966172,88.17692526490431
verify_test_proj,mortality_apc/cancer,cancer,male,total,45,1990,1,0.012058388408787812,87.11365365136744
verify_test_proj,mortality_apc/cancer,cancer,male,total,45,1991,1,0.012058388408787812,86.06320337993064
verify_test_proj,mortality_apc/cancer,cancer,male,total,45,1992,1,0.012058388408787812,85.02541984587094
verify_test_proj,mortality_apc/cancer,cancer,male,total,45,1993,1,0.012058388408787812,84.00015030874917
verify_test_proj,mortality_apc/cancer,cancer,male,total,45,1994,1,0.012058388408787812,82.98724386992971
verify_test_proj,mortality_apc/cancer,cancer,male,total,45,1995,1,0.013886103866737831,81.83487438193757
verify_test_proj,mortality_apc/cancer,cancer,male,total,45,1996,1,0.013886103866737831,80.69850681634854
verify_test_proj,mortality_apc/cancer,cancer,male,total,45,1997,1,0.013886103866737831,79.57791896880607
verify_test_proj,mortality_apc/cancer,cancer,male,total,45,1998,1,0.013886103866737831,78.47289172050638
verify_test_proj,mortality_apc/cancer,cancer,male,total,45,1999,1,0.013886103866737831,77.38320899535216
verify_test_proj,mortality_apc/cancer,cancer,male,total,45,2000,1,0.015310401400986384,76.1984410039369
verify_test_proj,mortality_apc/cancer,cancer,male,total,45,2001,1,0.015310401400986384,75.03181228603725
verify_test_proj,mortality_apc/cancer,cancer,male,total,45,2002,1,0.015310401400986384,73.88304512209456
verify_test_proj,mortality_apc/cancer,cancer,male,total,45,2003,1,0.015310401400986384,72.7518660445481
verify_test_proj,mortality_apc/cancer,cancer,male,total,45,2004,1,0.015310401400986384,71.63800577273527
verify_test_proj,mortality_apc/cancer,cancer,male,total,45,2005,1,0.016104846076419377,70.48428671654372
verify_test_proj,mortality_apc/cancer,cancer,male,total,45,2006,1,0.016104846076419377,69.34914812816757
verify_test_proj,mortality_apc/cancer,cancer,male,total,45,2007,1,0.016104846076419377,68.23229077203263
verify_test_proj,mortality_apc/cancer,cancer,male,total,45,2008,1,0.016104846076419377,67.13342023170755
verify_test_proj,mortality_apc/cancer,cancer,male,total,45,2009,1,0.016104846076419377,66.05224683229231
verify_test_proj,mortality_apc/cancer,cancer,male,total,45,2010,1,0.016051587151970304,64.99200343568032
verify_test_proj,mortality_apc/cancer,cancer,male,total,45,2011,1,0.016051587151970304,63.94877862835134
verify_test_proj,mortality_apc/cancer,cancer,male,total,45,2012,1,0.016051587151970304,62.922299234936304
verify_test_proj,mortality_apc/cancer,cancer,male,total,45,2013,1,0.025170464663672232,61.33851572548633
verify_test_proj,mortality_apc/cancer,cancer,male,total,45,2014,1,0.06723463126799667,57.214443238157045
verify_test_proj,mortality_apc/cancer,cancer,male,total,45,2015,1,0.059979599309021525,53.78274385804363
verify_test_proj,mortality_apc/cancer,cancer,male,total,45,2016,1,0.0527768600830687,50.94425951056414
verify_test_proj,mortality_apc/cancer,cancer,male,total,45,2017,1,0.04629747503513593,48.58566892769031
verify_test_proj,mortality_apc/cancer,cancer,male,total,45,2018,1,0.04069874630539183,46.60829311392448
verify_test_proj,mortality_apc/cancer,cancer,male,total,45,2019,1,0.036083945259645867,44.9264820165561
verify_test_proj,mortality_apc/cancer,cancer,male,total,45,2020,1,-0.0021970747333648344,45.02518885505364
verify_test_proj,mortality_apc/cancer,cancer,male,total,45,2021,1,-0.0025162601328507783,45.13848394274369
verify_test_proj,mortality_apc/cancer,cancer,male,total,45,2022,1,0.018935258810027666,44.28377506699556
verify_test_proj,mortality_apc/cancer,cancer,male,total,45,2023,1,0.10093162627177277,39.814141632030314
verify_test_proj,mortality_apc/cancer,cancer,male,total,45,2024,1,0.02965373152619899,38.633503765128026
verify_test_proj,mortality_apc/cancer,cancer,male,total,45,2025,0,0.027867028660180898,37.556902808462
verify_test_proj,mortality_apc/cancer,cancer,male,total,45,2026,0,0.02608032579416281,36.5774065473976
verify_test_proj,mortality_apc/cancer,cancer,male,total,45,2027,0,0.02429362292814472,35.68880882504567
verify_test_proj,mortality_apc/cancer,cancer,male,total,45,2028,0,0.02250692006212663,34.88556365770785
verify_test_proj,mortality_apc/cancer,cancer,male,total,45,2029,0,0.020720217196108538,34.16272720171147
verify_test_proj,mortality_apc/cancer,cancer,male,total,45,2030,0,0.01893351433009045,33.51590671668289
verify_test_proj,mortality_apc/cancer,cancer,male,total,45,2031,0,0.017146811464072362,32.941215783164495
verify_test_proj,mortality_apc/cancer,cancer,male,total,45,2032,0,0.01536010859805427,32.43523513138315
verify_test_proj,mortality_apc/cancer,cancer,male,total,45,2033,0,0.013573405732036178,31.994978524930897
verify_test_proj,mortality_apc/cancer,cancer,male,total,45,2034,0,0.01178670286601809,31.617863219852904
verify_test_proj,mortality_apc/cancer,cancer,male,total,45,2035,0,0.01,31.301684587654375
verify_test_proj,mortality_apc/cancer,cancer,male,total,45,2036,0,0.01,30.98866774177783
verify_test_proj,mortality_apc/cancer,cancer,male,total,45,2037,0,0.01,30.678781064360052
verify_test_proj,mortality_apc/cancer,cancer,male,total,45,2038,0,0.01,30.37199325371645
verify_test_proj,mortality_apc/cancer,cancer,male,total,45,2039,0,0.01,30.068273321179287
verify_test_proj,mortality_apc/cancer,cancer,male,total,45,2040,0,0.01,29.767590587967494
verify_test_proj,mortality_apc/cancer,cancer,male,total,45,2041,0,0.01,29.46991468208782
verify_test_proj,mortality_apc/cancer,cancer,male,total,45,2042,0,0.01,29.17521553526694
verify_test_proj,mortality_apc/cancer,cancer,male,total,45,2043,0,0.01,28.88346337991427
verify_test_proj,mortality_apc/cancer,cancer,male,total,45,2044,0,0.01,28.594628746115127
verify_test_proj,mortality_apc/cancer,cancer,male,total,45,2045,0,0.01,28.308682458653976
verify_test_proj,mortality_apc/cancer,cancer,male,total,45,2046,0,0.01,28.025595634067436
verify_test_proj,mortality_apc/cancer,cancer,male,total,45,2047,0,0.01,27.74533967772676
verify_test_proj,mortality_apc/cancer,cancer,male,total,45,2048,0,0.01,27.467886280949493
verify_test_proj,mortality_apc/cancer,cancer,male,total,45,2049,0,0.01,27.19320741814
verify_test_proj,mortality_apc/cancer,cancer,male,total,45,2050,0,0.01,26.921275343958598
verify_test_proj,mortality_apc/cancer,cancer,male,total,45,2051,0,0.01,26.652062590519012
verify_test_proj,mortality_apc/cancer,cancer,male,total,45,2052,0,0.01,26.38554196461382
verify_test_proj,mortality_apc/cancer,cancer,male,total,45,2053,0,0.01,26.121686544967684
verify_test_proj,mortality_apc/cancer,cancer,male,total,45,2054,0,0.01,25.86046967951801
verify_test_proj,mortality_apc/cancer,cancer,male,total,45,2055,0,0.01,25.601864982722827
verify_test_proj,mortality_apc/cancer,cancer,male,total,45,2056,0,0.01,25.345846332895597
verify_test_proj,mortality_apc/cancer,cancer,male,total,45,2057,0,0.01,25.09238786956664
verify_test_proj,mortality_apc/cancer,cancer,male,total,45,2058,0,0.01,24.841463990870974
verify_test_proj,mortality_apc/cancer,cancer,male,total,45,2059,0,0.01,24.593049350962264
verify_test_proj,mortality_apc/cancer,cancer,male,total,45,2060,0,0.01,24.347118857452642
verify_test_proj,mortality_apc/cancer,cancer,male,total,45,2061,0,0.01,24.103647668878114
verify_test_proj,mortality_apc/cancer,cancer,male,total,45,2062,0,0.01,23.862611192189334
verify_test_proj,mortality_apc/cancer,cancer,male,total,45,2063,0,0.01,23.623985080267442
verify_test_proj,mortality_apc/cancer,cancer,male,total,45,2064,0,0.01,23.387745229464766
verify_test_proj,mortality_apc/cancer,cancer,male,total,45,2065,0,0.01,23.153867777170117
verify_test_proj,mortality_apc/cancer,cancer,male,total,45,2066,0,0.01,22.922329099398414
verify_test_proj,mortality_apc/cancer,cancer,male,total,45,2067,0,0.01,22.69310580840443
verify_test_proj,mortality_apc/cancer,cancer,male,total,45,2068,0,0.01,22.466174750320384
verify_test_proj,mortality_apc/cancer,cancer,male,total,45,2069,0,0.01,22.24151300281718
verify_test_proj,mortality_apc/cancer,cancer,male,total,45,2070,0,0.01,22.019097872789008
verify_test_proj,mortality_apc/cancer,cancer,male,total,45,2071,0,0.01,21.79890689406112
verify_test_proj,mortality_apc/cancer,cancer,male,total,45,2072,0,0.01,21.58091782512051
verify_test_proj,mortality_apc/cancer,cancer,male,total,45,2073,0,0.01,21.365108646869302
verify_test_proj,mortality_apc/cancer,cancer,male,total,45,2074,0,0.01,21.15145756040061
verify_test_proj,mortality_apc/cancer,cancer,male,total,45,2075,0,0.01,20.939942984796602
verify_test_proj,mortality_apc/cancer,cancer,male,total,45,2076,0,0.01,20.730543554948635
verify_test_proj,mortality_apc/cancer,cancer,male,total,45,2077,0,0.01,20.52323811939915
verify_test_proj,mortality_apc/cancer,cancer,male,total,45,2078,0,0.01,20.31800573820516
verify_test_proj,mortality_apc/cancer,cancer,male,total,45,2079,0,0.01,20.114825680823106
verify_test_proj,mortality_apc/cancer,cancer,male,total,45,2080,0,0.01,19.913677424014875
verify_test_proj,mortality_apc/cancer,cancer,male,total,45,2081,0,0.01,19.714540649774726
verify_test_proj,mortality_apc/cancer,cancer,male,total,45,2082,0,0.01,19.51739524327698
verify_test_proj,mortality_apc/cancer,cancer,male,total,45,2083,0,0.01,19.322221290844208
verify_test_proj,mortality_apc/cancer,cancer,male,total,45,2084,0,0.01,19.128999077935767
verify_test_proj,mortality_apc/cancer,cancer,male,total,45,2085,0,0.01,18.93770908715641
verify_test_proj,mortality_apc/cancer,cancer,male,total,45,2086,0,0.01,18.748331996284847
verify_test_proj,mortality_apc/cancer,cancer,male,total,45,2087,0,0.01,18.560848676322
verify_test_proj,mortality_apc/cancer,cancer,male,total,45,2088,0,0.01,18.37524018955878
verify_test_proj,mortality_apc/cancer,cancer,male,total,45,2089,0,0.01,18.191487787663192
verify_test_proj,mortality_apc/cancer,cancer,male,total,45,2090,0,0.01,18.00957290978656
verify_test_proj,mortality_apc/cancer,cancer,male,total,45,2091,0,0.01,17.829477180688695
verify_test_proj,mortality_apc/cancer,cancer,male,total,45,2092,0,0.01,17.65118240888181
verify_test_proj,mortality_apc/cancer,cancer,male,total,45,2093,0,0.01,17.47467058479299
verify_test_proj,mortality_apc/cancer,cancer,male,total,45,2094,0,0.01,17.29992387894506
verify_test_proj,mortality_apc/cancer,cancer,male,total,45,2095,0,0.01,17.126924640155607
verify_test_proj,mortality_apc/cancer,cancer,male,total,45,2096,0,0.01,16.95565539375405
verify_test_proj,mortality_apc/cancer,cancer,male,total,45,2097,0,0.01,16.78609883981651
verify_test_proj,mortality_apc/cancer,cancer,male,total,45,2098,0,0.01,16.618237851418346
verify_test_proj,mortality_apc/cancer,cancer,male,total,45,2099,0,0.01,16.452055472904163
verify_test_proj,mortality_apc/cancer,cancer,male,total,45,2100,0,0.01,16.287534918175123
verify_test_proj,mortality_apc/cancer,cancer,male,total,50,1950,1,,
verify_test_proj,mortality_apc/cancer,cancer,male,total,50,1951,1,,
verify_test_proj,mortality_apc/cancer,cancer,male,total,50,1952,1,,
verify_test_proj,mortality_apc/cancer,cancer,male,total,50,1953,1,,
verify_test_proj,mortality_apc/cancer,cancer,male,total,50,1954,1,,178.21331309027332
verify_test_proj,mortality_apc/cancer,cancer,male,total,50,1955,1,0.003815251820267429,177.53338442310977
verify_test_proj,mortality_apc/cancer,cancer,male,total,50,1956,1,0.003815251820267429,176.85604985503127
verify_test_proj,mortality_apc/cancer,cancer,male,total,50,1957,1,0.003815251820267429,176.18129948889657
verify_test_proj,mortality_apc/cancer,cancer,male,total,50,1958,1,0.003815251820267429,175.50912346532448
verify_test_proj,mortality_apc/cancer,cancer,male,total,50,1959,1,0.003815251820267429,174.83951196254986
verify_test_proj,mortality_apc/cancer,cancer,male,total,50,1960,1,0.002908031504104236,174.33107315360056
verify_test_proj,mortality_apc/cancer,cancer,male,total,50,1961,1,0.002908031504104236,173.8241129007256
verify_test_proj,mortality_apc/cancer,cancer,male,total,50,1962,1,0.002908031504104236,173.3186269042373
verify_test_proj,mortality_apc/cancer,cancer,male,total,50,1963,1,0.002908031504104236,172.8146108769517
verify_test_proj,mortality_apc/cancer,cancer,male,total,50,1964,1,0.002908031504104236,172.312060544152
verify_test_proj,mortality_apc/cancer,cancer,male,total,50,1965,1,0.002875505822696578,171.81657621073643
verify_test_proj,mortality_apc/cancer,cancer,male,total,50,1966,1,0.002875505822696578,171.32251664540667
verify_test_proj,mortality_apc/cancer,cancer,male,total,50,1967,1,0.002875505822696578,170.82987775123377
verify_test_proj,mortality_apc/cancer,cancer,male,total,50,1968,1,0.002875505822696578,170.33865544306954
verify_test_proj,mortality_apc/cancer,cancer,male,total,50,1969,1,0.002875505822696578,169.8488456475127
verify_test_proj,mortality_apc/cancer,cancer,male,total,50,1970,1,0.0034322084652073093,169.26588900167562
verify_test_proj,mortality_apc/cancer,cancer,male,total,50,1971,1,0.0034322084652073093,168.68493318457323
verify_test_proj,mortality_apc/cancer,cancer,male,total,50,1972,1,0.0034322084652073093,168.1059713289442
verify_test_proj,mortality_apc/cancer,cancer,male,total,50,1973,1,0.0034322084652073093,167.5289965910971
verify_test_proj,mortality_apc/cancer,cancer,male,total,50,1974,1,0.0034322084652073093,166.95400215082944
verify_test_proj,mortality_apc/cancer,cancer,male,total,50,1975,1,0.004443728773253164,166.21210384766204
verify_test_proj,mortality_apc/cancer,cancer,male,total,50,1976,1,0.004443728773253164,165.47350233933125
verify_test_proj,mortality_apc/cancer,cancer,male,total,50,1977,1,0.004443728773253164,164.73818297577498
verify_test_proj,mortality_apc/cancer,cancer,male,total,50,1978,1,0.004443728773253164,164.00613117203207
verify_test_proj,mortality_apc/cancer,cancer,male,total,50,1979,1,0.004443728773253164,163.27733240795297
verify_test_proj,mortality_apc/cancer,cancer,male,total,50,1980,1,0.00586312445380377,162.32001708756005
verify_test_proj,mortality_apc/cancer,cancer,male,total,50,1981,1,0.00586312445380377,161.36831462603212
verify_test_proj,mortality_apc/cancer,cancer,male,total,50,1982,1,0.00586312445380377,160.42219211447912
verify_test_proj,mortality_apc/cancer,cancer,male,total,50,1983,1,0.00586312445380377,159.48161683695992
verify_test_proj,mortality_apc/cancer,cancer,male,total,50,1984,1,0.00586312445380377,158.546556269351
verify_test_proj,mortality_apc/cancer,cancer,male,total,50,1985,1,0.007763547227211065,157.3156725920422
verify_test_proj,mortality_apc/cancer,cancer,male,total,50,1986,1,0.007763547227211065,156.0943449382934
verify_test_proj,mortality_apc/cancer,cancer,male,total,50,1987,1,0.007763547227211065,154.8824991194644
verify_test_proj,mortality_apc/cancer,cancer,male,total,50,1988,1,0.007763547227211065,153.68006152288197
verify_test_proj,mortality_apc/cancer,cancer,male,total,50,1989,1,0.007763547227211065,152.48695910736836
verify_test_proj,mortality_apc/cancer,cancer,male,total,50,1990,1,0.009876517409036056,150.98091900109347
verify_test_proj,mortality_apc/cancer,cancer,male,total,50,1991,1,0.009876517409036056,149.4897533261469
verify_test_proj,mortality_apc/cancer,cancer,male,total,50,1992,1,0.009876517409036056,148.0133151749487
verify_test_proj,mortality_apc/cancer,cancer,male,total,50,1993,1,0.009876517409036056,146.55145909085417
verify_test_proj,mortality_apc/cancer,cancer,male,total,50,1994,1,0.009876517409036056,145.10404105382372
verify_test_proj,mortality_apc/cancer,cancer,male,total,50,1995,1,0.011819831485462173,143.38893574070795
verify_test_proj,mortality_apc/cancer,cancer,male,total,50,1996,1,0.011819831485462173,141.69410268337302
verify_test_proj,mortality_apc/cancer,cancer,male,total,50,1997,1,0.011819831485462173,140.01930226717178
verify_test_proj,mortality_apc/cancer,cancer,male,total,50,1998,1,0.011819831485462173,138.36429770966183
verify_test_proj,mortality_apc/cancer,cancer,male,total,50,1999,1,0.011819831485462173,136.7288550271293
verify_test_proj,mortality_apc/cancer,cancer,male,total,50,2000,1,0.013442230323285287,134.89091426601556
verify_test_proj,mortality_apc/cancer,cancer,male,total,50,2001,1,0.013442230323285287,133.07767952793324
verify_test_proj,mortality_apc/cancer,cancer,male,total,50,2002,1,0.013442230323285287,131.2888187088304
verify_test_proj,mortality_apc/cancer,cancer,male,total,50,2003,1,0.013442230323285287,129.52400416887426
verify_test_proj,mortality_apc/cancer,cancer,male,total,50,2004,1,0.013442230323285287,127.7829126724421
verify_test_proj,mortality_apc/cancer,cancer,male,total,50,2005,1,0.014510524553909887,125.9287155805385
verify_test_proj,mortality_apc/cancer,cancer,male,total,50,2006,1,0.014510524553909887,124.10142386106476
verify_test_proj,mortality_apc/cancer,cancer,male,total,50,2007,1,0.014510524553909887,122.3006471029536
verify_test_proj,mortality_apc/cancer,cancer,male,total,50,2008,1,0.014510524553909887,120.52600056020712
verify_test_proj,mortality_apc/cancer,cancer,male,total,50,2009,1,0.014510524553909887,118.77710506969368
verify_test_proj,mortality_apc/cancer,cancer,male,total,50,2010,1,0.014862888165256716,117.01173424044987
verify_test_proj,mortality_apc/cancer,cancer,male,total,50,2011,1,0.014862888165256716,115.27260192041132
verify_test_proj,mortality_apc/cancer,cancer,male,total,50,2012,1,0.014862888165256716,113.55931812955009
verify_test_proj,mortality_apc/cancer,cancer,male,total,50,2013,1,0.023940440894328563,110.84065798586934
verify_test_proj,mortality_apc/cancer,cancer,male,total,50,2014,1,0.06546841246279489,103.58409607120286
verify_test_proj,mortality_apc/cancer,cancer,male,total,50,2015,1,0.059369207496991705,97.4343903781633
verify_test_proj,mortality_apc/cancer,cancer,male,total,50,2016,1,0.05295801969563518,92.27445801348432
verify_test_proj,mortality_apc/cancer,cancer,male,total,50,2017,1,0.04693670275946571,87.94339920541461
verify_test_proj,mortality_apc/cancer,cancer,male,total,50,2018,1,0.04146265260739468,84.29703259504707
verify_test_proj,mortality_apc/cancer,cancer,male,total,50,2019,1,0.036826404179052585,81.1926760016071
verify_test_proj,mortality_apc/cancer,cancer,male,total,50,2020,1,-0.0014839683590932573,81.31316336378359
verify_test_proj,mortality_apc/cancer,cancer,male,total,50,2021,1,-0.0018677951455727815,81.46503969558563
verify_test_proj,mortality_apc/cancer,cancer,male,total,50,2022,1,0.01936620363932251,79.88737114735542
verify_test_proj,mortality_apc/cancer,cancer,male,total,50,2023,1,0.10098217666243559,71.82017052105562
verify_test_proj,mortality_apc/cancer,cancer,male,total,50,2024,1,0.029191203716674274,69.7236532924092
verify_test_proj,mortality_apc/cancer,cancer,male,total,50,2025,0,0.02744654883334025,67.8099796374802
verify_test_proj,mortality_apc/cancer,cancer,male,total,50,2026,0,0.025701893950006223,66.0671347320856
verify_test_proj,mortality_apc/cancer,cancer,male,total,50,2027,0,0.0239572390666722,64.48434859085899
verify_test_proj,mortality_apc/cancer,cancer,male,total,50,2028,0,0.022212584183338175,63.051984569276804
verify_test_proj,mortality_apc/cancer,cancer,male,total,50,2029,0,0.02046792930000415,61.76144100688789
verify_test_proj,mortality_apc/cancer,cancer,male,total,50,2030,0,0.018723274416670127,60.605064598546946
verify_test_proj,mortality_apc/cancer,cancer,male,total,50,2031,0,0.0169786195333361,59.57607426493496
verify_test_proj,mortality_apc/cancer,cancer,male,total,50,2032,0,0.015233964650002074,58.66849445559704
verify_test_proj,mortality_apc/cancer,cancer,male,total,50,2033,0,0.01348930976666805,57.87709696034145
verify_test_proj,mortality_apc/cancer,cancer,male,total,50,2034,0,0.011744654883334026,57.19735043089298
verify_test_proj,mortality_apc/cancer,cancer,male,total,50,2035,0,0.01,56.62537692658405
verify_test_proj,mortality_apc/cancer,cancer,male,total,50,2036,0,0.01,56.05912315731821
verify_test_proj,mortality_apc/cancer,cancer,male,total,50,2037,0,0.01,55.49853192574503
verify_test_proj,mortality_apc/cancer,cancer,male,total,50,2038,0,0.01,54.94354660648758
verify_test_proj,mortality_apc/cancer,cancer,male,total,50,2039,0,0.01,54.3941111404227
verify_test_proj,mortality_apc/cancer,cancer,male,total,50,2040,0,0.01,53.85017002901847
verify_test_proj,mortality_apc/cancer,cancer,male,total,50,2041,0,0.01,53.31166832872829
verify_test_proj,mortality_apc/cancer,cancer,male,total,50,2042,0,0.01,52.778551645441006
verify_test_proj,mortality_apc/cancer,cancer,male,total,50,2043,0,0.01,52.2507661289866
verify_test_proj,mortality_apc/cancer,cancer,male,total,50,2044,0,0.01,51.72825846769673
verify_test_proj,mortality_apc/cancer,cancer,male,total,50,2045,0,0.01,51.21097588301976
verify_test_proj,mortality_apc/cancer,cancer,male,total,50,2046,0,0.01,50.698866124189564
verify_test_proj,mortality_apc/cancer,cancer,male,total,50,2047,0,0.01,50.191877462947666
verify_test_proj,mortality_apc/cancer,cancer,male,total,50,2048,0,0.01,49.689958688318185
verify_test_proj,mortality_apc/cancer,cancer,male,total,50,2049,0,0.01,49.193059101435004
verify_test_proj,mortality_apc/cancer,cancer,male,total,50,2050,0,0.01,48.70112851042065
verify_test_proj,mortality_apc/cancer,cancer,male,total,50,2051,0,0.01,48.21411722531644
verify_test_proj,mortality_apc/cancer,cancer,male,total,50,2052,0,0.01,47.73197605306328
verify_test_proj,mortality_apc/cancer,cancer,male,total,50,2053,0,0.01,47.254656292532644
verify_test_proj,mortality_apc/cancer,cancer,male,total,50,2054,0,0.01,46.78210972960732
verify_test_proj,mortality_apc/cancer,cancer,male,total,50,2055,0,0.01,46.314288632311246
verify_test_proj,mortality_apc/cancer,cancer,male,total,50,2056,0,0.01,45.851145745988134
verify_test_proj,mortality_apc/cancer,cancer,male,total,50,2057,0,0.01,45.39263428852825
verify_test_proj,mortality_apc/cancer,cancer,male,total,50,2058,0,0.01,44.93870794564297
verify_test_proj,mortality_apc/cancer,cancer,male,total,50,2059,0,0.01,44.48932086618654
verify_test_proj,mortality_apc/cancer,cancer,male,total,50,2060,0,0.01,44.04442765752467
verify_test_proj,mortality_apc/cancer,cancer,male,total,50,2061,0,0.01,43.60398338094942
verify_test_proj,mortality_apc/cancer,cancer,male,total,50,2062,0,0.01,43.16794354713993
verify_test_proj,mortality_apc/cancer,cancer,male,total,50,2063,0,0.01,42.736264111668525
verify_test_proj,mortality_apc/cancer,cancer,male,total,50,2064,0,0.01,42.30890147055184
verify_test_proj,mortality_apc/cancer,cancer,male,total,50,2065,0,0.01,41.88581245584632
verify_test_proj,mortality_apc/cancer,cancer,male,total,50,2066,0,0.01,41.46695433128786
verify_test_proj,mortality_apc/cancer,cancer,male,total,50,2067,0,0.01,41.05228478797498
verify_test_proj,mortality_apc/cancer,cancer,male,total,50,2068,0,0.01,40.641761940095236
verify_test_proj,mortality_apc/cancer,cancer,male,total,50,2069,0,0.01,40.23534432069428
verify_test_proj,mortality_apc/cancer,cancer,male,total,50,2070,0,0.01,39.83299087748734
verify_test_proj,mortality_apc/cancer,cancer,male,total,50,2071,0,0.01,39.434660968712464
verify_test_proj,mortality_apc/cancer,cancer,male,total,50,2072,0,0.01,39.04031435902534
verify_test_proj,mortality_apc/cancer,cancer,male,total,50,2073,0,0.01,38.64991121543508
verify_test_proj,mortality_apc/cancer,cancer,male,total,50,2074,0,0.01,38.26341210328073
verify_test_proj,mortality_apc/cancer,cancer,male,total,50,2075,0,0.01,37.88077798224792
verify_test_proj,mortality_apc/cancer,cancer,male,total,50,2076,0,0.01,37.50197020242544
verify_test_proj,mortality_apc/cancer,cancer,male,total,50,2077,0,0.01,37.126950500401186
verify_test_proj,mortality_apc/cancer,cancer,male,total,50,2078,0,0.01,36.75568099539717
verify_test_proj,mortality_apc/cancer,cancer,male,total,50,2079,0,0.01,36.388124185443196
verify_test_proj,mortality_apc/cancer,cancer,male,total,50,2080,0,0.01,36.02424294358877
verify_test_proj,mortality_apc/cancer,cancer,male,total,50,2081,0,0.01,35.66400051415288
verify_test_proj,mortality_apc/cancer,cancer,male,total,50,2082,0,0.01,35.30736050901135
verify_test_proj,mortality_apc/cancer,cancer,male,total,50,2083,0,0.01,34.954286903921236
verify_test_proj,mortality_apc/cancer,cancer,male,total,50,2084,0,0.01,34.604744034882025
verify_test_proj,mortality_apc/cancer,cancer,male,total,50,2085,0,0.01,34.258696594533205
verify_test_proj,mortality_apc/cancer,cancer,male,total,50,2086,0,0.01,33.916109628587876
verify_test_proj,mortality_apc/cancer,cancer,male,total,50,2087,0,0.01,33.576948532302
verify_test_proj,mortality_apc/cancer,cancer,male,total,50,2088,0,0.01,33.24117904697898
verify_test_proj,mortality_apc/cancer,cancer,male,total,50,2089,0,0.01,32.908767256509186
verify_test_proj,mortality_apc/cancer,cancer,male,total,50,2090,0,0.01,32.57967958394409
verify_test_proj,mortality_apc/cancer,cancer,male,total,50,2091,0,0.01,32.25388278810465
verify_test_proj,mortality_apc/cancer,cancer,male,total,50,2092,0,0.01,31.9313439602236
verify_test_proj,mortality_apc/cancer,cancer,male,total,50,2093,0,0.01,31.612030520621364
verify_test_proj,mortality_apc/cancer,cancer,male,total,50,2094,0,0.01,31.295910215415148
verify_test_proj,mortality_apc/cancer,cancer,male,total,50,2095,0,0.01,30.982951113260995
verify_test_proj,mortality_apc/cancer,cancer,male,total,50,2096,0,0.01,30.673121602128386
verify_test_proj,mortality_apc/cancer,cancer,male,total,50,2097,0,0.01,30.366390386107103
verify_test_proj,mortality_apc/cancer,cancer,male,total,50,2098,0,0.01,30.06272648224603
verify_test_proj,mortality_apc/cancer,cancer,male,total,50,2099,0,0.01,29.76209921742357
verify_test_proj,mortality_apc/cancer,cancer,male,total,50,2100,0,0.01,29.464478225249337
verify_test_proj,mortality_apc/cancer,cancer,male,total,55,1950,1,,
verify_test_proj,mortality_apc/cancer,cancer,male,total,55,1951,1,,
verify_test_proj,mortality_apc/cancer,cancer,male,total,55,1952,1,,
verify_test_proj,mortality_apc/cancer,cancer,male,total,55,1953,1,,
verify_test_proj,mortality_apc/cancer,cancer,male,total,55,1954,1,,267.6683848829313
verify_test_proj,mortality_apc/cancer,cancer,male,total,55,1955,1,-0.0006505616591867547,267.8425196715126
verify_test_proj,mortality_apc/cancer,cancer,male,total,55,1956,1,-0.0006505616591867547,268.0167677455109
verify_test_proj,mortality_apc/cancer,cancer,male,total,55,1957,1,-0.0006505616591867547,268.19112917862526
verify_test_proj,mortality_apc/cancer,cancer,male,total,55,1958,1,-0.0006505616591867547,268.3656040446029
verify_test_proj,mortality_apc/cancer,cancer,male,total,55,1959,1,-0.0006505616591867547,268.5401924172388
verify_test_proj,mortality_apc/cancer,cancer,male,total,55,1960,1,-0.0010250036926600092,268.8154471060941
verify_test_proj,mortality_apc/cancer,cancer,male,total,55,1961,1,-0.0010250036926600092,269.0909839320219
verify_test_proj,mortality_apc/cancer,cancer,male,total,55,1962,1,-0.0010250036926600092,269.3668031842138
verify_test_proj,mortality_apc/cancer,cancer,male,total,55,1963,1,-0.0010250036926600092,269.6429051521576
verify_test_proj,mortality_apc/cancer,cancer,male,total,55,1964,1,-0.0010250036926600092,269.91929012563816
verify_test_proj,mortality_apc/cancer,cancer,male,total,55,1965,1,-0.0005764093480908894,270.0748741276966
verify_test_proj,mortality_apc/cancer,cancer,male,total,55,1966,1,-0.0005764093480908894,270.2305478098283
verify_test_proj,mortality_apc/cancer,cancer,male,total,55,1967,1,-0.0005764093480908894,270.3863112237256
verify_test_proj,mortality_apc/cancer,cancer,male,total,55,1968,1,-0.0005764093480908894,270.5421644211108
verify_test_proj,mortality_apc/cancer,cancer,male,total,55,1969,1,-0.0005764093480908894,270.6981074537359
verify_test_proj,mortality_apc/cancer,cancer,male,total,55,1970,1,0.000370184873292545,270.5978991091276
verify_test_proj,mortality_apc/cancer,cancer,male,total,55,1971,1,0.000370184873292545,270.4977278601326
verify_test_proj,mortality_apc/cancer,cancer,male,total,55,1972,1,0.000370184873292545,270.3975936930188
verify_test_proj,mortality_apc/cancer,cancer,male,total,55,1973,1,0.000370184873292545,270.29749659405894
verify_test_proj,mortality_apc/cancer,cancer,male,total,55,1974,1,0.000370184873292545,270.197436549531
verify_test_proj,mortality_apc/cancer,cancer,male,total,55,1975,1,0.0016620863768163074,269.74834507119135
verify_test_proj,mortality_apc/cancer,cancer,male,total,55,1976,1,0.0016620863768163074,269.3000000216798
verify_test_proj,mortality_apc/cancer,cancer,male,total,55,1977,1,0.0016620863768163074,268.85240016036715
verify_test_proj,mortality_apc/cancer,cancer,male,total,55,1978,1,0.0016620863768163074,268.4055442486862
verify_test_proj,mortality_apc/cancer,cancer,male,total,55,1979,1,0.0016620863768163074,267.9594310501285
verify_test_proj,mortality_apc/cancer,cancer,male,total,55,1980,1,0.003240491640224552,267.09111075389126
verify_test_proj,mortality_apc/cancer,cancer,male,total,55,1981,1,0.003240491640224552,266.225604242315
verify_test_proj,mortality_apc/cancer,cancer,male,total,55,1982,1,0.003240491640224552,265.36290239735405
verify_test_proj,mortality_apc/cancer,cancer,male,total,55,1983,1,0.003240491640224552,264.5029961305097
verify_test_proj,mortality_apc/cancer,cancer,male,total,55,1984,1,0.003240491640224552,263.64587638273446
verify_test_proj,mortality_apc/cancer,cancer,male,total,55,1985,1,0.005106818832990134,262.2994846559829
verify_test_proj,mortality_apc/cancer,cancer,male,total,55,1986,1,0.005106818832990134,260.95996870785814
verify_test_proj,mortality_apc/cancer,cancer,male,total,55,1987,1,0.005106818832990134,259.6272934250043
verify_test_proj,mortality_apc/cancer,cancer,male,total,55,1988,1,0.005106818832990134,258.30142387338327
verify_test_proj,mortality_apc/cancer,cancer,male,total,55,1989,1,0.005106818832990134,256.9823252973585
verify_test_proj,mortality_apc/cancer,cancer,male,total,55,1990,1,0.0072639921587545064,255.11560770146
verify_test_proj,mortality_apc/cancer,cancer,male,total,55,1991,1,0.0072639921587545064,253.2624499275407
verify_test_proj,mortality_apc/cancer,cancer,male,total,55,1992,1,0.0072639921587545064,251.4227534771601
verify_test_proj,mortality_apc/cancer,cancer,male,total,55,1993,1,0.0072639921587545064,249.59642056736953
verify_test_proj,mortality_apc/cancer,cancer,male,total,55,1994,1,0.0072639921587545064,247.78335412551496
verify_test_proj,mortality_apc/cancer,cancer,male,total,55,1995,1,0.009443621068433994,245.443382022088
verify_test_proj,mortality_apc/cancer,cancer,male,total,55,1996,1,0.009443621068433994,243.1255077285165
verify_test_proj,mortality_apc/cancer,cancer,male,total,55,1997,1,0.009443621068433994,240.8295225614578
verify_test_proj,mortality_apc/cancer,cancer,male,total,55,1998,1,0.009443621068433994,238.5552198082955
verify_test_proj,mortality_apc/cancer,cancer,male,total,55,1999,1,0.009443621068433994,236.302394708529
verify_test_proj,mortality_apc/cancer,cancer,male,total,55,2000,1,0.011274792712143045,233.63813419080734
verify_test_proj,mortality_apc/cancer,cancer,male,total,55,2001,1,0.011274792712143045,231.00391265815412
verify_test_proj,mortality_apc/cancer,cancer,male,total,55,2002,1,0.011274792712143045,228.39939142723944
verify_test_proj,mortality_apc/cancer,cancer,male,total,55,2003,1,0.011274792712143045,225.8242356333177
verify_test_proj,mortality_apc/cancer,cancer,male,total,55,2004,1,0.011274792712143045,223.27811418717388
verify_test_proj,mortality_apc/cancer,cancer,male,total,55,2005,1,0.01259275523679515,220.4664275454816
verify_test_proj,mortality_apc/cancer,cancer,male,total,55,2006,1,0.01259275523679515,217.6901477854707
verify_test_proj,mortality_apc/cancer,cancer,male,total,55,2007,1,0.01259275523679515,214.9488290369465
verify_test_proj,mortality_apc/cancer,cancer,male,total,55,2008,1,0.01259275523679515,212.2420310444485
verify_test_proj,mortality_apc/cancer,cancer,male,total,55,2009,1,0.01259275523679515,209.56931909654548
verify_test_proj,mortality_apc/cancer,cancer,male,total,55,2010,1,0.013237041034961816,206.7952414199955
verify_test_proj,mortality_apc/cancer,cancer,male,total,55,2011,1,0.013237041034961816,204.0578843234842
verify_test_proj,mortality_apc/cancer,cancer,male,total,55,2012,1,0.013237041034961816,201.35676173518672
verify_test_proj,mortality_apc/cancer,cancer,male,total,55,2013,1,0.021921558015381315,196.9427078010195
verify_test_proj,mortality_apc/cancer,cancer,male,total,55,2014,1,0.061453489318037846,184.8398912109041
verify_test_proj,mortality_apc/cancer,cancer,male,total,55,2015,1,0.056835503320596614,174.33442296020806
verify_test_proj,mortality_apc/cancer,cancer,male,total,55,2016,1,0.05145143847938993,165.36466612243098
verify_test_proj,mortality_apc/cancer,cancer,male,total,55,2017,1,0.04601738392123733,157.75501679446785
verify_test_proj,mortality_apc/cancer,cancer,male,total,55,2018,1,0.040884866311396206,151.30522402287397
verify_test_proj,mortality_apc/cancer,cancer,male,total,55,2019,1,0.03625755383495077,145.81926671735533
verify_test_proj,mortality_apc/cancer,cancer,male,total,55,2020,1,-0.002168839151017954,146.13552525198466
verify_test_proj,mortality_apc/cancer,cancer,male,total,55,2021,1,-0.002819716400093597,146.54758598917397
verify_test_proj,mortality_apc/cancer,cancer,male,total,55,2022,1,0.01816789607730529,143.8851246765427
verify_test_proj,mortality_apc/cancer,cancer,male,total,55,2023,1,0.09929822157087609,129.59758768565823
verify_test_proj,mortality_apc/cancer,cancer,male,total,55,2024,1,0.02624145907134301,126.19675789266024
verify_test_proj,mortality_apc/cancer,cancer,male,total,55,2025,0,0.024764962792130005,123.07149987896108
verify_test_proj,mortality_apc/cancer,cancer,male,total,55,2026,0,0.023288466512917008,120.20535337533542
verify_test_proj,mortality_apc/cancer,cancer,male,total,55,2027,0,0.021811970233704008,117.58343778558074
verify_test_proj,mortality_apc/cancer,cancer,male,total,55,2028,0,0.020335473954491003,115.19232284901256
verify_test_proj,mortality_apc/cancer,cancer,male,total,55,2029,0,0.018858977675278006,113.01991340403961
verify_test_proj,mortality_apc/cancer,cancer,male,total,55,2030,0,0.017382481396065005,111.05534686190902
verify_test_proj,mortality_apc/cancer,cancer,male,total,55,2031,0,0.015905985116852005,109.28890216757665
verify_test_proj,mortality_apc/cancer,cancer,male,total,55,2032,0,0.014429488837639002,107.71191917367179
verify_test_proj,mortality_apc/cancer,cancer,male,total,55,2033,0,0.012952992558426,106.31672748616144
verify_test_proj,mortality_apc/cancer,cancer,male,total,55,2034,0,0.011476496279213001,105.09658395874841
verify_test_proj,mortality_apc/cancer,cancer,male,total,55,2035,0,0.01,104.04561811916092
verify_test_proj,mortality_apc/cancer,cancer,male,total,55,2036,0,0.01,103.0051619379693
verify_test_proj,mortality_apc/cancer,cancer,male,total,55,2037,0,0.01,101.97511031858961
verify_test_proj,mortality_apc/cancer,cancer,male,total,55,2038,0,0.01,100.95535921540372
verify_test_proj,mortality_apc/cancer,cancer,male,total,55,2039,0,0.01,99.94580562324968
verify_test_proj,mortality_apc/cancer,cancer,male,total,55,2040,0,0.01,98.94634756701718
verify_test_proj,mortality_apc/cancer,cancer,male,total,55,2041,0,0.01,97.956884091347
verify_test_proj,mortality_apc/cancer,cancer,male,total,55,2042,0,0.01,96.97731525043353
verify_test_proj,mortality_apc/cancer,cancer,male,total,55,2043,0,0.01,96.0075420979292
verify_test_proj,mortality_apc/cancer,cancer,male,total,55,2044,0,0.01,95.04746667694991
verify_test_proj,mortality_apc/cancer,cancer,male,total,55,2045,0,0.01,94.09699201018041
verify_test_proj,mortality_apc/cancer,cancer,male,total,55,2046,0,0.01,93.15602209007861
verify_test_proj,mortality_apc/cancer,cancer,male,total,55,2047,0,0.01,92.22446186917782
verify_test_proj,mortality_apc/cancer,cancer,male,total,55,2048,0,0.01,91.30221725048604
verify_test_proj,mortality_apc/cancer,cancer,male,total,55,2049,0,0.01,90.38919507798117
verify_test_proj,mortality_apc/cancer,cancer,male,total,55,2050,0,0.01,89.48530312720136
verify_test_proj,mortality_apc/cancer,cancer,male,total,55,2051,0,0.01,88.59045009592934
verify_test_proj,mortality_apc/cancer,cancer,male,total,55,2052,0,0.01,87.70454559497004
verify_test_proj,mortality_apc/cancer,cancer,male,total,55,2053,0,0.01,86.82750013902034
verify_test_proj,mortality_apc/cancer,cancer,male,total,55,2054,0,0.01,85.95922513763014
verify_test_proj,mortality_apc/cancer,cancer,male,total,55,2055,0,0.01,85.09963288625384
verify_test_proj,mortality_apc/cancer,cancer,male,total,55,2056,0,0.01,84.24863655739131
verify_test_proj,mortality_apc/cancer,cancer,male,total,55,2057,0,0.01,83.40615019181739
verify_test_proj,mortality_apc/cancer,cancer,male,total,55,2058,0,0.01,82.57208868989922
verify_test_proj,mortality_apc/cancer,cancer,male,total,55,2059,0,0.01,81.74636780300023
verify_test_proj,mortality_apc/cancer,cancer,male,total,55,2060,0,0.01,80.92890412497022
verify_test_proj,mortality_apc/cancer,cancer,male,total,55,2061,0,0.01,80.11961508372052
verify_test_proj,mortality_apc/cancer,cancer,male,total,55,2062,0,0.01,79.31841893288332
verify_test_proj,mortality_apc/cancer,cancer,male,total,55,2063,0,0.01,78.52523474355448
verify_test_proj,mortality_apc/cancer,cancer,male,total,55,2064,0,0.01,77.73998239611893
verify_test_proj,mortality_apc/cancer,cancer,male,total,55,2065,0,0.01,76.96258257215774
verify_test_proj,mortality_apc/cancer,cancer,male,total,55,2066,0,0.01,76.19295674643617
verify_test_proj,mortality_apc/cancer,cancer,male,total,55,2067,0,0.01,75.4310271789718
verify_test_proj,mortality_apc/cancer,cancer,male,total,55,2068,0,0.01,74.67671690718208
verify_test_proj,mortality_apc/cancer,cancer,male,total,55,2069,0,0.01,73.92994973811027
verify_test_proj,mortality_apc/cancer,cancer,male,total,55,2070,0,0.01,73.19065024072917
verify_test_proj,mortality_apc/cancer,cancer,male,total,55,2071,0,0.01,72.45874373832187
verify_test_proj,mortality_apc/cancer,cancer,male,total,55,2072,0,0.01,71.73415630093865
verify_test_proj,mortality_apc/cancer,cancer,male,total,55,2073,0,0.01,71.01681473792927
verify_test_proj,mortality_apc/cancer,cancer,male,total,55,2074,0,0.01,70.30664659054997
verify_test_proj,mortality_apc/cancer,cancer,male,total,55,2075,0,0.01,69.60358012464448
verify_test_proj,mortality_apc/cancer,cancer,male,total,55,2076,0,0.01,68.90754432339803
verify_test_proj,mortality_apc/cancer,cancer,male,total,55,2077,0,0.01,68.21846888016405
verify_test_proj,mortality_apc/cancer,cancer,male,total,55,2078,0,0.01,67.53628419136241
verify_test_proj,mortality_apc/cancer,cancer,male,total,55,2079,0,0.01,66.86092134944879
verify_test_proj,mortality_apc/cancer,cancer,male,total,55,2080,0,0.01,66.1923121359543
verify_test_proj,mortality_apc/cancer,cancer,male,total,55,2081,0,0.01,65.53038901459475
verify_test_proj,mortality_apc/cancer,cancer,male,total,55,2082,0,0.01,64.8750851244488
verify_test_proj,mortality_apc/cancer,cancer,male,total,55,2083,0,0.01,64.22633427320432
verify_test_proj,mortality_apc/cancer,cancer,male,total,55,2084,0,0.01,63.58407093047227
verify_test_proj,mortality_apc/cancer,cancer,male,total,55,2085,0,0.01,62.94823022116755
verify_test_proj,mortality_apc/cancer,cancer,male,total,55,2086,0,0.01,62.31874791895587
verify_test_proj,mortality_apc/cancer,cancer,male,total,55,2087,0,0.01,61.69556043976631
verify_test_proj,mortality_apc/cancer,cancer,male,total,55,2088,0,0.01,61.078604835368644
verify_test_proj,mortality_apc/cancer,cancer,male,total,55,2089,0,0.01,60.467818787014956
verify_test_proj,mortality_apc/cancer,cancer,male,total,55,2090,0,0.01,59.863140599144806
verify_test_proj,mortality_apc/cancer,cancer,male,total,55,2091,0,0.01,59.26450919315336
verify_test_proj,mortality_apc/cancer,cancer,male,total,55,2092,0,0.01,58.67186410122182
verify_test_proj,mortality_apc/cancer,cancer,male,total,55,2093,0,0.01,58.0851454602096
verify_test_proj,mortality_apc/cancer,cancer,male,total,55,2094,0,0.01,57.504294005607505
verify_test_proj,mortality_apc/cancer,cancer,male,total,55,2095,0,0.01,56.929251065551426
verify_test_proj,mortality_apc/cancer,cancer,male,total,55,2096,0,0.01,56.35995855489591
verify_test_proj,mortality_apc/cancer,cancer,male,total,55,2097,0,0.01,55.796358969346954
verify_test_proj,mortality_apc/cancer,cancer,male,total,55,2098,0,0.01,55.23839537965348
verify_test_proj,mortality_apc/cancer,cancer,male,total,55,2099,0,0.01,54.68601142585695
verify_test_proj,mortality_apc/cancer,cancer,male,total,55,2100,0,0.01,54.139151311598376
verify_test_proj,mortality_apc/cancer,cancer,male,total,60,1950,1,,
verify_test_proj,mortality_apc/cancer,cancer,male,total,60,1951,1,,
verify_test_proj,mortality_apc/cancer,cancer,male,total,60,1952,1,,
verify_test_proj,mortality_apc/cancer,cancer,male,total,60,1953,1,,
verify_test_proj,mortality_apc/cancer,cancer,male,total,60,1954,1,,377.16454746418077
verify_test_proj,mortality_apc/cancer,cancer,male,total,60,1955,1,-0.006504570272846788,379.617840767588
verify_test_proj,mortality_apc/cancer,cancer,male,total,60,1956,1,-0.006504570272846788,382.08709168968716
verify_test_proj,mortality_apc/cancer,cancer,male,total,60,1957,1,-0.006504570272846788,384.57240402793036
verify_test_proj,mortality_apc/cancer,cancer,male,total,60,1958,1,-0.006504570272846788,387.07388225492764
verify_test_proj,mortality_apc/cancer,cancer,male,total,60,1959,1,-0.006504570272846788,389.59163152283844
verify_test_proj,mortality_apc/cancer,cancer,male,total,60,1960,1,-0.006124229874971965,391.97758023164965
verify_test_proj,mortality_apc/cancer,cancer,male,total,60,1961,1,-0.006124229874971965,394.3781410388235
verify_test_proj,mortality_apc/cancer,cancer,male,total,60,1962,1,-0.006124229874971965,396.7934034322094
verify_test_proj,mortality_apc/cancer,cancer,male,total,60,1963,1,-0.006124229874971965,399.22345744770075
verify_test_proj,mortality_apc/cancer,cancer,male,total,60,1964,1,-0.006124229874971965,401.66839367259155
verify_test_proj,mortality_apc/cancer,cancer,male,total,60,1965,1,-0.005109445914672106,403.72069660569485
verify_test_proj,mortality_apc/cancer,cancer,male,total,60,1966,1,-0.005109445914672106,405.7834856696354
verify_test_proj,mortality_apc/cancer,cancer,male,total,60,1967,1,-0.005109445914672106,407.85681444273155
verify_test_proj,mortality_apc/cancer,cancer,male,total,60,1968,1,-0.005109445914672106,409.94073677705717
verify_test_proj,mortality_apc/cancer,cancer,male,total,60,1969,1,-0.005109445914672106,412.0353067998404
verify_test_proj,mortality_apc/cancer,cancer,male,total,60,1970,1,-0.0036441643869276064,413.53683119103715
verify_test_proj,mortality_apc/cancer,cancer,male,total,60,1971,1,-0.0036441643869276064,415.04382738394645
verify_test_proj,mortality_apc/cancer,cancer,male,total,60,1972,1,-0.0036441643869276064,416.55631531871313
verify_test_proj,mortality_apc/cancer,cancer,male,total,60,1973,1,-0.0036441643869276064,418.0743150081474
verify_test_proj,mortality_apc/cancer,cancer,male,total,60,1974,1,-0.0036441643869276064,419.5978465379892
verify_test_proj,mortality_apc/cancer,cancer,male,total,60,1975,1,-0.001923741897611908,420.4050444955221
verify_test_proj,mortality_apc/cancer,cancer,male,total,60,1976,1,-0.001923741897611908,421.2137952935855
verify_test_proj,mortality_apc/cancer,cancer,male,total,60,1977,1,-0.001923741897611908,422.0241019194439
verify_test_proj,mortality_apc/cancer,cancer,male,total,60,1978,1,-0.001923741897611908,422.8359673661084
verify_test_proj,mortality_apc/cancer,cancer,male,total,60,1979,1,-0.001923741897611908,423.6493946323478
verify_test_proj,mortality_apc/cancer,cancer,male,total,60,1980,1,-3.851450420522262e-05,423.6657112787389
verify_test_proj,mortality_apc/cancer,cancer,male,total,60,1981,1,-3.851450420522262e-05,423.6820285535576
verify_test_proj,mortality_apc/cancer,cancer,male,total,60,1982,1,-3.851450420522262e-05,423.698346456828
verify_test_proj,mortality_apc/cancer,cancer,male,total,60,1983,1,-3.851450420522262e-05,423.7146649885744
verify_test_proj,mortality_apc/cancer,cancer,male,total,60,1984,1,-3.851450420522262e-05,423.7309841488209
verify_test_proj,mortality_apc/cancer,cancer,male,total,60,1985,1,0.0020424609926296133,422.86553014232834
verify_test_proj,mortality_apc/cancer,cancer,male,total,60,1986,1,0.0020424609926296133,422.001843791885
verify_test_proj,mortality_apc/cancer,cancer,male,total,60,1987,1,0.0020424609926296133,421.1399214871223
verify_test_proj,mortality_apc/cancer,cancer,male,total,60,1988,1,0.0020424609926296133,420.27975962504576
verify_test_proj,mortality_apc/cancer,cancer,male,total,60,1989,1,0.0020424609926296133,419.4213546100199
verify_test_proj,mortality_apc/cancer,cancer,male,total,60,1990,1,0.004276873676015591,417.6275424593295
verify_test_proj,mortality_apc/cancer,cancer,male,total,60,1991,1,0.004276873676015591,415.8414022166061
verify_test_proj,mortality_apc/cancer,cancer,male,total,60,1992,1,0.004276873676015591,414.0629010700685
verify_test_proj,mortality_apc/cancer,cancer,male,total,60,1993,1,0.004276873676015591,412.2920063482673
verify_test_proj,mortality_apc/cancer,cancer,male,total,60,1994,1,0.004276873676015591,410.5286855194847
verify_test_proj,mortality_apc/cancer,cancer,male,total,60,1995,1,0.00662635314172122,407.808377474426
verify_test_proj,mortality_apc/cancer,cancer,male,total,60,1996,1,0.00662635314172122,405.1060951511281
verify_test_proj,mortality_apc/cancer,cancer,male,total,60,1997,1,0.00662635314172122,402.421719104793
verify_test_proj,mortality_apc/cancer,cancer,male,total,60,1998,1,0.00662635314172122,399.7551306821061
verify_test_proj,mortality_apc/cancer,cancer,male,total,60,1999,1,0.00662635314172122,397.10621201599156
verify_test_proj,mortality_apc/cancer,cancer,male,total,60,2000,1,0.008786071423689368,393.6172084744283
verify_test_proj,mortality_apc/cancer,cancer,male,total,60,2001,1,0.008786071423689368,390.15885956717875
verify_test_proj,mortality_apc/cancer,cancer,male,total,60,2002,1,0.008786071423689368,386.7308959604363
verify_test_proj,mortality_apc/cancer,cancer,male,total,60,2003,1,0.008786071423689368,383.33305068678055
verify_test_proj,mortality_apc/cancer,cancer,male,total,60,2004,1,0.008786071423689368,379.9650591243858
verify_test_proj,mortality_apc/cancer,cancer,male,total,60,2005,1,0.010385345116683098,376.01899085309816
verify_test_proj,mortality_apc/cancer,cancer,male,total,60,2006,1,0.010385345116683098,372.11390386266186
verify_test_proj,mortality_apc/cancer,cancer,male,total,60,2007,1,0.010385345116683098,368.2493725483319
verify_test_proj,mortality_apc/cancer,cancer,male,total,60,2008,1,0.010385345116683098,364.4249757254155
verify_test_proj,mortality_apc/cancer,cancer,male,total,60,2009,1,0.010385345116683098,360.6402965833682
verify_test_proj,mortality_apc/cancer,cancer,male,total,60,2010,1,0.011335625936217397,356.55221308377264
verify_test_proj,mortality_apc/cancer,cancer,male,total,60,2011,1,0.011335625936217397,352.5104705695245
verify_test_proj,mortality_apc/cancer,cancer,male,total,60,2012,1,0.011335625936217397,348.5145437365484
verify_test_proj,mortality_apc/cancer,cancer,male,total,60,2013,1,0.01927972409416745,341.79527949050305
verify_test_proj,mortality_apc/cancer,cancer,male,total,60,2014,1,0.05555753379021089,322.80597670087485
verify_test_proj,mortality_apc/cancer,cancer,male,total,60,2015,1,0.052480552087545096,305.86494082645373
verify_test_proj,mortality_apc/cancer,cancer,male,total,60,2016,1,0.048242705858345,291.109188453783
verify_test_proj,mortality_apc/cancer,cancer,male,total,60,2017,1,0.04356164878803026,278.4279922273908
verify_test_proj,mortality_apc/cancer,cancer,male,total,60,2018,1,0.03886384812414545,267.60720902395474
verify_test_proj,mortality_apc/cancer,cancer,male,total,60,2019,1,0.03446391525734216,258.3844168498993
verify_test_proj,mortality_apc/cancer,cancer,male,total,60,2020,1,-0.004132632788603541,259.4522247630374
verify_test_proj,mortality_apc/cancer,cancer,male,total,60,2021,1,-0.005067414411114024,260.7669767057972
verify_test_proj,mortality_apc/cancer,cancer,male,total,60,2022,1,0.015417301984478105,256.74665347834457
verify_test_proj,mortality_apc/cancer,cancer,male,total,60,2023,1,0.09605952237763882,232.08369257315766
verify_test_proj,mortality_apc/cancer,cancer,male,total,60,2024,1,0.02136930839715734,227.1242245726108
verify_test_proj,mortality_apc/cancer,cancer,male,total,60,2025,0,0.02033573490650667,222.50548655085632
verify_test_proj,mortality_apc/cancer,cancer,male,total,60,2026,0,0.019302161415856004,218.2106497335381
verify_test_proj,mortality_apc/cancer,cancer,male,total,60,2027,0,0.018268587925205335,214.22424929266478
verify_test_proj,mortality_apc/cancer,cancer,male,total,60,2028,0,0.01723501443455467,210.53209126387407
verify_test_proj,mortality_apc/cancer,cancer,male,total,60,2029,0,0.016201440943904,207.1211680204658
verify_test_proj,mortality_apc/cancer,cancer,male,total,60,2030,0,0.015167867453253336,203.97958159716836
verify_test_proj,mortality_apc/cancer,cancer,male,total,60,2031,0,0.014134293962602669,201.0964742285053
verify_test_proj,mortality_apc/cancer,cancer,male,total,60,2032,0,0.013100720471952002,198.46196553174255
verify_test_proj,mortality_apc/cancer,cancer,male,total,60,2033,0,0.012067146981301334,196.06709582347307
verify_test_proj,mortality_apc/cancer,cancer,male,total,60,2034,0,0.011033573490650667,193.90377511260633
verify_test_proj,mortality_apc/cancer,cancer,male,total,60,2035,0,0.01,191.96473736148027
verify_test_proj,mortality_apc/cancer,cancer,male,total,60,2036,0,0.01,190.04508998786548
verify_test_proj,mortality_apc/cancer,cancer,male,total,60,2037,0,0.01,188.14463908798683
verify_test_proj,mortality_apc/cancer,cancer,male,total,60,2038,0,0.01,186.26319269710697
verify_test_proj,mortality_apc/cancer,cancer,male,total,60,2039,0,0.01,184.4005607701359
verify_test_proj,mortality_apc/cancer,cancer,male,total,60,2040,0,0.01,182.55655516243456
verify_test_proj,mortality_apc/cancer,cancer,male,total,60,2041,0,0.01,180.7309896108102
verify_test_proj,mortality_apc/cancer,cancer,male,total,60,2042,0,0.01,178.9236797147021
verify_test_proj,mortality_apc/cancer,cancer,male,total,60,2043,0,0.01,177.13444291755508
verify_test_proj,mortality_apc/cancer,cancer,male,total,60,2044,0,0.01,175.36309848837953
verify_test_proj,mortality_apc/cancer,cancer,male,total,60,2045,0,0.01,173.60946750349575
verify_test_proj,mortality_apc/cancer,cancer,male,total,60,2046,0,0.01,171.8733728284608
verify_test_proj,mortality_apc/cancer,cancer,male,total,60,2047,0,0.01,170.15463910017618
verify_test_proj,mortality_apc/cancer,cancer,male,total,60,2048,0,0.01,168.45309270917443
verify_test_proj,mortality_apc/cancer,cancer,male,total,60,2049,0,0.01,166.76856178208268
verify_test_proj,mortality_apc/cancer,cancer,male,total,60,2050,0,0.01,165.10087616426185
verify_test_proj,mortality_apc/cancer,cancer,male,total,60,2051,0,0.01,163.44986740261922
verify_test_proj,mortality_apc/cancer,cancer,male,total,60,2052,0,0.01,161.81536872859303
verify_test_proj,mortality_apc/cancer,cancer,male,total,60,2053,0,0.01,160.1972150413071
verify_test_proj,mortality_apc/cancer,cancer,male,total,60,2054,0,0.01,158.595242890894
verify_test_proj,mortality_apc/cancer,cancer,male,total,60,2055,0,0.01,157.00929046198507
verify_test_proj,mortality_apc/cancer,cancer,male,total,60,2056,0,0.01,155.43919755736522
verify_test_proj,mortality_apc/cancer,cancer,male,total,60,2057,0,0.01,153.88480558179157
verify_test_proj,mortality_apc/cancer,cancer,male,total,60,2058,0,0.01,152.34595752597366
verify_test_proj,mortality_apc/cancer,cancer,male,total,60,2059,0,0.01,150.8224979507139
verify_test_proj,mortality_apc/cancer,cancer,male,total,60,2060,0,0.01,149.31427297120678
verify_test_proj,mortality_apc/cancer,cancer,male,total,60,2061,0,0.01,147.8211302414947
verify_test_proj,mortality_apc/cancer,cancer,male,total,60,2062,0,0.01,146.34291893907974
verify_test_proj,mortality_apc/cancer,cancer,male,total,60,2063,0,0.01,144.87948974968893
verify_test_proj,mortality_apc/cancer,cancer,male,total,60,2064,0,0.01,143.43069485219203
verify_test_proj,mortality_apc/cancer,cancer,male,total,60,2065,0,0.01,141.99638790367013
verify_test_proj,mortality_apc/cancer,cancer,male,total,60,2066,0,0.01,140.5764240246334
verify_test_proj,mortality_apc/cancer,cancer,male,total,60,2067,0,0.01,139.17065978438708
verify_test_proj,mortality_apc/cancer,cancer,male,total,60,2068,0,0.01,137.77895318654322
verify_test_proj,mortality_apc/cancer,cancer,male,total,60,2069,0,0.01,136.4011636546778
verify_test_proj,mortality_apc/cancer,cancer,male,total,60,2070,0,0.01,135.037152018131
verify_test_proj,mortality_apc/cancer,cancer,male,total,60,2071,0,0.01,133.68678049794968
verify_test_proj,mortality_apc/cancer,cancer,male,total,60,2072,0,0.01,132.34991269297018
verify_test_proj,mortality_apc/cancer,cancer,male,total,60,2073,0,0.01,131.02641356604047
verify_test_proj,mortality_apc/cancer,cancer,male,total,60,2074,0,0.01,129.71614943038006
verify_test_proj,mortality_apc/cancer,cancer,male,total,60,2075,0,0.01,128.41898793607626
verify_test_proj,mortality_apc/cancer,cancer,male,total,60,2076,0,0.01,127.1347980567155
verify_test_proj,mortality_apc/cancer,cancer,male,total,60,2077,0,0.01,125.86345007614834
verify_test_proj,mortality_apc/cancer,cancer,male,total,60,2078,0,0.01,124.60481557538685
verify_test_proj,mortality_apc/cancer,cancer,male,total,60,2079,0,0.01,123.35876741963298
verify_test_proj,mortality_apc/cancer,cancer,male,total,60,2080,0,0.01,122.12517974543665
verify_test_proj,mortality_apc/cancer,cancer,male,total,60,2081,0,0.01,120.90392794798228
verify_test_proj,mortality_apc/cancer,cancer,male,total,60,2082,0,0.01,119.69488866850246
verify_test_proj,mortality_apc/cancer,cancer,male,total,60,2083,0,0.01,118.49793978181744
verify_test_proj,mortality_apc/cancer,cancer,male,total,60,2084,0,0.01,117.31296038399925
verify_test_proj,mortality_apc/cancer,cancer,male,total,60,2085,0,0.01,116.13983078015926
verify_test_proj,mortality_apc/cancer,cancer,male,total,60,2086,0,0.01,114.97843247235767
verify_test_proj,mortality_apc/cancer,cancer,male,total,60,2087,0,0.01,113.82864814763408
verify_test_proj,mortality_apc/cancer,cancer,male,total,60,2088,0,0.01,112.69036166615774
verify_test_proj,mortality_apc/cancer,cancer,male,total,60,2089,0,0.01,111.56345804949616
verify_test_proj,mortality_apc/cancer,cancer,male,total,60,2090,0,0.01,110.4478234690012
verify_test_proj,mortality_apc/cancer,cancer,male,total,60,2091,0,0.01,109.34334523431119
verify_test_proj,mortality_apc/cancer,cancer,male,total,60,2092,0,0.01,108.24991178196808
verify_test_proj,mortality_apc/cancer,cancer,male,total,60,2093,0,0.01,107.1674126641484
verify_test_proj,mortality_apc/cancer,cancer,male,total,60,2094,0,0.01,106.09573853750692
verify_test_proj,mortality_apc/cancer,cancer,male,total,60,2095,0,0.01,105.03478115213184
verify_test_proj,mortality_apc/cancer,cancer,male,total,60,2096,0,0.01,103.98443334061052
verify_test_proj,mortality_apc/cancer,cancer,male,total,60,2097,0,0.01,102.94458900720441
verify_test_proj,mortality_apc/cancer,cancer,male,total,60,2098,0,0.01,101.91514311713237
verify_test_proj,mortality_apc/cancer,cancer,male,total,60,2099,0,0.01,100.89599168596105
verify_test_proj,mortality_apc/cancer,cancer,male,total,60,2100,0,0.01,99.88703176910144
verify_test_proj,mortality_apc/cancer,cancer,male,total,65,1950,1,,
verify_test_proj,mortality_apc/cancer,cancer,male,total,65,1951,1,,
verify_test_proj,mortality_apc/cancer,cancer,male,total,65,1952,1,,
verify_test_proj,mortality_apc/cancer,cancer,male,total,65,1953,1,,
verify_test_proj,mortality_apc/cancer,cancer,male,total,65,1954,1,,498.40114441018204
verify_test_proj,mortality_apc/cancer,cancer,male,total,65,1955,1,-0.01331858823058174,505.03914402623195
verify_test_proj,mortality_apc/cancer,cancer,male,total,65,1956,1,-0.01331858823058174,511.7655524258428
verify_test_proj,mortality_apc/cancer,cancer,male,total,65,1957,1,-0.01331858823058174,518.5815470891988
verify_test_proj,mortality_apc/cancer,cancer,male,total,65,1958,1,-0.01331858823058174,525.4883211788579
verify_test_proj,mortality_apc/cancer,cancer,male,total,65,1959,1,-0.01331858823058174,532.4870837486187
verify_test_proj,mortality_apc/cancer,cancer,male,total,65,1960,1,-0.012154521777207883,538.9592096041232
verify_test_proj,mortality_apc/cancer,cancer,male,total,65,1961,1,-0.012154521777207883,545.5100010542833
verify_test_proj,mortality_apc/cancer,cancer,male,total,65,1962,1,-0.012154521777207883,552.1404142417823
verify_test_proj,mortality_apc/cancer,cancer,male,total,65,1963,1,-0.012154521777207883,558.8514169307606
verify_test_proj,mortality_apc/cancer,cancer,male,total,65,1964,1,-0.012154521777207883,565.643988648069
verify_test_proj,mortality_apc/cancer,cancer,male,total,65,1965,1,-0.010537951441922822,571.6047175338579
verify_test_proj,mortality_apc/cancer,cancer,male,total,65,1966,1,-0.010537951441922822,577.6282602912037
verify_test_proj,mortality_apc/cancer,cancer,male,total,65,1967,1,-0.010537951441922822,583.7152788496347
verify_test_proj,mortality_apc/cancer,cancer,male,total,65,1968,1,-0.010537951441922822,589.8664421140606
verify_test_proj,mortality_apc/cancer,cancer,male,total,65,1969,1,-0.010537951441922822,596.0824260382784
verify_test_proj,mortality_apc/cancer,cancer,male,total,65,1970,1,-0.008585348545613325,601.2000014277318
verify_test_proj,mortality_apc/cancer,cancer,male,total,65,1971,1,-0.008585348545613325,606.3615129856121
verify_test_proj,mortality_apc/cancer,cancer,male,total,65,1972,1,-0.008585348545613325,611.567337919239
verify_test_proj,mortality_apc/cancer,cancer,male,total,65,1973,1,-0.008585348545613325,616.8178566743885
verify_test_proj,mortality_apc/cancer,cancer,male,total,65,1974,1,-0.008585348545613325,622.1134529630963
verify_test_proj,mortality_apc/cancer,cancer,male,total,65,1975,1,-0.006389101001132547,626.0881986482408
verify_test_proj,mortality_apc/cancer,cancer,male,total,65,1976,1,-0.006389101001132547,630.0883393850215
verify_test_proj,mortality_apc/cancer,cancer,male,total,65,1977,1,-0.006389101001132547,634.1140374249883
verify_test_proj,mortality_apc/cancer,cancer,male,total,65,1978,1,-0.006389101001132547,638.1654560563325
verify_test_proj,mortality_apc/cancer,cancer,male,total,65,1979,1,-0.006389101001132547,642.2427596105102
verify_test_proj,mortality_apc/cancer,cancer,male,total,65,1980,1,-0.004062171250190483,644.851659684243
verify_test_proj,mortality_apc/cancer,cancer,male,total,65,1981,1,-0.004062171250190483,647.47115755685
verify_test_proj,mortality_apc/cancer,cancer,male,total,65,1982,1,-0.004062171250190483,650.101296278405
verify_test_proj,mortality_apc/cancer,cancer,male,total,65,1983,1,-0.004062171250190483,652.7421190738587
verify_test_proj,mortality_apc/cancer,cancer,male,total,65,1984,1,-0.004062171250190483,655.3936693437489
verify_test_proj,mortality_apc/cancer,cancer,male,total,65,1985,1,-0.0016224988347655067,656.4570448085718
verify_test_proj,mortality_apc/cancer,cancer,male,total,65,1986,1,-0.0016224988347655067,657.5221455988474
verify_test_proj,mortality_apc/cancer,cancer,male,total,65,1987,1,-0.0016224988347655067,658.588974513914
verify_test_proj,mortality_apc/cancer,cancer,male,total,65,1988,1,-0.0016224988347655067,659.6575343576523
verify_test_proj,mortality_apc/cancer,cancer,male,total,65,1989,1,-0.0016224988347655067,660.7278279384918
verify_test_proj,mortality_apc/cancer,cancer,male,total,65,1990,1,0.0008829783172643602,660.144419592809
verify_test_proj,mortality_apc/cancer,cancer,male,total,65,1991,1,0.0008829783172643602,659.5615263840455
verify_test_proj,mortality_apc/cancer,cancer,male,total,65,1992,1,0.0008829783172643602,658.9791478573466
verify_test_proj,mortality_apc/cancer,cancer,male,total,65,1993,1,0.0008829783172643602,658.3972835582592
verify_test_proj,mortality_apc/cancer,cancer,male,total,65,1994,1,0.0008829783172643602,657.8159330327316
verify_test_proj,mortality_apc/cancer,cancer,male,total,65,1995,1,0.0034109409066435115,655.5721617577084
verify_test_proj,mortality_apc/cancer,cancer,male,total,65,1996,1,0.0034109409066435115,653.3360438539123
verify_test_proj,mortality_apc/cancer,cancer,male,total,65,1997,1,0.0034109409066435115,651.1075532161464
verify_test_proj,mortality_apc/cancer,cancer,male,total,65,1998,1,0.0034109409066435115,648.8866638282568
verify_test_proj,mortality_apc/cancer,cancer,male,total,65,1999,1,0.0034109409066435115,646.6733497628296
verify_test_proj,mortality_apc/cancer,cancer,male,total,65,2000,1,0.005865094272243576,642.8805496031231
verify_test_proj,mortality_apc/cancer,cancer,male,total,65,2001,1,0.005865094272243576,639.109994573909
verify_test_proj,mortality_apc/cancer,cancer,male,total,65,2002,1,0.005865094272243576,635.3615542054
verify_test_proj,mortality_apc/cancer,cancer,male,total,65,2003,1,0.005865094272243576,631.6350987930261
verify_test_proj,mortality_apc/cancer,cancer,male,total,65,2004,1,0.005865094272243576,627.9304993929471
verify_test_proj,mortality_apc/cancer,cancer,male,total,65,2005,1,0.007878507958642977,622.9833439560051
verify_test_proj,mortality_apc/cancer,cancer,male,total,65,2006,1,0.007878507958642977,618.0751647225458
verify_test_proj,mortality_apc/cancer,cancer,male,total,65,2007,1,0.007878507958642977,613.2056546182396
verify_test_proj,mortality_apc/cancer,cancer,male,total,65,2008,1,0.007878507958642977,608.3745089880449
verify_test_proj,mortality_apc/cancer,cancer,male,total,65,2009,1,0.007878507958642977,603.5814255771471
verify_test_proj,mortality_apc/cancer,cancer,male,total,65,2010,1,0.009175584512399082,598.0432131966497
verify_test_proj,mortality_apc/cancer,cancer,male,total,65,2011,1,0.009175584512399082,592.5558171518971
verify_test_proj,mortality_apc/cancer,cancer,male,total,65,2012,1,0.009175584512399082,587.1187711733062
verify_test_proj,mortality_apc/cancer,cancer,male,total,65,2013,1,0.01628420335184455,577.558009711835
verify_test_proj,mortality_apc/cancer,cancer,male,total,65,2014,1,0.048354447740402984,549.6305111141729
verify_test_proj,mortality_apc/cancer,cancer,male,total,65,2015,1,0.04670246418481594,523.9614118539812
verify_test_proj,mortality_apc/cancer,cancer,male,total,65,2016,1,0.043655482277156876,501.08762372487564
verify_test_proj,mortality_apc/cancer,cancer,male,total,65,2017,1,0.039840659598127215,481.1239622792184
verify_test_proj,mortality_apc/cancer,cancer,male,total,65,2018,1,0.035713443928570676,463.9413686296678
verify_test_proj,mortality_apc/cancer,cancer,male,total,65,2019,1,0.03155252422471144,449.30284735713445
verify_test_proj,mortality_apc/cancer,cancer,male,total,65,2020,1,-0.0071490672749221496,452.5149436397047
verify_test_proj,mortality_apc/cancer,cancer,male,total,65,2021,1,-0.008292106842639146,456.267245900256
verify_test_proj,mortality_apc/cancer,cancer,male,total,65,2022,1,0.011763458480982814,450.899965096876
verify_test_proj,mortality_apc/cancer,cancer,male,total,65,2023,1,0.0919874969537825,409.4228059310665
verify_test_proj,mortality_apc/cancer,cancer,male,total,65,2024,1,0.015603157352542252,403.0345174664047
verify_test_proj,mortality_apc/cancer,cancer,male,total,65,2025,0,0.015093779411402048,396.9512033645859
verify_test_proj,mortality_apc/cancer,cancer,male,total,65,2026,0,0.01458440147026184,391.1619076506132
verify_test_proj,mortality_apc/cancer,cancer,male,total,65,2027,0,0.014075023529121638,385.65629459673477
verify_test_proj,mortality_apc/cancer,cancer,male,total,65,2028,0,0.013565645587981432,380.4246179854613
verify_test_proj,mortality_apc/cancer,cancer,male,total,65,2029,0,0.013056267646841228,375.4576923535958
verify_test_proj,mortality_apc/cancer,cancer,male,total,65,2030,0,0.012546889705701024,370.7468660984782
verify_test_proj,mortality_apc/cancer,cancer,male,total,65,2031,0,0.012037511764560818,366.28399633614373
verify_test_proj,mortality_apc/cancer,cancer,male,total,65,2032,0,0.011528133823420614,362.06142540900333
verify_test_proj,mortality_apc/cancer,cancer,male,total,65,2033,0,0.01101875588228041,358.07195894803107
verify_test_proj,mortality_apc/cancer,cancer,male,total,65,2034,0,0.010509377941140204,354.3088454013218
verify_test_proj,mortality_apc/cancer,cancer,male,total,65,2035,0,0.01,350.76575694730855
verify_test_proj,mortality_apc/cancer,cancer,male,total,65,2036,0,0.01,347.25809937783544
verify_test_proj,mortality_apc/cancer,cancer,male,total,65,2037,0,0.01,343.78551838405707
verify_test_proj,mortality_apc/cancer,cancer,male,total,65,2038,0,0.01,340.3476632002165
verify_test_proj,mortality_apc/cancer,cancer,male,total,65,2039,0,0.01,336.9441865682143
verify_test_proj,mortality_apc/cancer,cancer,male,total,65,2040,0,0.01,333.5747447025322
verify_test_proj,mortality_apc/cancer,cancer,male,total,65,2041,0,0.01,330.2389972555069
verify_test_proj,mortality_apc/cancer,cancer,male,total,65,2042,0,0.01,326.9366072829518
verify_test_proj,mortality_apc/cancer,cancer,male,total,65,2043,0,0.01,323.66724121012226
verify_test_proj,mortality_apc/cancer,cancer,male,total,65,2044,0,0.01,320.43056879802106
verify_test_proj,mortality_apc/cancer,cancer,male,total,65,2045,0,0.01,317.22626311004086
verify_test_proj,mortality_apc/cancer,cancer,male,total,65,2046,0,0.01,314.05400047894045
verify_test_proj,mortality_apc/cancer,cancer,male,total,65,2047,0,0.01,310.91346047415107
verify_test_proj,mortality_apc/cancer,cancer,male,total,65,2048,0,0.01,307.8043258694095
verify_test_proj,mortality_apc/cancer,cancer,male,total,65,2049,0,0.01,304.72628261071543
verify_test_proj,mortality_apc/cancer,cancer,male,total,65,2050,0,0.01,301.6790197846083
verify_test_proj,mortality_apc/cancer,cancer,male,total,65,2051,0,0.01,298.6622295867622
verify_test_proj,mortality_apc/cancer,cancer,male,total,65,2052,0,0.01,295.67560729089456
verify_test_proj,mortality_apc/cancer,cancer,male,total,65,2053,0,0.01,292.7188512179856
verify_test_proj,mortality_apc/cancer,cancer,male,total,65,2054,0,0.01,289.7916627058058
verify_test_proj,mortality_apc/cancer,cancer,male,total,65,2055,0,0.01,286.8937460787477
verify_test_proj,mortality_apc/cancer,cancer,male,total,65,2056,0,0.01,284.0248086179602
verify_test_proj,mortality_apc/cancer,cancer,male,total,65,2057,0,0.01,281.1845605317806
verify_test_proj,mortality_apc/cancer,cancer,male,total,65,2058,0,0.01,278.37271492646283
verify_test_proj,mortality_apc/cancer,cancer,male,total,65,2059,0,0.01,275.5889877771982
verify_test_proj,mortality_apc/cancer,cancer,male,total,65,2060,0,0.01,272.8330978994262
verify_test_proj,mortality_apc/cancer,cancer,male,total,65,2061,0,0.01,270.1047669204319
verify_test_proj,mortality_apc/cancer,cancer,male,total,65,2062,0,0.01,267.4037192512276
verify_test_proj,mortality_apc/cancer,cancer,male,total,65,2063,0,0.01,264.7296820587153
verify_test_proj,mortality_apc/cancer,cancer,male,total,65,2064,0,0.01,262.08238523812815
verify_test_proj,mortality_apc/cancer,cancer,male,total,65,2065,0,0.01,259.46156138574685
verify_test_proj,mortality_apc/cancer,cancer,male,total,65,2066,0,0.01,256.8669457718894
verify_test_proj,mortality_apc/cancer,cancer,male,total,65,2067,0,0.01,254.2982763141705
verify_test_proj,mortality_apc/cancer,cancer,male,total,65,2068,0,0.01,251.75529355102879
verify_test_proj,mortality_apc/cancer,cancer,male,total,65,2069,0,0.01,249.2377406155185
verify_test_proj,mortality_apc/cancer,cancer,male,total,65,2070,0,0.01,246.74536320936332
verify_test_proj,mortality_apc/cancer,cancer,male,total,65,2071,0,0.01,244.2779095772697
verify_test_proj,mortality_apc/cancer,cancer,male,total,65,2072,0,0.01,241.835130481497
verify_test_proj,mortality_apc/cancer,cancer,male,total,65,2073,0,0.01,239.41677917668204
verify_test_proj,mortality_apc/cancer,cancer,male,total,65,2074,0,0.01,237.02261138491522
verify_test_proj,mortality_apc/cancer,cancer,male,total,65,2075,0,0.01,234.65238527106607
verify_test_proj,mortality_apc/cancer,cancer,male,total,65,2076,0,0.01,232.3058614183554
verify_test_proj,mortality_apc/cancer,cancer,male,total,65,2077,0,0.01,229.98280280417183
verify_test_proj,mortality_apc/cancer,cancer,male,total,65,2078,0,0.01,227.6829747761301
verify_test_proj,mortality_apc/cancer,cancer,male,total,65,2079,0,0.01,225.4061450283688
verify_test_proj,mortality_apc/cancer,cancer,male,total,65,2080,0,0.01,223.1520835780851
verify_test_proj,mortality_apc/cancer,cancer,male,total,65,2081,0,0.01,220.92056274230424
verify_test_proj,mortality_apc/cancer,cancer,male,total,65,2082,0,0.01,218.7113571148812
verify_test_proj,mortality_apc/cancer,cancer,male,total,65,2083,0,0.01,216.52424354373238
verify_test_proj,mortality_apc/cancer,cancer,male,total,65,2084,0,0.01,214.35900110829505
verify_test_proj,mortality_apc/cancer,cancer,male,total,65,2085,0,0.01,212.2154110972121
verify_test_proj,mortality_apc/cancer,cancer,male,total,65,2086,0,0.01,210.09325698623996
verify_test_proj,mortality_apc/cancer,cancer,male,total,65,2087,0,0.01,207.99232441637756
verify_test_proj,mortality_apc/cancer,cancer,male,total,65,2088,0,0.01,205.91240117221378
verify_test_proj,mortality_apc/cancer,cancer,male,total,65,2089,0,0.01,203.85327716049164
verify_test_proj,mortality_apc/cancer,cancer,male,total,65,2090,0,0.01,201.81474438888674
verify_test_proj,mortality_apc/cancer,cancer,male,total,65,2091,0,0.01,199.79659694499787
verify_test_proj,mortality_apc/cancer,cancer,male,total,65,2092,0,0.01,197.7986309755479
verify_test_proj,mortality_apc/cancer,cancer,male,total,65,2093,0,0.01,195.8206446657924
verify_test_proj,mortality_apc/cancer,cancer,male,total,65,2094,0,0.01,193.86243821913448
verify_test_proj,mortality_apc/cancer,cancer,male,total,65,2095,0,0.01,191.92381383694314
verify_test_proj,mortality_apc/cancer,cancer,male,total,65,2096,0,0.01,190.00457569857372
verify_test_proj,mortality_apc/cancer,cancer,male,total,65,2097,0,0.01,188.10452994158797
verify_test_proj,mortality_apc/cancer,cancer,male,total,65,2098,0,0.01,186.22348464217208
verify_test_proj,mortality_apc/cancer,cancer,male,total,65,2099,0,0.01,184.36124979575035
verify_test_proj,mortality_apc/cancer,cancer,male,total,65,2100,0,0.01,182.51763729779285
verify_test_proj,mortality_apc/cancer,cancer,male,total,70,1950,1,,
verify_test_proj,mortality_apc/cancer,cancer,male,total,70,1951,1,,
verify_test_proj,mortality_apc/cancer,cancer,male,total,70,1952,1,,
verify_test_proj,mortality_apc/cancer,cancer,male,total,70,1953,1,,
verify_test_proj,mortality_apc/cancer,cancer,male,total,70,1954,1,,621.8830764600896
verify_test_proj,mortality_apc/cancer,cancer,male,total,70,1955,1,-0.020498292571326848,634.6306177065253
verify_test_proj,mortality_apc/cancer,cancer,male,total,70,1956,1,-0.020498292571326848,647.6394617829956
verify_test_proj,mortality_apc/cancer,cancer,male,total,70,1957,1,-0.020498292571326848,660.91496495136
verify_test_proj,mortality_apc/cancer,cancer,male,total,70,1958,1,-0.020498292571326848,674.4625932677012
verify_test_proj,mortality_apc/cancer,cancer,male,total,70,1959,1,-0.020498292571326848,688.2879248329184
verify_test_proj,mortality_apc/cancer,cancer,male,total,70,1960,1,-0.018657548216585607,701.1296899773822
verify_test_proj,mortality_apc/cancer,cancer,male,total,70,1961,1,-0.018657548216585607,714.2110509742149
verify_test_proj,mortality_apc/cancer,cancer,male,total,70,1962,1,-0.018657548216585607,727.5364780945846
verify_test_proj,mortality_apc/cancer,cancer,male,total,70,1963,1,-0.018657548216585607,741.1105250139592
verify_test_proj,mortality_apc/cancer,cancer,male,total,70,1964,1,-0.018657548216585607,754.9378303682262
verify_test_proj,mortality_apc/cancer,cancer,male,total,70,1965,1,-0.01656966943058591,767.4469006580714
verify_test_proj,mortality_apc/cancer,cancer,male,total,70,1966,1,-0.01656966943058591,780.1632421075034
verify_test_proj,mortality_apc/cancer,cancer,male,total,70,1967,1,-0.01656966943058591,793.0902891311189
verify_test_proj,mortality_apc/cancer,cancer,male,total,70,1968,1,-0.01656966943058591,806.2315330506293
verify_test_proj,mortality_apc/cancer,cancer,male,total,70,1969,1,-0.01656966943058591,819.5905230377928
verify_test_proj,mortality_apc/cancer,cancer,male,total,70,1970,1,-0.014247219762841157,831.2674093350541
verify_test_proj,mortality_apc/cancer,cancer,male,total,70,1971,1,-0.014247219762841157,843.1106587975382
verify_test_proj,mortality_apc/cancer,cancer,male,total,70,1972,1,-0.014247219762841157,855.1226416378206
verify_test_proj,mortality_apc/cancer,cancer,male,total,70,1973,1,-0.014247219762841157,867.3057618374158
verify_test_proj,mortality_apc/cancer,cancer,male,total,70,1974,1,-0.014247219762841157,879.6624576278919
verify_test_proj,mortality_apc/cancer,cancer,male,total,70,1975,1,-0.011684652192009981,889.9410074916425
verify_test_proj,mortality_apc/cancer,cancer,male,total,70,1976,1,-0.011684652192009981,900.3396586355893
verify_test_proj,mortality_apc/cancer,cancer,male,total,70,1977,1,-0.011684652192009981,910.8598144014192
verify_test_proj,mortality_apc/cancer,cancer,male,total,70,1978,1,-0.011684652192009981,921.5028945283785
verify_test_proj,mortality_apc/cancer,cancer,male,total,70,1979,1,-0.011684652192009981,932.270335344873
verify_test_proj,mortality_apc/cancer,cancer,male,total,70,1980,1,-0.008921572685586021,940.587652904268
verify_test_proj,mortality_apc/cancer,cancer,male,total,70,1981,1,-0.008921572685586021,948.9791740168182
verify_test_proj,mortality_apc/cancer,cancer,male,total,70,1982,1,-0.008921572685586021,957.4455606949166
verify_test_proj,mortality_apc/cancer,cancer,male,total,70,1983,1,-0.008921572685586021,965.987480857148
verify_test_proj,mortality_apc/cancer,cancer,male,total,70,1984,1,-0.008921572685586021,974.6056083809812
verify_test_proj,mortality_apc/cancer,cancer,male,total,70,1985,1,-0.006019190898672644,980.4719455887433
verify_test_proj,mortality_apc/cancer,cancer,male,total,70,1986,1,-0.006019190898672644,986.3735934000349
verify_test_proj,mortality_apc/cancer,cancer,male,total,70,1987,1,-0.006019190898672644,992.3107643561194
verify_test_proj,mortality_apc/cancer,cancer,male,total,70,1988,1,-0.006019190898672644,998.2836722775867
verify_test_proj,mortality_apc/cancer,cancer,male,total,70,1989,1,-0.006019190898672644,1004.2925322720534
verify_test_proj,mortality_apc/cancer,cancer,male,total,70,1990,1,-0.003091953889382104,1007.3977584732894
verify_test_proj,mortality_apc/cancer,cancer,male,total,70,1991,1,-0.003091953889382104,1010.5125858907556
verify_test_proj,mortality_apc/cancer,cancer,male,total,70,1992,1,-0.003091953889382104,1013.6370442109701
verify_test_proj,mortality_apc/cancer,cancer,male,total,70,1993,1,-0.003091953889382104,1016.77116321224
verify_test_proj,mortality_apc/cancer,cancer,male,total,70,1994,1,-0.003091953889382104,1019.9149727649457
verify_test_proj,mortality_apc/cancer,cancer,male,total,70,1995,1,-0.00021675824962708035,1020.1360477492107
verify_test_proj,mortality_apc/cancer,cancer,male,total,70,1996,1,-0.00021675824962708035,1020.3571706533023
verify_test_proj,mortality_apc/cancer,cancer,male,total,70,1997,1,-0.00021675824962708035,1020.5783414876075
verify_test_proj,mortality_apc/cancer,cancer,male,total,70,1998,1,-0.00021675824962708035,1020.7995602625157
verify_test_proj,mortality_apc/cancer,cancer,male,total,70,1999,1,-0.00021675824962708035,1021.0208269884183
verify_test_proj,mortality_apc/cancer,cancer,male,total,70,2000,1,0.0025457634192641576,1018.4215495167643
verify_test_proj,mortality_apc/cancer,cancer,male,total,70,2001,1,0.0025457634192641576,1015.8288891906143
verify_test_proj,mortality_apc/cancer,cancer,male,total,70,2002,1,0.0025457634192641576,1013.242829164281
verify_test_proj,mortality_apc/cancer,cancer,male,total,70,2003,1,0.0025457634192641576,1010.6633526349628
verify_test_proj,mortality_apc/cancer,cancer,male,total,70,2004,1,0.0025457634192641576,1008.0904428426339
verify_test_proj,mortality_apc/cancer,cancer,male,total,70,2005,1,0.004951958707390736,1003.098420596362
verify_test_proj,mortality_apc/cancer,cancer,male,total,70,2006,1,0.004951958707390736,998.1311186381199
verify_test_proj,mortality_apc/cancer,cancer,male,total,70,2007,1,0.004951958707390736,993.1884145540622
verify_test_proj,mortality_apc/cancer,cancer,male,total,70,2008,1,0.004951958707390736,988.2701865365316
verify_test_proj,mortality_apc/cancer,cancer,male,total,70,2009,1,0.004951958707390736,983.3763133810573
verify_test_proj,mortality_apc/cancer,cancer,male,total,70,2010,1,0.006736258075043078,976.7520367492381
verify_test_proj,mortality_apc/cancer,cancer,male,total,70,2011,1,0.006736258075043078,970.1723829543713
verify_test_proj,mortality_apc/cancer,cancer,male,total,70,2012,1,0.006736258075043078,963.6370514055111
verify_test_proj,mortality_apc/cancer,cancer,male,total,70,2013,1,0.012920307646291262,951.186564241987
verify_test_proj,mortality_apc/cancer,cancer,male,total,70,2014,1,0.040241548146079165,912.9093443211394
verify_test_proj,mortality_apc/cancer,cancer,male,total,70,2015,1,0.04000689414996572,876.386676814369
verify_test_proj,mortality_apc/cancer,cancer,male,total,70,2016,1,0.03820491353047051,842.9043996074197
verify_test_proj,mortality_apc/cancer,cancer,male,total,70,2017,1,0.03533536266686965,813.1200669537915
verify_test_proj,mortality_apc/cancer,cancer,male,total,70,2018,1,0.03180454665097132,787.2591518515187
verify_test_proj,mortality_apc/cancer,cancer,male,total,70,2019,1,0.027984840690466584,765.2278299048421
verify_test_proj,mortality_apc/cancer,cancer,male,total,70,2020,1,-0.010750983788528234,773.4547818986797
verify_test_proj,mortality_apc/cancer,cancer,male,total,70,2021,1,-0.012014750677379116,782.747648263419
verify_test_proj,mortality_apc/cancer,cancer,male,total,70,2022,1,0.00782429963585729,776.6231961241434
verify_test_proj,mortality_apc/cancer,cancer,male,total,70,2023,1,0.08791644028609624,708.345249277298
verify_test_proj,mortality_apc/cancer,cancer,male,total,70,2024,1,0.010470696236282717,700.9283813417014
verify_test_proj,mortality_apc/cancer,cancer,male,total,70,2025,0,0.010427905669347926,693.6191663001015
verify_test_proj,mortality_apc/cancer,cancer,male,total,70,2026,0,0.01038511510241313,686.4158514208351
verify_test_proj,mortality_apc/cancer,cancer,male,total,70,2027,0,0.01034232453547834,679.3167159191441
verify_test_proj,mortality_apc/cancer,cancer,male,total,70,2028,0,0.010299533968543547,672.3200703281354
verify_test_proj,mortality_apc/cancer,cancer,male,total,70,2029,0,0.010256743401608755,665.4242558830282
verify_test_proj,mortality_apc/cancer,cancer,male,total,70,2030,0,0.010213952834673962,658.627643918391
verify_test_proj,mortality_apc/cancer,cancer,male,total,70,2031,0,0.01017116226773917,651.9286352780782
verify_test_proj,mortality_apc/cancer,cancer,male,total,70,2032,0,0.010128371700804377,645.3256597375837
verify_test_proj,mortality_apc/cancer,cancer,male,total,70,2033,0,0.010085581133869585,638.8171754385323
verify_test_proj,mortality_apc/cancer,cancer,male,total,70,2034,0,0.010042790566934792,632.4016683350424
verify_test_proj,mortality_apc/cancer,cancer,male,total,70,2035,0,0.01,626.0776516516919
verify_test_proj,mortality_apc/cancer,cancer,male,total,70,2036,0,0.01,619.816875135175
verify_test_proj,mortality_apc/cancer,cancer,male,total,70,2037,0,0.01,613.6187063838232
verify_test_proj,mortality_apc/cancer,cancer,male,total,70,2038,0,0.01,607.4825193199849
verify_test_proj,mortality_apc/cancer,cancer,male,total,70,2039,0,0.01,601.407694126785
verify_test_proj,mortality_apc/cancer,cancer,male,total,70,2040,0,0.01,595.3936171855172
verify_test_proj,mortality_apc/cancer,cancer,male,total,70,2041,0,0.01,589.439681013662
verify_test_proj,mortality_apc/cancer,cancer,male,total,70,2042,0,0.01,583.5452842035254
verify_test_proj,mortality_apc/cancer,cancer,male,total,70,2043,0,0.01,577.7098313614902
verify_test_proj,mortality_apc/cancer,cancer,male,total,70,2044,0,0.01,571.9327330478752
verify_test_proj,mortality_apc/cancer,cancer,male,total,70,2045,0,0.01,566.2134057173964
verify_test_proj,mortality_apc/cancer,cancer,male,total,70,2046,0,0.01,560.5512716602225
verify_test_proj,mortality_apc/cancer,cancer,male,total,70,2047,0,0.01,554.9457589436203
verify_test_proj,mortality_apc/cancer,cancer,male,total,70,2048,0,0.01,549.3963013541841
verify_test_proj,mortality_apc/cancer,cancer,male,total,70,2049,0,0.01,543.9023383406422
verify_test_proj,mortality_apc/cancer,cancer,male,total,70,2050,0,0.01,538.4633149572359
verify_test_proj,mortality_apc/cancer,cancer,male,total,70,2051,0,0.01,533.0786818076635
verify_test_proj,mortality_apc/cancer,cancer,male,total,70,2052,0,0.01,527.7478949895869
verify_test_proj,mortality_apc/cancer,cancer,male,total,70,2053,0,0.01,522.470416039691
verify_test_proj,mortality_apc/cancer,cancer,male,total,70,2054,0,0.01,517.2457118792942
verify_test_proj,mortality_apc/cancer,cancer,male,total,70,2055,0,0.01,512.0732547605012
verify_test_proj,mortality_apc/cancer,cancer,male,total,70,2056,0,0.01,506.95252221289616
verify_test_proj,mortality_apc/cancer,cancer,male,total,70,2057,0,0.01,501.8829969907672
verify_test_proj,mortality_apc/cancer,cancer,male,total,70,2058,0,0.01,496.8641670208595
verify_test_proj,mortality_apc/cancer,cancer,male,total,70,2059,0,0.01,491.89552535065087
verify_test_proj,mortality_apc/cancer,cancer,male,total,70,2060,0,0.01,486.97657009714436
verify_test_proj,mortality_apc/cancer,cancer,male,total,70,2061,0,0.01,482.1068043961729
verify_test_proj,mortality_apc/cancer,cancer,male,total,70,2062,0,0.01,477.28573635221113
verify_test_proj,mortality_apc/cancer,cancer,male,total,70,2063,0,0.01,472.512878988689
verify_test_proj,mortality_apc/cancer,cancer,male,total,70,2064,0,0.01,467.78775019880214
verify_test_proj,mortality_apc/cancer,cancer,male,total,70,2065,0,0.01,463.10987269681414
verify_test_proj,mortality_apc/cancer,cancer,male,total,70,2066,0,0.01,458.478773969846
verify_test_proj,mortality_apc/cancer,cancer,male,total,70,2067,0,0.01,453.8939862301475
verify_test_proj,mortality_apc/cancer,cancer,male,total,70,2068,0,0.01,449.355046367846
verify_test_proj,mortality_apc/cancer,cancer,male,total,70,2069,0,0.01,444.86149590416755
verify_test_proj,mortality_apc/cancer,cancer,male,total,70,2070,0,0.01,440.4128809451259
verify_test_proj,mortality_apc/cancer,cancer,male,total,70,2071,0,0.01,436.0087521356746
verify_test_proj,mortality_apc/cancer,cancer,male,total,70,2072,0,0.01,431.64866461431785
verify_test_proj,mortality_apc/cancer,cancer,male,total,70,2073,0,0.01,427.3321779681747
verify_test_proj,mortality_apc/cancer,cancer,male,total,70,2074,0,0.01,423.05885618849294
verify_test_proj,mortality_apc/cancer,cancer,male,total,70,2075,0,0.01,418.828267626608
verify_test_proj,mortality_apc/cancer,cancer,male,total,70,2076,0,0.01,414.63998495034195
verify_test_proj,mortality_apc/cancer,cancer,male,total,70,2077,0,0.01,410.4935851008385
verify_test_proj,mortality_apc/cancer,cancer,male,total,70,2078,0,0.01,406.3886492498301
verify_test_proj,mortality_apc/cancer,cancer,male,total,70,2079,0,0.01,402.3247627573318
verify_test_proj,mortality_apc/cancer,cancer,male,total,70,2080,0,0.01,398.3015151297585
verify_test_proj,mortality_apc/cancer,cancer,male,total,70,2081,0,0.01,394.3184999784609
verify_test_proj,mortality_apc/cancer,cancer,male,total,70,2082,0,0.01,390.37531497867633
verify_test_proj,mortality_apc/cancer,cancer,male,total,70,2083,0,0.01,386.47156182888955
verify_test_proj,mortality_apc/cancer,cancer,male,total,70,2084,0,0.01,382.6068462106006
verify_test_proj,mortality_apc/cancer,cancer,male,total,70,2085,0,0.01,378.7807777484946
verify_test_proj,mortality_apc/cancer,cancer,male,total,70,2086,0,0.01,374.99296997100964
verify_test_proj,mortality_apc/cancer,cancer,male,total,70,2087,0,0.01,371.24304027129955
verify_test_proj,mortality_apc/cancer,cancer,male,total,70,2088,0,0.01,367.53060986858657
verify_test_proj,mortality_apc/cancer,cancer,male,total,70,2089,0,0.01,363.8553037699007
verify_test_proj,mortality_apc/cancer,cancer,male,total,70,2090,0,0.01,360.21675073220166
verify_test_proj,mortality_apc/cancer,cancer,male,total,70,2091,0,0.01,356.61458322487965
verify_test_proj,mortality_apc/cancer,cancer,male,total,70,2092,0,0.01,353.04843739263083
verify_test_proj,mortality_apc/cancer,cancer,male,total,70,2093,0,0.01,349.51795301870453
verify_test_proj,mortality_apc/cancer,cancer,male,total,70,2094,0,0.01,346.0227734885175
verify_test_proj,mortality_apc/cancer,cancer,male,total,70,2095,0,0.01,342.5625457536323
verify_test_proj,mortality_apc/cancer,cancer,male,total,70,2096,0,0.01,339.136920296096
verify_test_proj,mortality_apc/cancer,cancer,male,total,70,2097,0,0.01,335.745551093135
verify_test_proj,mortality_apc/cancer,cancer,male,total,70,2098,0,0.01,332.3880955822037
verify_test_proj,mortality_apc/cancer,cancer,male,total,70,2099,0,0.01,329.0642146263816
verify_test_proj,mortality_apc/cancer,cancer,male,total,70,2100,0,0.01,325.7735724801178
verify_test_proj,mortality_apc/cancer,cancer,male,total,75,1950,1,,
verify_test_proj,mortality_apc/cancer,cancer,male,total,75,1951,1,,
verify_test_proj,mortality_apc/cancer,cancer,male,total,75,1952,1,,
verify_test_proj,mortality_apc/cancer,cancer,male,total,75,1953,1,,
verify_test_proj,mortality_apc/cancer,cancer,male,total,75,1954,1,,742.9378594489991
verify_test_proj,mortality_apc/cancer,cancer,male,total,75,1955,1,-0.027144297878743284,763.1043860112786
verify_test_proj,mortality_apc/cancer,cancer,male,total,75,1956,1,-0.027144297878743284,783.8183187777443
verify_test_proj,mortality_apc/cancer,cancer,male,total,75,1957,1,-0.027144297878743284,805.0945167054631
verify_test_proj,mortality_apc/cancer,cancer,male,total,75,1958,1,-0.027144297878743284,826.948242087459
verify_test_proj,mortality_apc/cancer,cancer,male,total,75,1959,1,-0.027144297878743284,849.3951715009841
verify_test_proj,mortality_apc/cancer,cancer,male,total,75,1960,1,-0.0250456347477237,870.6688127228779
verify_test_proj,mortality_apc/cancer,cancer,male,total,75,1961,1,-0.0250456347477237,892.4752657925693
verify_test_proj,mortality_apc/cancer,cancer,male,total,75,1962,1,-0.0250456347477237,914.8278753209876
verify_test_proj,mortality_apc/cancer,cancer,male,total,75,1963,1,-0.0250456347477237,937.7403201433132
verify_test_proj,mortality_apc/cancer,cancer,male,total,75,1964,1,-0.0250456347477237,961.2266216898361
verify_test_proj,mortality_apc/cancer,cancer,male,total,75,1965,1,-0.022838889093683257,983.179969896506
verify_test_proj,mortality_apc/cancer,cancer,male,total,75,1966,1,-0.022838889093683257,1005.6347081881031
verify_test_proj,mortality_apc/cancer,cancer,male,total,75,1967,1,-0.022838889093683257,1028.6022877571697
verify_test_proj,mortality_apc/cancer,cancer,male,total,75,1968,1,-0.022838889093683257,1052.0944213287646
verify_test_proj,mortality_apc/cancer,cancer,male,total,75,1969,1,-0.022838889093683257,1076.1230891335751
verify_test_proj,mortality_apc/cancer,cancer,male,total,75,1970,1,-0.020363872861076437,1098.0371229035602
verify_test_proj,mortality_apc/cancer,cancer,male,total,75,1971,1,-0.020363872861076437,1120.3974112711105
verify_test_proj,mortality_apc/cancer,cancer,male,total,75,1972,1,-0.020363872861076437,1143.2130417081146
verify_test_proj,mortality_apc/cancer,cancer,male,total,75,1973,1,-0.020363872861076437,1166.4932867425832
verify_test_proj,mortality_apc/cancer,cancer,male,total,75,1974,1,-0.020363872861076437,1190.2476077271083
verify_test_proj,mortality_apc/cancer,cancer,male,total,75,1975,1,-0.017606864589234883,1211.2041361840202
verify_test_proj,mortality_apc/cancer,cancer,male,total,75,1976,1,-0.017606864589234883,1232.5296433997335
verify_test_proj,mortality_apc/cancer,cancer,male,total,75,1977,1,-0.017606864589234883,1254.2306259332906
verify_test_proj,mortality_apc/cancer,cancer,male,total,75,1978,1,-0.017606864589234883,1276.3136947277694
verify_test_proj,mortality_apc/cancer,cancer,male,total,75,1979,1,-0.017606864589234883,1298.7855771242273
verify_test_proj,mortality_apc/cancer,cancer,male,total,75,1980,1,-0.01454809767065779,1317.6804365534722
verify_test_proj,mortality_apc/cancer,cancer,male,total,75,1981,1,-0.01454809767065779,1336.8501802431672
verify_test_proj,mortality_apc/cancer,cancer,male,total,75,1982,1,-0.01454809767065779,1356.2988072363812
verify_test_proj,mortality_apc/cancer,cancer,male,total,75,1983,1,-0.01454809767065779,1376.0303747546527
verify_test_proj,mortality_apc/cancer,cancer,male,total,75,1984,1,-0.01454809767065779,1396.0489990443753
verify_test_proj,mortality_apc/cancer,cancer,male,total,75,1985,1,-0.011211728192879189,1411.7011209656018
verify_test_proj,mortality_apc/cancer,cancer,male,total,75,1986,1,-0.011211728192879189,1427.528730223451
verify_test_proj,mortality_apc/cancer,cancer,male,total,75,1987,1,-0.011211728192879189,1443.5337943342422
verify_test_proj,mortality_apc/cancer,cancer,male,total,75,1988,1,-0.011211728192879189,1459.7183028735533
verify_test_proj,mortality_apc/cancer,cancer,male,total,75,1989,1,-0.011211728192879189,1476.0842677235426
verify_test_proj,mortality_apc/cancer,cancer,male,total,75,1990,1,-0.007764637533600238,1487.5455270314656
verify_test_proj,mortality_apc/cancer,cancer,male,total,75,1991,1,-0.007764637533600238,1499.0957788635933
verify_test_proj,mortality_apc/cancer,cancer,male,total,75,1992,1,-0.007764637533600238,1510.7357142146193
verify_test_proj,mortality_apc/cancer,cancer,male,total,75,1993,1,-0.007764637533600238,1522.4660294445605
verify_test_proj,mortality_apc/cancer,cancer,male,total,75,1994,1,-0.007764637533600238,1534.2874263204171
verify_test_proj,mortality_apc/cancer,cancer,male,total,75,1995,1,-0.004402319976303026,1541.041850506698
verify_test_proj,mortality_apc/cancer,cancer,male,total,75,1996,1,-0.004402319976303026,1547.8260098295027
verify_test_proj,mortality_apc/cancer,cancer,male,total,75,1997,1,-0.004402319976303026,1554.6400351924165
verify_test_proj,mortality_apc/cancer,cancer,male,total,75,1998,1,-0.004402319976303026,1561.4840580753046
verify_test_proj,mortality_apc/cancer,cancer,male,total,75,1999,1,-0.004402319976303026,1568.3582105368482
verify_test_proj,mortality_apc/cancer,cancer,male,total,75,2000,1,-0.0011876940341364328,1570.2209402268918
verify_test_proj,mortality_apc/cancer,cancer,male,total,75,2001,1,-0.0011876940341364328,1572.0858822698754
verify_test_proj,mortality_apc/cancer,cancer,male,total,75,2002,1,-0.0011876940341364328,1573.9530392933973
verify_test_proj,mortality_apc/cancer,cancer,male,total,75,2003,1,-0.0011876940341364328,1575.822413928177
verify_test_proj,mortality_apc/cancer,cancer,male,total,75,2004,1,-0.0011876940341364328,1577.694008808058
verify_test_proj,mortality_apc/cancer,cancer,male,total,75,2005,1,0.0016419174135401393,1575.1035655417581
verify_test_proj,mortality_apc/cancer,cancer,male,total,75,2006,1,0.0016419174135401393,1572.5173755693659
verify_test_proj,mortality_apc/cancer,cancer,male,total,75,2007,1,0.0016419174135401393,1569.935431907324
verify_test_proj,mortality_apc/cancer,cancer,male,total,75,2008,1,0.0016419174135401393,1567.3577275835419
verify_test_proj,mortality_apc/cancer,cancer,male,total,75,2009,1,0.0016419174135401393,1564.7842556373757
verify_test_proj,mortality_apc/cancer,cancer,male,total,75,2010,1,0.003917467427625665,1558.6542642846548
verify_test_proj,mortality_apc/cancer,cancer,male,total,75,2011,1,0.003917467427625665,1552.5482869733898
verify_test_proj,mortality_apc/cancer,cancer,male,total,75,2012,1,0.003917467427625665,1546.4662296293557
verify_test_proj,mortality_apc/cancer,cancer,male,total,75,2013,1,0.00909728883495975,1532.3975796649063
verify_test_proj,mortality_apc/cancer,cancer,male,total,75,2014,1,0.03119068961216198,1484.60104239515
verify_test_proj,mortality_apc/cancer,cancer,male,total,75,2015,1,0.03268239123472927,1436.0807303001047
verify_test_proj,mortality_apc/cancer,cancer,male,total,75,2016,1,0.032172140822249506,1389.878938812771
verify_test_proj,mortality_apc/cancer,cancer,male,total,75,2017,1,0.03024989875820583,1347.835241627522
verify_test_proj,mortality_apc/cancer,cancer,male,total,75,2018,1,0.027418978388445203,1310.8789762661522
verify_test_proj,mortality_apc/cancer,cancer,male,total,75,2019,1,0.02403132945528541,1279.376811711493
verify_test_proj,mortality_apc/cancer,cancer,male,total,75,2020,1,-0.014595949489786486,1298.050531033638
verify_test_proj,mortality_apc/cancer,cancer,male,total,75,2021,1,-0.01569610814703748,1318.4248725490613
verify_test_proj,mortality_apc/cancer,cancer,male,total,75,2022,1,0.004259344286597244,1312.8092471008617
verify_test_proj,mortality_apc/cancer,cancer,male,total,75,2023,1,0.08455320294287039,1201.8070204054657
verify_test_proj,mortality_apc/cancer,cancer,male,total,75,2024,1,0.007185576852517528,1193.1713436984471
verify_test_proj,mortality_apc/cancer,cancer,male,total,75,2025,0,0.007441433502288661,1184.2924384874786
verify_test_proj,mortality_apc/cancer,cancer,male,total,75,2026,0,0.007697290152059794,1175.1765959635502
verify_test_proj,mortality_apc/cancer,cancer,male,total,75,2027,0,0.00795314680183093,1165.8302439777763
verify_test_proj,mortality_apc/cancer,cancer,male,total,75,2028,0,0.008209003451602064,1156.2599394809806
verify_test_proj,mortality_apc/cancer,cancer,male,total,75,2029,0,0.008464860101373196,1146.4723608524519
verify_test_proj,mortality_apc/cancer,cancer,male,total,75,2030,0,0.00872071675114433,1136.4743001304419
verify_test_proj,mortality_apc/cancer,cancer,male,total,75,2031,0,0.008976573400915466,1126.2726551570668
verify_test_proj,mortality_apc/cancer,cancer,male,total,75,2032,0,0.009232430050686599,1115.874421650328
verify_test_proj,mortality_apc/cancer,cancer,male,total,75,2033,0,0.009488286700457732,1105.2866852160023
verify_test_proj,mortality_apc/cancer,cancer,male,total,75,2034,0,0.009744143350228865,1094.5166133121584
verify_test_proj,mortality_apc/cancer,cancer,male,total,75,2035,0,0.01,1083.5714471790368
verify_test_proj,mortality_apc/cancer,cancer,male,total,75,2036,0,0.01,1072.7357327072464
verify_test_proj,mortality_apc/cancer,cancer,male,total,75,2037,0,0.01,1062.008375380174
verify_test_proj,mortality_apc/cancer,cancer,male,total,75,2038,0,0.01,1051.3882916263722
verify_test_proj,mortality_apc/cancer,cancer,male,total,75,2039,0,0.01,1040.8744087101084
verify_test_proj,mortality_apc/cancer,cancer,male,total,75,2040,0,0.01,1030.4656646230073
verify_test_proj,mortality_apc/cancer,cancer,male,total,75,2041,0,0.01,1020.1610079767772
verify_test_proj,mortality_apc/cancer,cancer,male,total,75,2042,0,0.01,1009.9593978970095
verify_test_proj,mortality_apc/cancer,cancer,male,total,75,2043,0,0.01,999.8598039180393
verify_test_proj,mortality_apc/cancer,cancer,male,total,75,2044,0,0.01,989.861205878859
verify_test_proj,mortality_apc/cancer,cancer,male,total,75,2045,0,0.01,979.9625938200704
verify_test_proj,mortality_apc/cancer,cancer,male,total,75,2046,0,0.01,970.1629678818697
verify_test_proj,mortality_apc/cancer,cancer,male,total,75,2047,0,0.01,960.461338203051
verify_test_proj,mortality_apc/cancer,cancer,male,total,75,2048,0,0.01,950.8567248210205
verify_test_proj,mortality_apc/cancer,cancer,male,total,75,2049,0,0.01,941.3481575728104
verify_test_proj,mortality_apc/cancer,cancer,male,total,75,2050,0,0.01,931.9346759970822
verify_test_proj,mortality_apc/cancer,cancer,male,total,75,2051,0,0.01,922.6153292371114
verify_test_proj,mortality_apc/cancer,cancer,male,total,75,2052,0,0.01,913.3891759447403
verify_test_proj,mortality_apc/cancer,cancer,male,total,75,2053,0,0.01,904.2552841852928
verify_test_proj,mortality_apc/cancer,cancer,male,total,75,2054,0,0.01,895.2127313434398
verify_test_proj,mortality_apc/cancer,cancer,male,total,75,2055,0,0.01,886.2606040300054
verify_test_proj,mortality_apc/cancer,cancer,male,total,75,2056,0,0.01,877.3979979897053
verify_test_proj,mortality_apc/cancer,cancer,male,total,75,2057,0,0.01,868.6240180098083
verify_test_proj,mortality_apc/cancer,cancer,male,total,75,2058,0,0.01,859.9377778297102
verify_test_proj,mortality_apc/cancer,cancer,male,total,75,2059,0,0.01,851.338400051413
verify_test_proj,mortality_apc/cancer,cancer,male,total,75,2060,0,0.01,842.8250160508989
verify_test_proj,mortality_apc/cancer,cancer,male,total,75,2061,0,0.01,834.3967658903898
verify_test_proj,mortality_apc/cancer,cancer,male,total,75,2062,0,0.01,826.0527982314859
verify_test_proj,mortality_apc/cancer,cancer,male,total,75,2063,0,0.01,817.792270249171
verify_test_proj,mortality_apc/cancer,cancer,male,total,75,2064,0,0.01,809.6143475466793
verify_test_proj,mortality_apc/cancer,cancer,male,total,75,2065,0,0.01,801.5182040712125
verify_test_proj,mortality_apc/cancer,cancer,male,total,75,2066,0,0.01,793.5030220305003
verify_test_proj,mortality_apc/cancer,cancer,male,total,75,2067,0,0.01,785.5679918101953
verify_test_proj,mortality_apc/cancer,cancer,male,total,75,2068,0,0.01,777.7123118920933
verify_test_proj,mortality_apc/cancer,cancer,male,total,75,2069,0,0.01,769.9351887731724
verify_test_proj,mortality_apc/cancer,cancer,male,total,75,2070,0,0.01,762.2358368854407
verify_test_proj,mortality_apc/cancer,cancer,male,total,75,2071,0,0.01,754.6134785165863
verify_test_proj,mortality_apc/cancer,cancer,male,total,75,2072,0,0.01,747.0673437314204
verify_test_proj,mortality_apc/cancer,cancer,male,total,75,2073,0,0.01,739.5966702941062
verify_test_proj,mortality_apc/cancer,cancer,male,total,75,2074,0,0.01,732.200703591165
verify_test_proj,mortality_apc/cancer,cancer,male,total,75,2075,0,0.01,724.8786965552534
verify_test_proj,mortality_apc/cancer,cancer,male,total,75,2076,0,0.01,717.6299095897009
verify_test_proj,mortality_apc/cancer,cancer,male,total,75,2077,0,0.01,710.4536104938039
verify_test_proj,mortality_apc/cancer,cancer,male,total,75,2078,0,0.01,703.3490743888659
verify_test_proj,mortality_apc/cancer,cancer,male,total,75,2079,0,0.01,696.3155836449772
verify_test_proj,mortality_apc/cancer,cancer,male,total,75,2080,0,0.01,689.3524278085274
verify_test_proj,mortality_apc/cancer,cancer,male,total,75,2081,0,0.01,682.4589035304422
verify_test_proj,mortality_apc/cancer,cancer,male,total,75,2082,0,0.01,675.6343144951377
verify_test_proj,mortality_apc/cancer,cancer,male,total,75,2083,0,0.01,668.8779713501863
verify_test_proj,mortality_apc/cancer,cancer,male,total,75,2084,0,0.01,662.1891916366844
verify_test_proj,mortality_apc/cancer,cancer,male,total,75,2085,0,0.01,655.5672997203176
verify_test_proj,mortality_apc/cancer,cancer,male,total,75,2086,0,0.01,649.0116267231144
verify_test_proj,mortality_apc/cancer,cancer,male,total,75,2087,0,0.01,642.5215104558832
verify_test_proj,mortality_apc/cancer,cancer,male,total,75,2088,0,0.01,636.0962953513244
verify_test_proj,mortality_apc/cancer,cancer,male,total,75,2089,0,0.01,629.7353323978112
verify_test_proj,mortality_apc/cancer,cancer,male,total,75,2090,0,0.01,623.4379790738332
verify_test_proj,mortality_apc/cancer,cancer,male,total,75,2091,0,0.01,617.2035992830948
verify_test_proj,mortality_apc/cancer,cancer,male,total,75,2092,0,0.01,611.0315632902639
verify_test_proj,mortality_apc/cancer,cancer,male,total,75,2093,0,0.01,604.9212476573613
verify_test_proj,mortality_apc/cancer,cancer,male,total,75,2094,0,0.01,598.8720351807876
verify_test_proj,mortality_apc/cancer,cancer,male,total,75,2095,0,0.01,592.8833148289798
verify_test_proj,mortality_apc/cancer,cancer,male,total,75,2096,0,0.01,586.95448168069
verify_test_proj,mortality_apc/cancer,cancer,male,total,75,2097,0,0.01,581.0849368638832
verify_test_proj,mortality_apc/cancer,cancer,male,total,75,2098,0,0.01,575.2740874952443
verify_test_proj,mortality_apc/cancer,cancer,male,total,75,2099,0,0.01,569.5213466202919
verify_test_proj,mortality_apc/cancer,cancer,male,total,75,2100,0,0.01,563.8261331540889
verify_test_proj,mortality_apc/cancer,cancer,male,total,80,1950,1,,
verify_test_proj,mortality_apc/cancer,cancer,male,total,80,1951,1,,
verify_test_proj,mortality_apc/cancer,cancer,male,total,80,1952,1,,
verify_test_proj,mortality_apc/cancer,cancer,male,total,80,1953,1,,
verify_test_proj,mortality_apc/cancer,cancer,male,total,80,1954,1,,864.2056054079371
verify_test_proj,mortality_apc/cancer,cancer,male,total,80,1955,1,-0.03244928563085825,892.2484599416081
verify_test_proj,mortality_apc/cancer,cancer,male,total,80,1956,1,-0.03244928563085825,921.2012850719467
verify_test_proj,mortality_apc/cancer,cancer,male,total,80,1957,1,-0.03244928563085825,951.09360869476
verify_test_proj,mortality_apc/cancer,cancer,male,total,80,1958,1,-0.03244928563085825,981.9559168649799
verify_test_proj,mortality_apc/cancer,cancer,male,total,80,1959,1,-0.03244928563085825,1013.8196848882429
verify_test_proj,mortality_apc/cancer,cancer,male,total,80,1960,1,-0.030692421526932856,1044.9362660091351
verify_test_proj,mortality_apc/cancer,cancer,male,total,80,1961,1,-0.030692421526932856,1077.0078903542667
verify_test_proj,mortality_apc/cancer,cancer,male,total,80,1962,1,-0.030692421526932856,1110.0638705128526
verify_test_proj,mortality_apc/cancer,cancer,male,total,80,1963,1,-0.030692421526932856,1144.1344187484517
verify_test_proj,mortality_apc/cancer,cancer,male,total,80,1964,1,-0.030692421526932856,1179.2506746121514
verify_test_proj,mortality_apc/cancer,cancer,male,total,80,1965,1,-0.028889022501046302,1213.318073885396
verify_test_proj,mortality_apc/cancer,cancer,male,total,80,1966,1,-0.028889022501046302,1248.3696470227974
verify_test_proj,mortality_apc/cancer,cancer,male,total,80,1967,1,-0.028889022501046302,1284.4338258452622
verify_test_proj,mortality_apc/cancer,cancer,male,total,80,1968,1,-0.028889022501046302,1321.539863541211
verify_test_proj,mortality_apc/cancer,cancer,male,total,80,1969,1,-0.028889022501046302,1359.7178583950827
verify_test_proj,mortality_apc/cancer,cancer,male,total,80,1970,1,-0.026647866752714133,1395.9514387068807
verify_test_proj,mortality_apc/cancer,cancer,male,total,80,1971,1,-0.026647866752714133,1433.1505666388014
verify_test_proj,mortality_apc/cancer,cancer,male,total,80,1972,1,-0.026647866752714133,1471.340971975169
verify_test_proj,mortality_apc/cancer,cancer,male,total,80,1973,1,-0.026647866752714133,1510.5490701441722
verify_test_proj,mortality_apc/cancer,cancer,male,total,80,1974,1,-0.026647866752714133,1550.8019804888104
verify_test_proj,mortality_apc/cancer,cancer,male,total,80,1975,1,-0.02395204760047287,1587.946863344386
verify_test_proj,mortality_apc/cancer,cancer,male,total,80,1976,1,-0.02395204760047287,1625.9814422022323
verify_test_proj,mortality_apc/cancer,cancer,male,total,80,1977,1,-0.02395204760047287,1664.9270271033456
verify_test_proj,mortality_apc/cancer,cancer,male,total,80,1978,1,-0.02395204760047287,1704.8054385078387
verify_test_proj,mortality_apc/cancer,cancer,male,total,80,1979,1,-0.02395204760047287,1745.6390195205236
verify_test_proj,mortality_apc/cancer,cancer,male,total,80,1980,1,-0.020777190778049404,1781.9084944587087
verify_test_proj,mortality_apc/cancer,cancer,male,total,80,1981,1,-0.020777190778049404,1818.931547197104
verify_test_proj,mortality_apc/cancer,cancer,male,total,80,1982,1,-0.020777190778049404,1856.7238349654308
verify_test_proj,mortality_apc/cancer,cancer,male,total,80,1983,1,-0.020777190778049404,1895.301340306659
verify_test_proj,mortality_apc/cancer,cancer,male,total,80,1984,1,-0.020777190778049404,1934.6803778361034
verify_test_proj,mortality_apc/cancer,cancer,male,total,80,1985,1,-0.017117282864171468,1967.796849115286
verify_test_proj,mortality_apc/cancer,cancer,male,total,80,1986,1,-0.017117282864171468,2001.4801844008177
verify_test_proj,mortality_apc/cancer,cancer,male,total,80,1987,1,-0.017117282864171468,2035.7400868642405
verify_test_proj,mortality_apc/cancer,cancer,male,total,80,1988,1,-0.017117282864171468,2070.5864257690287
verify_test_proj,mortality_apc/cancer,cancer,male,total,80,1989,1,-0.017117282864171468,2106.029239313631
verify_test_proj,mortality_apc/cancer,cancer,male,total,80,1990,1,-0.013182225831897654,2133.791392354843
verify_test_proj,mortality_apc/cancer,cancer,male,total,80,1991,1,-0.013182225831897654,2161.919512367024
verify_test_proj,mortality_apc/cancer,cancer,male,total,80,1992,1,-0.013182225831897654,2190.418423609432
verify_test_proj,mortality_apc/cancer,cancer,male,total,80,1993,1,-0.013182225831897654,2219.293013935801
verify_test_proj,mortality_apc/cancer,cancer,male,total,80,1994,1,-0.013182225831897654,2248.5482356326556
verify_test_proj,mortality_apc/cancer,cancer,male,total,80,1995,1,-0.009227730401540901,2269.297232545934
verify_test_proj,mortality_apc/cancer,cancer,male,total,80,1996,1,-0.009227730401540901,2290.237695608831
verify_test_proj,mortality_apc/cancer,cancer,male,total,80,1997,1,-0.009227730401540901,2311.3713916193556
verify_test_proj,mortality_apc/cancer,cancer,male,total,80,1998,1,-0.009227730401540901,2332.7001036790534
verify_test_proj,mortality_apc/cancer,cancer,male,total,80,1999,1,-0.009227730401540901,2354.2256313434505
verify_test_proj,mortality_apc/cancer,cancer,male,total,80,2000,1,-0.005425297588166567,2366.998005983178
verify_test_proj,mortality_apc/cancer,cancer,male,total,80,2001,1,-0.005425297588166567,2379.8396745562336
verify_test_proj,mortality_apc/cancer,cancer,male,total,80,2002,1,-0.005425297588166567,2392.7510130028268
verify_test_proj,mortality_apc/cancer,cancer,male,total,80,2003,1,-0.005425297588166567,2405.732399302754
verify_test_proj,mortality_apc/cancer,cancer,male,total,80,2004,1,-0.005425297588166567,2418.7842134864654
verify_test_proj,mortality_apc/cancer,cancer,male,total,80,2005,1,-0.002031885951059964,2423.698907148494
verify_test_proj,mortality_apc/cancer,cancer,male,total,80,2006,1,-0.002031885951059964,2428.6235869075285
verify_test_proj,mortality_apc/cancer,cancer,male,total,80,2007,1,-0.002031885951059964,2433.5582730541787
verify_test_proj,mortality_apc/cancer,cancer,male,total,80,2008,1,-0.002031885951059964,2438.502985920283
verify_test_proj,mortality_apc/cancer,cancer,male,total,80,2009,1,-0.002031885951059964,2443.4577458789922
verify_test_proj,mortality_apc/cancer,cancer,male,total,80,2010,1,0.0007668174588399967,2441.5840598195146
verify_test_proj,mortality_apc/cancer,cancer,male,total,80,2011,1,0.0007668174588399967,2439.7118105352197
verify_test_proj,mortality_apc/cancer,cancer,male,total,80,2012,1,0.0007668174588399967,2437.840996924363
verify_test_proj,mortality_apc/cancer,cancer,male,total,80,2013,1,0.004776120470666001,2426.197574634724
verify_test_proj,mortality_apc/cancer,cancer,male,total,80,2014,1,0.02093796839496842,2375.397926497073
verify_test_proj,mortality_apc/cancer,cancer,male,total,80,2015,1,0.024449598460717037,2317.3204010097998
verify_test_proj,mortality_apc/cancer,cancer,male,total,80,2016,1,0.0255247648463115,2258.1713427004643
verify_test_proj,mortality_apc/cancer,cancer,male,total,80,2017,1,0.02474918809756499,2202.2834353834396
verify_test_proj,mortality_apc/cancer,cancer,male,total,80,2018,1,0.02272462254113683,2152.237375585753
verify_test_proj,mortality_apc/cancer,cancer,male,total,80,2019,1,0.019872164408110127,2109.4677606128334
verify_test_proj,mortality_apc/cancer,cancer,male,total,80,2020,1,-0.01851901121177435,2148.533017722499
verify_test_proj,mortality_apc/cancer,cancer,male,total,80,2021,1,-0.01939459725680237,2190.202950294169
verify_test_proj,mortality_apc/cancer,cancer,male,total,80,2022,1,0.0009035562333290503,2188.223978766175
verify_test_proj,mortality_apc/cancer,cancer,male,total,80,2023,1,0.08194178034994504,2008.9170101416344
verify_test_proj,mortality_apc/cancer,cancer,male,total,80,2024,1,0.0054759377020502376,1997.9163057455098
verify_test_proj,mortality_apc/cancer,cancer,male,total,80,2025,0,0.005887216092772943,1986.1541407183113
verify_test_proj,mortality_apc/cancer,cancer,male,total,80,2026,0,0.006298494483495648,1973.644359819625
verify_test_proj,mortality_apc/cancer,cancer,male,total,80,2027,0,0.006709772874218355,1960.401654430753
verify_test_proj,mortality_apc/cancer,cancer,male,total,80,2028,0,0.00712105126494106,1946.4415337496764
verify_test_proj,mortality_apc/cancer,cancer,male,total,80,2029,0,0.007532329655663765,1931.780294461998
verify_test_proj,mortality_apc/cancer,cancer,male,total,80,2030,0,0.007943608046386472,1916.4349889710588
verify_test_proj,mortality_apc/cancer,cancer,male,total,80,2031,0,0.008354886437109178,1900.4233922741032
verify_test_proj,mortality_apc/cancer,cancer,male,total,80,2032,0,0.008766164827831883,1883.763967574761
verify_test_proj,mortality_apc/cancer,cancer,male,total,80,2033,0,0.00917744321855459,1866.4758307251843
verify_test_proj,mortality_apc/cancer,cancer,male,total,80,2034,0,0.009588721609277293,1848.578713593916
verify_test_proj,mortality_apc/cancer,cancer,male,total,80,2035,0,0.01,1830.0929264579768
verify_test_proj,mortality_apc/cancer,cancer,male,total,80,2036,0,0.01,1811.791997193397
verify_test_proj,mortality_apc/cancer,cancer,male,total,80,2037,0,0.01,1793.674077221463
verify_test_proj,mortality_apc/cancer,cancer,male,total,80,2038,0,0.01,1775.7373364492485
verify_test_proj,mortality_apc/cancer,cancer,male,total,80,2039,0,0.01,1757.979963084756
verify_test_proj,mortality_apc/cancer,cancer,male,total,80,2040,0,0.01,1740.4001634539084
verify_test_proj,mortality_apc/cancer,cancer,male,total,80,2041,0,0.01,1722.9961618193693
verify_test_proj,mortality_apc/cancer,cancer,male,total,80,2042,0,0.01,1705.7662002011755
verify_test_proj,mortality_apc/cancer,cancer,male,total,80,2043,0,0.01,1688.7085381991637
verify_test_proj,mortality_apc/cancer,cancer,male,total,80,2044,0,0.01,1671.821452817172
verify_test_proj,mortality_apc/cancer,cancer,male,total,80,2045,0,0.01,1655.1032382890003
verify_test_proj,mortality_apc/cancer,cancer,male,total,80,2046,0,0.01,1638.5522059061102
verify_test_proj,mortality_apc/cancer,cancer,male,total,80,2047,0,0.01,1622.1666838470492
verify_test_proj,mortality_apc/cancer,cancer,male,total,80,2048,0,0.01,1605.9450170085786
verify_test_proj,mortality_apc/cancer,cancer,male,total,80,2049,0,0.01,1589.8855668384929
verify_test_proj,mortality_apc/cancer,cancer,male,total,80,2050,0,0.01,1573.986711170108
verify_test_proj,mortality_apc/cancer,cancer,male,total,80,2051,0,0.01,1558.2468440584069
verify_test_proj,mortality_apc/cancer,cancer,male,total,80,2052,0,0.01,1542.6643756178228
verify_test_proj,mortality_apc/cancer,cancer,male,total,80,2053,0,0.01,1527.2377318616445
verify_test_proj,mortality_apc/cancer,cancer,male,total,80,2054,0,0.01,1511.965354543028
verify_test_proj,mortality_apc/cancer,cancer,male,total,80,2055,0,0.01,1496.8457009975978
verify_test_proj,mortality_apc/cancer,cancer,male,total,80,2056,0,0.01,1481.8772439876218
verify_test_proj,mortality_apc/cancer,cancer,male,total,80,2057,0,0.01,1467.0584715477455
verify_test_proj,mortality_apc/cancer,cancer,male,total,80,2058,0,0.01,1452.3878868322681
verify_test_proj,mortality_apc/cancer,cancer,male,total,80,2059,0,0.01,1437.8640079639454
verify_test_proj,mortality_apc/cancer,cancer,male,total,80,2060,0,0.01,1423.485367884306
verify_test_proj,mortality_apc/cancer,cancer,male,total,80,2061,0,0.01,1409.2505142054629
verify_test_proj,mortality_apc/cancer,cancer,male,total,80,2062,0,0.01,1395.1580090634081
verify_test_proj,mortality_apc/cancer,cancer,male,total,80,2063,0,0.01,1381.2064289727741
verify_test_proj,mortality_apc/cancer,cancer,male,total,80,2064,0,0.01,1367.3943646830464
verify_test_proj,mortality_apc/cancer,cancer,male,total,80,2065,0,0.01,1353.720421036216
verify_test_proj,mortality_apc/cancer,cancer,male,total,80,2066,0,0.01,1340.1832168258538
verify_test_proj,mortality_apc/cancer,cancer,male,total,80,2067,0,0.01,1326.7813846575953
verify_test_proj,mortality_apc/cancer,cancer,male,total,80,2068,0,0.01,1313.5135708110192
verify_test_proj,mortality_apc/cancer,cancer,male,total,80,2069,0,0.01,1300.378435102909
verify_test_proj,mortality_apc/cancer,cancer,male,total,80,2070,0,0.01,1287.37465075188
verify_test_proj,mortality_apc/cancer,cancer,male,total,80,2071,0,0.01,1274.5009042443612
verify_test_proj,mortality_apc/cancer,cancer,male,total,80,2072,0,0.01,1261.7558952019176
verify_test_proj,mortality_apc/cancer,cancer,male,total,80,2073,0,0.01,1249.1383362498984
verify_test_proj,mortality_apc/cancer,cancer,male,total,80,2074,0,0.01,1236.6469528873995
verify_test_proj,mortality_apc/cancer,cancer,male,total,80,2075,0,0.01,1224.2804833585255
verify_test_proj,mortality_apc/cancer,cancer,male,total,80,2076,0,0.01,1212.0376785249402
verify_test_proj,mortality_apc/cancer,cancer,male,total,80,2077,0,0.01,1199.9173017396909
verify_test_proj,mortality_apc/cancer,cancer,male,total,80,2078,0,0.01,1187.9181287222939
verify_test_proj,mortality_apc/cancer,cancer,male,total,80,2079,0,0.01,1176.038947435071
verify_test_proj,mortality_apc/cancer,cancer,male,total,80,2080,0,0.01,1164.2785579607203
verify_test_proj,mortality_apc/cancer,cancer,male,total,80,2081,0,0.01,1152.6357723811132
verify_test_proj,mortality_apc/cancer,cancer,male,total,80,2082,0,0.01,1141.109414657302
verify_test_proj,mortality_apc/cancer,cancer,male,total,80,2083,0,0.01,1129.698320510729
verify_test_proj,mortality_apc/cancer,cancer,male,total,80,2084,0,0.01,1118.4013373056216
verify_test_proj,mortality_apc/cancer,cancer,male,total,80,2085,0,0.01,1107.2173239325655
verify_test_proj,mortality_apc/cancer,cancer,male,total,80,2086,0,0.01,1096.1451506932399
verify_test_proj,mortality_apc/cancer,cancer,male,total,80,2087,0,0.01,1085.1836991863074
verify_test_proj,mortality_apc/cancer,cancer,male,total,80,2088,0,0.01,1074.3318621944443
verify_test_proj,mortality_apc/cancer,cancer,male,total,80,2089,0,0.01,1063.5885435725
verify_test_proj,mortality_apc/cancer,cancer,male,total,80,2090,0,0.01,1052.952658136775
verify_test_proj,mortality_apc/cancer,cancer,male,total,80,2091,0,0.01,1042.4231315554073
verify_test_proj,mortality_apc/cancer,cancer,male,total,80,2092,0,0.01,1031.9989002398531
verify_test_proj,mortality_apc/cancer,cancer,male,total,80,2093,0,0.01,1021.6789112374546
verify_test_proj,mortality_apc/cancer,cancer,male,total,80,2094,0,0.01,1011.4621221250801
verify_test_proj,mortality_apc/cancer,cancer,male,total,80,2095,0,0.01,1001.3475009038293
verify_test_proj,mortality_apc/cancer,cancer,male,total,80,2096,0,0.01,991.334025894791
verify_test_proj,mortality_apc/cancer,cancer,male,total,80,2097,0,0.01,981.4206856358431
verify_test_proj,mortality_apc/cancer,cancer,male,total,80,2098,0,0.01,971.6064787794847
verify_test_proj,mortality_apc/cancer,cancer,male,total,80,2099,0,0.01,961.8904139916899
verify_test_proj,mortality_apc/cancer,cancer,male,total,80,2100,0,0.01,952.271509851773
verify_test_proj,mortality_apc/cancer,cancer,male,total,85,1950,1,,
verify_test_proj,mortality_apc/cancer,cancer,male,total,85,1951,1,,
verify_test_proj,mortality_apc/cancer,cancer,male,total,85,1952,1,,
verify_test_proj,mortality_apc/cancer,cancer,male,total,85,1953,1,,
verify_test_proj,mortality_apc/cancer,cancer,male,total,85,1954,1,,992.4799123347761
verify_test_proj,mortality_apc/cancer,cancer,male,total,85,1955,1,-0.03588510061973382,1028.0951538519741
verify_test_proj,mortality_apc/cancer,cancer,male,total,85,1956,1,-0.03588510061973382,1064.988451894613
verify_test_proj,mortality_apc/cancer,cancer,male,total,85,1957,1,-0.03588510061973382,1103.2056696497057
verify_test_proj,mortality_apc/cancer,cancer,male,total,85,1958,1,-0.03588510061973382,1142.7943161093463
verify_test_proj,mortality_apc/cancer,cancer,male,total,85,1959,1,-0.03588510061973382,1183.80360513059
verify_test_proj,mortality_apc/cancer,cancer,male,total,85,1960,1,-0.035284899329534936,1225.5739961635634
verify_test_proj,mortality_apc/cancer,cancer,male,total,85,1961,1,-0.035284899329534936,1268.8182512390906
verify_test_proj,mortality_apc/cancer,cancer,male,total,85,1962,1,-0.035284899329534936,1313.5883755015384
verify_test_proj,mortality_apc/cancer,cancer,male,total,85,1963,1,-0.035284899329534936,1359.9382090915576
verify_test_proj,mortality_apc/cancer,cancer,male,total,85,1964,1,-0.035284899329534936,1407.9234918937414
verify_test_proj,mortality_apc/cancer,cancer,male,total,85,1965,1,-0.034444079976709396,1456.4181212496173
verify_test_proj,mortality_apc/cancer,cancer,male,total,85,1966,1,-0.034444079976709396,1506.583103497468
verify_test_proj,mortality_apc/cancer,cancer,male,total,85,1967,1,-0.034444079976709396,1558.4759724058938
verify_test_proj,mortality_apc/cancer,cancer,male,total,85,1968,1,-0.034444079976709396,1612.1562434412224
verify_test_proj,mortality_apc/cancer,cancer,male,total,85,1969,1,-0.034444079976709396,1667.6854820252631
verify_test_proj,mortality_apc/cancer,cancer,male,total,85,1970,1,-0.03287929386590527,1722.5178030646757
verify_test_proj,mortality_apc/cancer,cancer,male,total,85,1971,1,-0.03287929386590527,1779.1529721008926
verify_test_proj,mortality_apc/cancer,cancer,male,total,85,1972,1,-0.03287929386590527,1837.6502655029967
verify_test_proj,mortality_apc/cancer,cancer,male,total,85,1973,1,-0.03287929386590527,1898.0709086052286
verify_test_proj,mortality_apc/cancer,cancer,male,total,85,1974,1,-0.03287929386590527,1960.4781397875859
verify_test_proj,mortality_apc/cancer,cancer,male,total,85,1975,1,-0.030515271979331793,2020.3026634327384
verify_test_proj,mortality_apc/cancer,cancer,male,total,85,1976,1,-0.030515271979331793,2081.952748687957
verify_test_proj,mortality_apc/cancer,cancer,male,total,85,1977,1,-0.030515271979331793,2145.4841030622874
verify_test_proj,mortality_apc/cancer,cancer,male,total,85,1978,1,-0.030515271979331793,2210.954133994566
verify_test_proj,mortality_apc/cancer,cancer,male,total,85,1979,1,-0.030515271979331793,2278.422000727238
verify_test_proj,mortality_apc/cancer,cancer,male,total,85,1980,1,-0.02746335847975412,2340.995120901369
verify_test_proj,mortality_apc/cancer,cancer,male,total,85,1981,1,-0.02746335847975412,2405.2867091060384
verify_test_proj,mortality_apc/cancer,cancer,male,total,85,1982,1,-0.02746335847975412,2471.3439602448057
verify_test_proj,mortality_apc/cancer,cancer,male,total,85,1983,1,-0.02746335847975412,2539.215365351784
verify_test_proj,mortality_apc/cancer,cancer,male,total,85,1984,1,-0.02746335847975412,2608.9507471877396
verify_test_proj,mortality_apc/cancer,cancer,male,total,85,1985,1,-0.02367418174349112,2670.715521336479
verify_test_proj,mortality_apc/cancer,cancer,male,total,85,1986,1,-0.02367418174349112,2733.9425259737613
verify_test_proj,mortality_apc/cancer,cancer,male,total,85,1987,1,-0.02367418174349112,2798.6663782099236
verify_test_proj,mortality_apc/cancer,cancer,male,total,85,1988,1,-0.02367418174349112,2864.9225146870635
verify_test_proj,mortality_apc/cancer,cancer,male,total,85,1989,1,-0.02367418174349112,2932.7472109807845
verify_test_proj,mortality_apc/cancer,cancer,male,total,85,1990,1,-0.01927041555972364,2989.262468468005
verify_test_proj,mortality_apc/cancer,cancer,male,total,85,1991,1,-0.01927041555972364,3046.8667984524686
verify_test_proj,mortality_apc/cancer,cancer,male,total,85,1992,1,-0.01927041555972364,3105.5811878137724
verify_test_proj,mortality_apc/cancer,cancer,male,total,85,1993,1,-0.01927041555972364,3165.427027857404
verify_test_proj,mortality_apc/cancer,cancer,male,total,85,1994,1,-0.01927041555972364,3226.426122108197
verify_test_proj,mortality_apc/cancer,cancer,male,total,85,1995,1,-0.014696112889253765,3273.8420446275363
verify_test_proj,mortality_apc/cancer,cancer,male,total,85,1996,1,-0.014696112889253765,3321.9547968969678
verify_test_proj,mortality_apc/cancer,cancer,male,total,85,1997,1,-0.014696112889253765,3370.7746196051635
verify_test_proj,mortality_apc/cancer,cancer,male,total,85,1998,1,-0.014696112889253765,3420.311903939112
verify_test_proj,mortality_apc/cancer,cancer,male,total,85,1999,1,-0.014696112889253765,3470.57719379586
verify_test_proj,mortality_apc/cancer,cancer,male,total,85,2000,1,-0.01019067652440575,3505.9447233308133
verify_test_proj,mortality_apc/cancer,cancer,male,total,85,2001,1,-0.01019067652440575,3541.672671918725
verify_test_proj,mortality_apc/cancer,cancer,male,total,85,2002,1,-0.01019067652440575,3577.7647124735763
verify_test_proj,mortality_apc/cancer,cancer,male,total,85,2003,1,-0.01019067652440575,3614.224555338828
verify_test_proj,mortality_apc/cancer,cancer,male,total,85,2004,1,-0.01019067652440575,3651.0559486688503
verify_test_proj,mortality_apc/cancer,cancer,male,total,85,2005,1,-0.006109679361091969,3673.3627298446245
verify_test_proj,mortality_apc/cancer,cancer,male,total,85,2006,1,-0.006109679361091969,3695.8057983009608
verify_test_proj,mortality_apc/cancer,cancer,male,total,85,2007,1,-0.006109679361091969,3718.3859867094443
verify_test_proj,mortality_apc/cancer,cancer,male,total,85,2008,1,-0.006109679361091969,3741.1041328290166
verify_test_proj,mortality_apc/cancer,cancer,male,total,85,2009,1,-0.006109679361091969,3763.961079537058
verify_test_proj,mortality_apc/cancer,cancer,male,total,85,2010,1,-0.0026538279061594228,3773.9499844876314
verify_test_proj,mortality_apc/cancer,cancer,male,total,85,2011,1,-0.0026538279061594228,3783.9653982729146
verify_test_proj,mortality_apc/cancer,cancer,male,total,85,2012,1,-0.0026538279061594228,3794.007391242793
verify_test_proj,mortality_apc/cancer,cancer,male,total,85,2013,1,7.843938542639872e-05,3793.7097916347207
verify_test_proj,mortality_apc/cancer,cancer,male,total,85,2014,1,0.009581081271146652,3757.3619498019234
verify_test_proj,mortality_apc/cancer,cancer,male,total,85,2015,1,0.01532108136887056,3699.79510163671
verify_test_proj,mortality_apc/cancer,cancer,male,total,85,2016,1,0.018197449245735853,3632.468268055054
verify_test_proj,mortality_apc/cancer,cancer,male,total,85,2017,1,0.01881074598659771,3564.1388301602938
verify_test_proj,mortality_apc/cancer,cancer,male,total,85,2018,1,0.017710020710395846,3501.017857663429
verify_test_proj,mortality_apc/cancer,cancer,male,total,85,2019,1,0.015474480552859049,3446.841424909804
verify_test_proj,mortality_apc/cancer,cancer,male,total,85,2020,1,-0.022724848521616936,3525.170374168914
verify_test_proj,mortality_apc/cancer,cancer,male,total,85,2021,1,-0.023366933746538754,3607.54279674738
verify_test_proj,mortality_apc/cancer,cancer,male,total,85,2022,1,-0.0027621857016308926,3617.507499878577
verify_test_proj,mortality_apc/cancer,cancer,male,total,85,2023,1,0.0791767535988559,3331.084999918678
verify_test_proj,mortality_apc/cancer,cancer,male,total,85,2024,1,0.0036844306617341838,3318.811848208135
verify_test_proj,mortality_apc/cancer,cancer,male,total,85,2025,0,0.004258573328849258,3304.678444587887
verify_test_proj,mortality_apc/cancer,cancer,male,total,85,2026,0,0.004832715995964331,3288.7078722072088
verify_test_proj,mortality_apc/cancer,cancer,male,total,85,2027,0,0.005406858663079406,3270.9262935580277
verify_test_proj,mortality_apc/cancer,cancer,male,total,85,2028,0,0.005981001330194481,3251.362879045289
verify_test_proj,mortality_apc/cancer,cancer,male,total,85,2029,0,0.006555143997309554,3230.04972718564
verify_test_proj,mortality_apc/cancer,cancer,male,total,85,2030,0,0.0071292866644246285,3207.0217767401873
verify_test_proj,mortality_apc/cancer,cancer,male,total,85,2031,0,0.007703429331539703,3182.3167111183607
verify_test_proj,mortality_apc/cancer,cancer,male,total,85,2032,0,0.008277571998654778,3155.974855419556
verify_test_proj,mortality_apc/cancer,cancer,male,total,85,2033,0,0.008851714665769853,3128.039066507038
verify_test_proj,mortality_apc/cancer,cancer,male,total,85,2034,0,0.009425857332884926,3098.554616534452
verify_test_proj,mortality_apc/cancer,cancer,male,total,85,2035,0,0.01,3067.5690703691075
verify_test_proj,mortality_apc/cancer,cancer,male,total,85,2036,0,0.01,3036.8933796654164
verify_test_proj,mortality_apc/cancer,cancer,male,total,85,2037,0,0.01,3006.524445868762
verify_test_proj,mortality_apc/cancer,cancer,male,total,85,2038,0,0.01,2976.4592014100745
verify_test_proj,mortality_apc/cancer,cancer,male,total,85,2039,0,0.01,2946.6946093959737
verify_test_proj,mortality_apc/cancer,cancer,male,total,85,2040,0,0.01,2917.2276633020138
verify_test_proj,mortality_apc/cancer,cancer,male,total,85,2041,0,0.01,2888.0553866689934
verify_test_proj,mortality_apc/cancer,cancer,male,total,85,2042,0,0.01,2859.1748328023036
verify_test_proj,mortality_apc/cancer,cancer,male,total,85,2043,0,0.01,2830.5830844742804
verify_test_proj,mortality_apc/cancer,cancer,male,total,85,2044,0,0.01,2802.2772536295374
verify_test_proj,mortality_apc/cancer,cancer,male,total,85,2045,0,0.01,2774.2544810932422
verify_test_proj,mortality_apc/cancer,cancer,male,total,85,2046,0,0.01,2746.5119362823098
verify_test_proj,mortality_apc/cancer,cancer,male,total,85,2047,0,0.01,2719.0468169194864
verify_test_proj,mortality_apc/cancer,cancer,male,total,85,2048,0,0.01,2691.8563487502915
verify_test_proj,mortality_apc/cancer,cancer,male,total,85,2049,0,0.01,2664.9377852627886
verify_test_proj,mortality_apc/cancer,cancer,male,total,85,2050,0,0.01,2638.2884074101607
verify_test_proj,mortality_apc/cancer,cancer,male,total,85,2051,0,0.01,2611.905523336059
verify_test_proj,mortality_apc/cancer,cancer,male,total,85,2052,0,0.01,2585.7864681026986
verify_test_proj,mortality_apc/cancer,cancer,male,total,85,2053,0,0.01,2559.9286034216716
verify_test_proj,mortality_apc/cancer,cancer,male,total,85,2054,0,0.01,2534.329317387455
verify_test_proj,mortality_apc/cancer,cancer,male,total,85,2055,0,0.01,2508.9860242135805
verify_test_proj,mortality_apc/cancer,cancer,male,total,85,2056,0,0.01,2483.896163971445
verify_test_proj,mortality_apc/cancer,cancer,male,total,85,2057,0,0.01,2459.0572023317304
verify_test_proj,mortality_apc/cancer,cancer,male,total,85,2058,0,0.01,2434.466630308413
verify_test_proj,mortality_apc/cancer,cancer,male,total,85,2059,0,0.01,2410.121964005329
verify_test_proj,mortality_apc/cancer,cancer,male,total,85,2060,0,0.01,2386.0207443652757
verify_test_proj,mortality_apc/cancer,cancer,male,total,85,2061,0,0.01,2362.160536921623
verify_test_proj,mortality_apc/cancer,cancer,male,total,85,2062,0,0.01,2338.5389315524067
verify_test_proj,mortality_apc/cancer,cancer,male,total,85,2063,0,0.01,2315.1535422368825
verify_test_proj,mortality_apc/cancer,cancer,male,total,85,2064,0,0.01,2292.0020068145136
verify_test_proj,mortality_apc/cancer,cancer,male,total,85,2065,0,0.01,2269.0819867463683
verify_test_proj,mortality_apc/cancer,cancer,male,total,85,2066,0,0.01,2246.3911668789046
verify_test_proj,mortality_apc/cancer,cancer,male,total,85,2067,0,0.01,2223.9272552101156
verify_test_proj,mortality_apc/cancer,cancer,male,total,85,2068,0,0.01,2201.6879826580143
verify_test_proj,mortality_apc/cancer,cancer,male,total,85,2069,0,0.01,2179.6711028314344
verify_test_proj,mortality_apc/cancer,cancer,male,total,85,2070,0,0.01,2157.87439180312
verify_test_proj,mortality_apc/cancer,cancer,male,total,85,2071,0,0.01,2136.295647885089
verify_test_proj,mortality_apc/cancer,cancer,male,total,85,2072,0,0.01,2114.932691406238
verify_test_proj,mortality_apc/cancer,cancer,male,total,85,2073,0,0.01,2093.7833644921757
verify_test_proj,mortality_apc/cancer,cancer,male,total,85,2074,0,0.01,2072.845530847254
verify_test_proj,mortality_apc/cancer,cancer,male,total,85,2075,0,0.01,2052.1170755387816
verify_test_proj,mortality_apc/cancer,cancer,male,total,85,2076,0,0.01,2031.5959047833937
verify_test_proj,mortality_apc/cancer,cancer,male,total,85,2077,0,0.01,2011.2799457355597
verify_test_proj,mortality_apc/cancer,cancer,male,total,85,2078,0,0.01,1991.1671462782042
verify_test_proj,mortality_apc/cancer,cancer,male,total,85,2079,0,0.01,1971.255474815422
verify_test_proj,mortality_apc/cancer,cancer,male,total,85,2080,0,0.01,1951.542920067268
verify_test_proj,mortality_apc/cancer,cancer,male,total,85,2081,0,0.01,1932.0274908665951
verify_test_proj,mortality_apc/cancer,cancer,male,total,85,2082,0,0.01,1912.707215957929
verify_test_proj,mortality_apc/cancer,cancer,male,total,85,2083,0,0.01,1893.5801437983498
verify_test_proj,mortality_apc/cancer,cancer,male,total,85,2084,0,0.01,1874.6443423603662
verify_test_proj,mortality_apc/cancer,cancer,male,total,85,2085,0,0.01,1855.8978989367624
verify_test_proj,mortality_apc/cancer,cancer,male,total,85,2086,0,0.01,1837.3389199473947
verify_test_proj,mortality_apc/cancer,cancer,male,total,85,2087,0,0.01,1818.9655307479209
verify_test_proj,mortality_apc/cancer,cancer,male,total,85,2088,0,0.01,1800.7758754404417
verify_test_proj,mortality_apc/cancer,cancer,male,total,85,2089,0,0.01,1782.7681166860373
verify_test_proj,mortality_apc/cancer,cancer,male,total,85,2090,0,0.01,1764.9404355191768
verify_test_proj,mortality_apc/cancer,cancer,male,total,85,2091,0,0.01,1747.291031163985
verify_test_proj,mortality_apc/cancer,cancer,male,total,85,2092,0,0.01,1729.8181208523451
verify_test_proj,mortality_apc/cancer,cancer,male,total,85,2093,0,0.01,1712.5199396438218
verify_test_proj,mortality_apc/cancer,cancer,male,total,85,2094,0,0.01,1695.3947402473837
verify_test_proj,mortality_apc/cancer,cancer,male,total,85,2095,0,0.01,1678.4407928449098
verify_test_proj,mortality_apc/cancer,cancer,male,total,85,2096,0,0.01,1661.6563849164606
verify_test_proj,mortality_apc/cancer,cancer,male,total,85,2097,0,0.01,1645.039821067296
verify_test_proj,mortality_apc/cancer,cancer,male,total,85,2098,0,0.01,1628.589422856623
verify_test_proj,mortality_apc/cancer,cancer,male,total,85,2099,0,0.01,1612.3035286280567
verify_test_proj,mortality_apc/cancer,cancer,male,total,85,2100,0,0.01,1596.1804933417761
