disease_id,mortality_code,disease_raw,sex,age_code,age_label,age_low,age_high,age_is_recap,age_is_total,year,deaths,rate_per_100k,population_thousand
cancer,Hi022017,Hi02_悪性新生物＜腫瘍＞,female,a00_04,0-4歳,0,4,False,False,1950,230.0,4.2,
cancer,Hi022017,Hi02_悪性新生物＜腫瘍＞,female,a00_04,0-4歳,0,4,False,False,1955,242.0,5.4,
cancer,Hi022017,Hi02_悪性新生物＜腫瘍＞,female,a00_04,0-4歳,0,4,False,False,1960,255.0,6.7,
cancer,Hi022017,Hi02_悪性新生物＜腫瘍＞,female,a00_04,0-4歳,0,4,False,False,1965,264.0,6.6,
cancer,Hi022017,Hi02_悪性新生物＜腫瘍＞,female,a00_04,0-4歳,0,4,False,False,1970,285.0,6.7,
cancer,Hi022017,Hi02_悪性新生物＜腫瘍＞,female,a00_04,0-4歳,0,4,False,False,1975,294.0,6.1,
cancer,Hi022017,Hi02_悪性新生物＜腫瘍＞,female,a00_04,0-4歳,0,4,False,False,1980,204.0,4.9,
cancer,Hi022017,Hi02_悪性新生物＜腫瘍＞,female,a00_04,0-4歳,0,4,False,False,1985,137.0,3.8,
cancer,Hi022017,Hi02_悪性新生物＜腫瘍＞,female,a00_04,0-4歳,0,4,False,False,1990,99.0,3.1,
cancer,Hi022017,Hi02_悪性新生物＜腫瘍＞,female,a00_04,0-4歳,0,4,False,False,1995,83.0,2.9,
cancer,Hi022017,Hi02_悪性新生物＜腫瘍＞,female,a00_04,0-4歳,0,4,False,False,2000,57.0,2.0,2885.0
cancer,Hi022017,Hi02_悪性新生物＜腫瘍＞,female,a00_04,0-4歳,0,4,False,False,2005,56.0,2.1,
cancer,Hi022017,Hi02_悪性新生物＜腫瘍＞,female,a00_04,0-4歳,0,4,False,False,2010,45.0,1.8,
cancer,Hi022017,Hi02_悪性新生物＜腫瘍＞,female,a00_04,0-4歳,0,4,False,False,2013,45.0,1.8,2555.0
cancer,Hi022017,Hi02_悪性新生物＜腫瘍＞,female,a00_04,0-4歳,0,4,False,False,2014,45.0,1.8,2540.0
cancer,Hi022017,Hi02_悪性新生物＜腫瘍＞,female,a00_04,0-4歳,0,4,False,False,2015,36.0,1.5,
cancer,Hi022017,Hi02_悪性新生物＜腫瘍＞,female,a00_04,0-4歳,0,4,False,False,2016,33.0,1.4,2429.0
cancer,Hi022017,Hi02_悪性新生物＜腫瘍＞,female,a00_04,0-4歳,0,4,False,False,2017,37.0,1.6,2404.0
cancer,Hi022017,Hi02_悪性新生物＜腫瘍＞,female,a00_04,0-4歳,0,4,False,False,2018,50.0,2.2,2362.0
cancer,Hi022017,Hi02_悪性新生物＜腫瘍＞,female,a00_04,0-4歳,0,4,False,False,2019,37.0,1.6,2306.0
cancer,Hi022017,Hi02_悪性新生物＜腫瘍＞,female,a00_04,0-4歳,0,4,False,False,2020,33.0,1.5,
cancer,Hi022017,Hi02_悪性新生物＜腫瘍＞,female,a00_04,0-4歳,0,4,False,False,2021,33.0,1.6,
cancer,Hi022017,Hi02_悪性新生物＜腫瘍＞,female,a00_04,0-4歳,0,4,False,False,2022,33.0,1.6,
cancer,Hi022017,Hi02_悪性新生物＜腫瘍＞,female,a00_04,0-4歳,0,4,False,False,2023,26.0,1.3,
cancer,Hi022017,Hi02_悪性新生物＜腫瘍＞,female,a00_04,0-4歳,0,4,False,False,2024,28.0,1.5,
cancer,Hi022017,Hi02_悪性新生物＜腫瘍＞,female,a05_09,5-9歳,5,9,False,False,1950,91.0,1.9,
cancer,Hi022017,Hi02_悪性新生物＜腫瘍＞,female,a05_09,5-9歳,5,9,False,False,1955,163.0,3.0,
cancer,Hi022017,Hi02_悪性新生物＜腫瘍＞,female,a05_09,5-9歳,5,9,False,False,1960,158.0,3.5,
cancer,Hi022017,Hi02_悪性新生物＜腫瘍＞,female,a05_09,5-9歳,5,9,False,False,1965,167.0,4.3,
cancer,Hi022017,Hi02_悪性新生物＜腫瘍＞,female,a05_09,5-9歳,5,9,False,False,1970,167.0,4.2,
cancer,Hi022017,Hi02_悪性新生物＜腫瘍＞,female,a05_09,5-9歳,5,9,False,False,1975,178.0,4.1,
cancer,Hi022017,Hi02_悪性新生物＜腫瘍＞,female,a05_09,5-9歳,5,9,False,False,1980,182.0,3.7,
cancer,Hi022017,Hi02_悪性新生物＜腫瘍＞,female,a05_09,5-9歳,5,9,False,False,1985,135.0,3.2,
cancer,Hi022017,Hi02_悪性新生物＜腫瘍＞,female,a05_09,5-9歳,5,9,False,False,1990,101.0,2.8,
cancer,Hi022017,Hi02_悪性新生物＜腫瘍＞,female,a05_09,5-9歳,5,9,False,False,1995,72.0,2.3,
cancer,Hi022017,Hi02_悪性新生物＜腫瘍＞,female,a05_09,5-9歳,5,9,False,False,2000,54.0,1.9,2942.0
cancer,Hi022017,Hi02_悪性新生物＜腫瘍＞,female,a05_09,5-9歳,5,9,False,False,2005,43.0,1.5,
cancer,Hi022017,Hi02_悪性新生物＜腫瘍＞,female,a05_09,5-9歳,5,9,False,False,2010,52.0,1.9,
cancer,Hi022017,Hi02_悪性新生物＜腫瘍＞,female,a05_09,5-9歳,5,9,False,False,2013,51.0,2.0,2618.0
cancer,Hi022017,Hi02_悪性新生物＜腫瘍＞,female,a05_09,5-9歳,5,9,False,False,2014,40.0,1.6,2591.0
cancer,Hi022017,Hi02_悪性新生物＜腫瘍＞,female,a05_09,5-9歳,5,9,False,False,2015,39.0,1.5,
cancer,Hi022017,Hi02_悪性新生物＜腫瘍＞,female,a05_09,5-9歳,5,9,False,False,2016,34.0,1.3,2589.0
cancer,Hi022017,Hi02_悪性新生物＜腫瘍＞,female,a05_09,5-9歳,5,9,False,False,2017,34.0,1.3,2569.0
cancer,Hi022017,Hi02_悪性新生物＜腫瘍＞,female,a05_09,5-9歳,5,9,False,False,2018,36.0,1.4,2543.0
cancer,Hi022017,Hi02_悪性新生物＜腫瘍＞,female,a05_09,5-9歳,5,9,False,False,2019,32.0,1.3,2513.0
cancer,Hi022017,Hi02_悪性新生物＜腫瘍＞,female,a05_09,5-9歳,5,9,False,False,2020,39.0,1.6,
cancer,Hi022017,Hi02_悪性新生物＜腫瘍＞,female,a05_09,5-9歳,5,9,False,False,2021,40.0,1.7,
cancer,Hi022017,Hi02_悪性新生物＜腫瘍＞,female,a05_09,5-9歳,5,9,False,False,2022,49.0,2.1,
cancer,Hi022017,Hi02_悪性新生物＜腫瘍＞,female,a05_09,5-9歳,5,9,False,False,2023,37.0,1.6,
cancer,Hi022017,Hi02_悪性新生物＜腫瘍＞,female,a05_09,5-9歳,5,9,False,False,2024,41.0,1.8,
cancer,Hi022017,Hi02_悪性新生物＜腫瘍＞,female,a10_14,10-14歳,10,14,False,False,1950,87.0,2.0,
cancer,Hi022017,Hi02_悪性新生物＜腫瘍＞,female,a10_14,10-14歳,10,14,False,False,1955,156.0,3.3,
cancer,Hi022017,Hi02_悪性新生物＜腫瘍＞,female,a10_14,10-14歳,10,14,False,False,1960,218.0,4.0,
cancer,Hi022017,Hi02_悪性新生物＜腫瘍＞,female,a10_14,10-14歳,10,14,False,False,1965,179.0,4.0,
cancer,Hi022017,Hi02_悪性新生物＜腫瘍＞,female,a10_14,10-14歳,10,14,False,False,1970,153.0,4.0,
cancer,Hi022017,Hi02_悪性新生物＜腫瘍＞,female,a10_14,10-14歳,10,14,False,False,1975,152.0,3.8,
cancer,Hi022017,Hi02_悪性新生物＜腫瘍＞,female,a10_14,10-14歳,10,14,False,False,1980,173.0,4.0,
cancer,Hi022017,Hi02_悪性新生物＜腫瘍＞,female,a10_14,10-14歳,10,14,False,False,1985,173.0,3.5,
cancer,Hi022017,Hi02_悪性新生物＜腫瘍＞,female,a10_14,10-14歳,10,14,False,False,1990,115.0,2.8,
cancer,Hi022017,Hi02_悪性新生物＜腫瘍＞,female,a10_14,10-14歳,10,14,False,False,1995,90.0,2.5,
cancer,Hi022017,Hi02_悪性新生物＜腫瘍＞,female,a10_14,10-14歳,10,14,False,False,2000,57.0,1.8,3197.0
cancer,Hi022017,Hi02_悪性新生物＜腫瘍＞,female,a10_14,10-14歳,10,14,False,False,2005,47.0,1.6,
cancer,Hi022017,Hi02_悪性新生物＜腫瘍＞,female,a10_14,10-14歳,10,14,False,False,2010,53.0,1.8,
cancer,Hi022017,Hi02_悪性新生物＜腫瘍＞,female,a10_14,10-14歳,10,14,False,False,2013,38.0,1.4,2823.0
cancer,Hi022017,Hi02_悪性新生物＜腫瘍＞,female,a10_14,10-14歳,10,14,False,False,2014,36.0,1.3,2786.0
cancer,Hi022017,Hi02_悪性新生物＜腫瘍＞,female,a10_14,10-14歳,10,14,False,False,2015,55.0,2.0,
cancer,Hi022017,Hi02_悪性新生物＜腫瘍＞,female,a10_14,10-14歳,10,14,False,False,2016,47.0,1.8,2693.0
cancer,Hi022017,Hi02_悪性新生物＜腫瘍＞,female,a10_14,10-14歳,10,14,False,False,2017,42.0,1.6,2656.0
cancer,Hi022017,Hi02_悪性新生物＜腫瘍＞,female,a10_14,10-14歳,10,14,False,False,2018,55.0,2.1,2641.0
cancer,Hi022017,Hi02_悪性新生物＜腫瘍＞,female,a10_14,10-14歳,10,14,False,False,2019,37.0,1.4,2622.0
cancer,Hi022017,Hi02_悪性新生物＜腫瘍＞,female,a10_14,10-14歳,10,14,False,False,2020,42.0,1.6,
cancer,Hi022017,Hi02_悪性新生物＜腫瘍＞,female,a10_14,10-14歳,10,14,False,False,2021,33.0,1.3,
cancer,Hi022017,Hi02_悪性新生物＜腫瘍＞,female,a10_14,10-14歳,10,14,False,False,2022,38.0,1.5,
cancer,Hi022017,Hi02_悪性新生物＜腫瘍＞,female,a10_14,10-14歳,10,14,False,False,2023,38.0,1.5,
cancer,Hi022017,Hi02_悪性新生物＜腫瘍＞,female,a10_14,10-14歳,10,14,False,False,2024,44.0,1.8,
cancer,Hi022017,Hi02_悪性新生物＜腫瘍＞,female,a15_19,15-19歳,15,19,False,False,1950,140.0,3.3,
cancer,Hi022017,Hi02_悪性新生物＜腫瘍＞,female,a15_19,15-19歳,15,19,False,False,1955,149.0,3.5,
cancer,Hi022017,Hi02_悪性新生物＜腫瘍＞,female,a15_19,15-19歳,15,19,False,False,1960,232.0,5.0,
cancer,Hi022017,Hi02_悪性新生物＜腫瘍＞,female,a15_19,15-19歳,15,19,False,False,1965,279.0,5.2,
cancer,Hi022017,Hi02_悪性新生物＜腫瘍＞,female,a15_19,15-19歳,15,19,False,False,1970,246.0,5.5,
cancer,Hi022017,Hi02_悪性新生物＜腫瘍＞,female,a15_19,15-19歳,15,19,False,False,1975,181.0,4.7,
cancer,Hi022017,Hi02_悪性新生物＜腫瘍＞,female,a15_19,15-19歳,15,19,False,False,1980,189.0,4.7,
cancer,Hi022017,Hi02_悪性新生物＜腫瘍＞,female,a15_19,15-19歳,15,19,False,False,1985,166.0,3.8,
cancer,Hi022017,Hi02_悪性新生物＜腫瘍＞,female,a15_19,15-19歳,15,19,False,False,1990,144.0,3.0,
cancer,Hi022017,Hi02_悪性新生物＜腫瘍＞,female,a15_19,15-19歳,15,19,False,False,1995,119.0,2.9,
cancer,Hi022017,Hi02_悪性新生物＜腫瘍＞,female,a15_19,15-19歳,15,19,False,False,2000,98.0,2.7,3659.0
cancer,Hi022017,Hi02_悪性新生物＜腫瘍＞,female,a15_19,15-19歳,15,19,False,False,2005,63.0,2.0,
cancer,Hi022017,Hi02_悪性新生物＜腫瘍＞,female,a15_19,15-19歳,15,19,False,False,2010,57.0,1.9,
cancer,Hi022017,Hi02_悪性新生物＜腫瘍＞,female,a15_19,15-19歳,15,19,False,False,2013,60.0,2.1,2949.0
cancer,Hi022017,Hi02_悪性新生物＜腫瘍＞,female,a15_19,15-19歳,15,19,False,False,2014,45.0,1.6,2930.0
cancer,Hi022017,Hi02_悪性新生物＜腫瘍＞,female,a15_19,15-19歳,15,19,False,False,2015,61.0,2.1,
cancer,Hi022017,Hi02_悪性新生物＜腫瘍＞,female,a15_19,15-19歳,15,19,False,False,2016,42.0,1.5,2936.0
cancer,Hi022017,Hi02_悪性新生物＜腫瘍＞,female,a15_19,15-19歳,15,19,False,False,2017,55.0,1.9,2916.0
cancer,Hi022017,Hi02_悪性新生物＜腫瘍＞,female,a15_19,15-19歳,15,19,False,False,2018,35.0,1.2,2876.0
cancer,Hi022017,Hi02_悪性新生物＜腫瘍＞,female,a15_19,15-19歳,15,19,False,False,2019,71.0,2.6,2843.0
cancer,Hi022017,Hi02_悪性新生物＜腫瘍＞,female,a15_19,15-19歳,15,19,False,False,2020,41.0,1.5,
cancer,Hi022017,Hi02_悪性新生物＜腫瘍＞,female,a15_19,15-19歳,15,19,False,False,2021,50.0,1.9,
cancer,Hi022017,Hi02_悪性新生物＜腫瘍＞,female,a15_19,15-19歳,15,19,False,False,2022,56.0,2.1,
cancer,Hi022017,Hi02_悪性新生物＜腫瘍＞,female,a15_19,15-19歳,15,19,False,False,2023,44.0,1.7,
cancer,Hi022017,Hi02_悪性新生物＜腫瘍＞,female,a15_19,15-19歳,15,19,False,False,2024,47.0,1.8,
cancer,Hi022017,Hi02_悪性新生物＜腫瘍＞,female,a20_24,20-24歳,20,24,False,False,1950,189.0,4.9,
cancer,Hi022017,Hi02_悪性新生物＜腫瘍＞,female,a20_24,20-24歳,20,24,False,False,1955,223.0,5.3,
cancer,Hi022017,Hi02_悪性新生物＜腫瘍＞,female,a20_24,20-24歳,20,24,False,False,1960,311.0,7.4,
cancer,Hi022017,Hi02_悪性新生物＜腫瘍＞,female,a20_24,20-24歳,20,24,False,False,1965,358.0,7.8,
cancer,Hi022017,Hi02_悪性新生物＜腫瘍＞,female,a20_24,20-24歳,20,24,False,False,1970,389.0,7.3,
cancer,Hi022017,Hi02_悪性新生物＜腫瘍＞,female,a20_24,20-24歳,20,24,False,False,1975,304.0,6.8,
cancer,Hi022017,Hi02_悪性新生物＜腫瘍＞,female,a20_24,20-24歳,20,24,False,False,1980,232.0,6.0,
cancer,Hi022017,Hi02_悪性新生物＜腫瘍＞,female,a20_24,20-24歳,20,24,False,False,1985,179.0,4.5,
cancer,Hi022017,Hi02_悪性新生物＜腫瘍＞,female,a20_24,20-24歳,20,24,False,False,1990,193.0,4.5,
cancer,Hi022017,Hi02_悪性新生物＜腫瘍＞,female,a20_24,20-24歳,20,24,False,False,1995,148.0,3.1,
cancer,Hi022017,Hi02_悪性新生物＜腫瘍＞,female,a20_24,20-24歳,20,24,False,False,2000,152.0,3.8,4120.0
cancer,Hi022017,Hi02_悪性新生物＜腫瘍＞,female,a20_24,20-24歳,20,24,False,False,2005,121.0,3.5,
cancer,Hi022017,Hi02_悪性新生物＜腫瘍＞,female,a20_24,20-24歳,20,24,False,False,2010,83.0,2.7,
cancer,Hi022017,Hi02_悪性新生物＜腫瘍＞,female,a20_24,20-24歳,20,24,False,False,2013,72.0,2.5,3022.0
cancer,Hi022017,Hi02_悪性新生物＜腫瘍＞,female,a20_24,20-24歳,20,24,False,False,2014,79.0,2.7,3013.0
cancer,Hi022017,Hi02_悪性新生物＜腫瘍＞,female,a20_24,20-24歳,20,24,False,False,2015,64.0,2.2,
cancer,Hi022017,Hi02_悪性新生物＜腫瘍＞,female,a20_24,20-24歳,20,24,False,False,2016,64.0,2.2,3001.0
cancer,Hi022017,Hi02_悪性新生物＜腫瘍＞,female,a20_24,20-24歳,20,24,False,False,2017,61.0,2.1,3042.0
cancer,Hi022017,Hi02_悪性新生物＜腫瘍＞,female,a20_24,20-24歳,20,24,False,False,2018,59.0,2.0,3085.0
cancer,Hi022017,Hi02_悪性新生物＜腫瘍＞,female,a20_24,20-24歳,20,24,False,False,2019,61.0,2.1,3101.0
cancer,Hi022017,Hi02_悪性新生物＜腫瘍＞,female,a20_24,20-24歳,20,24,False,False,2020,55.0,1.9,
cancer,Hi022017,Hi02_悪性新生物＜腫瘍＞,female,a20_24,20-24歳,20,24,False,False,2021,48.0,1.7,
cancer,Hi022017,Hi02_悪性新生物＜腫瘍＞,female,a20_24,20-24歳,20,24,False,False,2022,58.0,2.0,
cancer,Hi022017,Hi02_悪性新生物＜腫瘍＞,female,a20_24,20-24歳,20,24,False,False,2023,73.0,2.6,
cancer,Hi022017,Hi02_悪性新生物＜腫瘍＞,female,a20_24,20-24歳,20,24,False,False,2024,60.0,2.2,
cancer,Hi022017,Hi02_悪性新生物＜腫瘍＞,female,a25_29,25-29歳,25,29,False,False,1950,391.0,11.6,
cancer,Hi022017,Hi02_悪性新生物＜腫瘍＞,female,a25_29,25-29歳,25,29,False,False,1955,453.0,11.8,
cancer,Hi022017,Hi02_悪性新生物＜腫瘍＞,female,a25_29,25-29歳,25,29,False,False,1960,523.0,12.7,
cancer,Hi022017,Hi02_悪性新生物＜腫瘍＞,female,a25_29,25-29歳,25,29,False,False,1965,570.0,13.5,
cancer,Hi022017,Hi02_悪性新生物＜腫瘍＞,female,a25_29,25-29歳,25,29,False,False,1970,633.0,13.9,
cancer,Hi022017,Hi02_悪性新生物＜腫瘍＞,female,a25_29,25-29歳,25,29,False,False,1975,671.0,12.6,
cancer,Hi022017,Hi02_悪性新生物＜腫瘍＞,female,a25_29,25-29歳,25,29,False,False,1980,528.0,11.8,
cancer,Hi022017,Hi02_悪性新生物＜腫瘍＞,female,a25_29,25-29歳,25,29,False,False,1985,375.0,9.8,
cancer,Hi022017,Hi02_悪性新生物＜腫瘍＞,female,a25_29,25-29歳,25,29,False,False,1990,284.0,7.2,
cancer,Hi022017,Hi02_悪性新生物＜腫瘍＞,female,a25_29,25-29歳,25,29,False,False,1995,272.0,6.4,
cancer,Hi022017,Hi02_悪性新生物＜腫瘍＞,female,a25_29,25-29歳,25,29,False,False,2000,311.0,6.6,4831.0
cancer,Hi022017,Hi02_悪性新生物＜腫瘍＞,female,a25_29,25-29歳,25,29,False,False,2005,207.0,5.2,
cancer,Hi022017,Hi02_悪性新生物＜腫瘍＞,female,a25_29,25-29歳,25,29,False,False,2010,175.0,5.0,
cancer,Hi022017,Hi02_悪性新生物＜腫瘍＞,female,a25_29,25-29歳,25,29,False,False,2013,151.0,4.6,3364.0
cancer,Hi022017,Hi02_悪性新生物＜腫瘍＞,female,a25_29,25-29歳,25,29,False,False,2014,177.0,5.6,3264.0
cancer,Hi022017,Hi02_悪性新生物＜腫瘍＞,female,a25_29,25-29歳,25,29,False,False,2015,170.0,5.5,
cancer,Hi022017,Hi02_悪性新生物＜腫瘍＞,female,a25_29,25-29歳,25,29,False,False,2016,160.0,5.3,3140.0
cancer,Hi022017,Hi02_悪性新生物＜腫瘍＞,female,a25_29,25-29歳,25,29,False,False,2017,134.0,4.6,3100.0
cancer,Hi022017,Hi02_悪性新生物＜腫瘍＞,female,a25_29,25-29歳,25,29,False,False,2018,110.0,3.8,3074.0
cancer,Hi022017,Hi02_悪性新生物＜腫瘍＞,female,a25_29,25-29歳,25,29,False,False,2019,115.0,4.0,3085.0
cancer,Hi022017,Hi02_悪性新生物＜腫瘍＞,female,a25_29,25-29歳,25,29,False,False,2020,97.0,3.3,
cancer,Hi022017,Hi02_悪性新生物＜腫瘍＞,female,a25_29,25-29歳,25,29,False,False,2021,106.0,3.6,
cancer,Hi022017,Hi02_悪性新生物＜腫瘍＞,female,a25_29,25-29歳,25,29,False,False,2022,136.0,4.7,
cancer,Hi022017,Hi02_悪性新生物＜腫瘍＞,female,a25_29,25-29歳,25,29,False,False,2023,96.0,3.3,
cancer,Hi022017,Hi02_悪性新生物＜腫瘍＞,female,a25_29,25-29歳,25,29,False,False,2024,104.0,3.6,
cancer,Hi022017,Hi02_悪性新生物＜腫瘍＞,female,a30_34,30-34歳,30,34,False,False,1950,749.0,26.4,
cancer,Hi022017,Hi02_悪性新生物＜腫瘍＞,female,a30_34,30-34歳,30,34,False,False,1955,784.0,23.6,
cancer,Hi022017,Hi02_悪性新生物＜腫瘍＞,female,a30_34,30-34歳,30,34,False,False,1960,993.0,26.3,
cancer,Hi022017,Hi02_悪性新生物＜腫瘍＞,female,a30_34,30-34歳,30,34,False,False,1965,1111.0,27.0,
cancer,Hi022017,Hi02_悪性新生物＜腫瘍＞,female,a30_34,30-34歳,30,34,False,False,1970,1020.0,24.5,
cancer,Hi022017,Hi02_悪性新生物＜腫瘍＞,female,a30_34,30-34歳,30,34,False,False,1975,1139.0,24.8,
cancer,Hi022017,Hi02_悪性新生物＜腫瘍＞,female,a30_34,30-34歳,30,34,False,False,1980,1107.0,20.8,
cancer,Hi022017,Hi02_悪性新生物＜腫瘍＞,female,a30_34,30-34歳,30,34,False,False,1985,845.0,18.8,
cancer,Hi022017,Hi02_悪性新生物＜腫瘍＞,female,a30_34,30-34歳,30,34,False,False,1990,627.0,16.4,
cancer,Hi022017,Hi02_悪性新生物＜腫瘍＞,female,a30_34,30-34歳,30,34,False,False,1995,570.0,14.5,
cancer,Hi022017,Hi02_悪性新生物＜腫瘍＞,female,a30_34,30-34歳,30,34,False,False,2000,566.0,13.3,4346.0
cancer,Hi022017,Hi02_悪性新生物＜腫瘍＞,female,a30_34,30-34歳,30,34,False,False,2005,582.0,12.3,
cancer,Hi022017,Hi02_悪性新生物＜腫瘍＞,female,a30_34,30-34歳,30,34,False,False,2010,439.0,10.9,
cancer,Hi022017,Hi02_悪性新生物＜腫瘍＞,female,a30_34,30-34歳,30,34,False,False,2013,376.0,10.3,3757.0
cancer,Hi022017,Hi02_悪性新生物＜腫瘍＞,female,a30_34,30-34歳,30,34,False,False,2014,392.0,11.0,3678.0
cancer,Hi022017,Hi02_悪性新生物＜腫瘍＞,female,a30_34,30-34歳,30,34,False,False,2015,394.0,11.2,
cancer,Hi022017,Hi02_悪性新生物＜腫瘍＞,female,a30_34,30-34歳,30,34,False,False,2016,380.0,11.0,3582.0
cancer,Hi022017,Hi02_悪性新生物＜腫瘍＞,female,a30_34,30-34歳,30,34,False,False,2017,358.0,10.6,3517.0
cancer,Hi022017,Hi02_悪性新生物＜腫瘍＞,female,a30_34,30-34歳,30,34,False,False,2018,309.0,9.4,3437.0
cancer,Hi022017,Hi02_悪性新生物＜腫瘍＞,female,a30_34,30-34歳,30,34,False,False,2019,305.0,9.6,3353.0
cancer,Hi022017,Hi02_悪性新生物＜腫瘍＞,female,a30_34,30-34歳,30,34,False,False,2020,263.0,8.4,
cancer,Hi022017,Hi02_悪性新生物＜腫瘍＞,female,a30_34,30-34歳,30,34,False,False,2021,295.0,9.7,
cancer,Hi022017,Hi02_悪性新生物＜腫瘍＞,female,a30_34,30-34歳,30,34,False,False,2022,295.0,9.9,
cancer,Hi022017,Hi02_悪性新生物＜腫瘍＞,female,a30_34,30-34歳,30,34,False,False,2023,253.0,8.7,
cancer,Hi022017,Hi02_悪性新生物＜腫瘍＞,female,a30_34,30-34歳,30,34,False,False,2024,243.0,8.4,
cancer,Hi022017,Hi02_悪性新生物＜腫瘍＞,female,a35_39,35-39歳,35,39,False,False,1950,1495.0,56.0,
cancer,Hi022017,Hi02_悪性新生物＜腫瘍＞,female,a35_39,35-39歳,35,39,False,False,1955,1396.0,49.9,
cancer,Hi022017,Hi02_悪性新生物＜腫瘍＞,female,a35_39,35-39歳,35,39,False,False,1960,1624.0,49.6,
cancer,Hi022017,Hi02_悪性新生物＜腫瘍＞,female,a35_39,35-39歳,35,39,False,False,1965,1708.0,45.5,
cancer,Hi022017,Hi02_悪性新生物＜腫瘍＞,female,a35_39,35-39歳,35,39,False,False,1970,1705.0,41.9,
cancer,Hi022017,Hi02_悪性新生物＜腫瘍＞,female,a35_39,35-39歳,35,39,False,False,1975,1626.0,38.8,
cancer,Hi022017,Hi02_悪性新生物＜腫瘍＞,female,a35_39,35-39歳,35,39,False,False,1980,1682.0,36.7,
cancer,Hi022017,Hi02_悪性新生物＜腫瘍＞,female,a35_39,35-39歳,35,39,False,False,1985,1679.0,31.8,
cancer,Hi022017,Hi02_悪性新生物＜腫瘍＞,female,a35_39,35-39歳,35,39,False,False,1990,1424.0,32.0,
cancer,Hi022017,Hi02_悪性新生物＜腫瘍＞,female,a35_39,35-39歳,35,39,False,False,1995,1086.0,28.4,
cancer,Hi022017,Hi02_悪性新生物＜腫瘍＞,female,a35_39,35-39歳,35,39,False,False,2000,1067.0,27.1,4024.0
cancer,Hi022017,Hi02_悪性新生物＜腫瘍＞,female,a35_39,35-39歳,35,39,False,False,2005,981.0,23.1,
cancer,Hi022017,Hi02_悪性新生物＜腫瘍＞,female,a35_39,35-39歳,35,39,False,False,2010,974.0,20.5,
cancer,Hi022017,Hi02_悪性新生物＜腫瘍＞,female,a35_39,35-39歳,35,39,False,False,2013,886.0,20.2,4467.0
cancer,Hi022017,Hi02_悪性新生物＜腫瘍＞,female,a35_39,35-39歳,35,39,False,False,2014,827.0,19.8,4277.0
cancer,Hi022017,Hi02_悪性新生物＜腫瘍＞,female,a35_39,35-39歳,35,39,False,False,2015,763.0,18.9,
cancer,Hi022017,Hi02_悪性新生物＜腫瘍＞,female,a35_39,35-39歳,35,39,False,False,2016,791.0,20.3,4008.0
cancer,Hi022017,Hi02_悪性新生物＜腫瘍＞,female,a35_39,35-39歳,35,39,False,False,2017,676.0,17.9,3902.0
cancer,Hi022017,Hi02_悪性新生物＜腫瘍＞,female,a35_39,35-39歳,35,39,False,False,2018,656.0,17.8,3818.0
cancer,Hi022017,Hi02_悪性新生物＜腫瘍＞,female,a35_39,35-39歳,35,39,False,False,2019,670.0,18.6,3758.0
cancer,Hi022017,Hi02_悪性新生物＜腫瘍＞,female,a35_39,35-39歳,35,39,False,False,2020,606.0,17.1,
cancer,Hi022017,Hi02_悪性新生物＜腫瘍＞,female,a35_39,35-39歳,35,39,False,False,2021,551.0,15.8,
cancer,Hi022017,Hi02_悪性新生物＜腫瘍＞,female,a35_39,35-39歳,35,39,False,False,2022,599.0,17.6,
cancer,Hi022017,Hi02_悪性新生物＜腫瘍＞,female,a35_39,35-39歳,35,39,False,False,2023,572.0,17.3,
cancer,Hi022017,Hi02_悪性新生物＜腫瘍＞,female,a35_39,35-39歳,35,39,False,False,2024,543.0,16.9,
cancer,Hi022017,Hi02_悪性新生物＜腫瘍＞,female,a40_44,40-44歳,40,44,False,False,1950,2393.0,104.8,
cancer,Hi022017,Hi02_悪性新生物＜腫瘍＞,female,a40_44,40-44歳,40,44,False,False,1955,2401.0,91.6,
cancer,Hi022017,Hi02_悪性新生物＜腫瘍＞,female,a40_44,40-44歳,40,44,False,False,1960,2311.0,84.2,
cancer,Hi022017,Hi02_悪性新生物＜腫瘍＞,female,a40_44,40-44歳,40,44,False,False,1965,2390.0,74.0,
cancer,Hi022017,Hi02_悪性新生物＜腫瘍＞,female,a40_44,40-44歳,40,44,False,False,1970,2597.0,71.0,
cancer,Hi022017,Hi02_悪性新生物＜腫瘍＞,female,a40_44,40-44歳,40,44,False,False,1975,2587.0,63.4,
cancer,Hi022017,Hi02_悪性新生物＜腫瘍＞,female,a40_44,40-44歳,40,44,False,False,1980,2382.0,57.3,
cancer,Hi022017,Hi02_悪性新生物＜腫瘍＞,female,a40_44,40-44歳,40,44,False,False,1985,2521.0,55.4,
cancer,Hi022017,Hi02_悪性新生物＜腫瘍＞,female,a40_44,40-44歳,40,44,False,False,1990,2625.0,49.7,
cancer,Hi022017,Hi02_悪性新生物＜腫瘍＞,female,a40_44,40-44歳,40,44,False,False,1995,2227.0,50.2,
cancer,Hi022017,Hi02_悪性新生物＜腫瘍＞,female,a40_44,40-44歳,40,44,False,False,2000,1792.0,46.9,3881.0
cancer,Hi022017,Hi02_悪性新生物＜腫瘍＞,female,a40_44,40-44歳,40,44,False,False,2005,1625.0,41.2,
cancer,Hi022017,Hi02_悪性新生物＜腫瘍＞,female,a40_44,40-44歳,40,44,False,False,2010,1594.0,37.3,
cancer,Hi022017,Hi02_悪性新生物＜腫瘍＞,female,a40_44,40-44歳,40,44,False,False,2013,1638.0,34.9,4779.0
cancer,Hi022017,Hi02_悪性新生物＜腫瘍＞,female,a40_44,40-44歳,40,44,False,False,2014,1691.0,35.6,4837.0
cancer,Hi022017,Hi02_悪性新生物＜腫瘍＞,female,a40_44,40-44歳,40,44,False,False,2015,1623.0,34.1,
cancer,Hi022017,Hi02_悪性新生物＜腫瘍＞,female,a40_44,40-44歳,40,44,False,False,2016,1561.0,33.2,4797.0
cancer,Hi022017,Hi02_悪性新生物＜腫瘍＞,female,a40_44,40-44歳,40,44,False,False,2017,1567.0,34.3,4669.0
cancer,Hi022017,Hi02_悪性新生物＜腫瘍＞,female,a40_44,40-44歳,40,44,False,False,2018,1514.0,34.5,4500.0
cancer,Hi022017,Hi02_悪性新生物＜腫瘍＞,female,a40_44,40-44歳,40,44,False,False,2019,1360.0,32.4,4322.0
cancer,Hi022017,Hi02_悪性新生物＜腫瘍＞,female,a40_44,40-44歳,40,44,False,False,2020,1288.0,31.7,
cancer,Hi022017,Hi02_悪性新生物＜腫瘍＞,female,a40_44,40-44歳,40,44,False,False,2021,1258.0,32.2,
cancer,Hi022017,Hi02_悪性新生物＜腫瘍＞,female,a40_44,40-44歳,40,44,False,False,2022,1188.0,31.3,
cancer,Hi022017,Hi02_悪性新生物＜腫瘍＞,female,a40_44,40-44歳,40,44,False,False,2023,1144.0,31.0,
cancer,Hi022017,Hi02_悪性新生物＜腫瘍＞,female,a40_44,40-44歳,40,44,False,False,2024,1049.0,29.0,
cancer,Hi022017,Hi02_悪性新生物＜腫瘍＞,female,a45_49,45-49歳,45,49,False,False,1950,3026.0,152.4,
cancer,Hi022017,Hi02_悪性新生物＜腫瘍＞,female,a45_49,45-49歳,45,49,False,False,1955,3082.0,138.1,
cancer,Hi022017,Hi02_悪性新生物＜腫瘍＞,female,a45_49,45-49歳,45,49,False,False,1960,3540.0,138.3,
cancer,Hi022017,Hi02_悪性新生物＜腫瘍＞,female,a45_49,45-49歳,45,49,False,False,1965,3254.0,120.6,
cancer,Hi022017,Hi02_悪性新生物＜腫瘍＞,female,a45_49,45-49歳,45,49,False,False,1970,3562.0,111.9,
cancer,Hi022017,Hi02_悪性新生物＜腫瘍＞,female,a45_49,45-49歳,45,49,False,False,1975,3754.0,101.7,
cancer,Hi022017,Hi02_悪性新生物＜腫瘍＞,female,a45_49,45-49歳,45,49,False,False,1980,3627.0,89.8,
cancer,Hi022017,Hi02_悪性新生物＜腫瘍＞,female,a45_49,45-49歳,45,49,False,False,1985,3457.0,83.5,
cancer,Hi022017,Hi02_悪性新生物＜腫瘍＞,female,a45_49,45-49歳,45,49,False,False,1990,3633.0,80.4,
cancer,Hi022017,Hi02_悪性新生物＜腫瘍＞,female,a45_49,45-49歳,45,49,False,False,1995,4377.0,83.3,
cancer,Hi022017,Hi02_悪性新生物＜腫瘍＞,female,a45_49,45-49歳,45,49,False,False,2000,3527.0,80.0,4454.0
cancer,Hi022017,Hi02_悪性新生物＜腫瘍＞,female,a45_49,45-49歳,45,49,False,False,2005,2646.0,69.4,
cancer,Hi022017,Hi02_悪性新生物＜腫瘍＞,female,a45_49,45-49歳,45,49,False,False,2010,2474.0,62.6,
cancer,Hi022017,Hi02_悪性新生物＜腫瘍＞,female,a45_49,45-49歳,45,49,False,False,2013,2521.0,61.5,4178.0
cancer,Hi022017,Hi02_悪性新生物＜腫瘍＞,female,a45_49,45-49歳,45,49,False,False,2014,2550.0,60.7,4279.0
cancer,Hi022017,Hi02_悪性新生物＜腫瘍＞,female,a45_49,45-49歳,45,49,False,False,2015,2484.0,58.4,
cancer,Hi022017,Hi02_悪性新生物＜腫瘍＞,female,a45_49,45-49歳,45,49,False,False,2016,2613.0,58.0,4602.0
cancer,Hi022017,Hi02_悪性新生物＜腫瘍＞,female,a45_49,45-49歳,45,49,False,False,2017,2670.0,58.3,4692.0
cancer,Hi022017,Hi02_悪性新生物＜腫瘍＞,female,a45_49,45-49歳,45,49,False,False,2018,2646.0,56.5,4802.0
cancer,Hi022017,Hi02_悪性新生物＜腫瘍＞,female,a45_49,45-49歳,45,49,False,False,2019,2700.0,56.9,4871.0
cancer,Hi022017,Hi02_悪性新生物＜腫瘍＞,female,a45_49,45-49歳,45,49,False,False,2020,2605.0,54.7,
cancer,Hi022017,Hi02_悪性新生物＜腫瘍＞,female,a45_49,45-49歳,45,49,False,False,2021,2431.0,51.8,
cancer,Hi022017,Hi02_悪性新生物＜腫瘍＞,female,a45_49,45-49歳,45,49,False,False,2022,2558.0,56.0,
cancer,Hi022017,Hi02_悪性新生物＜腫瘍＞,female,a45_49,45-49歳,45,49,False,False,2023,2308.0,52.6,
cancer,Hi022017,Hi02_悪性新生物＜腫瘍＞,female,a45_49,45-49歳,45,49,False,False,2024,2262.0,53.9,
cancer,Hi022017,Hi02_悪性新生物＜腫瘍＞,female,a50_54,50-54歳,50,54,False,False,1950,3597.0,215.5,
cancer,Hi022017,Hi02_悪性新生物＜腫瘍＞,female,a50_54,50-54歳,50,54,False,False,1955,3875.0,201.8,
cancer,Hi022017,Hi02_悪性新生物＜腫瘍＞,female,a50_54,50-54歳,50,54,False,False,1960,4095.0,189.5,
cancer,Hi022017,Hi02_悪性新生物＜腫瘍＞,female,a50_54,50-54歳,50,54,False,False,1965,4687.0,188.6,
cancer,Hi022017,Hi02_悪性新生物＜腫瘍＞,female,a50_54,50-54歳,50,54,False,False,1970,4303.0,163.2,
cancer,Hi022017,Hi02_悪性新生物＜腫瘍＞,female,a50_54,50-54歳,50,54,False,False,1975,4928.0,156.4,
cancer,Hi022017,Hi02_悪性新生物＜腫瘍＞,female,a50_54,50-54歳,50,54,False,False,1980,5148.0,141.5,
cancer,Hi022017,Hi02_悪性新生物＜腫瘍＞,female,a50_54,50-54歳,50,54,False,False,1985,5117.0,128.9,
cancer,Hi022017,Hi02_悪性新生物＜腫瘍＞,female,a50_54,50-54歳,50,54,False,False,1990,4832.0,118.5,
cancer,Hi022017,Hi02_悪性新生物＜腫瘍＞,female,a50_54,50-54歳,50,54,False,False,1995,5624.0,125.7,
cancer,Hi022017,Hi02_悪性新生物＜腫瘍＞,female,a50_54,50-54歳,50,54,False,False,2000,6464.0,124.2,5238.0
cancer,Hi022017,Hi02_悪性新生物＜腫瘍＞,female,a50_54,50-54歳,50,54,False,False,2005,5202.0,118.7,
cancer,Hi022017,Hi02_悪性新生物＜腫瘍＞,female,a50_54,50-54歳,50,54,False,False,2010,4012.0,105.6,
cancer,Hi022017,Hi02_悪性新生物＜腫瘍＞,female,a50_54,50-54歳,50,54,False,False,2013,3907.0,102.6,3863.0
cancer,Hi022017,Hi02_悪性新生物＜腫瘍＞,female,a50_54,50-54歳,50,54,False,False,2014,3812.0,99.6,3888.0
cancer,Hi022017,Hi02_悪性新生物＜腫瘍＞,female,a50_54,50-54歳,50,54,False,False,2015,3841.0,97.8,
cancer,Hi022017,Hi02_悪性新生物＜腫瘍＞,female,a50_54,50-54歳,50,54,False,False,2016,3906.0,101.1,3939.0
cancer,Hi022017,Hi02_悪性新生物＜腫瘍＞,female,a50_54,50-54歳,50,54,False,False,2017,3655.0,91.8,4066.0
cancer,Hi022017,Hi02_悪性新生物＜腫瘍＞,female,a50_54,50-54歳,50,54,False,False,2018,3849.0,94.4,4170.0
cancer,Hi022017,Hi02_悪性新生物＜腫瘍＞,female,a50_54,50-54歳,50,54,False,False,2019,3778.0,90.5,4277.0
cancer,Hi022017,Hi02_悪性新生物＜腫瘍＞,female,a50_54,50-54歳,50,54,False,False,2020,3842.0,90.6,
cancer,Hi022017,Hi02_悪性新生物＜腫瘍＞,female,a50_54,50-54歳,50,54,False,False,2021,3975.0,88.6,
cancer,Hi022017,Hi02_悪性新生物＜腫瘍＞,female,a50_54,50-54歳,50,54,False,False,2022,4070.0,89.0,
cancer,Hi022017,Hi02_悪性新生物＜腫瘍＞,female,a50_54,50-54歳,50,54,False,False,2023,4185.0,89.5,
cancer,Hi022017,Hi02_悪性新生物＜腫瘍＞,female,a50_54,50-54歳,50,54,False,False,2024,4095.0,86.4,
cancer,Hi022017,Hi02_悪性新生物＜腫瘍＞,female,a55_59,55-59歳,55,59,False,False,1950,3887.0,283.6,
cancer,Hi022017,Hi02_悪性新生物＜腫瘍＞,female,a55_59,55-59歳,55,59,False,False,1955,4366.0,273.2,
cancer,Hi022017,Hi02_悪性新生物＜腫瘍＞,female,a55_59,55-59歳,55,59,False,False,1960,4977.0,270.6,
cancer,Hi022017,Hi02_悪性新生物＜腫瘍＞,female,a55_59,55-59歳,55,59,False,False,1965,5434.0,262.3,
cancer,Hi022017,Hi02_悪性新生物＜腫瘍＞,female,a55_59,55-59歳,55,59,False,False,1970,5769.0,243.1,
cancer,Hi022017,Hi02_悪性新生物＜腫瘍＞,female,a55_59,55-59歳,55,59,False,False,1975,5730.0,221.2,
cancer,Hi022017,Hi02_悪性新生物＜腫瘍＞,female,a55_59,55-59歳,55,59,False,False,1980,6305.0,204.2,
cancer,Hi022017,Hi02_悪性新生物＜腫瘍＞,female,a55_59,55-59歳,55,59,False,False,1985,6638.0,185.7,
cancer,Hi022017,Hi02_悪性新生物＜腫瘍＞,female,a55_59,55-59歳,55,59,False,False,1990,6909.0,175.7,
cancer,Hi022017,Hi02_悪性新生物＜腫瘍＞,female,a55_59,55-59歳,55,59,False,False,1995,6893.0,171.2,
cancer,Hi022017,Hi02_悪性新生物＜腫瘍＞,female,a55_59,55-59歳,55,59,False,False,2000,7525.0,170.1,4449.0
cancer,Hi022017,Hi02_悪性新生物＜腫瘍＞,female,a55_59,55-59歳,55,59,False,False,2005,8526.0,165.3,
cancer,Hi022017,Hi02_悪性新生物＜腫瘍＞,female,a55_59,55-59歳,55,59,False,False,2010,7080.0,162.4,
cancer,Hi022017,Hi02_悪性新生物＜腫瘍＞,female,a55_59,55-59歳,55,59,False,False,2013,5760.0,149.6,3892.0
cancer,Hi022017,Hi02_悪性新生物＜腫瘍＞,female,a55_59,55-59歳,55,59,False,False,2014,5889.0,154.6,3853.0
cancer,Hi022017,Hi02_悪性新生物＜腫瘍＞,female,a55_59,55-59歳,55,59,False,False,2015,5502.0,145.9,
cancer,Hi022017,Hi02_悪性新生物＜腫瘍＞,female,a55_59,55-59歳,55,59,False,False,2016,5339.0,142.9,3788.0
cancer,Hi022017,Hi02_悪性新生物＜腫瘍＞,female,a55_59,55-59歳,55,59,False,False,2017,5338.0,142.2,3810.0
cancer,Hi022017,Hi02_悪性新生物＜腫瘍＞,female,a55_59,55-59歳,55,59,False,False,2018,5263.0,139.4,3840.0
cancer,Hi022017,Hi02_悪性新生物＜腫瘍＞,female,a55_59,55-59歳,55,59,False,False,2019,5331.0,140.4,3872.0
cancer,Hi022017,Hi02_悪性新生物＜腫瘍＞,female,a55_59,55-59歳,55,59,False,False,2020,5216.0,133.9,
cancer,Hi022017,Hi02_悪性新生物＜腫瘍＞,female,a55_59,55-59歳,55,59,False,False,2021,5224.0,136.2,
cancer,Hi022017,Hi02_悪性新生物＜腫瘍＞,female,a55_59,55-59歳,55,59,False,False,2022,5181.0,131.0,
cancer,Hi022017,Hi02_悪性新生物＜腫瘍＞,female,a55_59,55-59歳,55,59,False,False,2023,5255.0,129.7,
cancer,Hi022017,Hi02_悪性新生物＜腫瘍＞,female,a55_59,55-59歳,55,59,False,False,2024,5379.0,129.7,
cancer,Hi022017,Hi02_悪性新生物＜腫瘍＞,female,a60_64,60-64歳,60,64,False,False,1950,4484.0,375.4,
cancer,Hi022017,Hi02_悪性新生物＜腫瘍＞,female,a60_64,60-64歳,60,64,False,False,1955,4661.0,367.1,
cancer,Hi022017,Hi02_悪性新生物＜腫瘍＞,female,a60_64,60-64歳,60,64,False,False,1960,5519.0,369.4,
cancer,Hi022017,Hi02_悪性新生物＜腫瘍＞,female,a60_64,60-64歳,60,64,False,False,1965,6157.0,358.1,
cancer,Hi022017,Hi02_悪性新生物＜腫瘍＞,female,a60_64,60-64歳,60,64,False,False,1970,6829.0,347.7,
cancer,Hi022017,Hi02_悪性新生物＜腫瘍＞,female,a60_64,60-64歳,60,64,False,False,1975,7218.0,308.6,
cancer,Hi022017,Hi02_悪性新生物＜腫瘍＞,female,a60_64,60-64歳,60,64,False,False,1980,7438.0,296.4,
cancer,Hi022017,Hi02_悪性新生物＜腫瘍＞,female,a60_64,60-64歳,60,64,False,False,1985,8297.0,275.6,
cancer,Hi022017,Hi02_悪性新生物＜腫瘍＞,female,a60_64,60-64歳,60,64,False,False,1990,8700.0,248.5,
cancer,Hi022017,Hi02_悪性新生物＜腫瘍＞,female,a60_64,60-64歳,60,64,False,False,1995,9577.0,248.9,
cancer,Hi022017,Hi02_悪性新生物＜腫瘍＞,female,a60_64,60-64歳,60,64,False,False,2000,9117.0,229.6,3991.0
cancer,Hi022017,Hi02_悪性新生物＜腫瘍＞,female,a60_64,60-64歳,60,64,False,False,2005,9650.0,220.4,
cancer,Hi022017,Hi02_悪性新生物＜腫瘍＞,female,a60_64,60-64歳,60,64,False,False,2010,11034.0,215.6,
cancer,Hi022017,Hi02_悪性新生物＜腫瘍＞,female,a60_64,60-64歳,60,64,False,False,2013,10958.0,223.9,4926.0
cancer,Hi022017,Hi02_悪性新生物＜腫瘍＞,female,a60_64,60-64歳,60,64,False,False,2014,10024.0,220.7,4574.0
cancer,Hi022017,Hi02_悪性新生物＜腫瘍＞,female,a60_64,60-64歳,60,64,False,False,2015,9147.0,212.3,
cancer,Hi022017,Hi02_悪性新生物＜腫瘍＞,female,a60_64,60-64歳,60,64,False,False,2016,8503.0,207.1,4140.0
cancer,Hi022017,Hi02_悪性新生物＜腫瘍＞,female,a60_64,60-64歳,60,64,False,False,2017,7712.0,196.8,3957.0
cancer,Hi022017,Hi02_悪性新生物＜腫瘍＞,female,a60_64,60-64歳,60,64,False,False,2018,7480.0,196.5,3847.0
cancer,Hi022017,Hi02_悪性新生物＜腫瘍＞,female,a60_64,60-64歳,60,64,False,False,2019,7358.0,195.3,3811.0
cancer,Hi022017,Hi02_悪性新生物＜腫瘍＞,female,a60_64,60-64歳,60,64,False,False,2020,7030.0,189.3,
cancer,Hi022017,Hi02_悪性新生物＜腫瘍＞,female,a60_64,60-64歳,60,64,False,False,2021,6826.0,185.3,
cancer,Hi022017,Hi02_悪性新生物＜腫瘍＞,female,a60_64,60-64歳,60,64,False,False,2022,7126.0,192.4,
cancer,Hi022017,Hi02_悪性新生物＜腫瘍＞,female,a60_64,60-64歳,60,64,False,False,2023,6929.0,185.9,
cancer,Hi022017,Hi02_悪性新生物＜腫瘍＞,female,a60_64,60-64歳,60,64,False,False,2024,6946.0,185.2,
cancer,Hi022017,Hi02_悪性新生物＜腫瘍＞,female,a65_69,65-69歳,65,69,False,False,1950,4587.0,470.6,
cancer,Hi022017,Hi02_悪性新生物＜腫瘍＞,female,a65_69,65-69歳,65,69,False,False,1955,5086.0,485.3,
cancer,Hi022017,Hi02_悪性新生物＜腫瘍＞,female,a65_69,65-69歳,65,69,False,False,1960,5610.0,495.0,
cancer,Hi022017,Hi02_悪性新生物＜腫瘍＞,female,a65_69,65-69歳,65,69,False,False,1965,6566.0,488.7,
cancer,Hi022017,Hi02_悪性新生物＜腫瘍＞,female,a65_69,65-69歳,65,69,False,False,1970,7446.0,471.1,
cancer,Hi022017,Hi02_悪性新生物＜腫瘍＞,female,a65_69,65-69歳,65,69,False,False,1975,8350.0,446.1,
cancer,Hi022017,Hi02_悪性新生物＜腫瘍＞,female,a65_69,65-69歳,65,69,False,False,1980,9336.0,421.8,
cancer,Hi022017,Hi02_悪性新生物＜腫瘍＞,female,a65_69,65-69歳,65,69,False,False,1985,9330.0,389.7,
cancer,Hi022017,Hi02_悪性新生物＜腫瘍＞,female,a65_69,65-69歳,65,69,False,False,1990,10530.0,362.9,
cancer,Hi022017,Hi02_悪性新生物＜腫瘍＞,female,a65_69,65-69歳,65,69,False,False,1995,12139.0,358.5,
cancer,Hi022017,Hi02_悪性新生物＜腫瘍＞,female,a65_69,65-69歳,65,69,False,False,2000,12720.0,340.2,3753.0
cancer,Hi022017,Hi02_悪性新生物＜腫瘍＞,female,a65_69,65-69歳,65,69,False,False,2005,11833.0,305.0,
cancer,Hi022017,Hi02_悪性新生物＜腫瘍＞,female,a65_69,65-69歳,65,69,False,False,2010,12735.0,296.4,
cancer,Hi022017,Hi02_悪性新生物＜腫瘍＞,female,a65_69,65-69歳,65,69,False,False,2013,13116.0,292.0,4516.0
cancer,Hi022017,Hi02_悪性新生物＜腫瘍＞,female,a65_69,65-69歳,65,69,False,False,2014,13831.0,293.3,4741.0
cancer,Hi022017,Hi02_悪性新生物＜腫瘍＞,female,a65_69,65-69歳,65,69,False,False,2015,14322.0,285.8,
cancer,Hi022017,Hi02_悪性新生物＜腫瘍＞,female,a65_69,65-69歳,65,69,False,False,2016,15236.0,288.8,5300.0
cancer,Hi022017,Hi02_悪性新生物＜腫瘍＞,female,a65_69,65-69歳,65,69,False,False,2017,14924.0,292.9,5116.0
cancer,Hi022017,Hi02_悪性新生物＜腫瘍＞,female,a65_69,65-69歳,65,69,False,False,2018,13986.0,290.9,4827.0
cancer,Hi022017,Hi02_悪性新生物＜腫瘍＞,female,a65_69,65-69歳,65,69,False,False,2019,12782.0,286.5,4482.0
cancer,Hi022017,Hi02_悪性新生物＜腫瘍＞,female,a65_69,65-69歳,65,69,False,False,2020,11727.0,279.2,
cancer,Hi022017,Hi02_悪性新生物＜腫瘍＞,female,a65_69,65-69歳,65,69,False,False,2021,11132.0,277.9,
cancer,Hi022017,Hi02_悪性新生物＜腫瘍＞,female,a65_69,65-69歳,65,69,False,False,2022,10798.0,282.0,
cancer,Hi022017,Hi02_悪性新生物＜腫瘍＞,female,a65_69,65-69歳,65,69,False,False,2023,9999.0,268.7,
cancer,Hi022017,Hi02_悪性新生物＜腫瘍＞,female,a65_69,65-69歳,65,69,False,False,2024,9936.0,269.7,
cancer,Hi022017,Hi02_悪性新生物＜腫瘍＞,female,a70_74,70-74歳,70,74,False,False,1950,3590.0,484.3,
cancer,Hi022017,Hi02_悪性新生物＜腫瘍＞,female,a70_74,70-74歳,70,74,False,False,1955,4622.0,578.6,
cancer,Hi022017,Hi02_悪性新生物＜腫瘍＞,female,a70_74,70-74歳,70,74,False,False,1960,5539.0,636.5,
cancer,Hi022017,Hi02_悪性新生物＜腫瘍＞,female,a70_74,70-74歳,70,74,False,False,1965,6141.0,642.7,
cancer,Hi022017,Hi02_悪性新生物＜腫瘍＞,female,a70_74,70-74歳,70,74,False,False,1970,7481.0,639.7,
cancer,Hi022017,Hi02_悪性新生物＜腫瘍＞,female,a70_74,70-74歳,70,74,False,False,1975,8764.0,615.4,
cancer,Hi022017,Hi02_悪性新生物＜腫瘍＞,female,a70_74,70-74歳,70,74,False,False,1980,10405.0,612.1,
cancer,Hi022017,Hi02_悪性新生物＜腫瘍＞,female,a70_74,70-74歳,70,74,False,False,1985,11568.0,565.3,
cancer,Hi022017,Hi02_悪性新生物＜腫瘍＞,female,a70_74,70-74歳,70,74,False,False,1990,11878.0,527.1,
cancer,Hi022017,Hi02_悪性新生物＜腫瘍＞,female,a70_74,70-74歳,70,74,False,False,1995,14084.0,513.4,
cancer,Hi022017,Hi02_悪性新生物＜腫瘍＞,female,a70_74,70-74歳,70,74,False,False,2000,15565.0,482.9,3234.0
cancer,Hi022017,Hi02_悪性新生物＜腫瘍＞,female,a70_74,70-74歳,70,74,False,False,2005,16396.0,456.2,
cancer,Hi022017,Hi02_悪性新生物＜腫瘍＞,female,a70_74,70-74歳,70,74,False,False,2010,15614.0,416.1,
cancer,Hi022017,Hi02_悪性新生物＜腫瘍＞,female,a70_74,70-74歳,70,74,False,False,2013,15970.0,395.2,4060.0
cancer,Hi022017,Hi02_悪性新生物＜腫瘍＞,female,a70_74,70-74歳,70,74,False,False,2014,16749.0,396.9,4239.0
cancer,Hi022017,Hi02_悪性新生物＜腫瘍＞,female,a70_74,70-74歳,70,74,False,False,2015,16787.0,405.2,
cancer,Hi022017,Hi02_悪性新生物＜腫瘍＞,female,a70_74,70-74歳,70,74,False,False,2016,15902.0,403.9,3953.0
cancer,Hi022017,Hi02_悪性新生物＜腫瘍＞,female,a70_74,70-74歳,70,74,False,False,2017,15908.0,388.0,4115.0
cancer,Hi022017,Hi02_悪性新生物＜腫瘍＞,female,a70_74,70-74歳,70,74,False,False,2018,16775.0,386.1,4356.0
cancer,Hi022017,Hi02_悪性新生物＜腫瘍＞,female,a70_74,70-74歳,70,74,False,False,2019,17306.0,378.8,4576.0
cancer,Hi022017,Hi02_悪性新生物＜腫瘍＞,female,a70_74,70-74歳,70,74,False,False,2020,18716.0,387.8,
cancer,Hi022017,Hi02_悪性新生物＜腫瘍＞,female,a70_74,70-74歳,70,74,False,False,2021,19826.0,390.3,
cancer,Hi022017,Hi02_悪性新生物＜腫瘍＞,female,a70_74,70-74歳,70,74,False,False,2022,20033.0,408.6,
cancer,Hi022017,Hi02_悪性新生物＜腫瘍＞,female,a70_74,70-74歳,70,74,False,False,2023,18770.0,405.7,
cancer,Hi022017,Hi02_悪性新生物＜腫瘍＞,female,a70_74,70-74歳,70,74,False,False,2024,17265.0,402.0,
cancer,Hi022017,Hi02_悪性新生物＜腫瘍＞,female,a75_79,75-79歳,75,79,False,False,1950,1937.0,463.4,
cancer,Hi022017,Hi02_悪性新生物＜腫瘍＞,female,a75_79,75-79歳,75,79,False,False,1955,3202.0,600.0,
cancer,Hi022017,Hi02_悪性新生物＜腫瘍＞,female,a75_79,75-79歳,75,79,False,False,1960,4128.0,714.2,
cancer,Hi022017,Hi02_悪性新生物＜腫瘍＞,female,a75_79,75-79歳,75,79,False,False,1965,4869.0,756.0,
cancer,Hi022017,Hi02_悪性新生物＜腫瘍＞,female,a75_79,75-79歳,75,79,False,False,1970,5795.0,788.3,
cancer,Hi022017,Hi02_悪性新生物＜腫瘍＞,female,a75_79,75-79歳,75,79,False,False,1975,7355.0,773.8,
cancer,Hi022017,Hi02_悪性新生物＜腫瘍＞,female,a75_79,75-79歳,75,79,False,False,1980,9650.0,814.4,
cancer,Hi022017,Hi02_悪性新生物＜腫瘍＞,female,a75_79,75-79歳,75,79,False,False,1985,11605.0,807.2,
cancer,Hi022017,Hi02_悪性新生物＜腫瘍＞,female,a75_79,75-79歳,75,79,False,False,1990,13474.0,741.2,
cancer,Hi022017,Hi02_悪性新生物＜腫瘍＞,female,a75_79,75-79歳,75,79,False,False,1995,14902.0,736.9,
cancer,Hi022017,Hi02_悪性新生物＜腫瘍＞,female,a75_79,75-79歳,75,79,False,False,2000,17421.0,691.7,2528.0
cancer,Hi022017,Hi02_悪性新生物＜腫瘍＞,female,a75_79,75-79歳,75,79,False,False,2005,19496.0,648.9,
cancer,Hi022017,Hi02_悪性新生物＜腫瘍＞,female,a75_79,75-79歳,75,79,False,False,2010,20764.0,614.5,
cancer,Hi022017,Hi02_悪性新生物＜腫瘍＞,female,a75_79,75-79歳,75,79,False,False,2013,21009.0,597.7,3529.0
cancer,Hi022017,Hi02_悪性新生物＜腫瘍＞,female,a75_79,75-79歳,75,79,False,False,2014,20509.0,588.2,3501.0
cancer,Hi022017,Hi02_悪性新生物＜腫瘍＞,female,a75_79,75-79歳,75,79,False,False,2015,20330.0,577.1,
cancer,Hi022017,Hi02_悪性新生物＜腫瘍＞,female,a75_79,75-79歳,75,79,False,False,2016,20456.0,567.4,3620.0
cancer,Hi022017,Hi02_悪性新生物＜腫瘍＞,female,a75_79,75-79歳,75,79,False,False,2017,20271.0,545.8,3728.0
cancer,Hi022017,Hi02_悪性新生物＜腫瘍＞,female,a75_79,75-79歳,75,79,False,False,2018,21023.0,551.1,3827.0
cancer,Hi022017,Hi02_悪性新生物＜腫瘍＞,female,a75_79,75-79歳,75,79,False,False,2019,21725.0,545.0,3997.0
cancer,Hi022017,Hi02_悪性新生物＜腫瘍＞,female,a75_79,75-79歳,75,79,False,False,2020,21747.0,557.7,
cancer,Hi022017,Hi02_悪性新生物＜腫瘍＞,female,a75_79,75-79歳,75,79,False,False,2021,20905.0,564.6,
cancer,Hi022017,Hi02_悪性新生物＜腫瘍＞,female,a75_79,75-79歳,75,79,False,False,2022,21527.0,557.9,
cancer,Hi022017,Hi02_悪性新生物＜腫瘍＞,female,a75_79,75-79歳,75,79,False,False,2023,22482.0,550.0,
cancer,Hi022017,Hi02_悪性新生物＜腫瘍＞,female,a75_79,75-79歳,75,79,False,False,2024,23660.0,550.5,
cancer,Hi022017,Hi02_悪性新生物＜腫瘍＞,female,a80_84,80-84歳,80,84,False,False,1950,684.0,379.6,
cancer,Hi022017,Hi02_悪性新生物＜腫瘍＞,female,a80_84,80-84歳,80,84,False,False,1955,1282.0,524.1,
cancer,Hi022017,Hi02_悪性新生物＜腫瘍＞,female,a80_84,80-84歳,80,84,False,False,1960,2095.0,667.7,
cancer,Hi022017,Hi02_悪性新生物＜腫瘍＞,female,a80_84,80-84歳,80,84,False,False,1965,2522.0,739.2,
cancer,Hi022017,Hi02_悪性新生物＜腫瘍＞,female,a80_84,80-84歳,80,84,False,False,1970,3234.0,793.5,
cancer,Hi022017,Hi02_悪性新生物＜腫瘍＞,female,a80_84,80-84歳,80,84,False,False,1975,4253.0,850.4,
cancer,Hi022017,Hi02_悪性新生物＜腫瘍＞,female,a80_84,80-84歳,80,84,False,False,1980,6487.0,961.8,
cancer,Hi022017,Hi02_悪性新生物＜腫瘍＞,female,a80_84,80-84歳,80,84,False,False,1985,8928.0,992.7,
cancer,Hi022017,Hi02_悪性新生物＜腫瘍＞,female,a80_84,80-84歳,80,84,False,False,1990,11749.0,1018.8,
cancer,Hi022017,Hi02_悪性新生物＜腫瘍＞,female,a80_84,80-84歳,80,84,False,False,1995,15523.0,1054.4,
cancer,Hi022017,Hi02_悪性新生物＜腫瘍＞,female,a80_84,80-84歳,80,84,False,False,2000,16843.0,992.9,1701.0
cancer,Hi022017,Hi02_悪性新生物＜腫瘍＞,female,a80_84,80-84歳,80,84,False,False,2005,20885.0,954.6,
cancer,Hi022017,Hi02_悪性新生物＜腫瘍＞,female,a80_84,80-84歳,80,84,False,False,2010,23978.0,900.4,
cancer,Hi022017,Hi02_悪性新生物＜腫瘍＞,female,a80_84,80-84歳,80,84,False,False,2013,25506.0,890.3,2874.0
cancer,Hi022017,Hi02_悪性新生物＜腫瘍＞,female,a80_84,80-84歳,80,84,False,False,2014,25739.0,882.7,2925.0
cancer,Hi022017,Hi02_悪性新生物＜腫瘍＞,female,a80_84,80-84歳,80,84,False,False,2015,25877.0,861.9,
cancer,Hi022017,Hi02_悪性新生物＜腫瘍＞,female,a80_84,80-84歳,80,84,False,False,2016,26567.0,863.8,3086.0
cancer,Hi022017,Hi02_悪性新生物＜腫瘍＞,female,a80_84,80-84歳,80,84,False,False,2017,26339.0,842.4,3138.0
cancer,Hi022017,Hi02_悪性新生物＜腫瘍＞,female,a80_84,80-84歳,80,84,False,False,2018,26128.0,831.3,3155.0
cancer,Hi022017,Hi02_悪性新生物＜腫瘍＞,female,a80_84,80-84歳,80,84,False,False,2019,26021.0,834.2,3131.0
cancer,Hi022017,Hi02_悪性新生物＜腫瘍＞,female,a80_84,80-84歳,80,84,False,False,2020,25882.0,819.4,
cancer,Hi022017,Hi02_悪性新生物＜腫瘍＞,female,a80_84,80-84歳,80,84,False,False,2021,26122.0,806.6,
cancer,Hi022017,Hi02_悪性新生物＜腫瘍＞,female,a80_84,80-84歳,80,84,False,False,2022,27478.0,823.8,
cancer,Hi022017,Hi02_悪性新生物＜腫瘍＞,female,a80_84,80-84歳,80,84,False,False,2023,27223.0,795.5,
cancer,Hi022017,Hi02_悪性新生物＜腫瘍＞,female,a80_84,80-84歳,80,84,False,False,2024,28599.0,801.4,
cancer,Hi022017,Hi02_悪性新生物＜腫瘍＞,female,a85_89,85-89歳,85,89,False,False,1950,160.0,293.3,
cancer,Hi022017,Hi02_悪性新生物＜腫瘍＞,female,a85_89,85-89歳,85,89,False,False,1955,294.0,379.3,
cancer,Hi022017,Hi02_悪性新生物＜腫瘍＞,female,a85_89,85-89歳,85,89,False,False,1960,642.0,596.5,
cancer,Hi022017,Hi02_悪性新生物＜腫瘍＞,female,a85_89,85-89歳,85,89,False,False,1965,816.0,586.9,
cancer,Hi022017,Hi02_悪性新生物＜腫瘍＞,female,a85_89,85-89歳,85,89,False,False,1970,1061.0,672.0,
cancer,Hi022017,Hi02_悪性新生物＜腫瘍＞,female,a85_89,85-89歳,85,89,False,False,1975,1600.0,770.1,
cancer,Hi022017,Hi02_悪性新生物＜腫瘍＞,female,a85_89,85-89歳,85,89,False,False,1980,2548.0,940.9,
cancer,Hi022017,Hi02_悪性新生物＜腫瘍＞,female,a85_89,85-89歳,85,89,False,False,1985,4563.0,1155.5,
cancer,Hi022017,Hi02_悪性新生物＜腫瘍＞,female,a85_89,85-89歳,85,89,False,False,1990,7142.0,1282.3,
cancer,Hi022017,Hi02_悪性新生物＜腫瘍＞,female,a85_89,85-89歳,85,89,False,False,1995,10626.0,1374.5,
cancer,Hi022017,Hi02_悪性新生物＜腫瘍＞,female,a85_89,85-89歳,85,89,False,False,2000,14357.0,1362.4,1056.0
cancer,Hi022017,Hi02_悪性新生物＜腫瘍＞,female,a85_89,85-89歳,85,89,False,False,2005,17138.0,1324.6,
cancer,Hi022017,Hi02_悪性新生物＜腫瘍＞,female,a85_89,85-89歳,85,89,False,False,2010,22230.0,1308.5,
cancer,Hi022017,Hi02_悪性新生物＜腫瘍＞,female,a85_89,85-89歳,85,89,False,False,2013,24724.0,1267.9,1956.0
cancer,Hi022017,Hi02_悪性新生物＜腫瘍＞,female,a85_89,85-89歳,85,89,False,False,2014,25266.0,1245.9,2033.0
cancer,Hi022017,Hi02_悪性新生物＜腫瘍＞,female,a85_89,85-89歳,85,89,False,False,2015,25863.0,1241.3,
cancer,Hi022017,Hi02_悪性新生物＜腫瘍＞,female,a85_89,85-89歳,85,89,False,False,2016,26698.0,1241.9,2155.0
cancer,Hi022017,Hi02_悪性新生物＜腫瘍＞,female,a85_89,85-89歳,85,89,False,False,2017,27005.0,1218.0,2228.0
cancer,Hi022017,Hi02_悪性新生物＜腫瘍＞,female,a85_89,85-89歳,85,89,False,False,2018,27850.0,1219.8,2296.0
cancer,Hi022017,Hi02_悪性新生物＜腫瘍＞,female,a85_89,85-89歳,85,89,False,False,2019,27766.0,1190.6,2346.0
cancer,Hi022017,Hi02_悪性新生物＜腫瘍＞,female,a85_89,85-89歳,85,89,False,False,2020,28859.0,1197.3,
cancer,Hi022017,Hi02_悪性新生物＜腫瘍＞,female,a85_89,85-89歳,85,89,False,False,2021,29332.0,1184.4,
cancer,Hi022017,Hi02_悪性新生物＜腫瘍＞,female,a85_89,85-89歳,85,89,False,False,2022,29717.0,1180.6,
cancer,Hi022017,Hi02_悪性新生物＜腫瘍＞,female,a85_89,85-89歳,85,89,False,False,2023,29694.0,1177.4,
cancer,Hi022017,Hi02_悪性新生物＜腫瘍＞,female,a85_89,85-89歳,85,89,False,False,2024,29249.0,1173.3,
cancer,Hi022017,Hi02_悪性新生物＜腫瘍＞,female,a90_94,90-94歳,90,94,False,False,1950,28.0,305.7,
cancer,Hi022017,Hi02_悪性新生物＜腫瘍＞,female,a90_94,90-94歳,90,94,False,False,1955,58.0,360.1,
cancer,Hi022017,Hi02_悪性新生物＜腫瘍＞,female,a90_94,90-94歳,90,94,False,False,1960,100.0,438.8,
cancer,Hi022017,Hi02_悪性新生物＜腫瘍＞,female,a90_94,90-94歳,90,94,False,False,1965,148.0,445.5,
cancer,Hi022017,Hi02_悪性新生物＜腫瘍＞,female,a90_94,90-94歳,90,94,False,False,1970,195.0,467.9,
cancer,Hi022017,Hi02_悪性新生物＜腫瘍＞,female,a90_94,90-94歳,90,94,False,False,1975,330.0,627.6,
cancer,Hi022017,Hi02_悪性新生物＜腫瘍＞,female,a90_94,90-94歳,90,94,False,False,1980,575.0,743.5,
cancer,Hi022017,Hi02_悪性新生物＜腫瘍＞,female,a90_94,90-94歳,90,94,False,False,1985,1153.0,1028.4,
cancer,Hi022017,Hi02_悪性新生物＜腫瘍＞,female,a90_94,90-94歳,90,94,False,False,1990,2214.0,1231.1,177.0
cancer,Hi022017,Hi02_悪性新生物＜腫瘍＞,female,a90_94,90-94歳,90,94,False,False,1995,4163.0,1533.7,268.0
cancer,Hi022017,Hi02_悪性新生物＜腫瘍＞,female,a90_94,90-94歳,90,94,False,False,2000,6938.0,1650.4,421.0
cancer,Hi022017,Hi02_悪性新生物＜腫瘍＞,female,a90_94,90-94歳,90,94,False,False,2005,10449.0,1657.5,
cancer,Hi022017,Hi02_悪性新生物＜腫瘍＞,female,a90_94,90-94歳,90,94,False,False,2010,13247.0,1691.0,
cancer,Hi022017,Hi02_悪性新生物＜腫瘍＞,female,a90_94,90-94歳,90,94,False,False,2013,15113.0,1625.1,932.0
cancer,Hi022017,Hi02_悪性新生物＜腫瘍＞,female,a90_94,90-94歳,90,94,False,False,2014,16001.0,1616.3,993.0
cancer,Hi022017,Hi02_悪性新生物＜腫瘍＞,female,a90_94,90-94歳,90,94,False,False,2015,16998.0,1660.2,
cancer,Hi022017,Hi02_悪性新生物＜腫瘍＞,female,a90_94,90-94歳,90,94,False,False,2016,17943.0,1634.2,1093.0
cancer,Hi022017,Hi02_悪性新生物＜腫瘍＞,female,a90_94,90-94歳,90,94,False,False,2017,18711.0,1608.9,1146.0
cancer,Hi022017,Hi02_悪性新生物＜腫瘍＞,female,a90_94,90-94歳,90,94,False,False,2018,19311.0,1581.6,1198.0
cancer,Hi022017,Hi02_悪性新生物＜腫瘍＞,female,a90_94,90-94歳,90,94,False,False,2019,20419.0,1599.0,1255.0
cancer,Hi022017,Hi02_悪性新生物＜腫瘍＞,female,a90_94,90-94歳,90,94,False,False,2020,20732.0,1584.3,
cancer,Hi022017,Hi02_悪性新生物＜腫瘍＞,female,a90_94,90-94歳,90,94,False,False,2021,21497.0,1569.1,
cancer,Hi022017,Hi02_悪性新生物＜腫瘍＞,female,a90_94,90-94歳,90,94,False,False,2022,21934.0,1539.2,
cancer,Hi022017,Hi02_悪性新生物＜腫瘍＞,female,a90_94,90-94歳,90,94,False,False,2023,22275.0,1526.7,
cancer,Hi022017,Hi02_悪性新生物＜腫瘍＞,female,a90_94,90-94歳,90,94,False,False,2024,22664.0,1528.3,
cancer,Hi022017,Hi02_悪性新生物＜腫瘍＞,female,a95_99,95-99歳,95,99,False,False,1950,9.0,,
cancer,Hi022017,Hi02_悪性新生物＜腫瘍＞,female,a95_99,95-99歳,95,99,False,False,1955,3.0,,
cancer,Hi022017,Hi02_悪性新生物＜腫瘍＞,female,a95_99,95-99歳,95,99,False,False,1960,5.0,,
cancer,Hi022017,Hi02_悪性新生物＜腫瘍＞,female,a95_99,95-99歳,95,99,False,False,1965,17.0,,
cancer,Hi022017,Hi02_悪性新生物＜腫瘍＞,female,a95_99,95-99歳,95,99,False,False,1970,27.0,,
cancer,Hi022017,Hi02_悪性新生物＜腫瘍＞,female,a95_99,95-99歳,95,99,False,False,1975,40.0,,
cancer,Hi022017,Hi02_悪性新生物＜腫瘍＞,female,a95_99,95-99歳,95,99,False,False,1980,62.0,,
cancer,Hi022017,Hi02_悪性新生物＜腫瘍＞,female,a95_99,95-99歳,95,99,False,False,1985,181.0,,
cancer,Hi022017,Hi02_悪性新生物＜腫瘍＞,female,a95_99,95-99歳,95,99,False,False,1990,324.0,,29.0
cancer,Hi022017,Hi02_悪性新生物＜腫瘍＞,female,a95_99,95-99歳,95,99,False,False,1995,765.0,,53.0
cancer,Hi022017,Hi02_悪性新生物＜腫瘍＞,female,a95_99,95-99歳,95,99,False,False,2000,1547.0,,94.0
cancer,Hi022017,Hi02_悪性新生物＜腫瘍＞,female,a95_99,95-99歳,95,99,False,False,2005,3027.0,1781.6,
cancer,Hi022017,Hi02_悪性新生物＜腫瘍＞,female,a95_99,95-99歳,95,99,False,False,2010,4784.0,1979.8,
cancer,Hi022017,Hi02_悪性新生物＜腫瘍＞,female,a95_99,95-99歳,95,99,False,False,2013,5186.0,1852.1,281.0
cancer,Hi022017,Hi02_悪性新生物＜腫瘍＞,female,a95_99,95-99歳,95,99,False,False,2014,5132.0,1775.8,289.0
cancer,Hi022017,Hi02_悪性新生物＜腫瘍＞,female,a95_99,95-99歳,95,99,False,False,2015,5590.0,1880.3,
cancer,Hi022017,Hi02_悪性新生物＜腫瘍＞,female,a95_99,95-99歳,95,99,False,False,2016,5966.0,1888.0,317.0
cancer,Hi022017,Hi02_悪性新生物＜腫瘍＞,female,a95_99,95-99歳,95,99,False,False,2017,6485.0,1941.6,337.0
cancer,Hi022017,Hi02_悪性新生物＜腫瘍＞,female,a95_99,95-99歳,95,99,False,False,2018,6833.0,1887.6,362.0
cancer,Hi022017,Hi02_悪性新生物＜腫瘍＞,female,a95_99,95-99歳,95,99,False,False,2019,7234.0,1845.4,384.0
cancer,Hi022017,Hi02_悪性新生物＜腫瘍＞,female,a95_99,95-99歳,95,99,False,False,2020,7469.0,1839.8,
cancer,Hi022017,Hi02_悪性新生物＜腫瘍＞,female,a95_99,95-99歳,95,99,False,False,2021,8094.0,1873.6,
cancer,Hi022017,Hi02_悪性新生物＜腫瘍＞,female,a95_99,95-99歳,95,99,False,False,2022,8296.0,1847.7,
cancer,Hi022017,Hi02_悪性新生物＜腫瘍＞,female,a95_99,95-99歳,95,99,False,False,2023,8463.0,1777.9,
cancer,Hi022017,Hi02_悪性新生物＜腫瘍＞,female,a95_99,95-99歳,95,99,False,False,2024,8783.0,1746.1,
cancer,Hi022017,Hi02_悪性新生物＜腫瘍＞,female,a100p,100歳以上,100,,False,False,1970,4.0,,
cancer,Hi022017,Hi02_悪性新生物＜腫瘍＞,female,a100p,100歳以上,100,,False,False,1975,6.0,,
cancer,Hi022017,Hi02_悪性新生物＜腫瘍＞,female,a100p,100歳以上,100,,False,False,1980,2.0,,
cancer,Hi022017,Hi02_悪性新生物＜腫瘍＞,female,a100p,100歳以上,100,,False,False,1985,7.0,,
cancer,Hi022017,Hi02_悪性新生物＜腫瘍＞,female,a100p,100歳以上,100,,False,False,1990,21.0,,3.0
cancer,Hi022017,Hi02_悪性新生物＜腫瘍＞,female,a100p,100歳以上,100,,False,False,1995,59.0,,5.0
cancer,Hi022017,Hi02_悪性新生物＜腫瘍＞,female,a100p,100歳以上,100,,False,False,2000,165.0,,10.0
cancer,Hi022017,Hi02_悪性新生物＜腫瘍＞,female,a100p,100歳以上,100,,False,False,2005,361.0,1671.5,
cancer,Hi022017,Hi02_悪性新生物＜腫瘍＞,female,a100p,100歳以上,100,,False,False,2010,637.0,1674.5,
cancer,Hi022017,Hi02_悪性新生物＜腫瘍＞,female,a100p,100歳以上,100,,False,False,2013,806.0,1679.2,48.0
cancer,Hi022017,Hi02_悪性新生物＜腫瘍＞,female,a100p,100歳以上,100,,False,False,2014,864.0,1694.1,52.0
cancer,Hi022017,Hi02_悪性新生物＜腫瘍＞,female,a100p,100歳以上,100,,False,False,2015,895.0,1676.5,
cancer,Hi022017,Hi02_悪性新生物＜腫瘍＞,female,a100p,100歳以上,100,,False,False,2016,999.0,1752.6,57.0
cancer,Hi022017,Hi02_悪性新生物＜腫瘍＞,female,a100p,100歳以上,100,,False,False,2017,962.0,1630.5,59.0
cancer,Hi022017,Hi02_悪性新生物＜腫瘍＞,female,a100p,100歳以上,100,,False,False,2018,991.0,1651.7,61.0
cancer,Hi022017,Hi02_悪性新生物＜腫瘍＞,female,a100p,100歳以上,100,,False,False,2019,974.0,1623.3,62.0
cancer,Hi022017,Hi02_悪性新生物＜腫瘍＞,female,a100p,100歳以上,100,,False,False,2020,1103.0,1567.5,
cancer,Hi022017,Hi02_悪性新生物＜腫瘍＞,female,a100p,100歳以上,100,,False,False,2021,1256.0,1674.7,
cancer,Hi022017,Hi02_悪性新生物＜腫瘍＞,female,a100p,100歳以上,100,,False,False,2022,1330.0,1727.3,
cancer,Hi022017,Hi02_悪性新生物＜腫瘍＞,female,a100p,100歳以上,100,,False,False,2023,1272.0,1651.9,
cancer,Hi022017,Hi02_悪性新生物＜腫瘍＞,female,a100p,100歳以上,100,,False,False,2024,1323.0,1718.2,
cancer,Hi022017,Hi02_悪性新生物＜腫瘍＞,female,total,総数,,,False,True,1950,31758.0,74.9,
cancer,Hi022017,Hi02_悪性新生物＜腫瘍＞,female,total,総数,,,False,True,1955,36498.0,80.4,
cancer,Hi022017,Hi02_悪性新生物＜腫瘍＞,female,total,総数,,,False,True,1960,42875.0,90.2,
cancer,Hi022017,Hi02_悪性新生物＜腫瘍＞,female,total,総数,,,False,True,1965,47637.0,95.2,
cancer,Hi022017,Hi02_悪性新生物＜腫瘍＞,female,total,総数,,,False,True,1970,52903.0,100.7,
cancer,Hi022017,Hi02_悪性新生物＜腫瘍＞,female,total,総数,,,False,True,1975,59461.0,105.2,
cancer,Hi022017,Hi02_悪性新生物＜腫瘍＞,female,total,総数,,,False,True,1980,68263.0,115.5,
cancer,Hi022017,Hi02_悪性新生物＜腫瘍＞,female,total,総数,,,False,True,1985,77054.0,125.9,
cancer,Hi022017,Hi02_悪性新生物＜腫瘍＞,female,total,総数,,,False,True,1990,87018.0,139.3,
cancer,Hi022017,Hi02_悪性新生物＜腫瘍＞,female,total,総数,,,False,True,1995,103399.0,163.1,
cancer,Hi022017,Hi02_悪性新生物＜腫瘍＞,female,total,総数,,,False,True,2000,116344.0,181.4,64815.0
cancer,Hi022017,Hi02_悪性新生物＜腫瘍＞,female,total,総数,,,False,True,2005,129338.0,200.3,
cancer,Hi022017,Hi02_悪性新生物＜腫瘍＞,female,total,総数,,,False,True,2010,142064.0,219.2,
cancer,Hi022017,Hi02_悪性新生物＜腫瘍＞,female,total,総数,,,False,True,2013,147897.0,229.2,65388.0
cancer,Hi022017,Hi02_悪性新生物＜腫瘍＞,female,total,総数,,,False,True,2014,149707.0,232.5,65282.0
cancer,Hi022017,Hi02_悪性新生物＜腫瘍＞,female,total,総数,,,False,True,2015,150847.0,234.6,
cancer,Hi022017,Hi02_悪性新生物＜腫瘍＞,female,total,総数,,,False,True,2016,153242.0,238.9,65226.0
cancer,Hi022017,Hi02_悪性新生物＜腫瘍＞,female,total,総数,,,False,True,2017,152949.0,239.1,65165.0
cancer,Hi022017,Hi02_悪性新生物＜腫瘍＞,female,total,総数,,,False,True,2018,154959.0,243.0,65076.0
cancer,Hi022017,Hi02_悪性新生物＜腫瘍＞,female,total,総数,,,False,True,2019,156086.0,245.7,64967.0
cancer,Hi022017,Hi02_悪性新生物＜腫瘍＞,female,total,総数,,,False,True,2020,157396.0,248.3,
cancer,Hi022017,Hi02_悪性新生物＜腫瘍＞,female,total,総数,,,False,True,2021,159038.0,252.1,
cancer,Hi022017,Hi02_悪性新生物＜腫瘍＞,female,total,総数,,,False,True,2022,162506.0,259.1,
cancer,Hi022017,Hi02_悪性新生物＜腫瘍＞,female,total,総数,,,False,True,2023,161144.0,258.7,
cancer,Hi022017,Hi02_悪性新生物＜腫瘍＞,female,total,総数,,,False,True,2024,162325.0,262.5,
cancer,Hi022017,Hi02_悪性新生物＜腫瘍＞,male,a00_04,0-4歳,0,4,False,False,1950,323.0,5.6,
cancer,Hi022017,Hi02_悪性新生物＜腫瘍＞,male,a00_04,0-4歳,0,4,False,False,1955,325.0,6.9,
cancer,Hi022017,Hi02_悪性新生物＜腫瘍＞,male,a00_04,0-4歳,0,4,False,False,1960,349.0,8.7,
cancer,Hi022017,Hi02_悪性新生物＜腫瘍＞,male,a00_04,0-4歳,0,4,False,False,1965,354.0,8.5,
cancer,Hi022017,Hi02_悪性新生物＜腫瘍＞,male,a00_04,0-4歳,0,4,False,False,1970,382.0,8.5,
cancer,Hi022017,Hi02_悪性新生物＜腫瘍＞,male,a00_04,0-4歳,0,4,False,False,1975,397.0,7.8,
cancer,Hi022017,Hi02_悪性新生物＜腫瘍＞,male,a00_04,0-4歳,0,4,False,False,1980,260.0,6.0,4366.0
cancer,Hi022017,Hi02_悪性新生物＜腫瘍＞,male,a00_04,0-4歳,0,4,False,False,1985,158.0,4.2,3819.0
cancer,Hi022017,Hi02_悪性新生物＜腫瘍＞,male,a00_04,0-4歳,0,4,False,False,1990,125.0,3.8,3326.0
cancer,Hi022017,Hi02_悪性新生物＜腫瘍＞,male,a00_04,0-4歳,0,4,False,False,1995,88.0,2.9,3070.0
cancer,Hi022017,Hi02_悪性新生物＜腫瘍＞,male,a00_04,0-4歳,0,4,False,False,2000,78.0,2.6,
cancer,Hi022017,Hi02_悪性新生物＜腫瘍＞,male,a00_04,0-4歳,0,4,False,False,2005,65.0,2.3,2867.0
cancer,Hi022017,Hi02_悪性新生物＜腫瘍＞,male,a00_04,0-4歳,0,4,False,False,2010,55.0,2.0,2717.0
cancer,Hi022017,Hi02_悪性新生物＜腫瘍＞,male,a00_04,0-4歳,0,4,False,False,2013,52.0,2.0,2684.0
cancer,Hi022017,Hi02_悪性新生物＜腫瘍＞,male,a00_04,0-4歳,0,4,False,False,2014,53.0,2.0,2673.0
cancer,Hi022017,Hi02_悪性新生物＜腫瘍＞,male,a00_04,0-4歳,0,4,False,False,2015,42.0,1.7,2561.0
cancer,Hi022017,Hi02_悪性新生物＜腫瘍＞,male,a00_04,0-4歳,0,4,False,False,2016,43.0,1.7,2547.0
cancer,Hi022017,Hi02_悪性新生物＜腫瘍＞,male,a00_04,0-4歳,0,4,False,False,2017,40.0,1.6,2522.0
cancer,Hi022017,Hi02_悪性新生物＜腫瘍＞,male,a00_04,0-4歳,0,4,False,False,2018,36.0,1.5,2482.0
cancer,Hi022017,Hi02_悪性新生物＜腫瘍＞,male,a00_04,0-4歳,0,4,False,False,2019,36.0,1.5,2421.0
cancer,Hi022017,Hi02_悪性新生物＜腫瘍＞,male,a00_04,0-4歳,0,4,False,False,2020,39.0,1.7,2325.0
cancer,Hi022017,Hi02_悪性新生物＜腫瘍＞,male,a00_04,0-4歳,0,4,False,False,2021,30.0,1.4,2246.0
cancer,Hi022017,Hi02_悪性新生物＜腫瘍＞,male,a00_04,0-4歳,0,4,False,False,2022,24.0,1.1,2174.0
cancer,Hi022017,Hi02_悪性新生物＜腫瘍＞,male,a00_04,0-4歳,0,4,False,False,2023,34.0,1.7,2093.0
cancer,Hi022017,Hi02_悪性新生物＜腫瘍＞,male,a00_04,0-4歳,0,4,False,False,2024,28.0,1.4,2015.0
cancer,Hi022017,Hi02_悪性新生物＜腫瘍＞,male,a05_09,5-9歳,5,9,False,False,1950,128.0,2.7,
cancer,Hi022017,Hi02_悪性新生物＜腫瘍＞,male,a05_09,5-9歳,5,9,False,False,1955,247.0,4.4,
cancer,Hi022017,Hi02_悪性新生物＜腫瘍＞,male,a05_09,5-9歳,5,9,False,False,1960,225.0,4.8,
cancer,Hi022017,Hi02_悪性新生物＜腫瘍＞,male,a05_09,5-9歳,5,9,False,False,1965,243.0,6.1,
cancer,Hi022017,Hi02_悪性新生物＜腫瘍＞,male,a05_09,5-9歳,5,9,False,False,1970,230.0,5.6,
cancer,Hi022017,Hi02_悪性新生物＜腫瘍＞,male,a05_09,5-9歳,5,9,False,False,1975,252.0,5.5,
cancer,Hi022017,Hi02_悪性新生物＜腫瘍＞,male,a05_09,5-9歳,5,9,False,False,1980,291.0,5.7,5142.0
cancer,Hi022017,Hi02_悪性新生物＜腫瘍＞,male,a05_09,5-9歳,5,9,False,False,1985,205.0,4.7,4373.0
cancer,Hi022017,Hi02_悪性新生物＜腫瘍＞,male,a05_09,5-9歳,5,9,False,False,1990,124.0,3.3,3822.0
cancer,Hi022017,Hi02_悪性新生物＜腫瘍＞,male,a05_09,5-9歳,5,9,False,False,1995,124.0,3.7,3350.0
cancer,Hi022017,Hi02_悪性新生物＜腫瘍＞,male,a05_09,5-9歳,5,9,False,False,2000,83.0,2.7,3091.0
cancer,Hi022017,Hi02_悪性新生物＜腫瘍＞,male,a05_09,5-9歳,5,9,False,False,2005,77.0,2.5,3050.0
cancer,Hi022017,Hi02_悪性新生物＜腫瘍＞,male,a05_09,5-9歳,5,9,False,False,2010,55.0,1.9,2866.0
cancer,Hi022017,Hi02_悪性新生物＜腫瘍＞,male,a05_09,5-9歳,5,9,False,False,2013,55.0,2.0,2743.0
cancer,Hi022017,Hi02_悪性新生物＜腫瘍＞,male,a05_09,5-9歳,5,9,False,False,2014,63.0,2.3,2716.0
cancer,Hi022017,Hi02_悪性新生物＜腫瘍＞,male,a05_09,5-9歳,5,9,False,False,2015,61.0,2.3,2725.0
cancer,Hi022017,Hi02_悪性新生物＜腫瘍＞,male,a05_09,5-9歳,5,9,False,False,2016,50.0,1.9,2722.0
cancer,Hi022017,Hi02_悪性新生物＜腫瘍＞,male,a05_09,5-9歳,5,9,False,False,2017,41.0,1.5,2699.0
cancer,Hi022017,Hi02_悪性新生物＜腫瘍＞,male,a05_09,5-9歳,5,9,False,False,2018,46.0,1.8,2670.0
cancer,Hi022017,Hi02_悪性新生物＜腫瘍＞,male,a05_09,5-9歳,5,9,False,False,2019,54.0,2.1,2640.0
cancer,Hi022017,Hi02_悪性新生物＜腫瘍＞,male,a05_09,5-9歳,5,9,False,False,2020,38.0,1.5,2620.0
cancer,Hi022017,Hi02_悪性新生物＜腫瘍＞,male,a05_09,5-9歳,5,9,False,False,2021,48.0,1.9,2581.0
cancer,Hi022017,Hi02_悪性新生物＜腫瘍＞,male,a05_09,5-9歳,5,9,False,False,2022,40.0,1.6,2535.0
cancer,Hi022017,Hi02_悪性新生物＜腫瘍＞,male,a05_09,5-9歳,5,9,False,False,2023,46.0,1.9,2478.0
cancer,Hi022017,Hi02_悪性新生物＜腫瘍＞,male,a05_09,5-9歳,5,9,False,False,2024,40.0,1.7,2412.0
cancer,Hi022017,Hi02_悪性新生物＜腫瘍＞,male,a10_14,10-14歳,10,14,False,False,1950,128.0,2.9,
cancer,Hi022017,Hi02_悪性新生物＜腫瘍＞,male,a10_14,10-14歳,10,14,False,False,1955,190.0,3.9,
cancer,Hi022017,Hi02_悪性新生物＜腫瘍＞,male,a10_14,10-14歳,10,14,False,False,1960,268.0,4.8,
cancer,Hi022017,Hi02_悪性新生物＜腫瘍＞,male,a10_14,10-14歳,10,14,False,False,1965,247.0,5.3,
cancer,Hi022017,Hi02_悪性新生物＜腫瘍＞,male,a10_14,10-14歳,10,14,False,False,1970,186.0,4.7,
cancer,Hi022017,Hi02_悪性新生物＜腫瘍＞,male,a10_14,10-14歳,10,14,False,False,1975,199.0,4.7,
cancer,Hi022017,Hi02_悪性新生物＜腫瘍＞,male,a10_14,10-14歳,10,14,False,False,1980,217.0,4.8,4595.0
cancer,Hi022017,Hi02_悪性新生物＜腫瘍＞,male,a10_14,10-14歳,10,14,False,False,1985,215.0,4.2,5147.0
cancer,Hi022017,Hi02_悪性新生物＜腫瘍＞,male,a10_14,10-14歳,10,14,False,False,1990,165.0,3.8,4370.0
cancer,Hi022017,Hi02_悪性新生物＜腫瘍＞,male,a10_14,10-14歳,10,14,False,False,1995,125.0,3.3,3827.0
cancer,Hi022017,Hi02_悪性新生物＜腫瘍＞,male,a10_14,10-14歳,10,14,False,False,2000,74.0,2.2,3361.0
cancer,Hi022017,Hi02_悪性新生物＜腫瘍＞,male,a10_14,10-14歳,10,14,False,False,2005,61.0,2.0,3094.0
cancer,Hi022017,Hi02_悪性新生物＜腫瘍＞,male,a10_14,10-14歳,10,14,False,False,2010,63.0,2.1,3039.0
cancer,Hi022017,Hi02_悪性新生物＜腫瘍＞,male,a10_14,10-14歳,10,14,False,False,2013,59.0,2.0,2967.0
cancer,Hi022017,Hi02_悪性新生物＜腫瘍＞,male,a10_14,10-14歳,10,14,False,False,2014,65.0,2.2,2927.0
cancer,Hi022017,Hi02_悪性新生物＜腫瘍＞,male,a10_14,10-14歳,10,14,False,False,2015,52.0,1.8,2879.0
cancer,Hi022017,Hi02_悪性新生物＜腫瘍＞,male,a10_14,10-14歳,10,14,False,False,2016,48.0,1.7,2829.0
cancer,Hi022017,Hi02_悪性新生物＜腫瘍＞,male,a10_14,10-14歳,10,14,False,False,2017,57.0,2.1,2792.0
cancer,Hi022017,Hi02_悪性新生物＜腫瘍＞,male,a10_14,10-14歳,10,14,False,False,2018,59.0,2.2,2776.0
cancer,Hi022017,Hi02_悪性新生物＜腫瘍＞,male,a10_14,10-14歳,10,14,False,False,2019,61.0,2.3,2757.0
cancer,Hi022017,Hi02_悪性新生物＜腫瘍＞,male,a10_14,10-14歳,10,14,False,False,2020,40.0,1.5,2756.0
cancer,Hi022017,Hi02_悪性新生物＜腫瘍＞,male,a10_14,10-14歳,10,14,False,False,2021,49.0,1.8,2746.0
cancer,Hi022017,Hi02_悪性新生物＜腫瘍＞,male,a10_14,10-14歳,10,14,False,False,2022,46.0,1.7,2720.0
cancer,Hi022017,Hi02_悪性新生物＜腫瘍＞,male,a10_14,10-14歳,10,14,False,False,2023,43.0,1.6,2689.0
cancer,Hi022017,Hi02_悪性新生物＜腫瘍＞,male,a10_14,10-14歳,10,14,False,False,2024,51.0,2.0,2657.0
cancer,Hi022017,Hi02_悪性新生物＜腫瘍＞,male,a15_19,15-19歳,15,19,False,False,1950,176.0,4.1,
cancer,Hi022017,Hi02_悪性新生物＜腫瘍＞,male,a15_19,15-19歳,15,19,False,False,1955,231.0,5.3,
cancer,Hi022017,Hi02_悪性新生物＜腫瘍＞,male,a15_19,15-19歳,15,19,False,False,1960,289.0,6.2,
cancer,Hi022017,Hi02_悪性新生物＜腫瘍＞,male,a15_19,15-19歳,15,19,False,False,1965,396.0,7.2,
cancer,Hi022017,Hi02_悪性新生物＜腫瘍＞,male,a15_19,15-19歳,15,19,False,False,1970,332.0,7.3,
cancer,Hi022017,Hi02_悪性新生物＜腫瘍＞,male,a15_19,15-19歳,15,19,False,False,1975,262.0,6.5,
cancer,Hi022017,Hi02_悪性新生物＜腫瘍＞,male,a15_19,15-19歳,15,19,False,False,1980,270.0,6.4,4224.0
cancer,Hi022017,Hi02_悪性新生物＜腫瘍＞,male,a15_19,15-19歳,15,19,False,False,1985,281.0,6.2,4600.0
cancer,Hi022017,Hi02_悪性新生物＜腫瘍＞,male,a15_19,15-19歳,15,19,False,False,1990,275.0,5.4,5122.0
cancer,Hi022017,Hi02_悪性新生物＜腫瘍＞,male,a15_19,15-19歳,15,19,False,False,1995,221.0,5.1,4386.0
cancer,Hi022017,Hi02_悪性新生物＜腫瘍＞,male,a15_19,15-19歳,15,19,False,False,2000,139.0,3.6,3843.0
cancer,Hi022017,Hi02_悪性新生物＜腫瘍＞,male,a15_19,15-19歳,15,19,False,False,2005,103.0,3.1,3389.0
cancer,Hi022017,Hi02_悪性新生物＜腫瘍＞,male,a15_19,15-19歳,15,19,False,False,2010,93.0,3.0,3127.0
cancer,Hi022017,Hi02_悪性新生物＜腫瘍＞,male,a15_19,15-19歳,15,19,False,False,2013,89.0,2.9,3098.0
cancer,Hi022017,Hi02_悪性新生物＜腫瘍＞,male,a15_19,15-19歳,15,19,False,False,2014,96.0,3.2,3075.0
cancer,Hi022017,Hi02_悪性新生物＜腫瘍＞,male,a15_19,15-19歳,15,19,False,False,2015,86.0,2.8,3112.0
cancer,Hi022017,Hi02_悪性新生物＜腫瘍＞,male,a15_19,15-19歳,15,19,False,False,2016,78.0,2.6,3093.0
cancer,Hi022017,Hi02_悪性新生物＜腫瘍＞,male,a15_19,15-19歳,15,19,False,False,2017,70.0,2.3,3067.0
cancer,Hi022017,Hi02_悪性新生物＜腫瘍＞,male,a15_19,15-19歳,15,19,False,False,2018,76.0,2.6,3025.0
cancer,Hi022017,Hi02_悪性新生物＜腫瘍＞,male,a15_19,15-19歳,15,19,False,False,2019,55.0,1.9,2995.0
cancer,Hi022017,Hi02_悪性新生物＜腫瘍＞,male,a15_19,15-19歳,15,19,False,False,2020,69.0,2.4,2928.0
cancer,Hi022017,Hi02_悪性新生物＜腫瘍＞,male,a15_19,15-19歳,15,19,False,False,2021,76.0,2.7,2864.0
cancer,Hi022017,Hi02_悪性新生物＜腫瘍＞,male,a15_19,15-19歳,15,19,False,False,2022,68.0,2.4,2830.0
cancer,Hi022017,Hi02_悪性新生物＜腫瘍＞,male,a15_19,15-19歳,15,19,False,False,2023,72.0,2.6,2818.0
cancer,Hi022017,Hi02_悪性新生物＜腫瘍＞,male,a15_19,15-19歳,15,19,False,False,2024,73.0,2.7,2799.0
cancer,Hi022017,Hi02_悪性新生物＜腫瘍＞,male,a20_24,20-24歳,20,24,False,False,1950,177.0,4.6,
cancer,Hi022017,Hi02_悪性新生物＜腫瘍＞,male,a20_24,20-24歳,20,24,False,False,1955,241.0,5.7,
cancer,Hi022017,Hi02_悪性新生物＜腫瘍＞,male,a20_24,20-24歳,20,24,False,False,1960,285.0,6.9,
cancer,Hi022017,Hi02_悪性新生物＜腫瘍＞,male,a20_24,20-24歳,20,24,False,False,1965,392.0,8.7,
cancer,Hi022017,Hi02_悪性新生物＜腫瘍＞,male,a20_24,20-24歳,20,24,False,False,1970,463.0,8.8,
cancer,Hi022017,Hi02_悪性新生物＜腫瘍＞,male,a20_24,20-24歳,20,24,False,False,1975,384.0,8.5,
cancer,Hi022017,Hi02_悪性新生物＜腫瘍＞,male,a20_24,20-24歳,20,24,False,False,1980,254.0,6.5,3960.0
cancer,Hi022017,Hi02_悪性新生物＜腫瘍＞,male,a20_24,20-24歳,20,24,False,False,1985,242.0,5.8,4166.0
cancer,Hi022017,Hi02_悪性新生物＜腫瘍＞,male,a20_24,20-24歳,20,24,False,False,1990,272.0,6.1,4468.0
cancer,Hi022017,Hi02_悪性新生物＜腫瘍＞,male,a20_24,20-24歳,20,24,False,False,1995,260.0,5.2,5041.0
cancer,Hi022017,Hi02_悪性新生物＜腫瘍＞,male,a20_24,20-24歳,20,24,False,False,2000,196.0,4.6,4318.0
cancer,Hi022017,Hi02_悪性新生物＜腫瘍＞,male,a20_24,20-24歳,20,24,False,False,2005,163.0,4.4,3774.0
cancer,Hi022017,Hi02_悪性新生物＜腫瘍＞,male,a20_24,20-24歳,20,24,False,False,2010,134.0,4.2,3327.0
cancer,Hi022017,Hi02_悪性新生物＜腫瘍＞,male,a20_24,20-24歳,20,24,False,False,2013,104.0,3.4,3182.0
cancer,Hi022017,Hi02_悪性新生物＜腫瘍＞,male,a20_24,20-24歳,20,24,False,False,2014,96.0,3.1,3190.0
cancer,Hi022017,Hi02_悪性新生物＜腫瘍＞,male,a20_24,20-24歳,20,24,False,False,2015,112.0,3.7,3122.0
cancer,Hi022017,Hi02_悪性新生物＜腫瘍＞,male,a20_24,20-24歳,20,24,False,False,2016,95.0,3.1,3165.0
cancer,Hi022017,Hi02_悪性新生物＜腫瘍＞,male,a20_24,20-24歳,20,24,False,False,2017,113.0,3.7,3203.0
cancer,Hi022017,Hi02_悪性新生物＜腫瘍＞,male,a20_24,20-24歳,20,24,False,False,2018,101.0,3.3,3246.0
cancer,Hi022017,Hi02_悪性新生物＜腫瘍＞,male,a20_24,20-24歳,20,24,False,False,2019,97.0,3.2,3259.0
cancer,Hi022017,Hi02_悪性新生物＜腫瘍＞,male,a20_24,20-24歳,20,24,False,False,2020,97.0,3.2,3234.0
cancer,Hi022017,Hi02_悪性新生物＜腫瘍＞,male,a20_24,20-24歳,20,24,False,False,2021,109.0,3.6,3205.0
cancer,Hi022017,Hi02_悪性新生物＜腫瘍＞,male,a20_24,20-24歳,20,24,False,False,2022,86.0,2.9,3216.0
cancer,Hi022017,Hi02_悪性新生物＜腫瘍＞,male,a20_24,20-24歳,20,24,False,False,2023,94.0,3.2,3212.0
cancer,Hi022017,Hi02_悪性新生物＜腫瘍＞,male,a20_24,20-24歳,20,24,False,False,2024,98.0,3.4,3231.0
cancer,Hi022017,Hi02_悪性新生物＜腫瘍＞,male,a25_29,25-29歳,25,29,False,False,1950,217.0,7.7,
cancer,Hi022017,Hi02_悪性新生物＜腫瘍＞,male,a25_29,25-29歳,25,29,False,False,1955,341.0,9.0,
cancer,Hi022017,Hi02_悪性新生物＜腫瘍＞,male,a25_29,25-29歳,25,29,False,False,1960,409.0,10.0,
cancer,Hi022017,Hi02_悪性新生物＜腫瘍＞,male,a25_29,25-29歳,25,29,False,False,1965,520.0,12.5,
cancer,Hi022017,Hi02_悪性新生物＜腫瘍＞,male,a25_29,25-29歳,25,29,False,False,1970,571.0,12.7,
cancer,Hi022017,Hi02_悪性新生物＜腫瘍＞,male,a25_29,25-29歳,25,29,False,False,1975,611.0,11.3,
cancer,Hi022017,Hi02_悪性新生物＜腫瘍＞,male,a25_29,25-29歳,25,29,False,False,1980,491.0,10.9,4545.0
cancer,Hi022017,Hi02_悪性新生物＜腫瘍＞,male,a25_29,25-29歳,25,29,False,False,1985,352.0,9.0,3948.0
cancer,Hi022017,Hi02_悪性新生物＜腫瘍＞,male,a25_29,25-29歳,25,29,False,False,1990,328.0,8.1,4078.0
cancer,Hi022017,Hi02_悪性新生物＜腫瘍＞,male,a25_29,25-29歳,25,29,False,False,1995,352.0,8.1,4452.0
cancer,Hi022017,Hi02_悪性新生物＜腫瘍＞,male,a25_29,25-29歳,25,29,False,False,2000,297.0,6.1,4978.0
cancer,Hi022017,Hi02_悪性新生物＜腫瘍＞,male,a25_29,25-29歳,25,29,False,False,2005,216.0,5.2,4220.0
cancer,Hi022017,Hi02_悪性新生物＜腫瘍＞,male,a25_29,25-29歳,25,29,False,False,2010,197.0,5.4,3755.0
cancer,Hi022017,Hi02_悪性新生物＜腫瘍＞,male,a25_29,25-29歳,25,29,False,False,2013,150.0,4.4,3505.0
cancer,Hi022017,Hi02_悪性新生物＜腫瘍＞,male,a25_29,25-29歳,25,29,False,False,2014,148.0,4.5,3414.0
cancer,Hi022017,Hi02_悪性新生物＜腫瘍＞,male,a25_29,25-29歳,25,29,False,False,2015,153.0,4.8,3333.0
cancer,Hi022017,Hi02_悪性新生物＜腫瘍＞,male,a25_29,25-29歳,25,29,False,False,2016,155.0,5.0,3282.0
cancer,Hi022017,Hi02_悪性新生物＜腫瘍＞,male,a25_29,25-29歳,25,29,False,False,2017,135.0,4.4,3250.0
cancer,Hi022017,Hi02_悪性新生物＜腫瘍＞,male,a25_29,25-29歳,25,29,False,False,2018,130.0,4.3,3233.0
cancer,Hi022017,Hi02_悪性新生物＜腫瘍＞,male,a25_29,25-29歳,25,29,False,False,2019,131.0,4.4,3260.0
cancer,Hi022017,Hi02_悪性新生物＜腫瘍＞,male,a25_29,25-29歳,25,29,False,False,2020,138.0,4.5,3279.0
cancer,Hi022017,Hi02_悪性新生物＜腫瘍＞,male,a25_29,25-29歳,25,29,False,False,2021,119.0,3.9,3276.0
cancer,Hi022017,Hi02_悪性新生物＜腫瘍＞,male,a25_29,25-29歳,25,29,False,False,2022,109.0,3.6,3295.0
cancer,Hi022017,Hi02_悪性新生物＜腫瘍＞,male,a25_29,25-29歳,25,29,False,False,2023,127.0,4.2,3333.0
cancer,Hi022017,Hi02_悪性新生物＜腫瘍＞,male,a25_29,25-29歳,25,29,False,False,2024,119.0,4.0,3356.0
cancer,Hi022017,Hi02_悪性新生物＜腫瘍＞,male,a30_34,30-34歳,30,34,False,False,1950,355.0,15.0,
cancer,Hi022017,Hi02_悪性新生物＜腫瘍＞,male,a30_34,30-34歳,30,34,False,False,1955,485.0,17.3,
cancer,Hi022017,Hi02_悪性新生物＜腫瘍＞,male,a30_34,30-34歳,30,34,False,False,1960,702.0,18.7,
cancer,Hi022017,Hi02_悪性新生物＜腫瘍＞,male,a30_34,30-34歳,30,34,False,False,1965,821.0,19.8,
cancer,Hi022017,Hi02_悪性新生物＜腫瘍＞,male,a30_34,30-34歳,30,34,False,False,1970,862.0,20.7,
cancer,Hi022017,Hi02_悪性新生物＜腫瘍＞,male,a30_34,30-34歳,30,34,False,False,1975,887.0,19.3,
cancer,Hi022017,Hi02_悪性新生物＜腫瘍＞,male,a30_34,30-34歳,30,34,False,False,1980,933.0,17.3,5422.0
cancer,Hi022017,Hi02_悪性新生物＜腫瘍＞,male,a30_34,30-34歳,30,34,False,False,1985,685.0,15.1,4558.0
cancer,Hi022017,Hi02_悪性新生物＜腫瘍＞,male,a30_34,30-34歳,30,34,False,False,1990,482.0,12.4,3925.0
cancer,Hi022017,Hi02_悪性新生物＜腫瘍＞,male,a30_34,30-34歳,30,34,False,False,1995,476.0,11.8,4114.0
cancer,Hi022017,Hi02_悪性新生物＜腫瘍＞,male,a30_34,30-34歳,30,34,False,False,2000,485.0,11.1,4448.0
cancer,Hi022017,Hi02_悪性新生物＜腫瘍＞,male,a30_34,30-34歳,30,34,False,False,2005,401.0,8.2,4958.0
cancer,Hi022017,Hi02_悪性新生物＜腫瘍＞,male,a30_34,30-34歳,30,34,False,False,2010,321.0,7.7,4273.0
cancer,Hi022017,Hi02_悪性新生物＜腫瘍＞,male,a30_34,30-34歳,30,34,False,False,2013,259.0,6.8,3866.0
cancer,Hi022017,Hi02_悪性新生物＜腫瘍＞,male,a30_34,30-34歳,30,34,False,False,2014,306.0,8.3,3788.0
cancer,Hi022017,Hi02_悪性新生物＜腫瘍＞,male,a30_34,30-34歳,30,34,False,False,2015,260.0,7.1,3751.0
cancer,Hi022017,Hi02_悪性新生物＜腫瘍＞,male,a30_34,30-34歳,30,34,False,False,2016,261.0,7.3,3697.0
cancer,Hi022017,Hi02_悪性新生物＜腫瘍＞,male,a30_34,30-34歳,30,34,False,False,2017,258.0,7.4,3641.0
cancer,Hi022017,Hi02_悪性新生物＜腫瘍＞,male,a30_34,30-34歳,30,34,False,False,2018,224.0,6.6,3571.0
cancer,Hi022017,Hi02_悪性新生物＜腫瘍＞,male,a30_34,30-34歳,30,34,False,False,2019,207.0,6.3,3499.0
cancer,Hi022017,Hi02_悪性新生物＜腫瘍＞,male,a30_34,30-34歳,30,34,False,False,2020,232.0,7.2,3431.0
cancer,Hi022017,Hi02_悪性新生物＜腫瘍＞,male,a30_34,30-34歳,30,34,False,False,2021,222.0,7.0,3352.0
cancer,Hi022017,Hi02_悪性新生物＜腫瘍＞,male,a30_34,30-34歳,30,34,False,False,2022,187.0,6.0,3300.0
cancer,Hi022017,Hi02_悪性新生物＜腫瘍＞,male,a30_34,30-34歳,30,34,False,False,2023,184.0,6.0,3273.0
cancer,Hi022017,Hi02_悪性新生物＜腫瘍＞,male,a30_34,30-34歳,30,34,False,False,2024,185.0,6.1,3289.0
cancer,Hi022017,Hi02_悪性新生物＜腫瘍＞,male,a35_39,35-39歳,35,39,False,False,1950,692.0,29.1,
cancer,Hi022017,Hi02_悪性新生物＜腫瘍＞,male,a35_39,35-39歳,35,39,False,False,1955,778.0,33.5,
cancer,Hi022017,Hi02_悪性新生物＜腫瘍＞,male,a35_39,35-39歳,35,39,False,False,1960,923.0,33.4,
cancer,Hi022017,Hi02_悪性新生物＜腫瘍＞,male,a35_39,35-39歳,35,39,False,False,1965,1326.0,35.4,
cancer,Hi022017,Hi02_悪性新生物＜腫瘍＞,male,a35_39,35-39歳,35,39,False,False,1970,1477.0,36.0,
cancer,Hi022017,Hi02_悪性新生物＜腫瘍＞,male,a35_39,35-39歳,35,39,False,False,1975,1401.0,33.4,
cancer,Hi022017,Hi02_悪性新生物＜腫瘍＞,male,a35_39,35-39歳,35,39,False,False,1980,1493.0,32.7,4595.0
cancer,Hi022017,Hi02_悪性新生物＜腫瘍＞,male,a35_39,35-39歳,35,39,False,False,1985,1559.0,28.9,5398.0
cancer,Hi022017,Hi02_悪性新生物＜腫瘍＞,male,a35_39,35-39歳,35,39,False,False,1990,1187.0,26.4,4525.0
cancer,Hi022017,Hi02_悪性新生物＜腫瘍＞,male,a35_39,35-39歳,35,39,False,False,1995,890.0,22.9,3946.0
cancer,Hi022017,Hi02_悪性新生物＜腫瘍＞,male,a35_39,35-39歳,35,39,False,False,2000,771.0,19.1,4106.0
cancer,Hi022017,Hi02_悪性新生物＜腫瘍＞,male,a35_39,35-39歳,35,39,False,False,2005,689.0,15.9,4425.0
cancer,Hi022017,Hi02_悪性新生物＜腫瘍＞,male,a35_39,35-39歳,35,39,False,False,2010,624.0,12.7,5002.0
cancer,Hi022017,Hi02_悪性新生物＜腫瘍＞,male,a35_39,35-39歳,35,39,False,False,2013,610.0,13.5,4593.0
cancer,Hi022017,Hi02_悪性新生物＜腫瘍＞,male,a35_39,35-39歳,35,39,False,False,2014,565.0,13.1,4394.0
cancer,Hi022017,Hi02_悪性新生物＜腫瘍＞,male,a35_39,35-39歳,35,39,False,False,2015,521.0,12.4,4268.0
cancer,Hi022017,Hi02_悪性新生物＜腫瘍＞,male,a35_39,35-39歳,35,39,False,False,2016,535.0,13.3,4126.0
cancer,Hi022017,Hi02_悪性新生物＜腫瘍＞,male,a35_39,35-39歳,35,39,False,False,2017,469.0,12.0,4017.0
cancer,Hi022017,Hi02_悪性新生物＜腫瘍＞,male,a35_39,35-39歳,35,39,False,False,2018,430.0,11.3,3933.0
cancer,Hi022017,Hi02_悪性新生物＜腫瘍＞,male,a35_39,35-39歳,35,39,False,False,2019,421.0,11.3,3874.0
cancer,Hi022017,Hi02_悪性新生物＜腫瘍＞,male,a35_39,35-39歳,35,39,False,False,2020,406.0,11.0,3806.0
cancer,Hi022017,Hi02_悪性新生物＜腫瘍＞,male,a35_39,35-39歳,35,39,False,False,2021,395.0,11.0,3736.0
cancer,Hi022017,Hi02_悪性新生物＜腫瘍＞,male,a35_39,35-39歳,35,39,False,False,2022,378.0,10.7,3668.0
cancer,Hi022017,Hi02_悪性新生物＜腫瘍＞,male,a35_39,35-39歳,35,39,False,False,2023,379.0,11.0,3593.0
cancer,Hi022017,Hi02_悪性新生物＜腫瘍＞,male,a35_39,35-39歳,35,39,False,False,2024,359.0,10.8,3509.0
cancer,Hi022017,Hi02_悪性新生物＜腫瘍＞,male,a40_44,40-44歳,40,44,False,False,1950,1395.0,63.4,
cancer,Hi022017,Hi02_悪性新生物＜腫瘍＞,male,a40_44,40-44歳,40,44,False,False,1955,1515.0,65.2,
cancer,Hi022017,Hi02_悪性新生物＜腫瘍＞,male,a40_44,40-44歳,40,44,False,False,1960,1478.0,65.0,
cancer,Hi022017,Hi02_悪性新生物＜腫瘍＞,male,a40_44,40-44歳,40,44,False,False,1965,1645.0,60.3,
cancer,Hi022017,Hi02_悪性新生物＜腫瘍＞,male,a40_44,40-44歳,40,44,False,False,1970,2297.0,63.0,
cancer,Hi022017,Hi02_悪性新生物＜腫瘍＞,male,a40_44,40-44歳,40,44,False,False,1975,2493.0,60.7,
cancer,Hi022017,Hi02_悪性新生物＜腫瘍＞,male,a40_44,40-44歳,40,44,False,False,1980,2311.0,55.8,
cancer,Hi022017,Hi02_悪性新生物＜腫瘍＞,male,a40_44,40-44歳,40,44,False,False,1985,2434.0,54.2,
cancer,Hi022017,Hi02_悪性新生物＜腫瘍＞,male,a40_44,40-44歳,40,44,False,False,1990,2625.0,49.2,
cancer,Hi022017,Hi02_悪性新生物＜腫瘍＞,male,a40_44,40-44歳,40,44,False,False,1995,2116.0,47.2,
cancer,Hi022017,Hi02_悪性新生物＜腫瘍＞,male,a40_44,40-44歳,40,44,False,False,2000,1625.0,41.9,3933.0
cancer,Hi022017,Hi02_悪性新生物＜腫瘍＞,male,a40_44,40-44歳,40,44,False,False,2005,1234.0,30.7,4085.0
cancer,Hi022017,Hi02_悪性新生物＜腫瘍＞,male,a40_44,40-44歳,40,44,False,False,2010,1185.0,27.0,4446.0
cancer,Hi022017,Hi02_悪性新生物＜腫瘍＞,male,a40_44,40-44歳,40,44,False,False,2013,1234.0,25.5,4889.0
cancer,Hi022017,Hi02_悪性新生物＜腫瘍＞,male,a40_44,40-44歳,40,44,False,False,2014,1210.0,24.7,4956.0
cancer,Hi022017,Hi02_悪性新生物＜腫瘍＞,male,a40_44,40-44歳,40,44,False,False,2015,1225.0,24.9,4988.0
cancer,Hi022017,Hi02_悪性新生物＜腫瘍＞,male,a40_44,40-44歳,40,44,False,False,2016,1115.0,23.0,4930.0
cancer,Hi022017,Hi02_悪性新生物＜腫瘍＞,male,a40_44,40-44歳,40,44,False,False,2017,1082.0,22.9,4801.0
cancer,Hi022017,Hi02_悪性新生物＜腫瘍＞,male,a40_44,40-44歳,40,44,False,False,2018,1003.0,22.1,4634.0
cancer,Hi022017,Hi02_悪性新生物＜腫瘍＞,male,a40_44,40-44歳,40,44,False,False,2019,878.0,20.2,4452.0
cancer,Hi022017,Hi02_悪性新生物＜腫瘍＞,male,a40_44,40-44歳,40,44,False,False,2020,852.0,20.3,4299.0
cancer,Hi022017,Hi02_悪性新生物＜腫瘍＞,male,a40_44,40-44歳,40,44,False,False,2021,779.0,19.3,4144.0
cancer,Hi022017,Hi02_悪性新生物＜腫瘍＞,male,a40_44,40-44歳,40,44,False,False,2022,769.0,19.6,4028.0
cancer,Hi022017,Hi02_悪性新生物＜腫瘍＞,male,a40_44,40-44歳,40,44,False,False,2023,756.0,19.8,3938.0
cancer,Hi022017,Hi02_悪性新生物＜腫瘍＞,male,a40_44,40-44歳,40,44,False,False,2024,719.0,19.2,3871.0
cancer,Hi022017,Hi02_悪性新生物＜腫瘍＞,male,a45_49,45-49歳,45,49,False,False,1950,2350.0,116.4,
cancer,Hi022017,Hi02_悪性新生物＜腫瘍＞,male,a45_49,45-49歳,45,49,False,False,1955,2701.0,126.5,
cancer,Hi022017,Hi02_悪性新生物＜腫瘍＞,male,a45_49,45-49歳,45,49,False,False,1960,2802.0,124.2,
cancer,Hi022017,Hi02_悪性新生物＜腫瘍＞,male,a45_49,45-49歳,45,49,False,False,1965,2662.0,119.7,
cancer,Hi022017,Hi02_悪性新生物＜腫瘍＞,male,a45_49,45-49歳,45,49,False,False,1970,3034.0,114.2,
cancer,Hi022017,Hi02_悪性新生物＜腫瘍＞,male,a45_49,45-49歳,45,49,False,False,1975,4096.0,112.6,
cancer,Hi022017,Hi02_悪性新生物＜腫瘍＞,male,a45_49,45-49歳,45,49,False,False,1980,4757.0,118.4,
cancer,Hi022017,Hi02_悪性新生物＜腫瘍＞,male,a45_49,45-49歳,45,49,False,False,1985,4183.0,103.2,
cancer,Hi022017,Hi02_悪性新生物＜腫瘍＞,male,a45_49,45-49歳,45,49,False,False,1990,4397.0,98.3,4482.0
cancer,Hi022017,Hi02_悪性新生物＜腫瘍＞,male,a45_49,45-49歳,45,49,False,False,1995,4977.0,94.1,5328.0
cancer,Hi022017,Hi02_悪性新生物＜腫瘍＞,male,a45_49,45-49歳,45,49,False,False,2000,3858.0,87.0,4478.0
cancer,Hi022017,Hi02_悪性新生物＜腫瘍＞,male,a45_49,45-49歳,45,49,False,False,2005,2727.0,71.1,3885.0
cancer,Hi022017,Hi02_悪性新生物＜腫瘍＞,male,a45_49,45-49歳,45,49,False,False,2010,2257.0,56.2,4069.0
cancer,Hi022017,Hi02_悪性新生物＜腫瘍＞,male,a45_49,45-49歳,45,49,False,False,2013,2170.0,51.9,4228.0
cancer,Hi022017,Hi02_悪性新生物＜腫瘍＞,male,a45_49,45-49歳,45,49,False,False,2014,2133.0,49.8,4329.0
cancer,Hi022017,Hi02_悪性新生物＜腫瘍＞,male,a45_49,45-49歳,45,49,False,False,2015,2035.0,46.6,4422.0
cancer,Hi022017,Hi02_悪性新生物＜腫瘍＞,male,a45_49,45-49歳,45,49,False,False,2016,2141.0,46.3,4692.0
cancer,Hi022017,Hi02_悪性新生物＜腫瘍＞,male,a45_49,45-49歳,45,49,False,False,2017,2094.0,44.4,4792.0
cancer,Hi022017,Hi02_悪性新生物＜腫瘍＞,male,a45_49,45-49歳,45,49,False,False,2018,2052.0,42.6,4909.0
cancer,Hi022017,Hi02_悪性新生物＜腫瘍＞,male,a45_49,45-49歳,45,49,False,False,2019,2019.0,41.3,4991.0
cancer,Hi022017,Hi02_悪性新生物＜腫瘍＞,male,a45_49,45-49歳,45,49,False,False,2020,1947.0,39.6,4994.0
cancer,Hi022017,Hi02_悪性新生物＜腫瘍＞,male,a45_49,45-49歳,45,49,False,False,2021,1865.0,38.5,4927.0
cancer,Hi022017,Hi02_悪性新生物＜腫瘍＞,male,a45_49,45-49歳,45,49,False,False,2022,1816.0,38.5,4792.0
cancer,Hi022017,Hi02_悪性新生物＜腫瘍＞,male,a45_49,45-49歳,45,49,False,False,2023,1641.0,36.2,4620.0
cancer,Hi022017,Hi02_悪性新生物＜腫瘍＞,male,a45_49,45-49歳,45,49,False,False,2024,1651.0,38.0,4432.0
cancer,Hi022017,Hi02_悪性新生物＜腫瘍＞,male,a50_54,50-54歳,50,54,False,False,1950,3642.0,211.8,
cancer,Hi022017,Hi02_悪性新生物＜腫瘍＞,male,a50_54,50-54歳,50,54,False,False,1955,4220.0,218.7,
cancer,Hi022017,Hi02_悪性新生物＜腫瘍＞,male,a50_54,50-54歳,50,54,False,False,1960,4702.0,230.4,
cancer,Hi022017,Hi02_悪性新生物＜腫瘍＞,male,a50_54,50-54歳,50,54,False,False,1965,4771.0,219.6,
cancer,Hi022017,Hi02_悪性新生物＜腫瘍＞,male,a50_54,50-54歳,50,54,False,False,1970,4392.0,205.2,
cancer,Hi022017,Hi02_悪性新生物＜腫瘍＞,male,a50_54,50-54歳,50,54,False,False,1975,4873.0,187.6,
cancer,Hi022017,Hi02_悪性新生物＜腫瘍＞,male,a50_54,50-54歳,50,54,False,False,1980,7569.0,214.3,
cancer,Hi022017,Hi02_悪性新生物＜腫瘍＞,male,a50_54,50-54歳,50,54,False,False,1985,8322.0,213.5,
cancer,Hi022017,Hi02_悪性新生物＜腫瘍＞,male,a50_54,50-54歳,50,54,False,False,1990,7259.0,181.9,
cancer,Hi022017,Hi02_悪性新生物＜腫瘍＞,male,a50_54,50-54歳,50,54,False,False,1995,8058.0,183.4,
cancer,Hi022017,Hi02_悪性新生物＜腫瘍＞,male,a50_54,50-54歳,50,54,False,False,2000,8753.0,168.8,5222.0
cancer,Hi022017,Hi02_悪性新生物＜腫瘍＞,male,a50_54,50-54歳,50,54,False,False,2005,6562.0,150.5,4403.0
cancer,Hi022017,Hi02_悪性新生物＜腫瘍＞,male,a50_54,50-54歳,50,54,False,False,2010,4678.0,122.9,3847.0
cancer,Hi022017,Hi02_悪性新生物＜腫瘍＞,male,a50_54,50-54歳,50,54,False,False,2013,4302.0,112.3,3870.0
cancer,Hi022017,Hi02_悪性新生物＜腫瘍＞,male,a50_54,50-54歳,50,54,False,False,2014,3948.0,102.3,3903.0
cancer,Hi022017,Hi02_悪性新生物＜腫瘍＞,male,a50_54,50-54歳,50,54,False,False,2015,3923.0,98.5,4029.0
cancer,Hi022017,Hi02_悪性新生物＜腫瘍＞,male,a50_54,50-54歳,50,54,False,False,2016,3792.0,96.8,3972.0
cancer,Hi022017,Hi02_悪性新生物＜腫瘍＞,male,a50_54,50-54歳,50,54,False,False,2017,3613.0,89.3,4106.0
cancer,Hi022017,Hi02_悪性新生物＜腫瘍＞,male,a50_54,50-54歳,50,54,False,False,2018,3534.0,85.1,4216.0
cancer,Hi022017,Hi02_悪性新生物＜腫瘍＞,male,a50_54,50-54歳,50,54,False,False,2019,3476.0,81.7,4329.0
cancer,Hi022017,Hi02_悪性新生物＜腫瘍＞,male,a50_54,50-54歳,50,54,False,False,2020,3421.0,79.0,4394.0
cancer,Hi022017,Hi02_悪性新生物＜腫瘍＞,male,a50_54,50-54歳,50,54,False,False,2021,3470.0,75.6,4658.0
cancer,Hi022017,Hi02_悪性新生物＜腫瘍＞,male,a50_54,50-54歳,50,54,False,False,2022,3561.0,76.0,4756.0
cancer,Hi022017,Hi02_悪性新生物＜腫瘍＞,male,a50_54,50-54歳,50,54,False,False,2023,3558.0,74.2,4868.0
cancer,Hi022017,Hi02_悪性新生物＜腫瘍＞,male,a50_54,50-54歳,50,54,False,False,2024,3605.0,74.0,4943.0
cancer,Hi022017,Hi02_悪性新生物＜腫瘍＞,male,a55_59,55-59歳,55,59,False,False,1950,4880.0,354.0,
cancer,Hi022017,Hi02_悪性新生物＜腫瘍＞,male,a55_59,55-59歳,55,59,False,False,1955,5655.0,351.7,
cancer,Hi022017,Hi02_悪性新生物＜腫瘍＞,male,a55_59,55-59歳,55,59,False,False,1960,6973.0,386.9,
cancer,Hi022017,Hi02_悪性新生物＜腫瘍＞,male,a55_59,55-59歳,55,59,False,False,1965,7071.0,366.3,
cancer,Hi022017,Hi02_悪性新生物＜腫瘍＞,male,a55_59,55-59歳,55,59,False,False,1970,7249.0,357.3,
cancer,Hi022017,Hi02_悪性新生物＜腫瘍＞,male,a55_59,55-59歳,55,59,False,False,1975,7116.0,345.8,
cancer,Hi022017,Hi02_悪性新生物＜腫瘍＞,male,a55_59,55-59歳,55,59,False,False,1980,8322.0,333.7,
cancer,Hi022017,Hi02_悪性新生物＜腫瘍＞,male,a55_59,55-59歳,55,59,False,False,1985,12339.0,363.9,
cancer,Hi022017,Hi02_悪性新生物＜腫瘍＞,male,a55_59,55-59歳,55,59,False,False,1990,14088.0,372.5,
cancer,Hi022017,Hi02_悪性新生物＜腫瘍＞,male,a55_59,55-59歳,55,59,False,False,1995,12707.0,327.0,
cancer,Hi022017,Hi02_悪性新生物＜腫瘍＞,male,a55_59,55-59歳,55,59,False,False,2000,13262.0,310.2,4301.0
cancer,Hi022017,Hi02_悪性新生物＜腫瘍＞,male,a55_59,55-59歳,55,59,False,False,2005,13771.0,271.9,5101.0
cancer,Hi022017,Hi02_悪性新生物＜腫瘍＞,male,a55_59,55-59歳,55,59,False,False,2010,10735.0,249.9,4330.0
cancer,Hi022017,Hi02_悪性新生物＜腫瘍＞,male,a55_59,55-59歳,55,59,False,False,2013,8500.0,223.3,3839.0
cancer,Hi022017,Hi02_悪性新生物＜腫瘍＞,male,a55_59,55-59歳,55,59,False,False,2014,7962.0,211.2,3801.0
cancer,Hi022017,Hi02_悪性新生物＜腫瘍＞,male,a55_59,55-59歳,55,59,False,False,2015,7622.0,203.3,3784.0
cancer,Hi022017,Hi02_悪性新生物＜腫瘍＞,male,a55_59,55-59歳,55,59,False,False,2016,7269.0,195.2,3762.0
cancer,Hi022017,Hi02_悪性新生物＜腫瘍＞,male,a55_59,55-59歳,55,59,False,False,2017,6873.0,183.3,3792.0
cancer,Hi022017,Hi02_悪性新生物＜腫瘍＞,male,a55_59,55-59歳,55,59,False,False,2018,6430.0,170.1,3830.0
cancer,Hi022017,Hi02_悪性新生物＜腫瘍＞,male,a55_59,55-59歳,55,59,False,False,2019,6407.0,168.2,3867.0
cancer,Hi022017,Hi02_悪性新生物＜腫瘍＞,male,a55_59,55-59歳,55,59,False,False,2020,6241.0,159.5,3967.0
cancer,Hi022017,Hi02_悪性新生物＜腫瘍＞,male,a55_59,55-59歳,55,59,False,False,2021,6141.0,159.4,3908.0
cancer,Hi022017,Hi02_悪性新生物＜腫瘍＞,male,a55_59,55-59歳,55,59,False,False,2022,6004.0,150.8,4036.0
cancer,Hi022017,Hi02_悪性新生物＜腫瘍＞,male,a55_59,55-59歳,55,59,False,False,2023,5847.0,143.1,4143.0
cancer,Hi022017,Hi02_悪性新生物＜腫瘍＞,male,a55_59,55-59歳,55,59,False,False,2024,5951.0,142.0,4251.0
cancer,Hi022017,Hi02_悪性新生物＜腫瘍＞,male,a60_64,60-64歳,60,64,False,False,1950,5804.0,523.1,
cancer,Hi022017,Hi02_悪性新生物＜腫瘍＞,male,a60_64,60-64歳,60,64,False,False,1955,6995.0,570.2,
cancer,Hi022017,Hi02_悪性新生物＜腫瘍＞,male,a60_64,60-64歳,60,64,False,False,1960,8513.0,592.2,
cancer,Hi022017,Hi02_悪性新生物＜腫瘍＞,male,a60_64,60-64歳,60,64,False,False,1965,9861.0,606.8,
cancer,Hi022017,Hi02_悪性新生物＜腫瘍＞,male,a60_64,60-64歳,60,64,False,False,1970,10119.0,579.5,
cancer,Hi022017,Hi02_悪性新生物＜腫瘍＞,male,a60_64,60-64歳,60,64,False,False,1975,10415.0,541.2,
cancer,Hi022017,Hi02_悪性新生物＜腫瘍＞,male,a60_64,60-64歳,60,64,False,False,1980,10801.0,558.8,
cancer,Hi022017,Hi02_悪性新生物＜腫瘍＞,male,a60_64,60-64歳,60,64,False,False,1985,12840.0,546.7,
cancer,Hi022017,Hi02_悪性新生物＜腫瘍＞,male,a60_64,60-64歳,60,64,False,False,1990,19302.0,596.8,
cancer,Hi022017,Hi02_悪性新生物＜腫瘍＞,male,a60_64,60-64歳,60,64,False,False,1995,21634.0,601.3,
cancer,Hi022017,Hi02_悪性新生物＜腫瘍＞,male,a60_64,60-64歳,60,64,False,False,2000,19032.0,508.9,3758.0
cancer,Hi022017,Hi02_悪性新生物＜腫瘍＞,male,a60_64,60-64歳,60,64,False,False,2005,19672.0,474.2,4174.0
cancer,Hi022017,Hi02_悪性新生物＜腫瘍＞,male,a60_64,60-64歳,60,64,False,False,2010,20891.0,423.2,4965.0
cancer,Hi022017,Hi02_悪性新生物＜腫瘍＞,male,a60_64,60-64歳,60,64,False,False,2013,19950.0,423.4,4740.0
cancer,Hi022017,Hi02_悪性新生物＜腫瘍＞,male,a60_64,60-64歳,60,64,False,False,2014,17837.0,407.3,4406.0
cancer,Hi022017,Hi02_悪性新生物＜腫瘍＞,male,a60_64,60-64歳,60,64,False,False,2015,16179.0,386.9,4210.0
cancer,Hi022017,Hi02_悪性新生物＜腫瘍＞,male,a60_64,60-64歳,60,64,False,False,2016,14845.0,372.0,4020.0
cancer,Hi022017,Hi02_悪性新生物＜腫瘍＞,male,a60_64,60-64歳,60,64,False,False,2017,13531.0,354.4,3850.0
cancer,Hi022017,Hi02_悪性新生物＜腫瘍＞,male,a60_64,60-64歳,60,64,False,False,2018,12666.0,341.0,3750.0
cancer,Hi022017,Hi02_悪性新生物＜腫瘍＞,male,a60_64,60-64歳,60,64,False,False,2019,11950.0,324.5,3722.0
cancer,Hi022017,Hi02_悪性新生物＜腫瘍＞,male,a60_64,60-64歳,60,64,False,False,2020,11224.0,308.4,3677.0
cancer,Hi022017,Hi02_悪性新生物＜腫瘍＞,male,a60_64,60-64歳,60,64,False,False,2021,10834.0,299.6,3654.0
cancer,Hi022017,Hi02_悪性新生物＜腫瘍＞,male,a60_64,60-64歳,60,64,False,False,2022,10673.0,292.9,3684.0
cancer,Hi022017,Hi02_悪性新生物＜腫瘍＞,male,a60_64,60-64歳,60,64,False,False,2023,10427.0,283.6,3719.0
cancer,Hi022017,Hi02_悪性新生物＜腫瘍＞,male,a60_64,60-64歳,60,64,False,False,2024,10118.0,272.9,3753.0
cancer,Hi022017,Hi02_悪性新生物＜腫瘍＞,male,a65_69,65-69歳,65,69,False,False,1950,5676.0,713.1,
cancer,Hi022017,Hi02_悪性新生物＜腫瘍＞,male,a65_69,65-69歳,65,69,False,False,1955,7240.0,787.8,
cancer,Hi022017,Hi02_悪性新生物＜腫瘍＞,male,a65_69,65-69歳,65,69,False,False,1960,8814.0,858.2,
cancer,Hi022017,Hi02_悪性新生物＜腫瘍＞,male,a65_69,65-69歳,65,69,False,False,1965,10785.0,884.8,
cancer,Hi022017,Hi02_悪性新生物＜腫瘍＞,male,a65_69,65-69歳,65,69,False,False,1970,12567.0,902.0,
cancer,Hi022017,Hi02_悪性新生物＜腫瘍＞,male,a65_69,65-69歳,65,69,False,False,1975,13352.0,853.9,
cancer,Hi022017,Hi02_悪性新生物＜腫瘍＞,male,a65_69,65-69歳,65,69,False,False,1980,14752.0,850.5,
cancer,Hi022017,Hi02_悪性新生物＜腫瘍＞,male,a65_69,65-69歳,65,69,False,False,1985,14821.0,836.9,
cancer,Hi022017,Hi02_悪性新生物＜腫瘍＞,male,a65_69,65-69歳,65,69,False,False,1990,18140.0,828.6,
cancer,Hi022017,Hi02_悪性新生物＜腫瘍＞,male,a65_69,65-69歳,65,69,False,False,1995,27531.0,921.6,
cancer,Hi022017,Hi02_悪性新生物＜腫瘍＞,male,a65_69,65-69歳,65,69,False,False,2000,29153.0,869.5,3365.0
cancer,Hi022017,Hi02_悪性新生物＜腫瘍＞,male,a65_69,65-69歳,65,69,False,False,2005,25537.0,720.8,3561.0
cancer,Hi022017,Hi02_悪性新生物＜腫瘍＞,male,a65_69,65-69歳,65,69,False,False,2010,26942.0,684.9,3953.0
cancer,Hi022017,Hi02_悪性新生物＜腫瘍＞,male,a65_69,65-69歳,65,69,False,False,2013,27097.0,651.1,4183.0
cancer,Hi022017,Hi02_悪性新生物＜腫瘍＞,male,a65_69,65-69歳,65,69,False,False,2014,28346.0,645.5,4414.0
cancer,Hi022017,Hi02_悪性新生物＜腫瘍＞,male,a65_69,65-69歳,65,69,False,False,2015,29368.0,625.0,4723.0
cancer,Hi022017,Hi02_悪性新生物＜腫瘍＞,male,a65_69,65-69歳,65,69,False,False,2016,30786.0,622.4,4969.0
cancer,Hi022017,Hi02_悪性新生物＜腫瘍＞,male,a65_69,65-69歳,65,69,False,False,2017,29529.0,618.7,4795.0
cancer,Hi022017,Hi02_悪性新生物＜腫瘍＞,male,a65_69,65-69歳,65,69,False,False,2018,26899.0,596.9,4530.0
cancer,Hi022017,Hi02_悪性新生物＜腫瘍＞,male,a65_69,65-69歳,65,69,False,False,2019,24483.0,584.1,4216.0
cancer,Hi022017,Hi02_悪性新生物＜腫瘍＞,male,a65_69,65-69歳,65,69,False,False,2020,22597.0,569.2,3999.0
cancer,Hi022017,Hi02_悪性新生物＜腫瘍＞,male,a65_69,65-69歳,65,69,False,False,2021,20809.0,548.5,3824.0
cancer,Hi022017,Hi02_悪性新生物＜腫瘍＞,male,a65_69,65-69歳,65,69,False,False,2022,19377.0,533.2,3665.0
cancer,Hi022017,Hi02_悪性新生物＜腫瘍＞,male,a65_69,65-69歳,65,69,False,False,2023,18304.0,517.4,3569.0
cancer,Hi022017,Hi02_悪性新生物＜腫瘍＞,male,a65_69,65-69歳,65,69,False,False,2024,17630.0,502.6,3539.0
cancer,Hi022017,Hi02_悪性新生物＜腫瘍＞,male,a70_74,70-74歳,70,74,False,False,1950,4188.0,775.1,
cancer,Hi022017,Hi02_悪性新生物＜腫瘍＞,male,a70_74,70-74歳,70,74,False,False,1955,5784.0,974.1,
cancer,Hi022017,Hi02_悪性新生物＜腫瘍＞,male,a70_74,70-74歳,70,74,False,False,1960,7676.0,1106.7,
cancer,Hi022017,Hi02_悪性新生物＜腫瘍＞,male,a70_74,70-74歳,70,74,False,False,1965,8905.0,1128.7,
cancer,Hi022017,Hi02_悪性新生物＜腫瘍＞,male,a70_74,70-74歳,70,74,False,False,1970,11279.0,1176.9,
cancer,Hi022017,Hi02_悪性新生物＜腫瘍＞,male,a70_74,70-74歳,70,74,False,False,1975,13810.0,1207.6,
cancer,Hi022017,Hi02_悪性新生物＜腫瘍＞,male,a70_74,70-74歳,70,74,False,False,1980,16366.0,1247.3,
cancer,Hi022017,Hi02_悪性新生物＜腫瘍＞,male,a70_74,70-74歳,70,74,False,False,1985,18199.0,1224.6,
cancer,Hi022017,Hi02_悪性新生物＜腫瘍＞,male,a70_74,70-74歳,70,74,False,False,1990,18681.0,1200.1,
cancer,Hi022017,Hi02_悪性新生物＜腫瘍＞,male,a70_74,70-74歳,70,74,False,False,1995,24549.0,1271.1,
cancer,Hi022017,Hi02_悪性新生物＜腫瘍＞,male,a70_74,70-74歳,70,74,False,False,2000,33482.0,1255.6,2676.0
cancer,Hi022017,Hi02_悪性新生物＜腫瘍＞,male,a70_74,70-74歳,70,74,False,False,2005,35297.0,1160.7,3053.0
cancer,Hi022017,Hi02_悪性新生物＜腫瘍＞,male,a70_74,70-74歳,70,74,False,False,2010,32435.0,1002.5,3249.0
cancer,Hi022017,Hi02_悪性新生物＜腫瘍＞,male,a70_74,70-74歳,70,74,False,False,2013,33314.0,946.2,3537.0
cancer,Hi022017,Hi02_悪性新生物＜腫瘍＞,male,a70_74,70-74歳,70,74,False,False,2014,34920.0,950.5,3689.0
cancer,Hi022017,Hi02_悪性新生物＜腫瘍＞,male,a70_74,70-74歳,70,74,False,False,2015,34861.0,966.0,3625.0
cancer,Hi022017,Hi02_悪性新生物＜腫瘍＞,male,a70_74,70-74歳,70,74,False,False,2016,32936.0,958.7,3446.0
cancer,Hi022017,Hi02_悪性新生物＜腫瘍＞,male,a70_74,70-74歳,70,74,False,False,2017,33439.0,925.9,3618.0
cancer,Hi022017,Hi02_悪性新生物＜腫瘍＞,male,a70_74,70-74歳,70,74,False,False,2018,34407.0,893.5,3854.0
cancer,Hi022017,Hi02_悪性新生物＜腫瘍＞,male,a70_74,70-74歳,70,74,False,False,2019,35536.0,871.9,4079.0
cancer,Hi022017,Hi02_悪性新生物＜腫瘍＞,male,a70_74,70-74歳,70,74,False,False,2020,37324.0,865.2,4337.0
cancer,Hi022017,Hi02_悪性新生物＜腫瘍＞,male,a70_74,70-74歳,70,74,False,False,2021,39910.0,878.9,4565.0
cancer,Hi022017,Hi02_悪性新生物＜腫瘍＞,male,a70_74,70-74歳,70,74,False,False,2022,38931.0,888.7,4405.0
cancer,Hi022017,Hi02_悪性新生物＜腫瘍＞,male,a70_74,70-74歳,70,74,False,False,2023,36349.0,878.7,4161.0
cancer,Hi022017,Hi02_悪性新生物＜腫瘍＞,male,a70_74,70-74歳,70,74,False,False,2024,33280.0,864.9,3872.0
cancer,Hi022017,Hi02_悪性新生物＜腫瘍＞,male,a75_79,75-79歳,75,79,False,False,1950,1910.0,713.5,
cancer,Hi022017,Hi02_悪性新生物＜腫瘍＞,male,a75_79,75-79歳,75,79,False,False,1955,3115.0,910.7,
cancer,Hi022017,Hi02_悪性新生物＜腫瘍＞,male,a75_79,75-79歳,75,79,False,False,1960,4395.0,1166.7,
cancer,Hi022017,Hi02_悪性新生物＜腫瘍＞,male,a75_79,75-79歳,75,79,False,False,1965,5951.0,1317.0,
cancer,Hi022017,Hi02_悪性新生物＜腫瘍＞,male,a75_79,75-79歳,75,79,False,False,1970,7396.0,1393.5,
cancer,Hi022017,Hi02_悪性新生物＜腫瘍＞,male,a75_79,75-79歳,75,79,False,False,1975,10079.0,1468.8,
cancer,Hi022017,Hi02_悪性新生物＜腫瘍＞,male,a75_79,75-79歳,75,79,False,False,1980,13822.0,1634.1,
cancer,Hi022017,Hi02_悪性新生物＜腫瘍＞,male,a75_79,75-79歳,75,79,False,False,1985,17251.0,1730.8,
cancer,Hi022017,Hi02_悪性新生物＜腫瘍＞,male,a75_79,75-79歳,75,79,False,False,1990,19628.0,1640.4,
cancer,Hi022017,Hi02_悪性新生物＜腫瘍＞,male,a75_79,75-79歳,75,79,False,False,1995,22156.0,1766.3,
cancer,Hi022017,Hi02_悪性新生物＜腫瘍＞,male,a75_79,75-79歳,75,79,False,False,2000,27321.0,1685.3,1629.0
cancer,Hi022017,Hi02_悪性新生物＜腫瘍＞,male,a75_79,75-79歳,75,79,False,False,2005,37755.0,1672.9,2266.0
cancer,Hi022017,Hi02_悪性新生物＜腫瘍＞,male,a75_79,75-79歳,75,79,False,False,2010,39917.0,1539.3,2601.0
cancer,Hi022017,Hi02_悪性新生物＜腫瘍＞,male,a75_79,75-79歳,75,79,False,False,2013,39456.0,1428.0,2772.0
cancer,Hi022017,Hi02_悪性新生物＜腫瘍＞,male,a75_79,75-79歳,75,79,False,False,2014,38619.0,1400.3,2768.0
cancer,Hi022017,Hi02_悪性新生物＜腫瘍＞,male,a75_79,75-79歳,75,79,False,False,2015,37823.0,1347.6,2817.0
cancer,Hi022017,Hi02_悪性新生物＜腫瘍＞,male,a75_79,75-79歳,75,79,False,False,2016,37875.0,1308.5,2901.0
cancer,Hi022017,Hi02_悪性新生物＜腫瘍＞,male,a75_79,75-79歳,75,79,False,False,2017,38753.0,1292.9,3000.0
cancer,Hi022017,Hi02_悪性新生物＜腫瘍＞,male,a75_79,75-79歳,75,79,False,False,2018,39061.0,1264.5,3086.0
cancer,Hi022017,Hi02_悪性新生物＜腫瘍＞,male,a75_79,75-79歳,75,79,False,False,2019,40932.0,1269.0,3217.0
cancer,Hi022017,Hi02_悪性新生物＜腫瘍＞,male,a75_79,75-79歳,75,79,False,False,2020,40944.0,1307.4,3146.0
cancer,Hi022017,Hi02_悪性新生物＜腫瘍＞,male,a75_79,75-79歳,75,79,False,False,2021,39124.0,1314.6,2991.0
cancer,Hi022017,Hi02_悪性新生物＜腫瘍＞,male,a75_79,75-79歳,75,79,False,False,2022,39830.0,1270.3,3151.0
cancer,Hi022017,Hi02_悪性新生物＜腫瘍＞,male,a75_79,75-79歳,75,79,False,False,2023,41807.0,1248.4,3365.0
cancer,Hi022017,Hi02_悪性新生物＜腫瘍＞,male,a75_79,75-79歳,75,79,False,False,2024,43676.0,1230.9,3566.0
cancer,Hi022017,Hi02_悪性新生物＜腫瘍＞,male,a80_84,80-84歳,80,84,False,False,1950,497.0,519.9,
cancer,Hi022017,Hi02_悪性新生物＜腫瘍＞,male,a80_84,80-84歳,80,84,False,False,1955,961.0,721.5,
cancer,Hi022017,Hi02_悪性新生物＜腫瘍＞,male,a80_84,80-84歳,80,84,False,False,1960,1685.0,996.2,
cancer,Hi022017,Hi02_悪性新生物＜腫瘍＞,male,a80_84,80-84歳,80,84,False,False,1965,2307.0,1234.0,
cancer,Hi022017,Hi02_悪性新生物＜腫瘍＞,male,a80_84,80-84歳,80,84,False,False,1970,3275.0,1359.4,
cancer,Hi022017,Hi02_悪性新生物＜腫瘍＞,male,a80_84,80-84歳,80,84,False,False,1975,4717.0,1535.6,
cancer,Hi022017,Hi02_悪性新生物＜腫瘍＞,male,a80_84,80-84歳,80,84,False,False,1980,7712.0,1850.9,
cancer,Hi022017,Hi02_悪性新生物＜腫瘍＞,male,a80_84,80-84歳,80,84,False,False,1985,11194.0,2044.6,
cancer,Hi022017,Hi02_悪性新生物＜腫瘍＞,male,a80_84,80-84歳,80,84,False,False,1990,14581.0,2149.1,
cancer,Hi022017,Hi02_悪性新生物＜腫瘍＞,male,a80_84,80-84歳,80,84,False,False,1995,19388.0,2359.8,
cancer,Hi022017,Hi02_悪性新生物＜腫瘍＞,male,a80_84,80-84歳,80,84,False,False,2000,21116.0,2312.4,917.0
cancer,Hi022017,Hi02_悪性新生物＜腫瘍＞,male,a80_84,80-84歳,80,84,False,False,2005,27244.0,2230.8,1228.0
cancer,Hi022017,Hi02_悪性新生物＜腫瘍＞,male,a80_84,80-84歳,80,84,False,False,2010,37844.0,2225.9,1705.0
cancer,Hi022017,Hi02_悪性新生物＜腫瘍＞,male,a80_84,80-84歳,80,84,False,False,2013,40076.0,2128.3,1888.0
cancer,Hi022017,Hi02_悪性新生物＜腫瘍＞,male,a80_84,80-84歳,80,84,False,False,2014,40054.0,2066.8,1944.0
cancer,Hi022017,Hi02_悪性新生物＜腫瘍＞,male,a80_84,80-84歳,80,84,False,False,2015,40651.0,2022.6,2015.0
cancer,Hi022017,Hi02_悪性新生物＜腫瘍＞,male,a80_84,80-84歳,80,84,False,False,2016,40854.0,1955.0,2093.0
cancer,Hi022017,Hi02_悪性新生物＜腫瘍＞,male,a80_84,80-84歳,80,84,False,False,2017,41417.0,1926.0,2150.0
cancer,Hi022017,Hi02_悪性新生物＜腫瘍＞,male,a80_84,80-84歳,80,84,False,False,2018,40729.0,1862.2,2183.0
cancer,Hi022017,Hi02_悪性新生物＜腫瘍＞,male,a80_84,80-84歳,80,84,False,False,2019,40586.0,1852.3,2183.0
cancer,Hi022017,Hi02_悪性新生物＜腫瘍＞,male,a80_84,80-84歳,80,84,False,False,2020,40280.0,1811.6,2232.0
cancer,Hi022017,Hi02_悪性新生物＜腫瘍＞,male,a80_84,80-84歳,80,84,False,False,2021,41280.0,1793.6,2310.0
cancer,Hi022017,Hi02_悪性新生物＜腫瘍＞,male,a80_84,80-84歳,80,84,False,False,2022,42216.0,1771.4,2392.0
cancer,Hi022017,Hi02_悪性新生物＜腫瘍＞,male,a80_84,80-84歳,80,84,False,False,2023,42509.0,1736.2,2458.0
cancer,Hi022017,Hi02_悪性新生物＜腫瘍＞,male,a80_84,80-84歳,80,84,False,False,2024,44970.0,1768.2,2553.0
cancer,Hi022017,Hi02_悪性新生物＜腫瘍＞,male,a85_89,85-89歳,85,89,False,False,1950,116.0,473.3,
cancer,Hi022017,Hi02_悪性新生物＜腫瘍＞,male,a85_89,85-89歳,85,89,False,False,1955,175.0,517.0,
cancer,Hi022017,Hi02_悪性新生物＜腫瘍＞,male,a85_89,85-89歳,85,89,False,False,1960,361.0,749.1,
cancer,Hi022017,Hi02_悪性新生物＜腫瘍＞,male,a85_89,85-89歳,85,89,False,False,1965,562.0,934.7,
cancer,Hi022017,Hi02_悪性新生物＜腫瘍＞,male,a85_89,85-89歳,85,89,False,False,1970,835.0,1168.8,
cancer,Hi022017,Hi02_悪性新生物＜腫瘍＞,male,a85_89,85-89歳,85,89,False,False,1975,1363.0,1353.0,
cancer,Hi022017,Hi02_悪性新生物＜腫瘍＞,male,a85_89,85-89歳,85,89,False,False,1980,2405.0,1736.5,
cancer,Hi022017,Hi02_悪性新生物＜腫瘍＞,male,a85_89,85-89歳,85,89,False,False,1985,4391.0,2291.8,
cancer,Hi022017,Hi02_悪性新生物＜腫瘍＞,male,a85_89,85-89歳,85,89,False,False,1990,6849.0,2482.4,
cancer,Hi022017,Hi02_悪性新生物＜腫瘍＞,male,a85_89,85-89歳,85,89,False,False,1995,10312.0,2856.3,
cancer,Hi022017,Hi02_悪性新生物＜腫瘍＞,male,a85_89,85-89歳,85,89,False,False,2000,13714.0,2877.9,478.0
cancer,Hi022017,Hi02_悪性新生物＜腫瘍＞,male,a85_89,85-89歳,85,89,False,False,2005,16285.0,2935.7,557.0
cancer,Hi022017,Hi02_悪性新生物＜腫瘍＞,male,a85_89,85-89歳,85,89,False,False,2010,21993.0,2943.0,750.0
cancer,Hi022017,Hi02_悪性新生物＜腫瘍＞,male,a85_89,85-89歳,85,89,False,False,2013,27285.0,2821.6,970.0
cancer,Hi022017,Hi02_悪性新生物＜腫瘍＞,male,a85_89,85-89歳,85,89,False,False,2014,28945.0,2818.4,1029.0
cancer,Hi022017,Hi02_悪性新生物＜腫瘍＞,male,a85_89,85-89歳,85,89,False,False,2015,30116.0,2827.0,1068.0
cancer,Hi022017,Hi02_悪性新生物＜腫瘍＞,male,a85_89,85-89歳,85,89,False,False,2016,31197.0,2792.1,1118.0
cancer,Hi022017,Hi02_悪性新生物＜腫瘍＞,male,a85_89,85-89歳,85,89,False,False,2017,31878.0,2723.1,1170.0
cancer,Hi022017,Hi02_悪性新生物＜腫瘍＞,male,a85_89,85-89歳,85,89,False,False,2018,32596.0,2666.6,1220.0
cancer,Hi022017,Hi02_悪性新生物＜腫瘍＞,male,a85_89,85-89歳,85,89,False,False,2019,33362.0,2625.1,1265.0
cancer,Hi022017,Hi02_悪性新生物＜腫瘍＞,male,a85_89,85-89歳,85,89,False,False,2020,34329.0,2599.2,1324.0
cancer,Hi022017,Hi02_悪性新生物＜腫瘍＞,male,a85_89,85-89歳,85,89,False,False,2021,35274.0,2549.9,1387.0
cancer,Hi022017,Hi02_悪性新生物＜腫瘍＞,male,a85_89,85-89歳,85,89,False,False,2022,36092.0,2532.6,1429.0
cancer,Hi022017,Hi02_悪性新生物＜腫瘍＞,male,a85_89,85-89歳,85,89,False,False,2023,35919.0,2488.9,1448.0
cancer,Hi022017,Hi02_悪性新生物＜腫瘍＞,male,a85_89,85-89歳,85,89,False,False,2024,35448.0,2466.3,1442.0
cancer,Hi022017,Hi02_悪性新生物＜腫瘍＞,male,a90_94,90-94歳,90,94,False,False,1950,9.0,282.4,
cancer,Hi022017,Hi02_悪性新生物＜腫瘍＞,male,a90_94,90-94歳,90,94,False,False,1955,20.0,411.7,
cancer,Hi022017,Hi02_悪性新生物＜腫瘍＞,male,a90_94,90-94歳,90,94,False,False,1960,45.0,593.2,
cancer,Hi022017,Hi02_悪性新生物＜腫瘍＞,male,a90_94,90-94歳,90,94,False,False,1965,76.0,582.8,
cancer,Hi022017,Hi02_悪性新生物＜腫瘍＞,male,a90_94,90-94歳,90,94,False,False,1970,111.0,709.7,
cancer,Hi022017,Hi02_悪性新生物＜腫瘍＞,male,a90_94,90-94歳,90,94,False,False,1975,195.0,969.2,
cancer,Hi022017,Hi02_悪性新生物＜腫瘍＞,male,a90_94,90-94歳,90,94,False,False,1980,442.0,1429.3,
cancer,Hi022017,Hi02_悪性新生物＜腫瘍＞,male,a90_94,90-94歳,90,94,False,False,1985,894.0,1786.2,
cancer,Hi022017,Hi02_悪性新生物＜腫瘍＞,male,a90_94,90-94歳,90,94,False,False,1990,1652.0,2311.6,71.0
cancer,Hi022017,Hi02_悪性新生物＜腫瘍＞,male,a90_94,90-94歳,90,94,False,False,1995,3154.0,3124.7,100.0
cancer,Hi022017,Hi02_悪性新生物＜腫瘍＞,male,a90_94,90-94歳,90,94,False,False,2000,4778.0,3226.1,150.0
cancer,Hi022017,Hi02_悪性新生物＜腫瘍＞,male,a90_94,90-94歳,90,94,False,False,2005,7089.0,3365.1,211.0
cancer,Hi022017,Hi02_悪性新生物＜腫瘍＞,male,a90_94,90-94歳,90,94,False,False,2010,8564.0,3525.3,244.0
cancer,Hi022017,Hi02_悪性新生物＜腫瘍＞,male,a90_94,90-94歳,90,94,False,False,2013,9610.0,3407.8,283.0
cancer,Hi022017,Hi02_悪性新生物＜腫瘍＞,male,a90_94,90-94歳,90,94,False,False,2014,10395.0,3342.4,312.0
cancer,Hi022017,Hi02_悪性新生物＜腫瘍＞,male,a90_94,90-94歳,90,94,False,False,2015,11729.0,3493.5,337.0
cancer,Hi022017,Hi02_悪性新生物＜腫瘍＞,male,a90_94,90-94歳,90,94,False,False,2016,12812.0,3398.4,376.0
cancer,Hi022017,Hi02_悪性新生物＜腫瘍＞,male,a90_94,90-94歳,90,94,False,False,2017,13955.0,3354.6,410.0
cancer,Hi022017,Hi02_悪性新生物＜腫瘍＞,male,a90_94,90-94歳,90,94,False,False,2018,14864.0,3295.8,441.0
cancer,Hi022017,Hi02_悪性新生物＜腫瘍＞,male,a90_94,90-94歳,90,94,False,False,2019,16127.0,3352.8,469.0
cancer,Hi022017,Hi02_悪性新生物＜腫瘍＞,male,a90_94,90-94歳,90,94,False,False,2020,16849.0,3384.6,499.0
cancer,Hi022017,Hi02_悪性新生物＜腫瘍＞,male,a90_94,90-94歳,90,94,False,False,2021,17541.0,3315.9,531.0
cancer,Hi022017,Hi02_悪性新生物＜腫瘍＞,male,a90_94,90-94歳,90,94,False,False,2022,18261.0,3266.7,560.0
cancer,Hi022017,Hi02_悪性新生物＜腫瘍＞,male,a90_94,90-94歳,90,94,False,False,2023,18544.0,3191.7,583.0
cancer,Hi022017,Hi02_悪性新生物＜腫瘍＞,male,a90_94,90-94歳,90,94,False,False,2024,18822.0,3142.2,601.0
cancer,Hi022017,Hi02_悪性新生物＜腫瘍＞,male,a95_99,95-99歳,95,99,False,False,1950,3.0,,
cancer,Hi022017,Hi02_悪性新生物＜腫瘍＞,male,a95_99,95-99歳,95,99,False,False,1955,4.0,,
cancer,Hi022017,Hi02_悪性新生物＜腫瘍＞,male,a95_99,95-99歳,95,99,False,False,1960,4.0,,
cancer,Hi022017,Hi02_悪性新生物＜腫瘍＞,male,a95_99,95-99歳,95,99,False,False,1965,4.0,,
cancer,Hi022017,Hi02_悪性新生物＜腫瘍＞,male,a95_99,95-99歳,95,99,False,False,1970,11.0,,
cancer,Hi022017,Hi02_悪性新生物＜腫瘍＞,male,a95_99,95-99歳,95,99,False,False,1975,12.0,,
cancer,Hi022017,Hi02_悪性新生物＜腫瘍＞,male,a95_99,95-99歳,95,99,False,False,1980,31.0,,
cancer,Hi022017,Hi02_悪性新生物＜腫瘍＞,male,a95_99,95-99歳,95,99,False,False,1985,85.0,,
cancer,Hi022017,Hi02_悪性新生物＜腫瘍＞,male,a95_99,95-99歳,95,99,False,False,1990,227.0,,10.0
cancer,Hi022017,Hi02_悪性新生物＜腫瘍＞,male,a95_99,95-99歳,95,99,False,False,1995,461.0,,16.0
cancer,Hi022017,Hi02_悪性新生物＜腫瘍＞,male,a95_99,95-99歳,95,99,False,False,2000,855.0,,25.0
cancer,Hi022017,Hi02_悪性新生物＜腫瘍＞,male,a95_99,95-99歳,95,99,False,False,2005,1525.0,3678.7,42.0
cancer,Hi022017,Hi02_悪性新生物＜腫瘍＞,male,a95_99,95-99歳,95,99,False,False,2010,2212.0,3950.4,56.0
cancer,Hi022017,Hi02_悪性新生物＜腫瘍＞,male,a95_99,95-99歳,95,99,False,False,2013,2362.0,3809.7,62.0
cancer,Hi022017,Hi02_悪性新生物＜腫瘍＞,male,a95_99,95-99歳,95,99,False,False,2014,2372.0,3825.8,63.0
cancer,Hi022017,Hi02_悪性新生物＜腫瘍＞,male,a95_99,95-99歳,95,99,False,False,2015,2392.0,3768.8,
cancer,Hi022017,Hi02_悪性新生物＜腫瘍＞,male,a95_99,95-99歳,95,99,False,False,2016,2642.0,3943.3,67.0
cancer,Hi022017,Hi02_悪性新生物＜腫瘍＞,male,a95_99,95-99歳,95,99,False,False,2017,2762.0,3945.7,70.0
cancer,Hi022017,Hi02_悪性新生物＜腫瘍＞,male,a95_99,95-99歳,95,99,False,False,2018,2976.0,3915.8,76.0
cancer,Hi022017,Hi02_悪性新生物＜腫瘍＞,male,a95_99,95-99歳,95,99,False,False,2019,3204.0,3682.8,84.0
cancer,Hi022017,Hi02_悪性新生物＜腫瘍＞,male,a95_99,95-99歳,95,99,False,False,2020,3604.0,3868.4,
cancer,Hi022017,Hi02_悪性新生物＜腫瘍＞,male,a95_99,95-99歳,95,99,False,False,2021,4023.0,3868.3,
cancer,Hi022017,Hi02_悪性新生物＜腫瘍＞,male,a95_99,95-99歳,95,99,False,False,2022,4441.0,4000.9,
cancer,Hi022017,Hi02_悪性新生物＜腫瘍＞,male,a95_99,95-99歳,95,99,False,False,2023,4376.0,3646.7,
cancer,Hi022017,Hi02_悪性新生物＜腫瘍＞,male,a95_99,95-99歳,95,99,False,False,2024,4560.0,3507.7,
cancer,Hi022017,Hi02_悪性新生物＜腫瘍＞,male,a100p,100歳以上,100,,False,False,1970,2.0,,
cancer,Hi022017,Hi02_悪性新生物＜腫瘍＞,male,a100p,100歳以上,100,,False,False,1975,3.0,,
cancer,Hi022017,Hi02_悪性新生物＜腫瘍＞,male,a100p,100歳以上,100,,False,False,1980,1.0,,
cancer,Hi022017,Hi02_悪性新生物＜腫瘍＞,male,a100p,100歳以上,100,,False,False,1985,7.0,,
cancer,Hi022017,Hi02_悪性新生物＜腫瘍＞,male,a100p,100歳以上,100,,False,False,1990,4.0,,1.0
cancer,Hi022017,Hi02_悪性新生物＜腫瘍＞,male,a100p,100歳以上,100,,False,False,1995,38.0,,1.0
cancer,Hi022017,Hi02_悪性新生物＜腫瘍＞,male,a100p,100歳以上,100,,False,False,2000,55.0,,2.0
cancer,Hi022017,Hi02_悪性新生物＜腫瘍＞,male,a100p,100歳以上,100,,False,False,2005,119.0,3164.1,
cancer,Hi022017,Hi02_悪性新生物＜腫瘍＞,male,a100p,100歳以上,100,,False,False,2010,219.0,3737.8,
cancer,Hi022017,Hi02_悪性新生物＜腫瘍＞,male,a100p,100歳以上,100,,False,False,2013,223.0,3185.7,7.0
cancer,Hi022017,Hi02_悪性新生物＜腫瘍＞,male,a100p,100歳以上,100,,False,False,2014,244.0,3050.0,8.0
cancer,Hi022017,Hi02_悪性新生物＜腫瘍＞,male,a100p,100歳以上,100,,False,False,2015,279.0,3336.9,
cancer,Hi022017,Hi02_悪性新生物＜腫瘍＞,male,a100p,100歳以上,100,,False,False,2016,302.0,3355.6,9.0
cancer,Hi022017,Hi02_悪性新生物＜腫瘍＞,male,a100p,100歳以上,100,,False,False,2017,295.0,3277.8,9.0
cancer,Hi022017,Hi02_悪性新生物＜腫瘍＞,male,a100p,100歳以上,100,,False,False,2018,290.0,3222.2,9.0
cancer,Hi022017,Hi02_悪性新生物＜腫瘍＞,male,a100p,100歳以上,100,,False,False,2019,307.0,3411.1,9.0
cancer,Hi022017,Hi02_悪性新生物＜腫瘍＞,male,a100p,100歳以上,100,,False,False,2020,299.0,3054.8,
cancer,Hi022017,Hi02_悪性新生物＜腫瘍＞,male,a100p,100歳以上,100,,False,False,2021,358.0,3580.0,10.0
cancer,Hi022017,Hi02_悪性新生物＜腫瘍＞,male,a100p,100歳以上,100,,False,False,2022,373.0,3730.0,10.0
cancer,Hi022017,Hi02_悪性新生物＜腫瘍＞,male,a100p,100歳以上,100,,False,False,2023,333.0,3027.3,11.0
cancer,Hi022017,Hi02_悪性新生物＜腫瘍＞,male,a100p,100歳以上,100,,False,False,2024,392.0,3563.6,11.0
cancer,Hi022017,Hi02_悪性新生物＜腫瘍＞,male,total,総数,,,False,True,1950,32670.0,80.1,
cancer,Hi022017,Hi02_悪性新生物＜腫瘍＞,male,total,総数,,,False,True,1955,41223.0,94.0,
cancer,Hi022017,Hi02_悪性新生物＜腫瘍＞,male,total,総数,,,False,True,1960,50898.0,110.9,
cancer,Hi022017,Hi02_悪性新生物＜腫瘍＞,male,total,総数,,,False,True,1965,58899.0,122.1,
cancer,Hi022017,Hi02_悪性新生物＜腫瘍＞,male,total,総数,,,False,True,1970,67074.0,132.6,
cancer,Hi022017,Hi02_悪性新生物＜腫瘍＞,male,total,総数,,,False,True,1975,76922.0,140.6,
cancer,Hi022017,Hi02_悪性新生物＜腫瘍＞,male,total,総数,,,False,True,1980,93501.0,163.5,57594.0
cancer,Hi022017,Hi02_悪性新生物＜腫瘍＞,male,total,総数,,,False,True,1985,110660.0,187.4,59497.0
cancer,Hi022017,Hi02_悪性新生物＜腫瘍＞,male,total,総数,,,False,True,1990,130395.0,216.4,60697.0
cancer,Hi022017,Hi02_悪性新生物＜腫瘍＞,male,total,総数,,,False,True,1995,159623.0,262.0,61574.0
cancer,Hi022017,Hi02_悪性新生物＜腫瘍＞,male,total,総数,,,False,True,2000,179140.0,291.3,62111.0
cancer,Hi022017,Hi02_悪性新生物＜腫瘍＞,male,total,総数,,,False,True,2005,196603.0,319.1,62349.0
cancer,Hi022017,Hi02_悪性新生物＜腫瘍＞,male,total,総数,,,False,True,2010,211435.0,343.4,62328.0
cancer,Hi022017,Hi02_悪性新生物＜腫瘍＞,male,total,総数,,,False,True,2013,216976.0,354.6,61909.0
cancer,Hi022017,Hi02_悪性新生物＜腫瘍＞,male,total,総数,,,False,True,2014,218399.0,357.8,61801.0
cancer,Hi022017,Hi02_悪性新生物＜腫瘍＞,male,total,総数,,,False,True,2015,219515.0,359.7,61842.0
cancer,Hi022017,Hi02_悪性新生物＜腫瘍＞,male,total,総数,,,False,True,2016,219846.0,361.2,61816.0
cancer,Hi022017,Hi02_悪性新生物＜腫瘍＞,male,total,総数,,,False,True,2017,220416.0,363.3,61753.0
cancer,Hi022017,Hi02_悪性新生物＜腫瘍＞,male,total,総数,,,False,True,2018,218625.0,361.6,61673.0
cancer,Hi022017,Hi02_悪性新生物＜腫瘍＞,male,total,総数,,,False,True,2019,220339.0,366.0,61588.0
cancer,Hi022017,Hi02_悪性新生物＜腫瘍＞,male,total,総数,,,False,True,2020,220989.0,368.3,61350.0
cancer,Hi022017,Hi02_悪性新生物＜腫瘍＞,male,total,総数,,,False,True,2021,222467.0,372.7,61019.0
cancer,Hi022017,Hi02_悪性新生物＜腫瘍＞,male,total,総数,,,False,True,2022,223291.0,376.5,60758.0
cancer,Hi022017,Hi02_悪性新生物＜腫瘍＞,male,total,総数,,,False,True,2023,221360.0,375.8,60492.0
cancer,Hi022017,Hi02_悪性新生物＜腫瘍＞,male,total,総数,,,False,True,2024,221786.0,379.4,60233.0
cancer,Hi022017,Hi02_悪性新生物＜腫瘍＞,total,a00_04,0-4歳,0,4,False,False,1950,553.0,4.9,
cancer,Hi022017,Hi02_悪性新生物＜腫瘍＞,total,a00_04,0-4歳,0,4,False,False,1955,567.0,6.1,
cancer,Hi022017,Hi02_悪性新生物＜腫瘍＞,total,a00_04,0-4歳,0,4,False,False,1960,604.0,7.7,
cancer,Hi022017,Hi02_悪性新生物＜腫瘍＞,total,a00_04,0-4歳,0,4,False,False,1965,618.0,7.6,
cancer,Hi022017,Hi02_悪性新生物＜腫瘍＞,total,a00_04,0-4歳,0,4,False,False,1970,667.0,7.6,
cancer,Hi022017,Hi02_悪性新生物＜腫瘍＞,total,a00_04,0-4歳,0,4,False,False,1975,691.0,7.0,
cancer,Hi022017,Hi02_悪性新生物＜腫瘍＞,total,a00_04,0-4歳,0,4,False,False,1980,464.0,5.5,8515.0
cancer,Hi022017,Hi02_悪性新生物＜腫瘍＞,total,a00_04,0-4歳,0,4,False,False,1985,295.0,4.0,7459.0
cancer,Hi022017,Hi02_悪性新生物＜腫瘍＞,total,a00_04,0-4歳,0,4,False,False,1990,224.0,3.5,6493.0
cancer,Hi022017,Hi02_悪性新生物＜腫瘍＞,total,a00_04,0-4歳,0,4,False,False,1995,171.0,2.9,5995.0
cancer,Hi022017,Hi02_悪性新生物＜腫瘍＞,total,a00_04,0-4歳,0,4,False,False,2000,135.0,2.3,5915.0
cancer,Hi022017,Hi02_悪性新生物＜腫瘍＞,total,a00_04,0-4歳,0,4,False,False,2005,121.0,2.2,5599.0
cancer,Hi022017,Hi02_悪性新生物＜腫瘍＞,total,a00_04,0-4歳,0,4,False,False,2010,100.0,1.9,5308.0
cancer,Hi022017,Hi02_悪性新生物＜腫瘍＞,total,a00_04,0-4歳,0,4,False,False,2013,97.0,1.9,5239.0
cancer,Hi022017,Hi02_悪性新生物＜腫瘍＞,total,a00_04,0-4歳,0,4,False,False,2014,98.0,1.9,5213.0
cancer,Hi022017,Hi02_悪性新生物＜腫瘍＞,total,a00_04,0-4歳,0,4,False,False,2015,78.0,1.6,5006.0
cancer,Hi022017,Hi02_悪性新生物＜腫瘍＞,total,a00_04,0-4歳,0,4,False,False,2016,76.0,1.6,4976.0
cancer,Hi022017,Hi02_悪性新生物＜腫瘍＞,total,a00_04,0-4歳,0,4,False,False,2017,77.0,1.6,4926.0
cancer,Hi022017,Hi02_悪性新生物＜腫瘍＞,total,a00_04,0-4歳,0,4,False,False,2018,86.0,1.8,4845.0
cancer,Hi022017,Hi02_悪性新生物＜腫瘍＞,total,a00_04,0-4歳,0,4,False,False,2019,73.0,1.6,4727.0
cancer,Hi022017,Hi02_悪性新生物＜腫瘍＞,total,a00_04,0-4歳,0,4,False,False,2020,72.0,1.6,4541.0
cancer,Hi022017,Hi02_悪性新生物＜腫瘍＞,total,a00_04,0-4歳,0,4,False,False,2021,63.0,1.5,4389.0
cancer,Hi022017,Hi02_悪性新生物＜腫瘍＞,total,a00_04,0-4歳,0,4,False,False,2022,57.0,1.4,4247.0
cancer,Hi022017,Hi02_悪性新生物＜腫瘍＞,total,a00_04,0-4歳,0,4,False,False,2023,60.0,1.5,4087.0
cancer,Hi022017,Hi02_悪性新生物＜腫瘍＞,total,a00_04,0-4歳,0,4,False,False,2024,56.0,1.5,3934.0
cancer,Hi022017,Hi02_悪性新生物＜腫瘍＞,total,a05_09,5-9歳,5,9,False,False,1950,219.0,2.3,
cancer,Hi022017,Hi02_悪性新生物＜腫瘍＞,total,a05_09,5-9歳,5,9,False,False,1955,410.0,3.7,
cancer,Hi022017,Hi02_悪性新生物＜腫瘍＞,total,a05_09,5-9歳,5,9,False,False,1960,383.0,4.2,
cancer,Hi022017,Hi02_悪性新生物＜腫瘍＞,total,a05_09,5-9歳,5,9,False,False,1965,410.0,5.2,
cancer,Hi022017,Hi02_悪性新生物＜腫瘍＞,total,a05_09,5-9歳,5,9,False,False,1970,397.0,4.9,
cancer,Hi022017,Hi02_悪性新生物＜腫瘍＞,total,a05_09,5-9歳,5,9,False,False,1975,430.0,4.8,
cancer,Hi022017,Hi02_悪性新生物＜腫瘍＞,total,a05_09,5-9歳,5,9,False,False,1980,473.0,4.7,10032.0
cancer,Hi022017,Hi02_悪性新生物＜腫瘍＞,total,a05_09,5-9歳,5,9,False,False,1985,340.0,4.0,8532.0
cancer,Hi022017,Hi02_悪性新生物＜腫瘍＞,total,a05_09,5-9歳,5,9,False,False,1990,225.0,3.0,7467.0
cancer,Hi022017,Hi02_悪性新生物＜腫瘍＞,total,a05_09,5-9歳,5,9,False,False,1995,196.0,3.0,6541.0
cancer,Hi022017,Hi02_悪性新生物＜腫瘍＞,total,a05_09,5-9歳,5,9,False,False,2000,137.0,2.3,6033.0
cancer,Hi022017,Hi02_悪性新生物＜腫瘍＞,total,a05_09,5-9歳,5,9,False,False,2005,120.0,2.0,5950.0
cancer,Hi022017,Hi02_悪性新生物＜腫瘍＞,total,a05_09,5-9歳,5,9,False,False,2010,107.0,1.9,5598.0
cancer,Hi022017,Hi02_悪性新生物＜腫瘍＞,total,a05_09,5-9歳,5,9,False,False,2013,106.0,2.0,5361.0
cancer,Hi022017,Hi02_悪性新生物＜腫瘍＞,total,a05_09,5-9歳,5,9,False,False,2014,103.0,2.0,5307.0
cancer,Hi022017,Hi02_悪性新生物＜腫瘍＞,total,a05_09,5-9歳,5,9,False,False,2015,100.0,1.9,5319.0
cancer,Hi022017,Hi02_悪性新生物＜腫瘍＞,total,a05_09,5-9歳,5,9,False,False,2016,84.0,1.6,5311.0
cancer,Hi022017,Hi02_悪性新生物＜腫瘍＞,total,a05_09,5-9歳,5,9,False,False,2017,75.0,1.4,5267.0
cancer,Hi022017,Hi02_悪性新生物＜腫瘍＞,total,a05_09,5-9歳,5,9,False,False,2018,82.0,1.6,5212.0
cancer,Hi022017,Hi02_悪性新生物＜腫瘍＞,total,a05_09,5-9歳,5,9,False,False,2019,86.0,1.7,5154.0
cancer,Hi022017,Hi02_悪性新生物＜腫瘍＞,total,a05_09,5-9歳,5,9,False,False,2020,77.0,1.5,5114.0
cancer,Hi022017,Hi02_悪性新生物＜腫瘍＞,total,a05_09,5-9歳,5,9,False,False,2021,88.0,1.8,5038.0
cancer,Hi022017,Hi02_悪性新生物＜腫瘍＞,total,a05_09,5-9歳,5,9,False,False,2022,89.0,1.8,4948.0
cancer,Hi022017,Hi02_悪性新生物＜腫瘍＞,total,a05_09,5-9歳,5,9,False,False,2023,83.0,1.7,4838.0
cancer,Hi022017,Hi02_悪性新生物＜腫瘍＞,total,a05_09,5-9歳,5,9,False,False,2024,81.0,1.8,4710.0
cancer,Hi022017,Hi02_悪性新生物＜腫瘍＞,total,a10_14,10-14歳,10,14,False,False,1950,215.0,2.5,
cancer,Hi022017,Hi02_悪性新生物＜腫瘍＞,total,a10_14,10-14歳,10,14,False,False,1955,346.0,3.6,
cancer,Hi022017,Hi02_悪性新生物＜腫瘍＞,total,a10_14,10-14歳,10,14,False,False,1960,486.0,4.4,
cancer,Hi022017,Hi02_悪性新生物＜腫瘍＞,total,a10_14,10-14歳,10,14,False,False,1965,426.0,4.6,
cancer,Hi022017,Hi02_悪性新生物＜腫瘍＞,total,a10_14,10-14歳,10,14,False,False,1970,339.0,4.3,
cancer,Hi022017,Hi02_悪性新生物＜腫瘍＞,total,a10_14,10-14歳,10,14,False,False,1975,351.0,4.3,
cancer,Hi022017,Hi02_悪性新生物＜腫瘍＞,total,a10_14,10-14歳,10,14,False,False,1980,390.0,4.4,8960.0
cancer,Hi022017,Hi02_悪性新生物＜腫瘍＞,total,a10_14,10-14歳,10,14,False,False,1985,388.0,3.9,10042.0
cancer,Hi022017,Hi02_悪性新生物＜腫瘍＞,total,a10_14,10-14歳,10,14,False,False,1990,280.0,3.3,8527.0
cancer,Hi022017,Hi02_悪性新生物＜腫瘍＞,total,a10_14,10-14歳,10,14,False,False,1995,215.0,2.9,7478.0
cancer,Hi022017,Hi02_悪性新生物＜腫瘍＞,total,a10_14,10-14歳,10,14,False,False,2000,131.0,2.0,6558.0
cancer,Hi022017,Hi02_悪性新生物＜腫瘍＞,total,a10_14,10-14歳,10,14,False,False,2005,108.0,1.8,6036.0
cancer,Hi022017,Hi02_悪性新生物＜腫瘍＞,total,a10_14,10-14歳,10,14,False,False,2010,116.0,2.0,5933.0
cancer,Hi022017,Hi02_悪性新生物＜腫瘍＞,total,a10_14,10-14歳,10,14,False,False,2013,97.0,1.7,5790.0
cancer,Hi022017,Hi02_悪性新生物＜腫瘍＞,total,a10_14,10-14歳,10,14,False,False,2014,101.0,1.8,5713.0
cancer,Hi022017,Hi02_悪性新生物＜腫瘍＞,total,a10_14,10-14歳,10,14,False,False,2015,107.0,1.9,5620.0
cancer,Hi022017,Hi02_悪性新生物＜腫瘍＞,total,a10_14,10-14歳,10,14,False,False,2016,95.0,1.7,5522.0
cancer,Hi022017,Hi02_悪性新生物＜腫瘍＞,total,a10_14,10-14歳,10,14,False,False,2017,99.0,1.8,5448.0
cancer,Hi022017,Hi02_悪性新生物＜腫瘍＞,total,a10_14,10-14歳,10,14,False,False,2018,114.0,2.1,5417.0
cancer,Hi022017,Hi02_悪性新生物＜腫瘍＞,total,a10_14,10-14歳,10,14,False,False,2019,98.0,1.9,5378.0
cancer,Hi022017,Hi02_悪性新生物＜腫瘍＞,total,a10_14,10-14歳,10,14,False,False,2020,82.0,1.5,5376.0
cancer,Hi022017,Hi02_悪性新生物＜腫瘍＞,total,a10_14,10-14歳,10,14,False,False,2021,82.0,1.5,5357.0
cancer,Hi022017,Hi02_悪性新生物＜腫瘍＞,total,a10_14,10-14歳,10,14,False,False,2022,84.0,1.6,5308.0
cancer,Hi022017,Hi02_悪性新生物＜腫瘍＞,total,a10_14,10-14歳,10,14,False,False,2023,81.0,1.6,5248.0
cancer,Hi022017,Hi02_悪性新生物＜腫瘍＞,total,a10_14,10-14歳,10,14,False,False,2024,95.0,1.9,5185.0
cancer,Hi022017,Hi02_悪性新生物＜腫瘍＞,total,a15_19,15-19歳,15,19,False,False,1950,316.0,3.7,
cancer,Hi022017,Hi02_悪性新生物＜腫瘍＞,total,a15_19,15-19歳,15,19,False,False,1955,380.0,4.4,
cancer,Hi022017,Hi02_悪性新生物＜腫瘍＞,total,a15_19,15-19歳,15,19,False,False,1960,521.0,5.6,
cancer,Hi022017,Hi02_悪性新生物＜腫瘍＞,total,a15_19,15-19歳,15,19,False,False,1965,675.0,6.2,
cancer,Hi022017,Hi02_悪性新生物＜腫瘍＞,total,a15_19,15-19歳,15,19,False,False,1970,578.0,6.4,
cancer,Hi022017,Hi02_悪性新生物＜腫瘍＞,total,a15_19,15-19歳,15,19,False,False,1975,443.0,5.6,
cancer,Hi022017,Hi02_悪性新生物＜腫瘍＞,total,a15_19,15-19歳,15,19,False,False,1980,459.0,5.6,8272.0
cancer,Hi022017,Hi02_悪性新生物＜腫瘍＞,total,a15_19,15-19歳,15,19,False,False,1985,447.0,5.0,8980.0
cancer,Hi022017,Hi02_悪性新生物＜腫瘍＞,total,a15_19,15-19歳,15,19,False,False,1990,419.0,4.2,10007.0
cancer,Hi022017,Hi02_悪性新生物＜腫瘍＞,total,a15_19,15-19歳,15,19,False,False,1995,340.0,4.0,8558.0
cancer,Hi022017,Hi02_悪性新生物＜腫瘍＞,total,a15_19,15-19歳,15,19,False,False,2000,237.0,3.2,7502.0
cancer,Hi022017,Hi02_悪性新生物＜腫瘍＞,total,a15_19,15-19歳,15,19,False,False,2005,166.0,2.5,6593.0
cancer,Hi022017,Hi02_悪性新生物＜腫瘍＞,total,a15_19,15-19歳,15,19,False,False,2010,150.0,2.5,6093.0
cancer,Hi022017,Hi02_悪性新生物＜腫瘍＞,total,a15_19,15-19歳,15,19,False,False,2013,149.0,2.5,6047.0
cancer,Hi022017,Hi02_悪性新生物＜腫瘍＞,total,a15_19,15-19歳,15,19,False,False,2014,141.0,2.4,6005.0
cancer,Hi022017,Hi02_悪性新生物＜腫瘍＞,total,a15_19,15-19歳,15,19,False,False,2015,147.0,2.5,6054.0
cancer,Hi022017,Hi02_悪性新生物＜腫瘍＞,total,a15_19,15-19歳,15,19,False,False,2016,120.0,2.0,6029.0
cancer,Hi022017,Hi02_悪性新生物＜腫瘍＞,total,a15_19,15-19歳,15,19,False,False,2017,125.0,2.1,5983.0
cancer,Hi022017,Hi02_悪性新生物＜腫瘍＞,total,a15_19,15-19歳,15,19,False,False,2018,111.0,1.9,5901.0
cancer,Hi022017,Hi02_悪性新生物＜腫瘍＞,total,a15_19,15-19歳,15,19,False,False,2019,126.0,2.2,5837.0
cancer,Hi022017,Hi02_悪性新生物＜腫瘍＞,total,a15_19,15-19歳,15,19,False,False,2020,110.0,2.0,5706.0
cancer,Hi022017,Hi02_悪性新生物＜腫瘍＞,total,a15_19,15-19歳,15,19,False,False,2021,126.0,2.3,5580.0
cancer,Hi022017,Hi02_悪性新生物＜腫瘍＞,total,a15_19,15-19歳,15,19,False,False,2022,124.0,2.3,5512.0
cancer,Hi022017,Hi02_悪性新生物＜腫瘍＞,total,a15_19,15-19歳,15,19,False,False,2023,116.0,2.2,5494.0
cancer,Hi022017,Hi02_悪性新生物＜腫瘍＞,total,a15_19,15-19歳,15,19,False,False,2024,120.0,2.3,5457.0
cancer,Hi022017,Hi02_悪性新生物＜腫瘍＞,total,a20_24,20-24歳,20,24,False,False,1950,366.0,4.7,
cancer,Hi022017,Hi02_悪性新生物＜腫瘍＞,total,a20_24,20-24歳,20,24,False,False,1955,464.0,5.5,
cancer,Hi022017,Hi02_悪性新生物＜腫瘍＞,total,a20_24,20-24歳,20,24,False,False,1960,596.0,7.2,
cancer,Hi022017,Hi02_悪性新生物＜腫瘍＞,total,a20_24,20-24歳,20,24,False,False,1965,750.0,8.3,
cancer,Hi022017,Hi02_悪性新生物＜腫瘍＞,total,a20_24,20-24歳,20,24,False,False,1970,852.0,8.0,
cancer,Hi022017,Hi02_悪性新生物＜腫瘍＞,total,a20_24,20-24歳,20,24,False,False,1975,688.0,7.6,
cancer,Hi022017,Hi02_悪性新生物＜腫瘍＞,total,a20_24,20-24歳,20,24,False,False,1980,486.0,6.2,7841.0
cancer,Hi022017,Hi02_悪性新生物＜腫瘍＞,total,a20_24,20-24歳,20,24,False,False,1985,421.0,5.1,8201.0
cancer,Hi022017,Hi02_悪性新生物＜腫瘍＞,total,a20_24,20-24歳,20,24,False,False,1990,465.0,5.3,8800.0
cancer,Hi022017,Hi02_悪性新生物＜腫瘍＞,total,a20_24,20-24歳,20,24,False,False,1995,408.0,4.2,9895.0
cancer,Hi022017,Hi02_悪性新生物＜腫瘍＞,total,a20_24,20-24歳,20,24,False,False,2000,348.0,4.2,8438.0
cancer,Hi022017,Hi02_悪性新生物＜腫瘍＞,total,a20_24,20-24歳,20,24,False,False,2005,284.0,3.9,7381.0
cancer,Hi022017,Hi02_悪性新生物＜腫瘍＞,total,a20_24,20-24歳,20,24,False,False,2010,217.0,3.4,6525.0
cancer,Hi022017,Hi02_悪性新生物＜腫瘍＞,total,a20_24,20-24歳,20,24,False,False,2013,176.0,2.9,6205.0
cancer,Hi022017,Hi02_悪性新生物＜腫瘍＞,total,a20_24,20-24歳,20,24,False,False,2014,175.0,2.9,6203.0
cancer,Hi022017,Hi02_悪性新生物＜腫瘍＞,total,a20_24,20-24歳,20,24,False,False,2015,176.0,3.0,6091.0
cancer,Hi022017,Hi02_悪性新生物＜腫瘍＞,total,a20_24,20-24歳,20,24,False,False,2016,159.0,2.7,6166.0
cancer,Hi022017,Hi02_悪性新生物＜腫瘍＞,total,a20_24,20-24歳,20,24,False,False,2017,174.0,2.9,6245.0
cancer,Hi022017,Hi02_悪性新生物＜腫瘍＞,total,a20_24,20-24歳,20,24,False,False,2018,160.0,2.7,6331.0
cancer,Hi022017,Hi02_悪性新生物＜腫瘍＞,total,a20_24,20-24歳,20,24,False,False,2019,158.0,2.7,6361.0
cancer,Hi022017,Hi02_悪性新生物＜腫瘍＞,total,a20_24,20-24歳,20,24,False,False,2020,152.0,2.6,6320.0
cancer,Hi022017,Hi02_悪性新生物＜腫瘍＞,total,a20_24,20-24歳,20,24,False,False,2021,157.0,2.7,6263.0
cancer,Hi022017,Hi02_悪性新生物＜腫瘍＞,total,a20_24,20-24歳,20,24,False,False,2022,144.0,2.5,6263.0
cancer,Hi022017,Hi02_悪性新生物＜腫瘍＞,total,a20_24,20-24歳,20,24,False,False,2023,167.0,2.9,6236.0
cancer,Hi022017,Hi02_悪性新生物＜腫瘍＞,total,a20_24,20-24歳,20,24,False,False,2024,158.0,2.8,6260.0
cancer,Hi022017,Hi02_悪性新生物＜腫瘍＞,total,a25_29,25-29歳,25,29,False,False,1950,608.0,9.8,
cancer,Hi022017,Hi02_悪性新生物＜腫瘍＞,total,a25_29,25-29歳,25,29,False,False,1955,794.0,10.4,
cancer,Hi022017,Hi02_悪性新生物＜腫瘍＞,total,a25_29,25-29歳,25,29,False,False,1960,932.0,11.4,
cancer,Hi022017,Hi02_悪性新生物＜腫瘍＞,total,a25_29,25-29歳,25,29,False,False,1965,1090.0,13.0,
cancer,Hi022017,Hi02_悪性新生物＜腫瘍＞,total,a25_29,25-29歳,25,29,False,False,1970,1204.0,13.3,
cancer,Hi022017,Hi02_悪性新生物＜腫瘍＞,total,a25_29,25-29歳,25,29,False,False,1975,1282.0,11.9,
cancer,Hi022017,Hi02_悪性新生物＜腫瘍＞,total,a25_29,25-29歳,25,29,False,False,1980,1019.0,11.4,9041.0
cancer,Hi022017,Hi02_悪性新生物＜腫瘍＞,total,a25_29,25-29歳,25,29,False,False,1985,727.0,9.4,7823.0
cancer,Hi022017,Hi02_悪性新生物＜腫瘍＞,total,a25_29,25-29歳,25,29,False,False,1990,612.0,7.7,8071.0
cancer,Hi022017,Hi02_悪性新生物＜腫瘍＞,total,a25_29,25-29歳,25,29,False,False,1995,624.0,7.2,8788.0
cancer,Hi022017,Hi02_悪性新生物＜腫瘍＞,total,a25_29,25-29歳,25,29,False,False,2000,608.0,6.3,9809.0
cancer,Hi022017,Hi02_悪性新生物＜腫瘍＞,total,a25_29,25-29歳,25,29,False,False,2005,423.0,5.2,8314.0
cancer,Hi022017,Hi02_悪性新生物＜腫瘍＞,total,a25_29,25-29歳,25,29,False,False,2010,372.0,5.2,7391.0
cancer,Hi022017,Hi02_悪性新生物＜腫瘍＞,total,a25_29,25-29歳,25,29,False,False,2013,301.0,4.5,6869.0
cancer,Hi022017,Hi02_悪性新生物＜腫瘍＞,total,a25_29,25-29歳,25,29,False,False,2014,325.0,5.0,6678.0
cancer,Hi022017,Hi02_悪性新生物＜腫瘍＞,total,a25_29,25-29歳,25,29,False,False,2015,323.0,5.1,6532.0
cancer,Hi022017,Hi02_悪性新生物＜腫瘍＞,total,a25_29,25-29歳,25,29,False,False,2016,315.0,5.1,6422.0
cancer,Hi022017,Hi02_悪性新生物＜腫瘍＞,total,a25_29,25-29歳,25,29,False,False,2017,269.0,4.5,6349.0
cancer,Hi022017,Hi02_悪性新生物＜腫瘍＞,total,a25_29,25-29歳,25,29,False,False,2018,240.0,4.1,6307.0
cancer,Hi022017,Hi02_悪性新生物＜腫瘍＞,total,a25_29,25-29歳,25,29,False,False,2019,246.0,4.2,6345.0
cancer,Hi022017,Hi02_悪性新生物＜腫瘍＞,total,a25_29,25-29歳,25,29,False,False,2020,235.0,3.9,6384.0
cancer,Hi022017,Hi02_悪性新生物＜腫瘍＞,total,a25_29,25-29歳,25,29,False,False,2021,225.0,3.8,6379.0
cancer,Hi022017,Hi02_悪性新生物＜腫瘍＞,total,a25_29,25-29歳,25,29,False,False,2022,245.0,4.1,6412.0
cancer,Hi022017,Hi02_悪性新生物＜腫瘍＞,total,a25_29,25-29歳,25,29,False,False,2023,223.0,3.8,6479.0
cancer,Hi022017,Hi02_悪性新生物＜腫瘍＞,total,a25_29,25-29歳,25,29,False,False,2024,223.0,3.8,6519.0
cancer,Hi022017,Hi02_悪性新生物＜腫瘍＞,total,a30_34,30-34歳,30,34,False,False,1950,1104.0,21.2,
cancer,Hi022017,Hi02_悪性新生物＜腫瘍＞,total,a30_34,30-34歳,30,34,False,False,1955,1269.0,20.7,
cancer,Hi022017,Hi02_悪性新生物＜腫瘍＞,total,a30_34,30-34歳,30,34,False,False,1960,1695.0,22.5,
cancer,Hi022017,Hi02_悪性新生物＜腫瘍＞,total,a30_34,30-34歳,30,34,False,False,1965,1932.0,23.4,
cancer,Hi022017,Hi02_悪性新生物＜腫瘍＞,total,a30_34,30-34歳,30,34,False,False,1970,1882.0,22.6,
cancer,Hi022017,Hi02_悪性新生物＜腫瘍＞,total,a30_34,30-34歳,30,34,False,False,1975,2026.0,22.0,
cancer,Hi022017,Hi02_悪性新生物＜腫瘍＞,total,a30_34,30-34歳,30,34,False,False,1980,2040.0,19.1,10772.0
cancer,Hi022017,Hi02_悪性新生物＜腫瘍＞,total,a30_34,30-34歳,30,34,False,False,1985,1530.0,16.9,9054.0
cancer,Hi022017,Hi02_悪性新生物＜腫瘍＞,total,a30_34,30-34歳,30,34,False,False,1990,1109.0,14.4,7788.0
cancer,Hi022017,Hi02_悪性新生物＜腫瘍＞,total,a30_34,30-34歳,30,34,False,False,1995,1046.0,13.1,8126.0
cancer,Hi022017,Hi02_悪性新生物＜腫瘍＞,total,a30_34,30-34歳,30,34,False,False,2000,1051.0,12.2,8794.0
cancer,Hi022017,Hi02_悪性新生物＜腫瘍＞,total,a30_34,30-34歳,30,34,False,False,2005,983.0,10.2,9795.0
cancer,Hi022017,Hi02_悪性新生物＜腫瘍＞,total,a30_34,30-34歳,30,34,False,False,2010,760.0,9.3,8421.0
cancer,Hi022017,Hi02_悪性新生物＜腫瘍＞,total,a30_34,30-34歳,30,34,False,False,2013,635.0,8.5,7623.0
cancer,Hi022017,Hi02_悪性新生物＜腫瘍＞,total,a30_34,30-34歳,30,34,False,False,2014,698.0,9.6,7466.0
cancer,Hi022017,Hi02_悪性新生物＜腫瘍＞,total,a30_34,30-34歳,30,34,False,False,2015,654.0,9.1,7396.0
cancer,Hi022017,Hi02_悪性新生物＜腫瘍＞,total,a30_34,30-34歳,30,34,False,False,2016,641.0,9.1,7279.0
cancer,Hi022017,Hi02_悪性新生物＜腫瘍＞,total,a30_34,30-34歳,30,34,False,False,2017,616.0,9.0,7158.0
cancer,Hi022017,Hi02_悪性新生物＜腫瘍＞,total,a30_34,30-34歳,30,34,False,False,2018,533.0,8.0,7008.0
cancer,Hi022017,Hi02_悪性新生物＜腫瘍＞,total,a30_34,30-34歳,30,34,False,False,2019,512.0,7.9,6852.0
cancer,Hi022017,Hi02_悪性新生物＜腫瘍＞,total,a30_34,30-34歳,30,34,False,False,2020,495.0,7.8,6714.0
cancer,Hi022017,Hi02_悪性新生物＜腫瘍＞,total,a30_34,30-34歳,30,34,False,False,2021,517.0,8.3,6556.0
cancer,Hi022017,Hi02_悪性新生物＜腫瘍＞,total,a30_34,30-34歳,30,34,False,False,2022,482.0,7.9,6446.0
cancer,Hi022017,Hi02_悪性新生物＜腫瘍＞,total,a30_34,30-34歳,30,34,False,False,2023,437.0,7.3,6380.0
cancer,Hi022017,Hi02_悪性新生物＜腫瘍＞,total,a30_34,30-34歳,30,34,False,False,2024,428.0,7.2,6395.0
cancer,Hi022017,Hi02_悪性新生物＜腫瘍＞,total,a35_39,35-39歳,35,39,False,False,1950,2187.0,43.3,
cancer,Hi022017,Hi02_悪性新生物＜腫瘍＞,total,a35_39,35-39歳,35,39,False,False,1955,2174.0,42.5,
cancer,Hi022017,Hi02_悪性新生物＜腫瘍＞,total,a35_39,35-39歳,35,39,False,False,1960,2547.0,42.2,
cancer,Hi022017,Hi02_悪性新生物＜腫瘍＞,total,a35_39,35-39歳,35,39,False,False,1965,3034.0,40.5,
cancer,Hi022017,Hi02_悪性新生物＜腫瘍＞,total,a35_39,35-39歳,35,39,False,False,1970,3182.0,38.9,
cancer,Hi022017,Hi02_悪性新生物＜腫瘍＞,total,a35_39,35-39歳,35,39,False,False,1975,3027.0,36.1,
cancer,Hi022017,Hi02_悪性新生物＜腫瘍＞,total,a35_39,35-39歳,35,39,False,False,1980,3175.0,34.7,9202.0
cancer,Hi022017,Hi02_悪性新生物＜腫瘍＞,total,a35_39,35-39歳,35,39,False,False,1985,3238.0,30.3,10738.0
cancer,Hi022017,Hi02_悪性新生物＜腫瘍＞,total,a35_39,35-39歳,35,39,False,False,1990,2611.0,29.2,9004.0
cancer,Hi022017,Hi02_悪性新生物＜腫瘍＞,total,a35_39,35-39歳,35,39,False,False,1995,1976.0,25.6,7822.0
cancer,Hi022017,Hi02_悪性新生物＜腫瘍＞,total,a35_39,35-39歳,35,39,False,False,2000,1838.0,23.0,8130.0
cancer,Hi022017,Hi02_悪性新生物＜腫瘍＞,total,a35_39,35-39歳,35,39,False,False,2005,1670.0,19.4,8772.0
cancer,Hi022017,Hi02_悪性新生物＜腫瘍＞,total,a35_39,35-39歳,35,39,False,False,2010,1598.0,16.5,9864.0
cancer,Hi022017,Hi02_悪性新生物＜腫瘍＞,total,a35_39,35-39歳,35,39,False,False,2013,1496.0,16.8,9060.0
cancer,Hi022017,Hi02_悪性新生物＜腫瘍＞,total,a35_39,35-39歳,35,39,False,False,2014,1392.0,16.4,8670.0
cancer,Hi022017,Hi02_悪性新生物＜腫瘍＞,total,a35_39,35-39歳,35,39,False,False,2015,1284.0,15.6,8417.0
cancer,Hi022017,Hi02_悪性新生物＜腫瘍＞,total,a35_39,35-39歳,35,39,False,False,2016,1326.0,16.7,8134.0
cancer,Hi022017,Hi02_悪性新生物＜腫瘍＞,total,a35_39,35-39歳,35,39,False,False,2017,1145.0,14.9,7919.0
cancer,Hi022017,Hi02_悪性新生物＜腫瘍＞,total,a35_39,35-39歳,35,39,False,False,2018,1086.0,14.5,7750.0
cancer,Hi022017,Hi02_悪性新生物＜腫瘍＞,total,a35_39,35-39歳,35,39,False,False,2019,1091.0,14.9,7631.0
cancer,Hi022017,Hi02_悪性新生物＜腫瘍＞,total,a35_39,35-39歳,35,39,False,False,2020,1012.0,14.0,7498.0
cancer,Hi022017,Hi02_悪性新生物＜腫瘍＞,total,a35_39,35-39歳,35,39,False,False,2021,946.0,13.4,7354.0
cancer,Hi022017,Hi02_悪性新生物＜腫瘍＞,total,a35_39,35-39歳,35,39,False,False,2022,977.0,14.1,7212.0
cancer,Hi022017,Hi02_悪性新生物＜腫瘍＞,total,a35_39,35-39歳,35,39,False,False,2023,951.0,14.1,7047.0
cancer,Hi022017,Hi02_悪性新生物＜腫瘍＞,total,a35_39,35-39歳,35,39,False,False,2024,902.0,13.8,6871.0
cancer,Hi022017,Hi02_悪性新生物＜腫瘍＞,total,a40_44,40-44歳,40,44,False,False,1950,3788.0,84.5,
cancer,Hi022017,Hi02_悪性新生物＜腫瘍＞,total,a40_44,40-44歳,40,44,False,False,1955,3916.0,79.2,
cancer,Hi022017,Hi02_悪性新生物＜腫瘍＞,total,a40_44,40-44歳,40,44,False,False,1960,3789.0,75.5,
cancer,Hi022017,Hi02_悪性新生物＜腫瘍＞,total,a40_44,40-44歳,40,44,False,False,1965,4035.0,67.7,
cancer,Hi022017,Hi02_悪性新生物＜腫瘍＞,total,a40_44,40-44歳,40,44,False,False,1970,4894.0,67.0,
cancer,Hi022017,Hi02_悪性新生物＜腫瘍＞,total,a40_44,40-44歳,40,44,False,False,1975,5080.0,62.0,
cancer,Hi022017,Hi02_悪性新生物＜腫瘍＞,total,a40_44,40-44歳,40,44,False,False,1980,4693.0,56.6,8338.0
cancer,Hi022017,Hi02_悪性新生物＜腫瘍＞,total,a40_44,40-44歳,40,44,False,False,1985,4955.0,54.8,9135.0
cancer,Hi022017,Hi02_悪性新生物＜腫瘍＞,total,a40_44,40-44歳,40,44,False,False,1990,5250.0,49.4,10658.0
cancer,Hi022017,Hi02_悪性新生物＜腫瘍＞,total,a40_44,40-44歳,40,44,False,False,1995,4343.0,48.7,9006.0
cancer,Hi022017,Hi02_悪性新生物＜腫瘍＞,total,a40_44,40-44歳,40,44,False,False,2000,3417.0,44.3,7814.0
cancer,Hi022017,Hi02_悪性新生物＜腫瘍＞,total,a40_44,40-44歳,40,44,False,False,2005,2859.0,35.9,8113.0
cancer,Hi022017,Hi02_悪性新生物＜腫瘍＞,total,a40_44,40-44歳,40,44,False,False,2010,2779.0,32.1,8809.0
cancer,Hi022017,Hi02_悪性新生物＜腫瘍＞,total,a40_44,40-44歳,40,44,False,False,2013,2872.0,30.2,9667.0
cancer,Hi022017,Hi02_悪性新生物＜腫瘍＞,total,a40_44,40-44歳,40,44,False,False,2014,2901.0,30.1,9793.0
cancer,Hi022017,Hi02_悪性新生物＜腫瘍＞,total,a40_44,40-44歳,40,44,False,False,2015,2848.0,29.4,9847.0
cancer,Hi022017,Hi02_悪性新生物＜腫瘍＞,total,a40_44,40-44歳,40,44,False,False,2016,2676.0,28.0,9727.0
cancer,Hi022017,Hi02_悪性新生物＜腫瘍＞,total,a40_44,40-44歳,40,44,False,False,2017,2649.0,28.5,9470.0
cancer,Hi022017,Hi02_悪性新生物＜腫瘍＞,total,a40_44,40-44歳,40,44,False,False,2018,2517.0,28.2,9134.0
cancer,Hi022017,Hi02_悪性新生物＜腫瘍＞,total,a40_44,40-44歳,40,44,False,False,2019,2238.0,26.2,8774.0
cancer,Hi022017,Hi02_悪性新生物＜腫瘍＞,total,a40_44,40-44歳,40,44,False,False,2020,2140.0,25.9,8476.0
cancer,Hi022017,Hi02_悪性新生物＜腫瘍＞,total,a40_44,40-44歳,40,44,False,False,2021,2037.0,25.6,8173.0
cancer,Hi022017,Hi02_悪性新生物＜腫瘍＞,total,a40_44,40-44歳,40,44,False,False,2022,1957.0,25.4,7946.0
cancer,Hi022017,Hi02_悪性新生物＜腫瘍＞,total,a40_44,40-44歳,40,44,False,False,2023,1900.0,25.3,7765.0
cancer,Hi022017,Hi02_悪性新生物＜腫瘍＞,total,a40_44,40-44歳,40,44,False,False,2024,1768.0,24.0,7631.0
cancer,Hi022017,Hi02_悪性新生物＜腫瘍＞,total,a45_49,45-49歳,45,49,False,False,1950,5376.0,134.2,
cancer,Hi022017,Hi02_悪性新生物＜腫瘍＞,total,a45_49,45-49歳,45,49,False,False,1955,5783.0,132.4,
cancer,Hi022017,Hi02_悪性新生物＜腫瘍＞,total,a45_49,45-49歳,45,49,False,False,1960,6342.0,131.7,
cancer,Hi022017,Hi02_悪性新生物＜腫瘍＞,total,a45_49,45-49歳,45,49,False,False,1965,5916.0,120.2,
cancer,Hi022017,Hi02_悪性新生物＜腫瘍＞,total,a45_49,45-49歳,45,49,False,False,1970,6596.0,113.0,
cancer,Hi022017,Hi02_悪性新生物＜腫瘍＞,total,a45_49,45-49歳,45,49,False,False,1975,7850.0,107.1,
cancer,Hi022017,Hi02_悪性新生物＜腫瘍＞,total,a45_49,45-49歳,45,49,False,False,1980,8384.0,104.0,8090.0
cancer,Hi022017,Hi02_悪性新生物＜腫瘍＞,total,a45_49,45-49歳,45,49,False,False,1985,7640.0,93.2,8237.0
cancer,Hi022017,Hi02_悪性新生物＜腫瘍＞,total,a45_49,45-49歳,45,49,False,False,1990,8030.0,89.3,9018.0
cancer,Hi022017,Hi02_悪性新生物＜腫瘍＞,total,a45_49,45-49歳,45,49,False,False,1995,9354.0,88.7,10618.0
cancer,Hi022017,Hi02_悪性新生物＜腫瘍＞,total,a45_49,45-49歳,45,49,False,False,2000,7385.0,83.5,8932.0
cancer,Hi022017,Hi02_悪性新生物＜腫瘍＞,total,a45_49,45-49歳,45,49,False,False,2005,5373.0,70.2,7755.0
cancer,Hi022017,Hi02_悪性新生物＜腫瘍＞,total,a45_49,45-49歳,45,49,False,False,2010,4731.0,59.4,8093.0
cancer,Hi022017,Hi02_悪性新生物＜腫瘍＞,total,a45_49,45-49歳,45,49,False,False,2013,4691.0,56.7,8406.0
cancer,Hi022017,Hi02_悪性新生物＜腫瘍＞,total,a45_49,45-49歳,45,49,False,False,2014,4683.0,55.2,8608.0
cancer,Hi022017,Hi02_悪性新生物＜腫瘍＞,total,a45_49,45-49歳,45,49,False,False,2015,4519.0,52.4,8766.0
cancer,Hi022017,Hi02_悪性新生物＜腫瘍＞,total,a45_49,45-49歳,45,49,False,False,2016,4754.0,52.1,9294.0
cancer,Hi022017,Hi02_悪性新生物＜腫瘍＞,total,a45_49,45-49歳,45,49,False,False,2017,4764.0,51.2,9484.0
cancer,Hi022017,Hi02_悪性新生物＜腫瘍＞,total,a45_49,45-49歳,45,49,False,False,2018,4698.0,49.4,9711.0
cancer,Hi022017,Hi02_悪性新生物＜腫瘍＞,total,a45_49,45-49歳,45,49,False,False,2019,4719.0,49.0,9862.0
cancer,Hi022017,Hi02_悪性新生物＜腫瘍＞,total,a45_49,45-49歳,45,49,False,False,2020,4552.0,47.0,9868.0
cancer,Hi022017,Hi02_悪性新生物＜腫瘍＞,total,a45_49,45-49歳,45,49,False,False,2021,4296.0,45.0,9732.0
cancer,Hi022017,Hi02_悪性新生物＜腫瘍＞,total,a45_49,45-49歳,45,49,False,False,2022,4374.0,47.2,9462.0
cancer,Hi022017,Hi02_悪性新生物＜腫瘍＞,total,a45_49,45-49歳,45,49,False,False,2023,3949.0,44.2,9115.0
cancer,Hi022017,Hi02_悪性新生物＜腫瘍＞,total,a45_49,45-49歳,45,49,False,False,2024,3913.0,45.8,8745.0
cancer,Hi022017,Hi02_悪性新生物＜腫瘍＞,total,a50_54,50-54歳,50,54,False,False,1950,7239.0,213.6,
cancer,Hi022017,Hi02_悪性新生物＜腫瘍＞,total,a50_54,50-54歳,50,54,False,False,1955,8095.0,210.3,
cancer,Hi022017,Hi02_悪性新生物＜腫瘍＞,total,a50_54,50-54歳,50,54,False,False,1960,8797.0,209.4,
cancer,Hi022017,Hi02_悪性新生物＜腫瘍＞,total,a50_54,50-54歳,50,54,False,False,1965,9458.0,203.0,
cancer,Hi022017,Hi02_悪性新生物＜腫瘍＞,total,a50_54,50-54歳,50,54,False,False,1970,8695.0,182.0,
cancer,Hi022017,Hi02_悪性新生物＜腫瘍＞,total,a50_54,50-54歳,50,54,False,False,1975,9801.0,170.5,
cancer,Hi022017,Hi02_悪性新生物＜腫瘍＞,total,a50_54,50-54歳,50,54,False,False,1980,12717.0,177.4,7200.0
cancer,Hi022017,Hi02_悪性新生物＜腫瘍＞,total,a50_54,50-54歳,50,54,False,False,1985,13439.0,170.8,7933.0
cancer,Hi022017,Hi02_悪性新生物＜腫瘍＞,total,a50_54,50-54歳,50,54,False,False,1990,12091.0,149.9,8088.0
cancer,Hi022017,Hi02_悪性新生物＜腫瘍＞,total,a50_54,50-54歳,50,54,False,False,1995,13682.0,154.3,8922.0
cancer,Hi022017,Hi02_悪性新生物＜腫瘍＞,total,a50_54,50-54歳,50,54,False,False,2000,15217.0,146.4,10461.0
cancer,Hi022017,Hi02_悪性新生物＜腫瘍＞,total,a50_54,50-54歳,50,54,False,False,2005,11764.0,134.5,8828.0
cancer,Hi022017,Hi02_悪性新生物＜腫瘍＞,total,a50_54,50-54歳,50,54,False,False,2010,8690.0,114.2,7700.0
cancer,Hi022017,Hi02_悪性新生物＜腫瘍＞,total,a50_54,50-54歳,50,54,False,False,2013,8209.0,107.5,7734.0
cancer,Hi022017,Hi02_悪性新生物＜腫瘍＞,total,a50_54,50-54歳,50,54,False,False,2014,7760.0,100.9,7791.0
cancer,Hi022017,Hi02_悪性新生物＜腫瘍＞,total,a50_54,50-54歳,50,54,False,False,2015,7764.0,98.2,8024.0
cancer,Hi022017,Hi02_悪性新生物＜腫瘍＞,total,a50_54,50-54歳,50,54,False,False,2016,7698.0,98.9,7912.0
cancer,Hi022017,Hi02_悪性新生物＜腫瘍＞,total,a50_54,50-54歳,50,54,False,False,2017,7268.0,90.5,8173.0
cancer,Hi022017,Hi02_悪性新生物＜腫瘍＞,total,a50_54,50-54歳,50,54,False,False,2018,7383.0,89.7,8386.0
cancer,Hi022017,Hi02_悪性新生物＜腫瘍＞,total,a50_54,50-54歳,50,54,False,False,2019,7254.0,86.1,8606.0
cancer,Hi022017,Hi02_悪性新生物＜腫瘍＞,total,a50_54,50-54歳,50,54,False,False,2020,7263.0,84.8,8738.0
cancer,Hi022017,Hi02_悪性新生物＜腫瘍＞,total,a50_54,50-54歳,50,54,False,False,2021,7445.0,82.0,9252.0
cancer,Hi022017,Hi02_悪性新生物＜腫瘍＞,total,a50_54,50-54歳,50,54,False,False,2022,7631.0,82.4,9435.0
cancer,Hi022017,Hi02_悪性新生物＜腫瘍＞,total,a50_54,50-54歳,50,54,False,False,2023,7743.0,81.7,9650.0
cancer,Hi022017,Hi02_悪性新生物＜腫瘍＞,total,a50_54,50-54歳,50,54,False,False,2024,7700.0,80.1,9788.0
cancer,Hi022017,Hi02_悪性新生物＜腫瘍＞,total,a55_59,55-59歳,55,59,False,False,1950,8767.0,318.9,
cancer,Hi022017,Hi02_悪性新生物＜腫瘍＞,total,a55_59,55-59歳,55,59,False,False,1955,10021.0,312.6,
cancer,Hi022017,Hi02_悪性新生物＜腫瘍＞,total,a55_59,55-59歳,55,59,False,False,1960,11950.0,328.2,
cancer,Hi022017,Hi02_悪性新生物＜腫瘍＞,total,a55_59,55-59歳,55,59,False,False,1965,12505.0,312.5,
cancer,Hi022017,Hi02_悪性新生物＜腫瘍＞,total,a55_59,55-59歳,55,59,False,False,1970,13018.0,295.7,
cancer,Hi022017,Hi02_悪性新生物＜腫瘍＞,total,a55_59,55-59歳,55,59,False,False,1975,12846.0,276.4,
cancer,Hi022017,Hi02_悪性新生物＜腫瘍＞,total,a55_59,55-59歳,55,59,False,False,1980,14627.0,262.0,5614.0
cancer,Hi022017,Hi02_悪性新生物＜腫瘍＞,total,a55_59,55-59歳,55,59,False,False,1985,18977.0,272.5,7000.0
cancer,Hi022017,Hi02_悪性新生物＜腫瘍＞,total,a55_59,55-59歳,55,59,False,False,1990,20997.0,272.2,7725.0
cancer,Hi022017,Hi02_悪性新生物＜腫瘍＞,total,a55_59,55-59歳,55,59,False,False,1995,19600.0,247.7,7953.0
cancer,Hi022017,Hi02_悪性新生物＜腫瘍＞,total,a55_59,55-59歳,55,59,False,False,2000,20787.0,239.0,8750.0
cancer,Hi022017,Hi02_悪性新生物＜腫瘍＞,total,a55_59,55-59歳,55,59,False,False,2005,22297.0,218.1,10294.0
cancer,Hi022017,Hi02_悪性新生物＜腫瘍＞,total,a55_59,55-59歳,55,59,False,False,2010,17815.0,205.8,8728.0
cancer,Hi022017,Hi02_悪性新生物＜腫瘍＞,total,a55_59,55-59歳,55,59,False,False,2013,14260.0,186.2,7731.0
cancer,Hi022017,Hi02_悪性新生物＜腫瘍＞,total,a55_59,55-59歳,55,59,False,False,2014,13851.0,182.7,7654.0
cancer,Hi022017,Hi02_悪性新生物＜腫瘍＞,total,a55_59,55-59歳,55,59,False,False,2015,13124.0,174.5,7601.0
cancer,Hi022017,Hi02_悪性新生物＜腫瘍＞,total,a55_59,55-59歳,55,59,False,False,2016,12608.0,169.0,7550.0
cancer,Hi022017,Hi02_悪性新生物＜腫瘍＞,total,a55_59,55-59歳,55,59,False,False,2017,12211.0,162.7,7603.0
cancer,Hi022017,Hi02_悪性新生物＜腫瘍＞,total,a55_59,55-59歳,55,59,False,False,2018,11693.0,154.8,7670.0
cancer,Hi022017,Hi02_悪性新生物＜腫瘍＞,total,a55_59,55-59歳,55,59,False,False,2019,11738.0,154.3,7740.0
cancer,Hi022017,Hi02_悪性新生物＜腫瘍＞,total,a55_59,55-59歳,55,59,False,False,2020,11457.0,146.7,7940.0
cancer,Hi022017,Hi02_悪性新生物＜腫瘍＞,total,a55_59,55-59歳,55,59,False,False,2021,11365.0,147.8,7824.0
cancer,Hi022017,Hi02_悪性新生物＜腫瘍＞,total,a55_59,55-59歳,55,59,False,False,2022,11185.0,141.0,8075.0
cancer,Hi022017,Hi02_悪性新生物＜腫瘍＞,total,a55_59,55-59歳,55,59,False,False,2023,11102.0,136.5,8279.0
cancer,Hi022017,Hi02_悪性新生物＜腫瘍＞,total,a55_59,55-59歳,55,59,False,False,2024,11330.0,135.9,8490.0
cancer,Hi022017,Hi02_悪性新生物＜腫瘍＞,total,a60_64,60-64歳,60,64,False,False,1950,10288.0,446.5,
cancer,Hi022017,Hi02_悪性新生物＜腫瘍＞,total,a60_64,60-64歳,60,64,False,False,1955,11656.0,466.9,
cancer,Hi022017,Hi02_悪性新生物＜腫瘍＞,total,a60_64,60-64歳,60,64,False,False,1960,14032.0,478.6,
cancer,Hi022017,Hi02_悪性新生物＜腫瘍＞,total,a60_64,60-64歳,60,64,False,False,1965,16018.0,478.9,
cancer,Hi022017,Hi02_悪性新生物＜腫瘍＞,total,a60_64,60-64歳,60,64,False,False,1970,16948.0,456.8,
cancer,Hi022017,Hi02_悪性新生物＜腫瘍＞,total,a60_64,60-64歳,60,64,False,False,1975,17633.0,413.6,
cancer,Hi022017,Hi02_悪性新生物＜腫瘍＞,total,a60_64,60-64歳,60,64,False,False,1980,18239.0,410.6,4465.0
cancer,Hi022017,Hi02_悪性新生物＜腫瘍＞,total,a60_64,60-64歳,60,64,False,False,1985,21137.0,394.4,5406.0
cancer,Hi022017,Hi02_悪性新生物＜腫瘍＞,total,a60_64,60-64歳,60,64,False,False,1990,28002.0,415.7,6745.0
cancer,Hi022017,Hi02_悪性新生物＜腫瘍＞,total,a60_64,60-64歳,60,64,False,False,1995,31211.0,419.2,7475.0
cancer,Hi022017,Hi02_悪性新生物＜腫瘍＞,total,a60_64,60-64歳,60,64,False,False,2000,28149.0,365.0,7750.0
cancer,Hi022017,Hi02_悪性新生物＜腫瘍＞,total,a60_64,60-64歳,60,64,False,False,2005,29322.0,343.9,8577.0
cancer,Hi022017,Hi02_悪性新生物＜腫瘍＞,total,a60_64,60-64歳,60,64,False,False,2010,31925.0,317.5,10112.0
cancer,Hi022017,Hi02_悪性新生物＜腫瘍＞,total,a60_64,60-64歳,60,64,False,False,2013,30908.0,321.7,9666.0
cancer,Hi022017,Hi02_悪性新生物＜腫瘍＞,total,a60_64,60-64歳,60,64,False,False,2014,27861.0,312.3,8980.0
cancer,Hi022017,Hi02_悪性新生物＜腫瘍＞,total,a60_64,60-64歳,60,64,False,False,2015,25326.0,298.3,8552.0
cancer,Hi022017,Hi02_悪性新生物＜腫瘍＞,total,a60_64,60-64歳,60,64,False,False,2016,23348.0,288.4,8160.0
cancer,Hi022017,Hi02_悪性新生物＜腫瘍＞,total,a60_64,60-64歳,60,64,False,False,2017,21243.0,274.6,7807.0
cancer,Hi022017,Hi02_悪性新生物＜腫瘍＞,total,a60_64,60-64歳,60,64,False,False,2018,20146.0,267.8,7597.0
cancer,Hi022017,Hi02_悪性新生物＜腫瘍＞,total,a60_64,60-64歳,60,64,False,False,2019,19308.0,259.1,7533.0
cancer,Hi022017,Hi02_悪性新生物＜腫瘍＞,total,a60_64,60-64歳,60,64,False,False,2020,18254.0,248.3,7442.0
cancer,Hi022017,Hi02_悪性新生物＜腫瘍＞,total,a60_64,60-64歳,60,64,False,False,2021,17660.0,242.0,7391.0
cancer,Hi022017,Hi02_悪性新生物＜腫瘍＞,total,a60_64,60-64歳,60,64,False,False,2022,17799.0,242.2,7445.0
cancer,Hi022017,Hi02_悪性新生物＜腫瘍＞,total,a60_64,60-64歳,60,64,False,False,2023,17356.0,234.4,7507.0
cancer,Hi022017,Hi02_悪性新生物＜腫瘍＞,total,a60_64,60-64歳,60,64,False,False,2024,17064.0,228.8,7571.0
cancer,Hi022017,Hi02_悪性新生物＜腫瘍＞,total,a65_69,65-69歳,65,69,False,False,1950,10263.0,579.6,
cancer,Hi022017,Hi02_悪性新生物＜腫瘍＞,total,a65_69,65-69歳,65,69,False,False,1955,12326.0,626.6,
cancer,Hi022017,Hi02_悪性新生物＜腫瘍＞,total,a65_69,65-69歳,65,69,False,False,1960,14424.0,667.7,
cancer,Hi022017,Hi02_悪性新生物＜腫瘍＞,total,a65_69,65-69歳,65,69,False,False,1965,17351.0,677.2,
cancer,Hi022017,Hi02_悪性新生物＜腫瘍＞,total,a65_69,65-69歳,65,69,False,False,1970,20013.0,673.0,
cancer,Hi022017,Hi02_悪性新生物＜腫瘍＞,total,a65_69,65-69歳,65,69,False,False,1975,21702.0,631.7,
cancer,Hi022017,Hi02_悪性新生物＜腫瘍＞,total,a65_69,65-69歳,65,69,False,False,1980,24088.0,610.2,3965.0
cancer,Hi022017,Hi02_悪性新生物＜腫瘍＞,total,a65_69,65-69歳,65,69,False,False,1985,24151.0,579.8,4193.0
cancer,Hi022017,Hi02_悪性新生物＜腫瘍＞,total,a65_69,65-69歳,65,69,False,False,1990,28670.0,563.2,5104.0
cancer,Hi022017,Hi02_悪性新生物＜腫瘍＞,total,a65_69,65-69歳,65,69,False,False,1995,39670.0,622.5,6396.0
cancer,Hi022017,Hi02_悪性新生物＜腫瘍＞,total,a65_69,65-69歳,65,69,False,False,2000,41873.0,590.5,7118.0
cancer,Hi022017,Hi02_悪性新生物＜腫瘍＞,total,a65_69,65-69歳,65,69,False,False,2005,37370.0,503.4,7460.0
cancer,Hi022017,Hi02_悪性新生物＜腫瘍＞,total,a65_69,65-69歳,65,69,False,False,2010,39677.0,482.1,8272.0
cancer,Hi022017,Hi02_悪性新生物＜腫瘍＞,total,a65_69,65-69歳,65,69,False,False,2013,40213.0,464.7,8699.0
cancer,Hi022017,Hi02_悪性新生物＜腫瘍＞,total,a65_69,65-69歳,65,69,False,False,2014,42177.0,463.1,9154.0
cancer,Hi022017,Hi02_悪性新生物＜腫瘍＞,total,a65_69,65-69歳,65,69,False,False,2015,43690.0,449.9,9759.0
cancer,Hi022017,Hi02_悪性新生物＜腫瘍＞,total,a65_69,65-69歳,65,69,False,False,2016,46022.0,450.2,10269.0
cancer,Hi022017,Hi02_悪性新生物＜腫瘍＞,total,a65_69,65-69歳,65,69,False,False,2017,44453.0,450.5,9910.0
cancer,Hi022017,Hi02_悪性新生物＜腫瘍＞,total,a65_69,65-69歳,65,69,False,False,2018,40885.0,438.9,9356.0
cancer,Hi022017,Hi02_悪性新生物＜腫瘍＞,total,a65_69,65-69歳,65,69,False,False,2019,37265.0,430.6,8698.0
cancer,Hi022017,Hi02_悪性新生物＜腫瘍＞,total,a65_69,65-69歳,65,69,False,False,2020,34324.0,420.1,8236.0
cancer,Hi022017,Hi02_悪性新生物＜腫瘍＞,total,a65_69,65-69歳,65,69,False,False,2021,31941.0,409.5,7869.0
cancer,Hi022017,Hi02_悪性新生物＜腫瘍＞,total,a65_69,65-69歳,65,69,False,False,2022,30175.0,404.3,7535.0
cancer,Hi022017,Hi02_悪性新生物＜腫瘍＞,total,a65_69,65-69歳,65,69,False,False,2023,28303.0,389.9,7332.0
cancer,Hi022017,Hi02_悪性新生物＜腫瘍＞,total,a65_69,65-69歳,65,69,False,False,2024,27566.0,383.3,7268.0
cancer,Hi022017,Hi02_悪性新生物＜腫瘍＞,total,a70_74,70-74歳,70,74,False,False,1950,7778.0,606.9,
cancer,Hi022017,Hi02_悪性新生物＜腫瘍＞,total,a70_74,70-74歳,70,74,False,False,1955,10406.0,747.2,
cancer,Hi022017,Hi02_悪性新生物＜腫瘍＞,total,a70_74,70-74歳,70,74,False,False,1960,13215.0,845.1,
cancer,Hi022017,Hi02_悪性新生物＜腫瘍＞,total,a70_74,70-74歳,70,74,False,False,1965,15046.0,862.5,
cancer,Hi022017,Hi02_悪性新生物＜腫瘍＞,total,a70_74,70-74歳,70,74,False,False,1970,18760.0,881.7,
cancer,Hi022017,Hi02_悪性新生物＜腫瘍＞,total,a70_74,70-74歳,70,74,False,False,1975,22574.0,879.2,
cancer,Hi022017,Hi02_悪性新生物＜腫瘍＞,total,a70_74,70-74歳,70,74,False,False,1980,26771.0,888.8,3023.0
cancer,Hi022017,Hi02_悪性新生物＜腫瘍＞,total,a70_74,70-74歳,70,74,False,False,1985,29767.0,842.7,3563.0
cancer,Hi022017,Hi02_悪性新生物＜腫瘍＞,total,a70_74,70-74歳,70,74,False,False,1990,30559.0,802.1,3818.0
cancer,Hi022017,Hi02_悪性新生物＜腫瘍＞,total,a70_74,70-74歳,70,74,False,False,1995,38633.0,826.5,4695.0
cancer,Hi022017,Hi02_悪性新生物＜腫瘍＞,total,a70_74,70-74歳,70,74,False,False,2000,49047.0,832.7,5910.0
cancer,Hi022017,Hi02_悪性新生物＜腫瘍＞,total,a70_74,70-74歳,70,74,False,False,2005,51693.0,779.1,6661.0
cancer,Hi022017,Hi02_悪性新生物＜腫瘍＞,total,a70_74,70-74歳,70,74,False,False,2010,48049.0,687.7,7018.0
cancer,Hi022017,Hi02_悪性新生物＜腫瘍＞,total,a70_74,70-74歳,70,74,False,False,2013,49284.0,651.7,7596.0
cancer,Hi022017,Hi02_悪性新生物＜腫瘍＞,total,a70_74,70-74歳,70,74,False,False,2014,51669.0,654.6,7928.0
cancer,Hi022017,Hi02_悪性新生物＜腫瘍＞,total,a70_74,70-74歳,70,74,False,False,2015,51648.0,666.3,7787.0
cancer,Hi022017,Hi02_悪性新生物＜腫瘍＞,total,a70_74,70-74歳,70,74,False,False,2016,48838.0,662.4,7400.0
cancer,Hi022017,Hi02_悪性新生物＜腫瘍＞,total,a70_74,70-74歳,70,74,False,False,2017,49347.0,639.9,7733.0
cancer,Hi022017,Hi02_悪性新生物＜腫瘍＞,total,a70_74,70-74歳,70,74,False,False,2018,51182.0,624.5,8210.0
cancer,Hi022017,Hi02_悪性新生物＜腫瘍＞,total,a70_74,70-74歳,70,74,False,False,2019,52842.0,611.3,8655.0
cancer,Hi022017,Hi02_悪性新生物＜腫瘍＞,total,a70_74,70-74歳,70,74,False,False,2020,56040.0,613.1,9189.0
cancer,Hi022017,Hi02_悪性新生物＜腫瘍＞,total,a70_74,70-74歳,70,74,False,False,2021,59736.0,620.9,9672.0
cancer,Hi022017,Hi02_悪性新生物＜腫瘍＞,total,a70_74,70-74歳,70,74,False,False,2022,58964.0,635.1,9337.0
cancer,Hi022017,Hi02_悪性新生物＜腫瘍＞,total,a70_74,70-74歳,70,74,False,False,2023,55119.0,628.9,8817.0
cancer,Hi022017,Hi02_悪性新生物＜腫瘍＞,total,a70_74,70-74歳,70,74,False,False,2024,50545.0,620.7,8198.0
cancer,Hi022017,Hi02_悪性新生物＜腫瘍＞,total,a75_79,75-79歳,75,79,False,False,1950,3847.0,561.1,
cancer,Hi022017,Hi02_悪性新生物＜腫瘍＞,total,a75_79,75-79歳,75,79,False,False,1955,6317.0,721.4,
cancer,Hi022017,Hi02_悪性新生物＜腫瘍＞,total,a75_79,75-79歳,75,79,False,False,1960,8523.0,892.8,
cancer,Hi022017,Hi02_悪性新生物＜腫瘍＞,total,a75_79,75-79歳,75,79,False,False,1965,10820.0,987.3,
cancer,Hi022017,Hi02_悪性新生物＜腫瘍＞,total,a75_79,75-79歳,75,79,False,False,1970,13191.0,1042.0,
cancer,Hi022017,Hi02_悪性新生物＜腫瘍＞,total,a75_79,75-79歳,75,79,False,False,1975,17434.0,1065.1,
cancer,Hi022017,Hi02_悪性新生物＜腫瘍＞,total,a75_79,75-79歳,75,79,False,False,1980,23472.0,1155.8,2037.0
cancer,Hi022017,Hi02_悪性新生物＜腫瘍＞,total,a75_79,75-79歳,75,79,False,False,1985,28856.0,1185.3,2493.0
cancer,Hi022017,Hi02_悪性新生物＜腫瘍＞,total,a75_79,75-79歳,75,79,False,False,1990,33102.0,1098.1,3018.0
cancer,Hi022017,Hi02_悪性新生物＜腫瘍＞,total,a75_79,75-79歳,75,79,False,False,1995,37058.0,1130.9,3289.0
cancer,Hi022017,Hi02_悪性新生物＜腫瘍＞,total,a75_79,75-79歳,75,79,False,False,2000,44742.0,1080.8,4157.0
cancer,Hi022017,Hi02_悪性新生物＜腫瘍＞,total,a75_79,75-79歳,75,79,False,False,2005,57251.0,1088.2,5280.0
cancer,Hi022017,Hi02_悪性新生物＜腫瘍＞,total,a75_79,75-79歳,75,79,False,False,2010,60681.0,1016.1,5992.0
cancer,Hi022017,Hi02_悪性新生物＜腫瘍＞,total,a75_79,75-79歳,75,79,False,False,2013,60465.0,963.1,6302.0
cancer,Hi022017,Hi02_悪性新生物＜腫瘍＞,total,a75_79,75-79歳,75,79,False,False,2014,59128.0,947.0,6269.0
cancer,Hi022017,Hi02_悪性新生物＜腫瘍＞,total,a75_79,75-79歳,75,79,False,False,2015,58153.0,918.8,6354.0
cancer,Hi022017,Hi02_悪性新生物＜腫瘍＞,total,a75_79,75-79歳,75,79,False,False,2016,58331.0,897.4,6521.0
cancer,Hi022017,Hi02_悪性新生物＜腫瘍＞,total,a75_79,75-79歳,75,79,False,False,2017,59024.0,879.4,6728.0
cancer,Hi022017,Hi02_悪性新生物＜腫瘍＞,total,a75_79,75-79歳,75,79,False,False,2018,60084.0,870.3,6913.0
cancer,Hi022017,Hi02_悪性新生物＜腫瘍＞,total,a75_79,75-79歳,75,79,False,False,2019,62657.0,868.8,7214.0
cancer,Hi022017,Hi02_悪性新生物＜腫瘍＞,total,a75_79,75-79歳,75,79,False,False,2020,62691.0,891.6,7065.0
cancer,Hi022017,Hi02_悪性新生物＜腫瘍＞,total,a75_79,75-79歳,75,79,False,False,2021,60029.0,898.8,6712.0
cancer,Hi022017,Hi02_悪性新生物＜腫瘍＞,total,a75_79,75-79歳,75,79,False,False,2022,61357.0,877.3,7030.0
cancer,Hi022017,Hi02_悪性新生物＜腫瘍＞,total,a75_79,75-79歳,75,79,False,False,2023,64289.0,864.5,7474.0
cancer,Hi022017,Hi02_悪性新生物＜腫瘍＞,total,a75_79,75-79歳,75,79,False,False,2024,67336.0,858.2,7886.0
cancer,Hi022017,Hi02_悪性新生物＜腫瘍＞,total,a80_84,80-84歳,80,84,False,False,1950,1181.0,428.2,
cancer,Hi022017,Hi02_悪性新生物＜腫瘍＞,total,a80_84,80-84歳,80,84,False,False,1955,2243.0,593.7,
cancer,Hi022017,Hi02_悪性新生物＜腫瘍＞,total,a80_84,80-84歳,80,84,False,False,1960,3780.0,782.7,
cancer,Hi022017,Hi02_悪性新生物＜腫瘍＞,total,a80_84,80-84歳,80,84,False,False,1965,4829.0,914.4,
cancer,Hi022017,Hi02_悪性新生物＜腫瘍＞,total,a80_84,80-84歳,80,84,False,False,1970,6509.0,1003.7,
cancer,Hi022017,Hi02_悪性新生物＜腫瘍＞,total,a80_84,80-84歳,80,84,False,False,1975,8970.0,1111.1,
cancer,Hi022017,Hi02_悪性新生物＜腫瘍＞,total,a80_84,80-84歳,80,84,False,False,1980,14199.0,1301.3,1094.0
cancer,Hi022017,Hi02_悪性新生物＜腫瘍＞,total,a80_84,80-84歳,80,84,False,False,1985,20122.0,1390.7,1433.0
cancer,Hi022017,Hi02_悪性新生物＜腫瘍＞,total,a80_84,80-84歳,80,84,False,False,1990,26330.0,1437.4,1833.0
cancer,Hi022017,Hi02_悪性新生物＜腫瘍＞,total,a80_84,80-84歳,80,84,False,False,1995,34911.0,1521.9,2301.0
cancer,Hi022017,Hi02_悪性新生物＜腫瘍＞,total,a80_84,80-84歳,80,84,False,False,2000,37959.0,1454.6,2619.0
cancer,Hi022017,Hi02_悪性新生物＜腫瘍＞,total,a80_84,80-84歳,80,84,False,False,2005,48129.0,1411.8,3423.0
cancer,Hi022017,Hi02_悪性新生物＜腫瘍＞,total,a80_84,80-84歳,80,84,False,False,2010,61822.0,1416.9,4376.0
cancer,Hi022017,Hi02_悪性新生物＜腫瘍＞,total,a80_84,80-84歳,80,84,False,False,2013,65582.0,1381.3,4762.0
cancer,Hi022017,Hi02_悪性新生物＜腫瘍＞,total,a80_84,80-84歳,80,84,False,False,2014,65793.0,1355.2,4869.0
cancer,Hi022017,Hi02_悪性新生物＜腫瘍＞,total,a80_84,80-84歳,80,84,False,False,2015,66528.0,1327.4,5026.0
cancer,Hi022017,Hi02_悪性新生物＜腫瘍＞,total,a80_84,80-84歳,80,84,False,False,2016,67421.0,1305.2,5179.0
cancer,Hi022017,Hi02_悪性新生物＜腫瘍＞,total,a80_84,80-84歳,80,84,False,False,2017,67756.0,1284.0,5288.0
cancer,Hi022017,Hi02_悪性新生物＜腫瘍＞,total,a80_84,80-84歳,80,84,False,False,2018,66857.0,1254.3,5338.0
cancer,Hi022017,Hi02_悪性新生物＜腫瘍＞,total,a80_84,80-84歳,80,84,False,False,2019,66607.0,1254.3,5314.0
cancer,Hi022017,Hi02_悪性新生物＜腫瘍＞,total,a80_84,80-84歳,80,84,False,False,2020,66162.0,1229.3,5404.0
cancer,Hi022017,Hi02_悪性新生物＜腫瘍＞,total,a80_84,80-84歳,80,84,False,False,2021,67402.0,1216.6,5563.0
cancer,Hi022017,Hi02_悪性新生物＜腫瘍＞,total,a80_84,80-84歳,80,84,False,False,2022,69694.0,1218.7,5743.0
cancer,Hi022017,Hi02_悪性新生物＜腫瘍＞,total,a80_84,80-84歳,80,84,False,False,2023,69732.0,1187.8,5895.0
cancer,Hi022017,Hi02_悪性新生物＜腫瘍＞,total,a80_84,80-84歳,80,84,False,False,2024,73569.0,1203.7,6138.0
cancer,Hi022017,Hi02_悪性新生物＜腫瘍＞,total,a85_89,85-89歳,85,89,False,False,1950,276.0,349.1,
cancer,Hi022017,Hi02_悪性新生物＜腫瘍＞,total,a85_89,85-89歳,85,89,False,False,1955,469.0,421.2,
cancer,Hi022017,Hi02_悪性新生物＜腫瘍＞,total,a85_89,85-89歳,85,89,False,False,1960,1003.0,643.7,
cancer,Hi022017,Hi02_悪性新生物＜腫瘍＞,total,a85_89,85-89歳,85,89,False,False,1965,1378.0,691.9,
cancer,Hi022017,Hi02_悪性新生物＜腫瘍＞,total,a85_89,85-89歳,85,89,False,False,1970,1896.0,826.8,
cancer,Hi022017,Hi02_悪性新生物＜腫瘍＞,total,a85_89,85-89歳,85,89,False,False,1975,2963.0,960.4,
cancer,Hi022017,Hi02_悪性新生物＜腫瘍＞,total,a85_89,85-89歳,85,89,False,False,1980,4953.0,1210.1,410.0
cancer,Hi022017,Hi02_悪性新生物＜腫瘍＞,total,a85_89,85-89歳,85,89,False,False,1985,8954.0,1526.9,604.0
cancer,Hi022017,Hi02_悪性新生物＜腫瘍＞,total,a85_89,85-89歳,85,89,False,False,1990,13991.0,1679.8,833.0
cancer,Hi022017,Hi02_悪性新生物＜腫瘍＞,total,a85_89,85-89歳,85,89,False,False,1995,20938.0,1846.2,1137.0
cancer,Hi022017,Hi02_悪性新生物＜腫瘍＞,total,a85_89,85-89歳,85,89,False,False,2000,28071.0,1834.3,1535.0
cancer,Hi022017,Hi02_悪性新生物＜腫瘍＞,total,a85_89,85-89歳,85,89,False,False,2005,33423.0,1808.1,1855.0
cancer,Hi022017,Hi02_悪性新生物＜腫瘍＞,total,a85_89,85-89歳,85,89,False,False,2010,44223.0,1807.8,2454.0
cancer,Hi022017,Hi02_悪性新生物＜腫瘍＞,total,a85_89,85-89歳,85,89,False,False,2013,52009.0,1782.4,2926.0
cancer,Hi022017,Hi02_悪性新生物＜腫瘍＞,total,a85_89,85-89歳,85,89,False,False,2014,54211.0,1775.1,3063.0
cancer,Hi022017,Hi02_悪性新生物＜腫瘍＞,total,a85_89,85-89歳,85,89,False,False,2015,55979.0,1777.7,3156.0
cancer,Hi022017,Hi02_悪性新生物＜腫瘍＞,total,a85_89,85-89歳,85,89,False,False,2016,57895.0,1772.1,3272.0
cancer,Hi022017,Hi02_悪性新生物＜腫瘍＞,total,a85_89,85-89歳,85,89,False,False,2017,58883.0,1738.1,3398.0
cancer,Hi022017,Hi02_悪性新生物＜腫瘍＞,total,a85_89,85-89歳,85,89,False,False,2018,60446.0,1724.3,3516.0
cancer,Hi022017,Hi02_悪性新生物＜腫瘍＞,total,a85_89,85-89歳,85,89,False,False,2019,61128.0,1696.6,3611.0
cancer,Hi022017,Hi02_悪性新生物＜腫瘍＞,total,a85_89,85-89歳,85,89,False,False,2020,63188.0,1693.6,3742.0
cancer,Hi022017,Hi02_悪性新生物＜腫瘍＞,total,a85_89,85-89歳,85,89,False,False,2021,64606.0,1673.8,3872.0
cancer,Hi022017,Hi02_悪性新生物＜腫瘍＞,total,a85_89,85-89歳,85,89,False,False,2022,65809.0,1669.4,3955.0
cancer,Hi022017,Hi02_悪性新生物＜腫瘍＞,total,a85_89,85-89歳,85,89,False,False,2023,65613.0,1654.7,3979.0
cancer,Hi022017,Hi02_悪性新生物＜腫瘍＞,total,a85_89,85-89歳,85,89,False,False,2024,64697.0,1646.1,3944.0
cancer,Hi022017,Hi02_悪性新生物＜腫瘍＞,total,a90_94,90-94歳,90,94,False,False,1950,37.0,299.6,
cancer,Hi022017,Hi02_悪性新生物＜腫瘍＞,total,a90_94,90-94歳,90,94,False,False,1955,78.0,373.3,
cancer,Hi022017,Hi02_悪性新生物＜腫瘍＞,total,a90_94,90-94歳,90,94,False,False,1960,145.0,478.5,
cancer,Hi022017,Hi02_悪性新生物＜腫瘍＞,total,a90_94,90-94歳,90,94,False,False,1965,224.0,482.6,
cancer,Hi022017,Hi02_悪性新生物＜腫瘍＞,total,a90_94,90-94歳,90,94,False,False,1970,306.0,532.2,
cancer,Hi022017,Hi02_悪性新生物＜腫瘍＞,total,a90_94,90-94歳,90,94,False,False,1975,525.0,718.3,
cancer,Hi022017,Hi02_悪性新生物＜腫瘍＞,total,a90_94,90-94歳,90,94,False,False,1980,1017.0,934.4,
cancer,Hi022017,Hi02_悪性新生物＜腫瘍＞,total,a90_94,90-94歳,90,94,False,False,1985,2047.0,1253.8,
cancer,Hi022017,Hi02_悪性新生物＜腫瘍＞,total,a90_94,90-94歳,90,94,False,False,1990,3866.0,1535.3,248.0
cancer,Hi022017,Hi02_悪性新生物＜腫瘍＞,total,a90_94,90-94歳,90,94,False,False,1995,7317.0,1954.4,368.0
cancer,Hi022017,Hi02_悪性新生物＜腫瘍＞,total,a90_94,90-94歳,90,94,False,False,2000,11716.0,2047.0,571.0
cancer,Hi022017,Hi02_悪性新生物＜腫瘍＞,total,a90_94,90-94歳,90,94,False,False,2005,17538.0,2085.2,843.0
cancer,Hi022017,Hi02_悪性新生物＜腫瘍＞,total,a90_94,90-94歳,90,94,False,False,2010,21811.0,2125.2,1029.0
cancer,Hi022017,Hi02_悪性新生物＜腫瘍＞,total,a90_94,90-94歳,90,94,False,False,2013,24723.0,2038.2,1216.0
cancer,Hi022017,Hi02_悪性新生物＜腫瘍＞,total,a90_94,90-94歳,90,94,False,False,2014,26396.0,2027.3,1305.0
cancer,Hi022017,Hi02_悪性新生物＜腫瘍＞,total,a90_94,90-94歳,90,94,False,False,2015,28727.0,2112.9,1363.0
cancer,Hi022017,Hi02_悪性新生物＜腫瘍＞,total,a90_94,90-94歳,90,94,False,False,2016,30755.0,2085.1,1469.0
cancer,Hi022017,Hi02_悪性新生物＜腫瘍＞,total,a90_94,90-94歳,90,94,False,False,2017,32666.0,2068.8,1556.0
cancer,Hi022017,Hi02_悪性新生物＜腫瘍＞,total,a90_94,90-94歳,90,94,False,False,2018,34175.0,2045.2,1639.0
cancer,Hi022017,Hi02_悪性新生物＜腫瘍＞,total,a90_94,90-94歳,90,94,False,False,2019,36546.0,2078.8,1724.0
cancer,Hi022017,Hi02_悪性新生物＜腫瘍＞,total,a90_94,90-94歳,90,94,False,False,2020,37581.0,2080.4,1811.0
cancer,Hi022017,Hi02_悪性新生物＜腫瘍＞,total,a90_94,90-94歳,90,94,False,False,2021,39038.0,2054.6,1904.0
cancer,Hi022017,Hi02_悪性新生物＜腫瘍＞,total,a90_94,90-94歳,90,94,False,False,2022,40195.0,2026.0,1989.0
cancer,Hi022017,Hi02_悪性新生物＜腫瘍＞,total,a90_94,90-94歳,90,94,False,False,2023,40819.0,2000.0,2045.0
cancer,Hi022017,Hi02_悪性新生物＜腫瘍＞,total,a90_94,90-94歳,90,94,False,False,2024,41486.0,1991.6,2088.0
cancer,Hi022017,Hi02_悪性新生物＜腫瘍＞,total,a95_99,95-99歳,95,99,False,False,1950,12.0,,
cancer,Hi022017,Hi02_悪性新生物＜腫瘍＞,total,a95_99,95-99歳,95,99,False,False,1955,7.0,,
cancer,Hi022017,Hi02_悪性新生物＜腫瘍＞,total,a95_99,95-99歳,95,99,False,False,1960,9.0,,
cancer,Hi022017,Hi02_悪性新生物＜腫瘍＞,total,a95_99,95-99歳,95,99,False,False,1965,21.0,,
cancer,Hi022017,Hi02_悪性新生物＜腫瘍＞,total,a95_99,95-99歳,95,99,False,False,1970,38.0,,
cancer,Hi022017,Hi02_悪性新生物＜腫瘍＞,total,a95_99,95-99歳,95,99,False,False,1975,52.0,,
cancer,Hi022017,Hi02_悪性新生物＜腫瘍＞,total,a95_99,95-99歳,95,99,False,False,1980,93.0,,
cancer,Hi022017,Hi02_悪性新生物＜腫瘍＞,total,a95_99,95-99歳,95,99,False,False,1985,266.0,,
cancer,Hi022017,Hi02_悪性新生物＜腫瘍＞,total,a95_99,95-99歳,95,99,False,False,1990,551.0,,38.0
cancer,Hi022017,Hi02_悪性新生物＜腫瘍＞,total,a95_99,95-99歳,95,99,False,False,1995,1226.0,,69.0
cancer,Hi022017,Hi02_悪性新生物＜腫瘍＞,total,a95_99,95-99歳,95,99,False,False,2000,2402.0,,119.0
cancer,Hi022017,Hi02_悪性新生物＜腫瘍＞,total,a95_99,95-99歳,95,99,False,False,2005,4552.0,2153.7,212.0
cancer,Hi022017,Hi02_悪性新生物＜腫瘍＞,total,a95_99,95-99歳,95,99,False,False,2010,6996.0,2350.5,298.0
cancer,Hi022017,Hi02_悪性新生物＜腫瘍＞,total,a95_99,95-99歳,95,99,False,False,2013,7548.0,2207.0,343.0
cancer,Hi022017,Hi02_悪性新生物＜腫瘍＞,total,a95_99,95-99歳,95,99,False,False,2014,7504.0,2137.9,352.0
cancer,Hi022017,Hi02_悪性新生物＜腫瘍＞,total,a95_99,95-99歳,95,99,False,False,2015,7982.0,2212.6,362.0
cancer,Hi022017,Hi02_悪性新生物＜腫瘍＞,total,a95_99,95-99歳,95,99,False,False,2016,8608.0,2253.4,384.0
cancer,Hi022017,Hi02_悪性新生物＜腫瘍＞,total,a95_99,95-99歳,95,99,False,False,2017,9247.0,2288.9,407.0
cancer,Hi022017,Hi02_悪性新生物＜腫瘍＞,total,a95_99,95-99歳,95,99,False,False,2018,9809.0,2234.4,437.0
cancer,Hi022017,Hi02_悪性新生物＜腫瘍＞,total,a95_99,95-99歳,95,99,False,False,2019,10438.0,2183.7,468.0
cancer,Hi022017,Hi02_悪性新生物＜腫瘍＞,total,a95_99,95-99歳,95,99,False,False,2020,11073.0,2218.4,500.0
cancer,Hi022017,Hi02_悪性新生物＜腫瘍＞,total,a95_99,95-99歳,95,99,False,False,2021,12117.0,2260.6,537.0
cancer,Hi022017,Hi02_悪性新生物＜腫瘍＞,total,a95_99,95-99歳,95,99,False,False,2022,12737.0,2274.5,561.0
cancer,Hi022017,Hi02_悪性新生物＜腫瘍＞,total,a95_99,95-99歳,95,99,False,False,2023,12839.0,2154.2,597.0
cancer,Hi022017,Hi02_悪性新生物＜腫瘍＞,total,a95_99,95-99歳,95,99,False,False,2024,13343.0,2107.9,635.0
cancer,Hi022017,Hi02_悪性新生物＜腫瘍＞,total,a100p,100歳以上,100,,False,False,1970,6.0,,
cancer,Hi022017,Hi02_悪性新生物＜腫瘍＞,total,a100p,100歳以上,100,,False,False,1975,9.0,,
cancer,Hi022017,Hi02_悪性新生物＜腫瘍＞,total,a100p,100歳以上,100,,False,False,1980,3.0,,
cancer,Hi022017,Hi02_悪性新生物＜腫瘍＞,total,a100p,100歳以上,100,,False,False,1985,14.0,,
cancer,Hi022017,Hi02_悪性新生物＜腫瘍＞,total,a100p,100歳以上,100,,False,False,1990,25.0,,3.0
cancer,Hi022017,Hi02_悪性新生物＜腫瘍＞,total,a100p,100歳以上,100,,False,False,1995,97.0,,6.0
cancer,Hi022017,Hi02_悪性新生物＜腫瘍＞,total,a100p,100歳以上,100,,False,False,2000,220.0,,12.0
cancer,Hi022017,Hi02_悪性新生物＜腫瘍＞,total,a100p,100歳以上,100,,False,False,2005,480.0,1892.9,25.0
cancer,Hi022017,Hi02_悪性新生物＜腫瘍＞,total,a100p,100歳以上,100,,False,False,2010,856.0,1949.8,44.0
cancer,Hi022017,Hi02_悪性新生物＜腫瘍＞,total,a100p,100歳以上,100,,False,False,2013,1029.0,1870.9,55.0
cancer,Hi022017,Hi02_悪性新生物＜腫瘍＞,total,a100p,100歳以上,100,,False,False,2014,1108.0,1846.7,60.0
cancer,Hi022017,Hi02_悪性新生物＜腫瘍＞,total,a100p,100歳以上,100,,False,False,2015,1174.0,1901.3,62.0
cancer,Hi022017,Hi02_悪性新生物＜腫瘍＞,total,a100p,100歳以上,100,,False,False,2016,1301.0,2001.5,66.0
cancer,Hi022017,Hi02_悪性新生物＜腫瘍＞,total,a100p,100歳以上,100,,False,False,2017,1257.0,1876.1,68.0
cancer,Hi022017,Hi02_悪性新生物＜腫瘍＞,total,a100p,100歳以上,100,,False,False,2018,1281.0,1856.5,70.0
cancer,Hi022017,Hi02_悪性新生物＜腫瘍＞,total,a100p,100歳以上,100,,False,False,2019,1281.0,1856.5,71.0
cancer,Hi022017,Hi02_悪性新生物＜腫瘍＞,total,a100p,100歳以上,100,,False,False,2020,1402.0,1749.1,80.0
cancer,Hi022017,Hi02_悪性新生物＜腫瘍＞,total,a100p,100歳以上,100,,False,False,2021,1614.0,1898.8,85.0
cancer,Hi022017,Hi02_悪性新生物＜腫瘍＞,total,a100p,100歳以上,100,,False,False,2022,1703.0,1957.5,87.0
cancer,Hi022017,Hi02_悪性新生物＜腫瘍＞,total,a100p,100歳以上,100,,False,False,2023,1605.0,1844.8,87.0
cancer,Hi022017,Hi02_悪性新生物＜腫瘍＞,total,a100p,100歳以上,100,,False,False,2024,1715.0,1971.3,87.0
cancer,Hi022017,Hi02_悪性新生物＜腫瘍＞,total,total,総数,,,False,True,1950,64428.0,77.4,
cancer,Hi022017,Hi02_悪性新生物＜腫瘍＞,total,total,総数,,,False,True,1955,77721.0,87.1,
cancer,Hi022017,Hi02_悪性新生物＜腫瘍＞,total,total,総数,,,False,True,1960,93773.0,100.4,
cancer,Hi022017,Hi02_悪性新生物＜腫瘍＞,total,total,総数,,,False,True,1965,106536.0,108.4,
cancer,Hi022017,Hi02_悪性新生物＜腫瘍＞,total,total,総数,,,False,True,1970,119977.0,116.3,
cancer,Hi022017,Hi02_悪性新生物＜腫瘍＞,total,total,総数,,,False,True,1975,136383.0,122.6,
cancer,Hi022017,Hi02_悪性新生物＜腫瘍＞,total,total,総数,,,False,True,1980,161764.0,139.1,117060.0
cancer,Hi022017,Hi02_悪性新生物＜腫瘍＞,total,total,総数,,,False,True,1985,187714.0,156.1,121049.0
cancer,Hi022017,Hi02_悪性新生物＜腫瘍＞,total,total,総数,,,False,True,1990,217413.0,177.2,123611.0
cancer,Hi022017,Hi02_悪性新生物＜腫瘍＞,total,total,総数,,,False,True,1995,263022.0,211.6,125570.0
cancer,Hi022017,Hi02_悪性新生物＜腫瘍＞,total,total,総数,,,False,True,2000,295484.0,235.2,126926.0
cancer,Hi022017,Hi02_悪性新生物＜腫瘍＞,total,total,総数,,,False,True,2005,325941.0,258.3,127768.0
cancer,Hi022017,Hi02_悪性新生物＜腫瘍＞,total,total,総数,,,False,True,2010,353499.0,279.7,128057.0
cancer,Hi022017,Hi02_悪性新生物＜腫瘍＞,total,total,総数,,,False,True,2013,364873.0,290.3,127298.0
cancer,Hi022017,Hi02_悪性新生物＜腫瘍＞,total,total,総数,,,False,True,2014,368106.0,293.5,127083.0
cancer,Hi022017,Hi02_悪性新生物＜腫瘍＞,total,total,総数,,,False,True,2015,370362.0,295.5,127095.0
cancer,Hi022017,Hi02_悪性新生物＜腫瘍＞,total,total,総数,,,False,True,2016,373088.0,298.4,127042.0
cancer,Hi022017,Hi02_悪性新生物＜腫瘍＞,total,total,総数,,,False,True,2017,373365.0,299.5,126919.0
cancer,Hi022017,Hi02_悪性新生物＜腫瘍＞,total,total,総数,,,False,True,2018,373584.0,300.7,126749.0
cancer,Hi022017,Hi02_悪性新生物＜腫瘍＞,total,total,総数,,,False,True,2019,376425.0,304.2,126555.0
cancer,Hi022017,Hi02_悪性新生物＜腫瘍＞,total,total,総数,,,False,True,2020,378385.0,306.6,126146.0
cancer,Hi022017,Hi02_悪性新生物＜腫瘍＞,total,total,総数,,,False,True,2021,381505.0,310.7,125502.0
cancer,Hi022017,Hi02_悪性新生物＜腫瘍＞,total,total,総数,,,False,True,2022,385797.0,316.1,124947.0
cancer,Hi022017,Hi02_悪性新生物＜腫瘍＞,total,total,総数,,,False,True,2023,382504.0,315.6,124352.0
cancer,Hi022017,Hi02_悪性新生物＜腫瘍＞,total,total,総数,,,False,True,2024,384111.0,319.3,123802.0
cerebrovascular,Hi06,Hi06_脳血管疾患,female,a00_04,0-4歳,0,4,False,False,1950,67.0,1.2,
cerebrovascular,Hi06,Hi06_脳血管疾患,female,a00_04,0-4歳,0,4,False,False,1955,25.0,0.6,
cerebrovascular,Hi06,Hi06_脳血管疾患,female,a00_04,0-4歳,0,4,False,False,1960,23.0,0.6,
cerebrovascular,Hi06,Hi06_脳血管疾患,female,a00_04,0-4歳,0,4,False,False,1965,37.0,0.9,
cerebrovascular,Hi06,Hi06_脳血管疾患,female,a00_04,0-4歳,0,4,False,False,1970,40.0,0.9,
cerebrovascular,Hi06,Hi06_脳血管疾患,female,a00_04,0-4歳,0,4,False,False,1975,66.0,1.4,
cerebrovascular,Hi06,Hi06_脳血管疾患,female,a00_04,0-4歳,0,4,False,False,1980,34.0,0.8,
cerebrovascular,Hi06,Hi06_脳血管疾患,female,a00_04,0-4歳,0,4,False,False,1985,25.0,0.7,
cerebrovascular,Hi06,Hi06_脳血管疾患,female,a00_04,0-4歳,0,4,False,False,1990,19.0,0.6,
cerebrovascular,Hi06,Hi06_脳血管疾患,female,a00_04,0-4歳,0,4,False,False,1995,19.0,0.7,
cerebrovascular,Hi06,Hi06_脳血管疾患,female,a00_04,0-4歳,0,4,False,False,2000,11.0,0.4,2885.0
cerebrovascular,Hi06,Hi06_脳血管疾患,female,a00_04,0-4歳,0,4,False,False,2005,4.0,0.1,
cerebrovascular,Hi06,Hi06_脳血管疾患,female,a00_04,0-4歳,0,4,False,False,2010,9.0,0.4,
cerebrovascular,Hi06,Hi06_脳血管疾患,female,a00_04,0-4歳,0,4,False,False,2013,2.0,0.1,2555.0
cerebrovascular,Hi06,Hi06_脳血管疾患,female,a00_04,0-4歳,0,4,False,False,2014,6.0,0.2,2540.0
cerebrovascular,Hi06,Hi06_脳血管疾患,female,a00_04,0-4歳,0,4,False,False,2015,2.0,0.1,
cerebrovascular,Hi06,Hi06_脳血管疾患,female,a00_04,0-4歳,0,4,False,False,2016,5.0,0.2,2429.0
cerebrovascular,Hi06,Hi06_脳血管疾患,female,a00_04,0-4歳,0,4,False,False,2018,2.0,0.1,2362.0
cerebrovascular,Hi06,Hi06_脳血管疾患,female,a00_04,0-4歳,0,4,False,False,2019,4.0,0.2,2306.0
cerebrovascular,Hi06,Hi06_脳血管疾患,female,a00_04,0-4歳,0,4,False,False,2020,3.0,0.1,
cerebrovascular,Hi06,Hi06_脳血管疾患,female,a00_04,0-4歳,0,4,False,False,2021,4.0,0.2,
cerebrovascular,Hi06,Hi06_脳血管疾患,female,a00_04,0-4歳,0,4,False,False,2022,2.0,0.1,
cerebrovascular,Hi06,Hi06_脳血管疾患,female,a00_04,0-4歳,0,4,False,False,2023,3.0,0.2,
cerebrovascular,Hi06,Hi06_脳血管疾患,female,a00_04,0-4歳,0,4,False,False,2024,5.0,0.3,
cerebrovascular,Hi06,Hi06_脳血管疾患,female,a05_09,5-9歳,5,9,False,False,1950,37.0,0.8,
cerebrovascular,Hi06,Hi06_脳血管疾患,female,a05_09,5-9歳,5,9,False,False,1955,17.0,0.3,
cerebrovascular,Hi06,Hi06_脳血管疾患,female,a05_09,5-9歳,5,9,False,False,1960,24.0,0.5,
cerebrovascular,Hi06,Hi06_脳血管疾患,female,a05_09,5-9歳,5,9,False,False,1965,8.0,0.2,
cerebrovascular,Hi06,Hi06_脳血管疾患,female,a05_09,5-9歳,5,9,False,False,1970,11.0,0.3,
cerebrovascular,Hi06,Hi06_脳血管疾患,female,a05_09,5-9歳,5,9,False,False,1975,9.0,0.2,
cerebrovascular,Hi06,Hi06_脳血管疾患,female,a05_09,5-9歳,5,9,False,False,1980,6.0,0.1,
cerebrovascular,Hi06,Hi06_脳血管疾患,female,a05_09,5-9歳,5,9,False,False,1985,6.0,0.1,
cerebrovascular,Hi06,Hi06_脳血管疾患,female,a05_09,5-9歳,5,9,False,False,1990,5.0,0.1,
cerebrovascular,Hi06,Hi06_脳血管疾患,female,a05_09,5-9歳,5,9,False,False,1995,4.0,0.1,
cerebrovascular,Hi06,Hi06_脳血管疾患,female,a05_09,5-9歳,5,9,False,False,2000,7.0,0.2,2942.0
cerebrovascular,Hi06,Hi06_脳血管疾患,female,a05_09,5-9歳,5,9,False,False,2005,5.0,0.2,
cerebrovascular,Hi06,Hi06_脳血管疾患,female,a05_09,5-9歳,5,9,False,False,2010,4.0,0.1,
cerebrovascular,Hi06,Hi06_脳血管疾患,female,a05_09,5-9歳,5,9,False,False,2013,6.0,0.2,2618.0
cerebrovascular,Hi06,Hi06_脳血管疾患,female,a05_09,5-9歳,5,9,False,False,2014,11.0,0.4,2591.0
cerebrovascular,Hi06,Hi06_脳血管疾患,female,a05_09,5-9歳,5,9,False,False,2015,4.0,0.2,
cerebrovascular,Hi06,Hi06_脳血管疾患,female,a05_09,5-9歳,5,9,False,False,2016,4.0,0.2,2589.0
cerebrovascular,Hi06,Hi06_脳血管疾患,female,a05_09,5-9歳,5,9,False,False,2017,3.0,0.1,2569.0
cerebrovascular,Hi06,Hi06_脳血管疾患,female,a05_09,5-9歳,5,9,False,False,2018,1.0,0.0,2543.0
cerebrovascular,Hi06,Hi06_脳血管疾患,female,a05_09,5-9歳,5,9,False,False,2019,7.0,0.3,2513.0
cerebrovascular,Hi06,Hi06_脳血管疾患,female,a05_09,5-9歳,5,9,False,False,2020,2.0,0.1,
cerebrovascular,Hi06,Hi06_脳血管疾患,female,a05_09,5-9歳,5,9,False,False,2021,3.0,0.1,
cerebrovascular,Hi06,Hi06_脳血管疾患,female,a05_09,5-9歳,5,9,False,False,2022,1.0,0.0,
cerebrovascular,Hi06,Hi06_脳血管疾患,female,a05_09,5-9歳,5,9,False,False,2023,2.0,0.1,
cerebrovascular,Hi06,Hi06_脳血管疾患,female,a05_09,5-9歳,5,9,False,False,2024,5.0,0.2,
cerebrovascular,Hi06,Hi06_脳血管疾患,female,a10_14,10-14歳,10,14,False,False,1950,41.0,1.0,
cerebrovascular,Hi06,Hi06_脳血管疾患,female,a10_14,10-14歳,10,14,False,False,1955,29.0,0.6,
cerebrovascular,Hi06,Hi06_脳血管疾患,female,a10_14,10-14歳,10,14,False,False,1960,20.0,0.4,
cerebrovascular,Hi06,Hi06_脳血管疾患,female,a10_14,10-14歳,10,14,False,False,1965,29.0,0.6,
cerebrovascular,Hi06,Hi06_脳血管疾患,female,a10_14,10-14歳,10,14,False,False,1970,17.0,0.4,
cerebrovascular,Hi06,Hi06_脳血管疾患,female,a10_14,10-14歳,10,14,False,False,1975,18.0,0.4,
cerebrovascular,Hi06,Hi06_脳血管疾患,female,a10_14,10-14歳,10,14,False,False,1980,18.0,0.4,
cerebrovascular,Hi06,Hi06_脳血管疾患,female,a10_14,10-14歳,10,14,False,False,1985,13.0,0.3,
cerebrovascular,Hi06,Hi06_脳血管疾患,female,a10_14,10-14歳,10,14,False,False,1990,9.0,0.2,
cerebrovascular,Hi06,Hi06_脳血管疾患,female,a10_14,10-14歳,10,14,False,False,1995,6.0,0.2,
cerebrovascular,Hi06,Hi06_脳血管疾患,female,a10_14,10-14歳,10,14,False,False,2000,14.0,0.4,3197.0
cerebrovascular,Hi06,Hi06_脳血管疾患,female,a10_14,10-14歳,10,14,False,False,2005,5.0,0.2,
cerebrovascular,Hi06,Hi06_脳血管疾患,female,a10_14,10-14歳,10,14,False,False,2010,9.0,0.3,
cerebrovascular,Hi06,Hi06_脳血管疾患,female,a10_14,10-14歳,10,14,False,False,2013,7.0,0.2,2823.0
cerebrovascular,Hi06,Hi06_脳血管疾患,female,a10_14,10-14歳,10,14,False,False,2014,9.0,0.3,2786.0
cerebrovascular,Hi06,Hi06_脳血管疾患,female,a10_14,10-14歳,10,14,False,False,2015,8.0,0.3,
cerebrovascular,Hi06,Hi06_脳血管疾患,female,a10_14,10-14歳,10,14,False,False,2016,4.0,0.1,2693.0
cerebrovascular,Hi06,Hi06_脳血管疾患,female,a10_14,10-14歳,10,14,False,False,2017,4.0,0.2,2656.0
cerebrovascular,Hi06,Hi06_脳血管疾患,female,a10_14,10-14歳,10,14,False,False,2018,10.0,0.4,2641.0
cerebrovascular,Hi06,Hi06_脳血管疾患,female,a10_14,10-14歳,10,14,False,False,2019,10.0,0.4,2622.0
cerebrovascular,Hi06,Hi06_脳血管疾患,female,a10_14,10-14歳,10,14,False,False,2020,8.0,0.3,
cerebrovascular,Hi06,Hi06_脳血管疾患,female,a10_14,10-14歳,10,14,False,False,2021,4.0,0.2,
cerebrovascular,Hi06,Hi06_脳血管疾患,female,a10_14,10-14歳,10,14,False,False,2022,6.0,0.2,
cerebrovascular,Hi06,Hi06_脳血管疾患,female,a10_14,10-14歳,10,14,False,False,2023,3.0,0.1,
cerebrovascular,Hi06,Hi06_脳血管疾患,female,a10_14,10-14歳,10,14,False,False,2024,5.0,0.2,
cerebrovascular,Hi06,Hi06_脳血管疾患,female,a15_19,15-19歳,15,19,False,False,1950,82.0,1.9,
cerebrovascular,Hi06,Hi06_脳血管疾患,female,a15_19,15-19歳,15,19,False,False,1955,35.0,0.8,
cerebrovascular,Hi06,Hi06_脳血管疾患,female,a15_19,15-19歳,15,19,False,False,1960,46.0,1.0,
cerebrovascular,Hi06,Hi06_脳血管疾患,female,a15_19,15-19歳,15,19,False,False,1965,36.0,0.7,
cerebrovascular,Hi06,Hi06_脳血管疾患,female,a15_19,15-19歳,15,19,False,False,1970,48.0,1.1,
cerebrovascular,Hi06,Hi06_脳血管疾患,female,a15_19,15-19歳,15,19,False,False,1975,33.0,0.9,
cerebrovascular,Hi06,Hi06_脳血管疾患,female,a15_19,15-19歳,15,19,False,False,1980,19.0,0.5,
cerebrovascular,Hi06,Hi06_脳血管疾患,female,a15_19,15-19歳,15,19,False,False,1985,24.0,0.6,
cerebrovascular,Hi06,Hi06_脳血管疾患,female,a15_19,15-19歳,15,19,False,False,1990,13.0,0.3,
cerebrovascular,Hi06,Hi06_脳血管疾患,female,a15_19,15-19歳,15,19,False,False,1995,16.0,0.4,
cerebrovascular,Hi06,Hi06_脳血管疾患,female,a15_19,15-19歳,15,19,False,False,2000,13.0,0.4,3659.0
cerebrovascular,Hi06,Hi06_脳血管疾患,female,a15_19,15-19歳,15,19,False,False,2005,11.0,0.3,
cerebrovascular,Hi06,Hi06_脳血管疾患,female,a15_19,15-19歳,15,19,False,False,2010,5.0,0.2,
cerebrovascular,Hi06,Hi06_脳血管疾患,female,a15_19,15-19歳,15,19,False,False,2013,5.0,0.2,2949.0
cerebrovascular,Hi06,Hi06_脳血管疾患,female,a15_19,15-19歳,15,19,False,False,2014,5.0,0.2,2930.0
cerebrovascular,Hi06,Hi06_脳血管疾患,female,a15_19,15-19歳,15,19,False,False,2015,7.0,0.2,
cerebrovascular,Hi06,Hi06_脳血管疾患,female,a15_19,15-19歳,15,19,False,False,2016,7.0,0.2,2936.0
cerebrovascular,Hi06,Hi06_脳血管疾患,female,a15_19,15-19歳,15,19,False,False,2017,6.0,0.2,2916.0
cerebrovascular,Hi06,Hi06_脳血管疾患,female,a15_19,15-19歳,15,19,False,False,2018,12.0,0.4,2876.0
cerebrovascular,Hi06,Hi06_脳血管疾患,female,a15_19,15-19歳,15,19,False,False,2019,3.0,0.1,2843.0
cerebrovascular,Hi06,Hi06_脳血管疾患,female,a15_19,15-19歳,15,19,False,False,2020,5.0,0.2,
cerebrovascular,Hi06,Hi06_脳血管疾患,female,a15_19,15-19歳,15,19,False,False,2021,2.0,0.1,
cerebrovascular,Hi06,Hi06_脳血管疾患,female,a15_19,15-19歳,15,19,False,False,2022,4.0,0.2,
cerebrovascular,Hi06,Hi06_脳血管疾患,female,a15_19,15-19歳,15,19,False,False,2023,9.0,0.3,
cerebrovascular,Hi06,Hi06_脳血管疾患,female,a15_19,15-19歳,15,19,False,False,2024,8.0,0.3,
cerebrovascular,Hi06,Hi06_脳血管疾患,female,a20_24,20-24歳,20,24,False,False,1950,105.0,2.7,
cerebrovascular,Hi06,Hi06_脳血管疾患,female,a20_24,20-24歳,20,24,False,False,1955,89.0,2.1,
cerebrovascular,Hi06,Hi06_脳血管疾患,female,a20_24,20-24歳,20,24,False,False,1960,71.0,1.7,
cerebrovascular,Hi06,Hi06_脳血管疾患,female,a20_24,20-24歳,20,24,False,False,1965,76.0,1.7,
cerebrovascular,Hi06,Hi06_脳血管疾患,female,a20_24,20-24歳,20,24,False,False,1970,96.0,1.8,
cerebrovascular,Hi06,Hi06_脳血管疾患,female,a20_24,20-24歳,20,24,False,False,1975,52.0,1.2,
cerebrovascular,Hi06,Hi06_脳血管疾患,female,a20_24,20-24歳,20,24,False,False,1980,37.0,1.0,
cerebrovascular,Hi06,Hi06_脳血管疾患,female,a20_24,20-24歳,20,24,False,False,1985,37.0,0.9,
cerebrovascular,Hi06,Hi06_脳血管疾患,female,a20_24,20-24歳,20,24,False,False,1990,28.0,0.7,
cerebrovascular,Hi06,Hi06_脳血管疾患,female,a20_24,20-24歳,20,24,False,False,1995,29.0,0.6,
cerebrovascular,Hi06,Hi06_脳血管疾患,female,a20_24,20-24歳,20,24,False,False,2000,18.0,0.4,4120.0
cerebrovascular,Hi06,Hi06_脳血管疾患,female,a20_24,20-24歳,20,24,False,False,2005,20.0,0.6,
cerebrovascular,Hi06,Hi06_脳血管疾患,female,a20_24,20-24歳,20,24,False,False,2010,18.0,0.6,
cerebrovascular,Hi06,Hi06_脳血管疾患,female,a20_24,20-24歳,20,24,False,False,2013,16.0,0.5,3022.0
cerebrovascular,Hi06,Hi06_脳血管疾患,female,a20_24,20-24歳,20,24,False,False,2014,10.0,0.3,3013.0
cerebrovascular,Hi06,Hi06_脳血管疾患,female,a20_24,20-24歳,20,24,False,False,2015,11.0,0.4,
cerebrovascular,Hi06,Hi06_脳血管疾患,female,a20_24,20-24歳,20,24,False,False,2016,12.0,0.4,3001.0
cerebrovascular,Hi06,Hi06_脳血管疾患,female,a20_24,20-24歳,20,24,False,False,2017,8.0,0.3,3042.0
cerebrovascular,Hi06,Hi06_脳血管疾患,female,a20_24,20-24歳,20,24,False,False,2018,7.0,0.2,3085.0
cerebrovascular,Hi06,Hi06_脳血管疾患,female,a20_24,20-24歳,20,24,False,False,2019,11.0,0.4,3101.0
cerebrovascular,Hi06,Hi06_脳血管疾患,female,a20_24,20-24歳,20,24,False,False,2020,7.0,0.2,
cerebrovascular,Hi06,Hi06_脳血管疾患,female,a20_24,20-24歳,20,24,False,False,2021,5.0,0.2,
cerebrovascular,Hi06,Hi06_脳血管疾患,female,a20_24,20-24歳,20,24,False,False,2022,11.0,0.4,
cerebrovascular,Hi06,Hi06_脳血管疾患,female,a20_24,20-24歳,20,24,False,False,2023,12.0,0.4,
cerebrovascular,Hi06,Hi06_脳血管疾患,female,a20_24,20-24歳,20,24,False,False,2024,5.0,0.2,
cerebrovascular,Hi06,Hi06_脳血管疾患,female,a25_29,25-29歳,25,29,False,False,1950,140.0,4.2,
cerebrovascular,Hi06,Hi06_脳血管疾患,female,a25_29,25-29歳,25,29,False,False,1955,125.0,3.3,
cerebrovascular,Hi06,Hi06_脳血管疾患,female,a25_29,25-29歳,25,29,False,False,1960,125.0,3.0,
cerebrovascular,Hi06,Hi06_脳血管疾患,female,a25_29,25-29歳,25,29,False,False,1965,103.0,2.4,
cerebrovascular,Hi06,Hi06_脳血管疾患,female,a25_29,25-29歳,25,29,False,False,1970,114.0,2.5,
cerebrovascular,Hi06,Hi06_脳血管疾患,female,a25_29,25-29歳,25,29,False,False,1975,98.0,1.8,
cerebrovascular,Hi06,Hi06_脳血管疾患,female,a25_29,25-29歳,25,29,False,False,1980,69.0,1.5,
cerebrovascular,Hi06,Hi06_脳血管疾患,female,a25_29,25-29歳,25,29,False,False,1985,58.0,1.5,
cerebrovascular,Hi06,Hi06_脳血管疾患,female,a25_29,25-29歳,25,29,False,False,1990,40.0,1.0,
cerebrovascular,Hi06,Hi06_脳血管疾患,female,a25_29,25-29歳,25,29,False,False,1995,44.0,1.0,
cerebrovascular,Hi06,Hi06_脳血管疾患,female,a25_29,25-29歳,25,29,False,False,2000,41.0,0.9,4831.0
cerebrovascular,Hi06,Hi06_脳血管疾患,female,a25_29,25-29歳,25,29,False,False,2005,34.0,0.9,
cerebrovascular,Hi06,Hi06_脳血管疾患,female,a25_29,25-29歳,25,29,False,False,2010,26.0,0.7,
cerebrovascular,Hi06,Hi06_脳血管疾患,female,a25_29,25-29歳,25,29,False,False,2013,25.0,0.8,3364.0
cerebrovascular,Hi06,Hi06_脳血管疾患,female,a25_29,25-29歳,25,29,False,False,2014,24.0,0.8,3264.0
cerebrovascular,Hi06,Hi06_脳血管疾患,female,a25_29,25-29歳,25,29,False,False,2015,19.0,0.6,
cerebrovascular,Hi06,Hi06_脳血管疾患,female,a25_29,25-29歳,25,29,False,False,2016,13.0,0.4,3140.0
cerebrovascular,Hi06,Hi06_脳血管疾患,female,a25_29,25-29歳,25,29,False,False,2017,20.0,0.7,3100.0
cerebrovascular,Hi06,Hi06_脳血管疾患,female,a25_29,25-29歳,25,29,False,False,2018,20.0,0.7,3074.0
cerebrovascular,Hi06,Hi06_脳血管疾患,female,a25_29,25-29歳,25,29,False,False,2019,13.0,0.5,3085.0
cerebrovascular,Hi06,Hi06_脳血管疾患,female,a25_29,25-29歳,25,29,False,False,2020,20.0,0.7,
cerebrovascular,Hi06,Hi06_脳血管疾患,female,a25_29,25-29歳,25,29,False,False,2021,13.0,0.4,
cerebrovascular,Hi06,Hi06_脳血管疾患,female,a25_29,25-29歳,25,29,False,False,2022,8.0,0.3,
cerebrovascular,Hi06,Hi06_脳血管疾患,female,a25_29,25-29歳,25,29,False,False,2023,16.0,0.5,
cerebrovascular,Hi06,Hi06_脳血管疾患,female,a25_29,25-29歳,25,29,False,False,2024,24.0,0.8,
cerebrovascular,Hi06,Hi06_脳血管疾患,female,a30_34,30-34歳,30,34,False,False,1950,211.0,7.4,
cerebrovascular,Hi06,Hi06_脳血管疾患,female,a30_34,30-34歳,30,34,False,False,1955,208.0,6.3,
cerebrovascular,Hi06,Hi06_脳血管疾患,female,a30_34,30-34歳,30,34,False,False,1960,192.0,5.1,
cerebrovascular,Hi06,Hi06_脳血管疾患,female,a30_34,30-34歳,30,34,False,False,1965,186.0,4.5,
cerebrovascular,Hi06,Hi06_脳血管疾患,female,a30_34,30-34歳,30,34,False,False,1970,202.0,4.8,
cerebrovascular,Hi06,Hi06_脳血管疾患,female,a30_34,30-34歳,30,34,False,False,1975,183.0,4.0,
cerebrovascular,Hi06,Hi06_脳血管疾患,female,a30_34,30-34歳,30,34,False,False,1980,150.0,2.8,
cerebrovascular,Hi06,Hi06_脳血管疾患,female,a30_34,30-34歳,30,34,False,False,1985,106.0,2.4,
cerebrovascular,Hi06,Hi06_脳血管疾患,female,a30_34,30-34歳,30,34,False,False,1990,70.0,1.8,
cerebrovascular,Hi06,Hi06_脳血管疾患,female,a30_34,30-34歳,30,34,False,False,1995,104.0,2.6,
cerebrovascular,Hi06,Hi06_脳血管疾患,female,a30_34,30-34歳,30,34,False,False,2000,76.0,1.8,4346.0
cerebrovascular,Hi06,Hi06_脳血管疾患,female,a30_34,30-34歳,30,34,False,False,2005,74.0,1.6,
cerebrovascular,Hi06,Hi06_脳血管疾患,female,a30_34,30-34歳,30,34,False,False,2010,55.0,1.4,
cerebrovascular,Hi06,Hi06_脳血管疾患,female,a30_34,30-34歳,30,34,False,False,2013,47.0,1.3,3757.0
cerebrovascular,Hi06,Hi06_脳血管疾患,female,a30_34,30-34歳,30,34,False,False,2014,36.0,1.0,3678.0
cerebrovascular,Hi06,Hi06_脳血管疾患,female,a30_34,30-34歳,30,34,False,False,2015,49.0,1.4,
cerebrovascular,Hi06,Hi06_脳血管疾患,female,a30_34,30-34歳,30,34,False,False,2016,37.0,1.1,3582.0
cerebrovascular,Hi06,Hi06_脳血管疾患,female,a30_34,30-34歳,30,34,False,False,2017,42.0,1.2,3517.0
cerebrovascular,Hi06,Hi06_脳血管疾患,female,a30_34,30-34歳,30,34,False,False,2018,40.0,1.2,3437.0
cerebrovascular,Hi06,Hi06_脳血管疾患,female,a30_34,30-34歳,30,34,False,False,2019,40.0,1.3,3353.0
cerebrovascular,Hi06,Hi06_脳血管疾患,female,a30_34,30-34歳,30,34,False,False,2020,29.0,0.9,
cerebrovascular,Hi06,Hi06_脳血管疾患,female,a30_34,30-34歳,30,34,False,False,2021,37.0,1.2,
cerebrovascular,Hi06,Hi06_脳血管疾患,female,a30_34,30-34歳,30,34,False,False,2022,33.0,1.1,
cerebrovascular,Hi06,Hi06_脳血管疾患,female,a30_34,30-34歳,30,34,False,False,2023,28.0,1.0,
cerebrovascular,Hi06,Hi06_脳血管疾患,female,a30_34,30-34歳,30,34,False,False,2024,23.0,0.8,
cerebrovascular,Hi06,Hi06_脳血管疾患,female,a35_39,35-39歳,35,39,False,False,1950,519.0,19.4,
cerebrovascular,Hi06,Hi06_脳血管疾患,female,a35_39,35-39歳,35,39,False,False,1955,397.0,14.2,
cerebrovascular,Hi06,Hi06_脳血管疾患,female,a35_39,35-39歳,35,39,False,False,1960,399.0,12.2,
cerebrovascular,Hi06,Hi06_脳血管疾患,female,a35_39,35-39歳,35,39,False,False,1965,388.0,10.3,
cerebrovascular,Hi06,Hi06_脳血管疾患,female,a35_39,35-39歳,35,39,False,False,1970,381.0,9.4,
cerebrovascular,Hi06,Hi06_脳血管疾患,female,a35_39,35-39歳,35,39,False,False,1975,356.0,8.5,
cerebrovascular,Hi06,Hi06_脳血管疾患,female,a35_39,35-39歳,35,39,False,False,1980,345.0,7.5,
cerebrovascular,Hi06,Hi06_脳血管疾患,female,a35_39,35-39歳,35,39,False,False,1985,290.0,5.5,
cerebrovascular,Hi06,Hi06_脳血管疾患,female,a35_39,35-39歳,35,39,False,False,1990,180.0,4.0,
cerebrovascular,Hi06,Hi06_脳血管疾患,female,a35_39,35-39歳,35,39,False,False,1995,156.0,4.1,
cerebrovascular,Hi06,Hi06_脳血管疾患,female,a35_39,35-39歳,35,39,False,False,2000,149.0,3.8,4024.0
cerebrovascular,Hi06,Hi06_脳血管疾患,female,a35_39,35-39歳,35,39,False,False,2005,145.0,3.4,
cerebrovascular,Hi06,Hi06_脳血管疾患,female,a35_39,35-39歳,35,39,False,False,2010,149.0,3.1,
cerebrovascular,Hi06,Hi06_脳血管疾患,female,a35_39,35-39歳,35,39,False,False,2013,118.0,2.7,4467.0
cerebrovascular,Hi06,Hi06_脳血管疾患,female,a35_39,35-39歳,35,39,False,False,2014,84.0,2.0,4277.0
cerebrovascular,Hi06,Hi06_脳血管疾患,female,a35_39,35-39歳,35,39,False,False,2015,101.0,2.5,
cerebrovascular,Hi06,Hi06_脳血管疾患,female,a35_39,35-39歳,35,39,False,False,2016,94.0,2.4,4008.0
cerebrovascular,Hi06,Hi06_脳血管疾患,female,a35_39,35-39歳,35,39,False,False,2017,73.0,1.9,3902.0
cerebrovascular,Hi06,Hi06_脳血管疾患,female,a35_39,35-39歳,35,39,False,False,2018,102.0,2.8,3818.0
cerebrovascular,Hi06,Hi06_脳血管疾患,female,a35_39,35-39歳,35,39,False,False,2019,88.0,2.4,3758.0
cerebrovascular,Hi06,Hi06_脳血管疾患,female,a35_39,35-39歳,35,39,False,False,2020,79.0,2.2,
cerebrovascular,Hi06,Hi06_脳血管疾患,female,a35_39,35-39歳,35,39,False,False,2021,81.0,2.3,
cerebrovascular,Hi06,Hi06_脳血管疾患,female,a35_39,35-39歳,35,39,False,False,2022,71.0,2.1,
cerebrovascular,Hi06,Hi06_脳血管疾患,female,a35_39,35-39歳,35,39,False,False,2023,73.0,2.2,
cerebrovascular,Hi06,Hi06_脳血管疾患,female,a35_39,35-39歳,35,39,False,False,2024,81.0,2.5,
cerebrovascular,Hi06,Hi06_脳血管疾患,female,a40_44,40-44歳,40,44,False,False,1950,990.0,43.3,
cerebrovascular,Hi06,Hi06_脳血管疾患,female,a40_44,40-44歳,40,44,False,False,1955,932.0,35.6,
cerebrovascular,Hi06,Hi06_脳血管疾患,female,a40_44,40-44歳,40,44,False,False,1960,807.0,29.4,
cerebrovascular,Hi06,Hi06_脳血管疾患,female,a40_44,40-44歳,40,44,False,False,1965,789.0,24.4,
cerebrovascular,Hi06,Hi06_脳血管疾患,female,a40_44,40-44歳,40,44,False,False,1970,783.0,21.4,
cerebrovascular,Hi06,Hi06_脳血管疾患,female,a40_44,40-44歳,40,44,False,False,1975,783.0,19.2,
cerebrovascular,Hi06,Hi06_脳血管疾患,female,a40_44,40-44歳,40,44,False,False,1980,638.0,15.3,
cerebrovascular,Hi06,Hi06_脳血管疾患,female,a40_44,40-44歳,40,44,False,False,1985,580.0,12.7,
cerebrovascular,Hi06,Hi06_脳血管疾患,female,a40_44,40-44歳,40,44,False,False,1990,574.0,10.9,
cerebrovascular,Hi06,Hi06_脳血管疾患,female,a40_44,40-44歳,40,44,False,False,1995,411.0,9.3,
cerebrovascular,Hi06,Hi06_脳血管疾患,female,a40_44,40-44歳,40,44,False,False,2000,300.0,7.8,3881.0
cerebrovascular,Hi06,Hi06_脳血管疾患,female,a40_44,40-44歳,40,44,False,False,2005,265.0,6.7,
cerebrovascular,Hi06,Hi06_脳血管疾患,female,a40_44,40-44歳,40,44,False,False,2010,230.0,5.4,
cerebrovascular,Hi06,Hi06_脳血管疾患,female,a40_44,40-44歳,40,44,False,False,2013,239.0,5.1,4779.0
cerebrovascular,Hi06,Hi06_脳血管疾患,female,a40_44,40-44歳,40,44,False,False,2014,249.0,5.2,4837.0
cerebrovascular,Hi06,Hi06_脳血管疾患,female,a40_44,40-44歳,40,44,False,False,2015,252.0,5.3,
cerebrovascular,Hi06,Hi06_脳血管疾患,female,a40_44,40-44歳,40,44,False,False,2016,279.0,5.9,4797.0
cerebrovascular,Hi06,Hi06_脳血管疾患,female,a40_44,40-44歳,40,44,False,False,2017,254.0,5.6,4669.0
cerebrovascular,Hi06,Hi06_脳血管疾患,female,a40_44,40-44歳,40,44,False,False,2018,209.0,4.8,4500.0
cerebrovascular,Hi06,Hi06_脳血管疾患,female,a40_44,40-44歳,40,44,False,False,2019,199.0,4.7,4322.0
cerebrovascular,Hi06,Hi06_脳血管疾患,female,a40_44,40-44歳,40,44,False,False,2020,197.0,4.9,
cerebrovascular,Hi06,Hi06_脳血管疾患,female,a40_44,40-44歳,40,44,False,False,2021,152.0,3.9,
cerebrovascular,Hi06,Hi06_脳血管疾患,female,a40_44,40-44歳,40,44,False,False,2022,180.0,4.7,
cerebrovascular,Hi06,Hi06_脳血管疾患,female,a40_44,40-44歳,40,44,False,False,2023,180.0,4.9,
cerebrovascular,Hi06,Hi06_脳血管疾患,female,a40_44,40-44歳,40,44,False,False,2024,160.0,4.4,
cerebrovascular,Hi06,Hi06_脳血管疾患,female,a45_49,45-49歳,45,49,False,False,1950,1938.0,97.6,
cerebrovascular,Hi06,Hi06_脳血管疾患,female,a45_49,45-49歳,45,49,False,False,1955,2073.0,92.9,
cerebrovascular,Hi06,Hi06_脳血管疾患,female,a45_49,45-49歳,45,49,False,False,1960,1955.0,76.4,
cerebrovascular,Hi06,Hi06_脳血管疾患,female,a45_49,45-49歳,45,49,False,False,1965,1653.0,61.3,
cerebrovascular,Hi06,Hi06_脳血管疾患,female,a45_49,45-49歳,45,49,False,False,1970,1438.0,45.2,
cerebrovascular,Hi06,Hi06_脳血管疾患,female,a45_49,45-49歳,45,49,False,False,1975,1331.0,36.1,
cerebrovascular,Hi06,Hi06_脳血管疾患,female,a45_49,45-49歳,45,49,False,False,1980,1365.0,33.8,
cerebrovascular,Hi06,Hi06_脳血管疾患,female,a45_49,45-49歳,45,49,False,False,1985,981.0,23.7,
cerebrovascular,Hi06,Hi06_脳血管疾患,female,a45_49,45-49歳,45,49,False,False,1990,878.0,19.4,
cerebrovascular,Hi06,Hi06_脳血管疾患,female,a45_49,45-49歳,45,49,False,False,1995,858.0,16.3,
cerebrovascular,Hi06,Hi06_脳血管疾患,female,a45_49,45-49歳,45,49,False,False,2000,614.0,13.9,4454.0
cerebrovascular,Hi06,Hi06_脳血管疾患,female,a45_49,45-49歳,45,49,False,False,2005,466.0,12.2,
cerebrovascular,Hi06,Hi06_脳血管疾患,female,a45_49,45-49歳,45,49,False,False,2010,421.0,10.7,
cerebrovascular,Hi06,Hi06_脳血管疾患,female,a45_49,45-49歳,45,49,False,False,2013,394.0,9.6,4178.0
cerebrovascular,Hi06,Hi06_脳血管疾患,female,a45_49,45-49歳,45,49,False,False,2014,350.0,8.3,4279.0
cerebrovascular,Hi06,Hi06_脳血管疾患,female,a45_49,45-49歳,45,49,False,False,2015,368.0,8.7,
cerebrovascular,Hi06,Hi06_脳血管疾患,female,a45_49,45-49歳,45,49,False,False,2016,375.0,8.3,4602.0
cerebrovascular,Hi06,Hi06_脳血管疾患,female,a45_49,45-49歳,45,49,False,False,2017,400.0,8.7,4692.0
cerebrovascular,Hi06,Hi06_脳血管疾患,female,a45_49,45-49歳,45,49,False,False,2018,433.0,9.2,4802.0
cerebrovascular,Hi06,Hi06_脳血管疾患,female,a45_49,45-49歳,45,49,False,False,2019,425.0,8.9,4871.0
cerebrovascular,Hi06,Hi06_脳血管疾患,female,a45_49,45-49歳,45,49,False,False,2020,439.0,9.2,
cerebrovascular,Hi06,Hi06_脳血管疾患,female,a45_49,45-49歳,45,49,False,False,2021,400.0,8.5,
cerebrovascular,Hi06,Hi06_脳血管疾患,female,a45_49,45-49歳,45,49,False,False,2022,409.0,9.0,
cerebrovascular,Hi06,Hi06_脳血管疾患,female,a45_49,45-49歳,45,49,False,False,2023,353.0,8.0,
cerebrovascular,Hi06,Hi06_脳血管疾患,female,a45_49,45-49歳,45,49,False,False,2024,338.0,8.0,
cerebrovascular,Hi06,Hi06_脳血管疾患,female,a50_54,50-54歳,50,54,False,False,1950,3227.0,193.3,
cerebrovascular,Hi06,Hi06_脳血管疾患,female,a50_54,50-54歳,50,54,False,False,1955,3576.0,186.2,
cerebrovascular,Hi06,Hi06_脳血管疾患,female,a50_54,50-54歳,50,54,False,False,1960,3475.0,160.8,
cerebrovascular,Hi06,Hi06_脳血管疾患,female,a50_54,50-54歳,50,54,False,False,1965,3023.0,121.6,
cerebrovascular,Hi06,Hi06_脳血管疾患,female,a50_54,50-54歳,50,54,False,False,1970,2457.0,93.2,
cerebrovascular,Hi06,Hi06_脳血管疾患,female,a50_54,50-54歳,50,54,False,False,1975,2159.0,68.5,
cerebrovascular,Hi06,Hi06_脳血管疾患,female,a50_54,50-54歳,50,54,False,False,1980,1888.0,51.9,
cerebrovascular,Hi06,Hi06_脳血管疾患,female,a50_54,50-54歳,50,54,False,False,1985,1668.0,42.0,
cerebrovascular,Hi06,Hi06_脳血管疾患,female,a50_54,50-54歳,50,54,False,False,1990,1219.0,29.9,
cerebrovascular,Hi06,Hi06_脳血管疾患,female,a50_54,50-54歳,50,54,False,False,1995,1176.0,26.3,
cerebrovascular,Hi06,Hi06_脳血管疾患,female,a50_54,50-54歳,50,54,False,False,2000,1188.0,22.8,5238.0
cerebrovascular,Hi06,Hi06_脳血管疾患,female,a50_54,50-54歳,50,54,False,False,2005,841.0,19.2,
cerebrovascular,Hi06,Hi06_脳血管疾患,female,a50_54,50-54歳,50,54,False,False,2010,650.0,17.1,
cerebrovascular,Hi06,Hi06_脳血管疾患,female,a50_54,50-54歳,50,54,False,False,2013,506.0,13.3,3863.0
cerebrovascular,Hi06,Hi06_脳血管疾患,female,a50_54,50-54歳,50,54,False,False,2014,567.0,14.8,3888.0
cerebrovascular,Hi06,Hi06_脳血管疾患,female,a50_54,50-54歳,50,54,False,False,2015,515.0,13.1,
cerebrovascular,Hi06,Hi06_脳血管疾患,female,a50_54,50-54歳,50,54,False,False,2016,507.0,13.1,3939.0
cerebrovascular,Hi06,Hi06_脳血管疾患,female,a50_54,50-54歳,50,54,False,False,2017,546.0,13.7,4066.0
cerebrovascular,Hi06,Hi06_脳血管疾患,female,a50_54,50-54歳,50,54,False,False,2018,509.0,12.5,4170.0
cerebrovascular,Hi06,Hi06_脳血管疾患,female,a50_54,50-54歳,50,54,False,False,2019,530.0,12.7,4277.0
cerebrovascular,Hi06,Hi06_脳血管疾患,female,a50_54,50-54歳,50,54,False,False,2020,594.0,14.0,
cerebrovascular,Hi06,Hi06_脳血管疾患,female,a50_54,50-54歳,50,54,False,False,2021,559.0,12.5,
cerebrovascular,Hi06,Hi06_脳血管疾患,female,a50_54,50-54歳,50,54,False,False,2022,579.0,12.7,
cerebrovascular,Hi06,Hi06_脳血管疾患,female,a50_54,50-54歳,50,54,False,False,2023,614.0,13.1,
cerebrovascular,Hi06,Hi06_脳血管疾患,female,a50_54,50-54歳,50,54,False,False,2024,590.0,12.5,
cerebrovascular,Hi06,Hi06_脳血管疾患,female,a55_59,55-59歳,55,59,False,False,1950,4384.0,319.9,
cerebrovascular,Hi06,Hi06_脳血管疾患,female,a55_59,55-59歳,55,59,False,False,1955,4820.0,301.7,
cerebrovascular,Hi06,Hi06_脳血管疾患,female,a55_59,55-59歳,55,59,False,False,1960,5094.0,277.0,
cerebrovascular,Hi06,Hi06_脳血管疾患,female,a55_59,55-59歳,55,59,False,False,1965,4596.0,221.9,
cerebrovascular,Hi06,Hi06_脳血管疾患,female,a55_59,55-59歳,55,59,False,False,1970,4060.0,171.1,
cerebrovascular,Hi06,Hi06_脳血管疾患,female,a55_59,55-59歳,55,59,False,False,1975,3132.0,120.9,
cerebrovascular,Hi06,Hi06_脳血管疾患,female,a55_59,55-59歳,55,59,False,False,1980,2602.0,84.3,
cerebrovascular,Hi06,Hi06_脳血管疾患,female,a55_59,55-59歳,55,59,False,False,1985,2068.0,57.9,
cerebrovascular,Hi06,Hi06_脳血管疾患,female,a55_59,55-59歳,55,59,False,False,1990,1693.0,43.1,
cerebrovascular,Hi06,Hi06_脳血管疾患,female,a55_59,55-59歳,55,59,False,False,1995,1636.0,40.6,
cerebrovascular,Hi06,Hi06_脳血管疾患,female,a55_59,55-59歳,55,59,False,False,2000,1444.0,32.6,4449.0
cerebrovascular,Hi06,Hi06_脳血管疾患,female,a55_59,55-59歳,55,59,False,False,2005,1384.0,26.8,
cerebrovascular,Hi06,Hi06_脳血管疾患,female,a55_59,55-59歳,55,59,False,False,2010,848.0,19.5,
cerebrovascular,Hi06,Hi06_脳血管疾患,female,a55_59,55-59歳,55,59,False,False,2013,765.0,19.9,3892.0
cerebrovascular,Hi06,Hi06_脳血管疾患,female,a55_59,55-59歳,55,59,False,False,2014,650.0,17.1,3853.0
cerebrovascular,Hi06,Hi06_脳血管疾患,female,a55_59,55-59歳,55,59,False,False,2015,610.0,16.2,
cerebrovascular,Hi06,Hi06_脳血管疾患,female,a55_59,55-59歳,55,59,False,False,2016,674.0,18.0,3788.0
cerebrovascular,Hi06,Hi06_脳血管疾患,female,a55_59,55-59歳,55,59,False,False,2017,574.0,15.3,3810.0
cerebrovascular,Hi06,Hi06_脳血管疾患,female,a55_59,55-59歳,55,59,False,False,2018,607.0,16.1,3840.0
cerebrovascular,Hi06,Hi06_脳血管疾患,female,a55_59,55-59歳,55,59,False,False,2019,598.0,15.7,3872.0
cerebrovascular,Hi06,Hi06_脳血管疾患,female,a55_59,55-59歳,55,59,False,False,2020,615.0,15.8,
cerebrovascular,Hi06,Hi06_脳血管疾患,female,a55_59,55-59歳,55,59,False,False,2021,571.0,14.9,
cerebrovascular,Hi06,Hi06_脳血管疾患,female,a55_59,55-59歳,55,59,False,False,2022,606.0,15.3,
cerebrovascular,Hi06,Hi06_脳血管疾患,female,a55_59,55-59歳,55,59,False,False,2023,610.0,15.1,
cerebrovascular,Hi06,Hi06_脳血管疾患,female,a55_59,55-59歳,55,59,False,False,2024,638.0,15.4,
cerebrovascular,Hi06,Hi06_脳血管疾患,female,a60_64,60-64歳,60,64,False,False,1950,6426.0,538.0,
cerebrovascular,Hi06,Hi06_脳血管疾患,female,a60_64,60-64歳,60,64,False,False,1955,6505.0,512.3,
cerebrovascular,Hi06,Hi06_脳血管疾患,female,a60_64,60-64歳,60,64,False,False,1960,7247.0,485.1,
cerebrovascular,Hi06,Hi06_脳血管疾患,female,a60_64,60-64歳,60,64,False,False,1965,7383.0,429.4,
cerebrovascular,Hi06,Hi06_脳血管疾患,female,a60_64,60-64歳,60,64,False,False,1970,6519.0,331.9,
cerebrovascular,Hi06,Hi06_脳血管疾患,female,a60_64,60-64歳,60,64,False,False,1975,5472.0,233.9,
cerebrovascular,Hi06,Hi06_脳血管疾患,female,a60_64,60-64歳,60,64,False,False,1980,4034.0,160.7,
cerebrovascular,Hi06,Hi06_脳血管疾患,female,a60_64,60-64歳,60,64,False,False,1985,3045.0,101.1,
cerebrovascular,Hi06,Hi06_脳血管疾患,female,a60_64,60-64歳,60,64,False,False,1990,2458.0,70.2,
cerebrovascular,Hi06,Hi06_脳血管疾患,female,a60_64,60-64歳,60,64,False,False,1995,2559.0,66.5,
cerebrovascular,Hi06,Hi06_脳血管疾患,female,a60_64,60-64歳,60,64,False,False,2000,1877.0,47.3,3991.0
cerebrovascular,Hi06,Hi06_脳血管疾患,female,a60_64,60-64歳,60,64,False,False,2005,1764.0,40.3,
cerebrovascular,Hi06,Hi06_脳血管疾患,female,a60_64,60-64歳,60,64,False,False,2010,1546.0,30.2,
cerebrovascular,Hi06,Hi06_脳血管疾患,female,a60_64,60-64歳,60,64,False,False,2013,1278.0,26.1,4926.0
cerebrovascular,Hi06,Hi06_脳血管疾患,female,a60_64,60-64歳,60,64,False,False,2014,1169.0,25.7,4574.0
cerebrovascular,Hi06,Hi06_脳血管疾患,female,a60_64,60-64歳,60,64,False,False,2015,1046.0,24.3,
cerebrovascular,Hi06,Hi06_脳血管疾患,female,a60_64,60-64歳,60,64,False,False,2016,964.0,23.5,4140.0
cerebrovascular,Hi06,Hi06_脳血管疾患,female,a60_64,60-64歳,60,64,False,False,2017,930.0,23.7,3957.0
cerebrovascular,Hi06,Hi06_脳血管疾患,female,a60_64,60-64歳,60,64,False,False,2018,896.0,23.5,3847.0
cerebrovascular,Hi06,Hi06_脳血管疾患,female,a60_64,60-64歳,60,64,False,False,2019,805.0,21.4,3811.0
cerebrovascular,Hi06,Hi06_脳血管疾患,female,a60_64,60-64歳,60,64,False,False,2020,821.0,22.1,
cerebrovascular,Hi06,Hi06_脳血管疾患,female,a60_64,60-64歳,60,64,False,False,2021,796.0,21.6,
cerebrovascular,Hi06,Hi06_脳血管疾患,female,a60_64,60-64歳,60,64,False,False,2022,755.0,20.4,
cerebrovascular,Hi06,Hi06_脳血管疾患,female,a60_64,60-64歳,60,64,False,False,2023,801.0,21.5,
cerebrovascular,Hi06,Hi06_脳血管疾患,female,a60_64,60-64歳,60,64,False,False,2024,733.0,19.5,
cerebrovascular,Hi06,Hi06_脳血管疾患,female,a65_69,65-69歳,65,69,False,False,1950,9283.0,952.3,
cerebrovascular,Hi06,Hi06_脳血管疾患,female,a65_69,65-69歳,65,69,False,False,1955,9195.0,877.4,
cerebrovascular,Hi06,Hi06_脳血管疾患,female,a65_69,65-69歳,65,69,False,False,1960,10057.0,887.3,
cerebrovascular,Hi06,Hi06_脳血管疾患,female,a65_69,65-69歳,65,69,False,False,1965,11005.0,819.2,
cerebrovascular,Hi06,Hi06_脳血管疾患,female,a65_69,65-69歳,65,69,False,False,1970,10533.0,666.5,
cerebrovascular,Hi06,Hi06_脳血管疾患,female,a65_69,65-69歳,65,69,False,False,1975,8525.0,455.4,
cerebrovascular,Hi06,Hi06_脳血管疾患,female,a65_69,65-69歳,65,69,False,False,1980,7143.0,322.8,
cerebrovascular,Hi06,Hi06_脳血管疾患,female,a65_69,65-69歳,65,69,False,False,1985,4618.0,192.9,
cerebrovascular,Hi06,Hi06_脳血管疾患,female,a65_69,65-69歳,65,69,False,False,1990,3693.0,127.3,
cerebrovascular,Hi06,Hi06_脳血管疾患,female,a65_69,65-69歳,65,69,False,False,1995,3872.0,114.4,
cerebrovascular,Hi06,Hi06_脳血管疾患,female,a65_69,65-69歳,65,69,False,False,2000,3196.0,85.5,3753.0
cerebrovascular,Hi06,Hi06_脳血管疾患,female,a65_69,65-69歳,65,69,False,False,2005,2560.0,66.0,
cerebrovascular,Hi06,Hi06_脳血管疾患,female,a65_69,65-69歳,65,69,False,False,2010,2078.0,48.4,
cerebrovascular,Hi06,Hi06_脳血管疾患,female,a65_69,65-69歳,65,69,False,False,2013,1885.0,42.0,4516.0
cerebrovascular,Hi06,Hi06_脳血管疾患,female,a65_69,65-69歳,65,69,False,False,2014,1807.0,38.3,4741.0
cerebrovascular,Hi06,Hi06_脳血管疾患,female,a65_69,65-69歳,65,69,False,False,2015,1771.0,35.3,
cerebrovascular,Hi06,Hi06_脳血管疾患,female,a65_69,65-69歳,65,69,False,False,2016,1863.0,35.3,5300.0
cerebrovascular,Hi06,Hi06_脳血管疾患,female,a65_69,65-69歳,65,69,False,False,2017,1859.0,36.5,5116.0
cerebrovascular,Hi06,Hi06_脳血管疾患,female,a65_69,65-69歳,65,69,False,False,2018,1663.0,34.6,4827.0
cerebrovascular,Hi06,Hi06_脳血管疾患,female,a65_69,65-69歳,65,69,False,False,2019,1487.0,33.3,4482.0
cerebrovascular,Hi06,Hi06_脳血管疾患,female,a65_69,65-69歳,65,69,False,False,2020,1370.0,32.6,
cerebrovascular,Hi06,Hi06_脳血管疾患,female,a65_69,65-69歳,65,69,False,False,2021,1240.0,31.0,
cerebrovascular,Hi06,Hi06_脳血管疾患,female,a65_69,65-69歳,65,69,False,False,2022,1194.0,31.2,
cerebrovascular,Hi06,Hi06_脳血管疾患,female,a65_69,65-69歳,65,69,False,False,2023,1275.0,34.3,
cerebrovascular,Hi06,Hi06_脳血管疾患,female,a65_69,65-69歳,65,69,False,False,2024,1135.0,30.8,
cerebrovascular,Hi06,Hi06_脳血管疾患,female,a70_74,70-74歳,70,74,False,False,1950,10945.0,1476.4,
cerebrovascular,Hi06,Hi06_脳血管疾患,female,a70_74,70-74歳,70,74,False,False,1955,11658.0,1459.3,
cerebrovascular,Hi06,Hi06_脳血管疾患,female,a70_74,70-74歳,70,74,False,False,1960,13644.0,1567.8,
cerebrovascular,Hi06,Hi06_脳血管疾患,female,a70_74,70-74歳,70,74,False,False,1965,14398.0,1506.7,
cerebrovascular,Hi06,Hi06_脳血管疾患,female,a70_74,70-74歳,70,74,False,False,1970,15227.0,1302.1,
cerebrovascular,Hi06,Hi06_脳血管疾患,female,a70_74,70-74歳,70,74,False,False,1975,13931.0,978.3,
cerebrovascular,Hi06,Hi06_脳血管疾患,female,a70_74,70-74歳,70,74,False,False,1980,11430.0,672.3,
cerebrovascular,Hi06,Hi06_脳血管疾患,female,a70_74,70-74歳,70,74,False,False,1985,8394.0,410.2,
cerebrovascular,Hi06,Hi06_脳血管疾患,female,a70_74,70-74歳,70,74,False,False,1990,6097.0,270.6,
cerebrovascular,Hi06,Hi06_脳血管疾患,female,a70_74,70-74歳,70,74,False,False,1995,6593.0,240.3,
cerebrovascular,Hi06,Hi06_脳血管疾患,female,a70_74,70-74歳,70,74,False,False,2000,5417.0,168.1,3234.0
cerebrovascular,Hi06,Hi06_脳血管疾患,female,a70_74,70-74歳,70,74,False,False,2005,4586.0,127.6,
cerebrovascular,Hi06,Hi06_脳血管疾患,female,a70_74,70-74歳,70,74,False,False,2010,3283.0,87.5,
cerebrovascular,Hi06,Hi06_脳血管疾患,female,a70_74,70-74歳,70,74,False,False,2013,2876.0,71.2,4060.0
cerebrovascular,Hi06,Hi06_脳血管疾患,female,a70_74,70-74歳,70,74,False,False,2014,2879.0,68.2,4239.0
cerebrovascular,Hi06,Hi06_脳血管疾患,female,a70_74,70-74歳,70,74,False,False,2015,2850.0,68.8,
cerebrovascular,Hi06,Hi06_脳血管疾患,female,a70_74,70-74歳,70,74,False,False,2016,2540.0,64.5,3953.0
cerebrovascular,Hi06,Hi06_脳血管疾患,female,a70_74,70-74歳,70,74,False,False,2017,2458.0,59.9,4115.0
cerebrovascular,Hi06,Hi06_脳血管疾患,female,a70_74,70-74歳,70,74,False,False,2018,2723.0,62.7,4356.0
cerebrovascular,Hi06,Hi06_脳血管疾患,female,a70_74,70-74歳,70,74,False,False,2019,2569.0,56.2,4576.0
cerebrovascular,Hi06,Hi06_脳血管疾患,female,a70_74,70-74歳,70,74,False,False,2020,2637.0,54.6,
cerebrovascular,Hi06,Hi06_脳血管疾患,female,a70_74,70-74歳,70,74,False,False,2021,2816.0,55.4,
cerebrovascular,Hi06,Hi06_脳血管疾患,female,a70_74,70-74歳,70,74,False,False,2022,2863.0,58.4,
cerebrovascular,Hi06,Hi06_脳血管疾患,female,a70_74,70-74歳,70,74,False,False,2023,2700.0,58.4,
cerebrovascular,Hi06,Hi06_脳血管疾患,female,a70_74,70-74歳,70,74,False,False,2024,2485.0,57.9,
cerebrovascular,Hi06,Hi06_脳血管疾患,female,a75_79,75-79歳,75,79,False,False,1950,8617.0,2061.7,
cerebrovascular,Hi06,Hi06_脳血管疾患,female,a75_79,75-79歳,75,79,False,False,1955,10656.0,1996.8,
cerebrovascular,Hi06,Hi06_脳血管疾患,female,a75_79,75-79歳,75,79,False,False,1960,13832.0,2393.2,
cerebrovascular,Hi06,Hi06_脳血管疾患,female,a75_79,75-79歳,75,79,False,False,1965,16425.0,2550.3,
cerebrovascular,Hi06,Hi06_脳血管疾患,female,a75_79,75-79歳,75,79,False,False,1970,17526.0,2384.1,
cerebrovascular,Hi06,Hi06_脳血管疾患,female,a75_79,75-79歳,75,79,False,False,1975,18298.0,1925.0,
cerebrovascular,Hi06,Hi06_脳血管疾患,female,a75_79,75-79歳,75,79,False,False,1980,17062.0,1439.9,
cerebrovascular,Hi06,Hi06_脳血管疾患,female,a75_79,75-79歳,75,79,False,False,1985,13102.0,911.3,
cerebrovascular,Hi06,Hi06_脳血管疾患,female,a75_79,75-79歳,75,79,False,False,1990,10968.0,603.3,
cerebrovascular,Hi06,Hi06_脳血管疾患,female,a75_79,75-79歳,75,79,False,False,1995,10797.0,533.9,
cerebrovascular,Hi06,Hi06_脳血管疾患,female,a75_79,75-79歳,75,79,False,False,2000,9034.0,358.7,2528.0
cerebrovascular,Hi06,Hi06_脳血管疾患,female,a75_79,75-79歳,75,79,False,False,2005,7956.0,264.8,
cerebrovascular,Hi06,Hi06_脳血管疾患,female,a75_79,75-79歳,75,79,False,False,2010,6347.0,187.8,
cerebrovascular,Hi06,Hi06_脳血管疾患,female,a75_79,75-79歳,75,79,False,False,2013,5386.0,153.2,3529.0
cerebrovascular,Hi06,Hi06_脳血管疾患,female,a75_79,75-79歳,75,79,False,False,2014,5167.0,148.2,3501.0
cerebrovascular,Hi06,Hi06_脳血管疾患,female,a75_79,75-79歳,75,79,False,False,2015,4958.0,140.7,
cerebrovascular,Hi06,Hi06_脳血管疾患,female,a75_79,75-79歳,75,79,False,False,2016,4672.0,129.6,3620.0
cerebrovascular,Hi06,Hi06_脳血管疾患,female,a75_79,75-79歳,75,79,False,False,2017,4590.0,123.6,3728.0
cerebrovascular,Hi06,Hi06_脳血管疾患,female,a75_79,75-79歳,75,79,False,False,2018,4451.0,116.7,3827.0
cerebrovascular,Hi06,Hi06_脳血管疾患,female,a75_79,75-79歳,75,79,False,False,2019,4659.0,116.9,3997.0
cerebrovascular,Hi06,Hi06_脳血管疾患,female,a75_79,75-79歳,75,79,False,False,2020,4394.0,112.7,
cerebrovascular,Hi06,Hi06_脳血管疾患,female,a75_79,75-79歳,75,79,False,False,2021,4177.0,112.8,
cerebrovascular,Hi06,Hi06_脳血管疾患,female,a75_79,75-79歳,75,79,False,False,2022,4367.0,113.2,
cerebrovascular,Hi06,Hi06_脳血管疾患,female,a75_79,75-79歳,75,79,False,False,2023,4407.0,107.8,
cerebrovascular,Hi06,Hi06_脳血管疾患,female,a75_79,75-79歳,75,79,False,False,2024,4493.0,104.5,
cerebrovascular,Hi06,Hi06_脳血管疾患,female,a80_84,80-84歳,80,84,False,False,1950,4709.0,2613.3,
cerebrovascular,Hi06,Hi06_脳血管疾患,female,a80_84,80-84歳,80,84,False,False,1955,5890.0,2408.1,
cerebrovascular,Hi06,Hi06_脳血管疾患,female,a80_84,80-84歳,80,84,False,False,1960,9595.0,3057.9,
cerebrovascular,Hi06,Hi06_脳血管疾患,female,a80_84,80-84歳,80,84,False,False,1965,12635.0,3703.4,
cerebrovascular,Hi06,Hi06_脳血管疾患,female,a80_84,80-84歳,80,84,False,False,1970,14854.0,3644.6,
cerebrovascular,Hi06,Hi06_脳血管疾患,female,a80_84,80-84歳,80,84,False,False,1975,16478.0,3294.8,
cerebrovascular,Hi06,Hi06_脳血管疾患,female,a80_84,80-84歳,80,84,False,False,1980,17949.0,2661.2,
cerebrovascular,Hi06,Hi06_脳血管疾患,female,a80_84,80-84歳,80,84,False,False,1985,16357.0,1818.7,
cerebrovascular,Hi06,Hi06_脳血管疾患,female,a80_84,80-84歳,80,84,False,False,1990,14515.0,1258.6,
cerebrovascular,Hi06,Hi06_脳血管疾患,female,a80_84,80-84歳,80,84,False,False,1995,17313.0,1175.9,
cerebrovascular,Hi06,Hi06_脳血管疾患,female,a80_84,80-84歳,80,84,False,False,2000,13570.0,800.0,1701.0
cerebrovascular,Hi06,Hi06_脳血管疾患,female,a80_84,80-84歳,80,84,False,False,2005,12960.0,592.4,
cerebrovascular,Hi06,Hi06_脳血管疾患,female,a80_84,80-84歳,80,84,False,False,2010,11013.0,413.5,
cerebrovascular,Hi06,Hi06_脳血管疾患,female,a80_84,80-84歳,80,84,False,False,2013,10390.0,362.7,2874.0
cerebrovascular,Hi06,Hi06_脳血管疾患,female,a80_84,80-84歳,80,84,False,False,2014,9845.0,337.6,2925.0
cerebrovascular,Hi06,Hi06_脳血管疾患,female,a80_84,80-84歳,80,84,False,False,2015,9489.0,316.1,
cerebrovascular,Hi06,Hi06_脳血管疾患,female,a80_84,80-84歳,80,84,False,False,2016,9112.0,296.3,3086.0
cerebrovascular,Hi06,Hi06_脳血管疾患,female,a80_84,80-84歳,80,84,False,False,2017,8998.0,287.8,3138.0
cerebrovascular,Hi06,Hi06_脳血管疾患,female,a80_84,80-84歳,80,84,False,False,2018,8625.0,274.4,3155.0
cerebrovascular,Hi06,Hi06_脳血管疾患,female,a80_84,80-84歳,80,84,False,False,2019,8149.0,261.3,3131.0
cerebrovascular,Hi06,Hi06_脳血管疾患,female,a80_84,80-84歳,80,84,False,False,2020,7615.0,241.1,
cerebrovascular,Hi06,Hi06_脳血管疾患,female,a80_84,80-84歳,80,84,False,False,2021,7492.0,231.3,
cerebrovascular,Hi06,Hi06_脳血管疾患,female,a80_84,80-84歳,80,84,False,False,2022,7842.0,235.1,
cerebrovascular,Hi06,Hi06_脳血管疾患,female,a80_84,80-84歳,80,84,False,False,2023,7589.0,221.8,
cerebrovascular,Hi06,Hi06_脳血管疾患,female,a80_84,80-84歳,80,84,False,False,2024,7753.0,217.3,
cerebrovascular,Hi06,Hi06_脳血管疾患,female,a85_89,85-89歳,85,89,False,False,1950,1508.0,2764.6,
cerebrovascular,Hi06,Hi06_脳血管疾患,female,a85_89,85-89歳,85,89,False,False,1955,2114.0,2727.6,
cerebrovascular,Hi06,Hi06_脳血管疾患,female,a85_89,85-89歳,85,89,False,False,1960,3677.0,3416.7,
cerebrovascular,Hi06,Hi06_脳血管疾患,female,a85_89,85-89歳,85,89,False,False,1965,5775.0,4153.7,
cerebrovascular,Hi06,Hi06_脳血管疾患,female,a85_89,85-89歳,85,89,False,False,1970,7591.0,4807.9,
cerebrovascular,Hi06,Hi06_脳血管疾患,female,a85_89,85-89歳,85,89,False,False,1975,9932.0,4780.1,
cerebrovascular,Hi06,Hi06_脳血管疾患,female,a85_89,85-89歳,85,89,False,False,1980,11097.0,4097.8,
cerebrovascular,Hi06,Hi06_脳血管疾患,female,a85_89,85-89歳,85,89,False,False,1985,12493.0,3163.6,
cerebrovascular,Hi06,Hi06_脳血管疾患,female,a85_89,85-89歳,85,89,False,False,1990,13736.0,2466.1,
cerebrovascular,Hi06,Hi06_脳血管疾患,female,a85_89,85-89歳,85,89,False,False,1995,17682.0,2287.2,
cerebrovascular,Hi06,Hi06_脳血管疾患,female,a85_89,85-89歳,85,89,False,False,2000,16748.0,1589.3,1056.0
cerebrovascular,Hi06,Hi06_脳血管疾患,female,a85_89,85-89歳,85,89,False,False,2005,15641.0,1208.9,
cerebrovascular,Hi06,Hi06_脳血管疾患,female,a85_89,85-89歳,85,89,False,False,2010,15017.0,883.9,
cerebrovascular,Hi06,Hi06_脳血管疾患,female,a85_89,85-89歳,85,89,False,False,2013,15284.0,783.8,1956.0
cerebrovascular,Hi06,Hi06_脳血管疾患,female,a85_89,85-89歳,85,89,False,False,2014,14439.0,712.0,2033.0
cerebrovascular,Hi06,Hi06_脳血管疾患,female,a85_89,85-89歳,85,89,False,False,2015,14220.0,682.5,
cerebrovascular,Hi06,Hi06_脳血管疾患,female,a85_89,85-89歳,85,89,False,False,2016,13424.0,624.4,2155.0
cerebrovascular,Hi06,Hi06_脳血管疾患,female,a85_89,85-89歳,85,89,False,False,2017,13643.0,615.3,2228.0
cerebrovascular,Hi06,Hi06_脳血管疾患,female,a85_89,85-89歳,85,89,False,False,2018,13409.0,587.3,2296.0
cerebrovascular,Hi06,Hi06_脳血管疾患,female,a85_89,85-89歳,85,89,False,False,2019,13015.0,558.1,2346.0
cerebrovascular,Hi06,Hi06_脳血管疾患,female,a85_89,85-89歳,85,89,False,False,2020,12315.0,510.9,
cerebrovascular,Hi06,Hi06_脳血管疾患,female,a85_89,85-89歳,85,89,False,False,2021,12423.0,501.6,
cerebrovascular,Hi06,Hi06_脳血管疾患,female,a85_89,85-89歳,85,89,False,False,2022,12545.0,498.4,
cerebrovascular,Hi06,Hi06_脳血管疾患,female,a85_89,85-89歳,85,89,False,False,2023,12056.0,478.0,
cerebrovascular,Hi06,Hi06_脳血管疾患,female,a85_89,85-89歳,85,89,False,False,2024,11494.0,461.1,
cerebrovascular,Hi06,Hi06_脳血管疾患,female,a90_94,90-94歳,90,94,False,False,1950,257.0,2470.1,
cerebrovascular,Hi06,Hi06_脳血管疾患,female,a90_94,90-94歳,90,94,False,False,1955,386.0,2497.3,
cerebrovascular,Hi06,Hi06_脳血管疾患,female,a90_94,90-94歳,90,94,False,False,1960,775.0,3598.4,
cerebrovascular,Hi06,Hi06_脳血管疾患,female,a90_94,90-94歳,90,94,False,False,1965,1342.0,4063.5,
cerebrovascular,Hi06,Hi06_脳血管疾患,female,a90_94,90-94歳,90,94,False,False,1970,2211.0,5186.7,
cerebrovascular,Hi06,Hi06_脳血管疾患,female,a90_94,90-94歳,90,94,False,False,1975,3048.0,5977.4,
cerebrovascular,Hi06,Hi06_脳血管疾患,female,a90_94,90-94歳,90,94,False,False,1980,4076.0,5562.5,
cerebrovascular,Hi06,Hi06_脳血管疾患,female,a90_94,90-94歳,90,94,False,False,1985,4804.0,4477.8,
cerebrovascular,Hi06,Hi06_脳血管疾患,female,a90_94,90-94歳,90,94,False,False,1990,6546.0,3906.0,177.0
cerebrovascular,Hi06,Hi06_脳血管疾患,female,a90_94,90-94歳,90,94,False,False,1995,10603.0,4209.5,268.0
cerebrovascular,Hi06,Hi06_脳血管疾患,female,a90_94,90-94歳,90,94,False,False,2000,11477.0,2992.2,421.0
cerebrovascular,Hi06,Hi06_脳血管疾患,female,a90_94,90-94歳,90,94,False,False,2005,13861.0,2198.7,
cerebrovascular,Hi06,Hi06_脳血管疾患,female,a90_94,90-94歳,90,94,False,False,2010,13361.0,1705.6,
cerebrovascular,Hi06,Hi06_脳血管疾患,female,a90_94,90-94歳,90,94,False,False,2013,13947.0,1499.7,932.0
cerebrovascular,Hi06,Hi06_脳血管疾患,female,a90_94,90-94歳,90,94,False,False,2014,13898.0,1403.8,993.0
cerebrovascular,Hi06,Hi06_脳血管疾患,female,a90_94,90-94歳,90,94,False,False,2015,13657.0,1333.9,
cerebrovascular,Hi06,Hi06_脳血管疾患,female,a90_94,90-94歳,90,94,False,False,2016,13650.0,1243.2,1093.0
cerebrovascular,Hi06,Hi06_脳血管疾患,female,a90_94,90-94歳,90,94,False,False,2017,13665.0,1175.0,1146.0
cerebrovascular,Hi06,Hi06_脳血管疾患,female,a90_94,90-94歳,90,94,False,False,2018,13531.0,1108.2,1198.0
cerebrovascular,Hi06,Hi06_脳血管疾患,female,a90_94,90-94歳,90,94,False,False,2019,13465.0,1054.4,1255.0
cerebrovascular,Hi06,Hi06_脳血管疾患,female,a90_94,90-94歳,90,94,False,False,2020,12948.0,989.4,
cerebrovascular,Hi06,Hi06_脳血管疾患,female,a90_94,90-94歳,90,94,False,False,2021,13147.0,959.6,
cerebrovascular,Hi06,Hi06_脳血管疾患,female,a90_94,90-94歳,90,94,False,False,2022,13557.0,951.4,
cerebrovascular,Hi06,Hi06_脳血管疾患,female,a90_94,90-94歳,90,94,False,False,2023,13301.0,911.7,
cerebrovascular,Hi06,Hi06_脳血管疾患,female,a90_94,90-94歳,90,94,False,False,2024,12863.0,867.4,
cerebrovascular,Hi06,Hi06_脳血管疾患,female,a95_99,95-99歳,95,99,False,False,1950,40.0,,
cerebrovascular,Hi06,Hi06_脳血管疾患,female,a95_99,95-99歳,95,99,False,False,1955,34.0,,
cerebrovascular,Hi06,Hi06_脳血管疾患,female,a95_99,95-99歳,95,99,False,False,1960,82.0,,
cerebrovascular,Hi06,Hi06_脳血管疾患,female,a95_99,95-99歳,95,99,False,False,1965,157.0,,
cerebrovascular,Hi06,Hi06_脳血管疾患,female,a95_99,95-99歳,95,99,False,False,1970,275.0,,
cerebrovascular,Hi06,Hi06_脳血管疾患,female,a95_99,95-99歳,95,99,False,False,1975,494.0,,
cerebrovascular,Hi06,Hi06_脳血管疾患,female,a95_99,95-99歳,95,99,False,False,1980,667.0,,
cerebrovascular,Hi06,Hi06_脳血管疾患,female,a95_99,95-99歳,95,99,False,False,1985,943.0,,
cerebrovascular,Hi06,Hi06_脳血管疾患,female,a95_99,95-99歳,95,99,False,False,1990,1433.0,,29.0
cerebrovascular,Hi06,Hi06_脳血管疾患,female,a95_99,95-99歳,95,99,False,False,1995,2775.0,,53.0
cerebrovascular,Hi06,Hi06_脳血管疾患,female,a95_99,95-99歳,95,99,False,False,2000,3708.0,,94.0
cerebrovascular,Hi06,Hi06_脳血管疾患,female,a95_99,95-99歳,95,99,False,False,2005,5650.0,3325.5,
cerebrovascular,Hi06,Hi06_脳血管疾患,female,a95_99,95-99歳,95,99,False,False,2010,6843.0,2831.9,
cerebrovascular,Hi06,Hi06_脳血管疾患,female,a95_99,95-99歳,95,99,False,False,2013,6840.0,2442.9,281.0
cerebrovascular,Hi06,Hi06_脳血管疾患,female,a95_99,95-99歳,95,99,False,False,2014,6429.0,2224.6,289.0
cerebrovascular,Hi06,Hi06_脳血管疾患,female,a95_99,95-99歳,95,99,False,False,2015,6757.0,2272.9,
cerebrovascular,Hi06,Hi06_脳血管疾患,female,a95_99,95-99歳,95,99,False,False,2016,6761.0,2139.6,317.0
cerebrovascular,Hi06,Hi06_脳血管疾患,female,a95_99,95-99歳,95,99,False,False,2017,7029.0,2104.5,337.0
cerebrovascular,Hi06,Hi06_脳血管疾患,female,a95_99,95-99歳,95,99,False,False,2018,6956.0,1921.5,362.0
cerebrovascular,Hi06,Hi06_脳血管疾患,female,a95_99,95-99歳,95,99,False,False,2019,7138.0,1820.9,384.0
cerebrovascular,Hi06,Hi06_脳血管疾患,female,a95_99,95-99歳,95,99,False,False,2020,6964.0,1715.4,
cerebrovascular,Hi06,Hi06_脳血管疾患,female,a95_99,95-99歳,95,99,False,False,2021,7378.0,1707.9,
cerebrovascular,Hi06,Hi06_脳血管疾患,female,a95_99,95-99歳,95,99,False,False,2022,7518.0,1674.4,
cerebrovascular,Hi06,Hi06_脳血管疾患,female,a95_99,95-99歳,95,99,False,False,2023,7200.0,1512.6,
cerebrovascular,Hi06,Hi06_脳血管疾患,female,a95_99,95-99歳,95,99,False,False,2024,7194.0,1430.2,
cerebrovascular,Hi06,Hi06_脳血管疾患,female,a100p,100歳以上,100,,False,False,1950,2.0,,
cerebrovascular,Hi06,Hi06_脳血管疾患,female,a100p,100歳以上,100,,False,False,1955,3.0,,
cerebrovascular,Hi06,Hi06_脳血管疾患,female,a100p,100歳以上,100,,False,False,1960,4.0,,
cerebrovascular,Hi06,Hi06_脳血管疾患,female,a100p,100歳以上,100,,False,False,1965,6.0,,
cerebrovascular,Hi06,Hi06_脳血管疾患,female,a100p,100歳以上,100,,False,False,1970,19.0,,
cerebrovascular,Hi06,Hi06_脳血管疾患,female,a100p,100歳以上,100,,False,False,1975,39.0,,
cerebrovascular,Hi06,Hi06_脳血管疾患,female,a100p,100歳以上,100,,False,False,1980,38.0,,
cerebrovascular,Hi06,Hi06_脳血管疾患,female,a100p,100歳以上,100,,False,False,1985,92.0,,
cerebrovascular,Hi06,Hi06_脳血管疾患,female,a100p,100歳以上,100,,False,False,1990,140.0,,3.0
cerebrovascular,Hi06,Hi06_脳血管疾患,female,a100p,100歳以上,100,,False,False,1995,310.0,,5.0
cerebrovascular,Hi06,Hi06_脳血管疾患,female,a100p,100歳以上,100,,False,False,2000,498.0,,10.0
cerebrovascular,Hi06,Hi06_脳血管疾患,female,a100p,100歳以上,100,,False,False,2005,955.0,4421.9,
cerebrovascular,Hi06,Hi06_脳血管疾患,female,a100p,100歳以上,100,,False,False,2010,1358.0,3569.7,
cerebrovascular,Hi06,Hi06_脳血管疾患,female,a100p,100歳以上,100,,False,False,2013,1611.0,3356.3,48.0
cerebrovascular,Hi06,Hi06_脳血管疾患,female,a100p,100歳以上,100,,False,False,2014,1576.0,3090.2,52.0
cerebrovascular,Hi06,Hi06_脳血管疾患,female,a100p,100歳以上,100,,False,False,2015,1702.0,3188.1,
cerebrovascular,Hi06,Hi06_脳血管疾患,female,a100p,100歳以上,100,,False,False,2016,1631.0,2861.4,57.0
cerebrovascular,Hi06,Hi06_脳血管疾患,female,a100p,100歳以上,100,,False,False,2017,1596.0,2705.1,59.0
cerebrovascular,Hi06,Hi06_脳血管疾患,female,a100p,100歳以上,100,,False,False,2018,1576.0,2626.7,61.0
cerebrovascular,Hi06,Hi06_脳血管疾患,female,a100p,100歳以上,100,,False,False,2019,1568.0,2613.3,62.0
cerebrovascular,Hi06,Hi06_脳血管疾患,female,a100p,100歳以上,100,,False,False,2020,1524.0,2165.8,
cerebrovascular,Hi06,Hi06_脳血管疾患,female,a100p,100歳以上,100,,False,False,2021,1694.0,2258.7,
cerebrovascular,Hi06,Hi06_脳血管疾患,female,a100p,100歳以上,100,,False,False,2022,1738.0,2257.1,
cerebrovascular,Hi06,Hi06_脳血管疾患,female,a100p,100歳以上,100,,False,False,2023,1616.0,2098.7,
cerebrovascular,Hi06,Hi06_脳血管疾患,female,a100p,100歳以上,100,,False,False,2024,1611.0,2092.2,
cerebrovascular,Hi06,Hi06_脳血管疾患,female,total,総数,,,False,True,1950,53540.0,126.3,
cerebrovascular,Hi06,Hi06_脳血管疾患,female,total,総数,,,False,True,1955,58767.0,129.4,
cerebrovascular,Hi06,Hi06_脳血管疾患,female,total,総数,,,False,True,1960,71144.0,149.6,
cerebrovascular,Hi06,Hi06_脳血管疾患,female,total,総数,,,False,True,1965,80050.0,160.0,
cerebrovascular,Hi06,Hi06_脳血管疾患,female,total,総数,,,False,True,1970,84405.0,160.7,
cerebrovascular,Hi06,Hi06_脳血管疾患,female,total,総数,,,False,True,1975,84443.0,149.4,
cerebrovascular,Hi06,Hi06_脳血管疾患,female,total,総数,,,False,True,1980,80667.0,136.4,
cerebrovascular,Hi06,Hi06_脳血管疾患,female,total,総数,,,False,True,1985,69707.0,113.9,
cerebrovascular,Hi06,Hi06_脳血管疾患,female,total,総数,,,False,True,1990,64317.0,103.0,
cerebrovascular,Hi06,Hi06_脳血管疾患,female,total,総数,,,False,True,1995,76965.0,121.4,
cerebrovascular,Hi06,Hi06_脳血管疾患,female,total,総数,,,False,True,2000,69402.0,108.2,64815.0
cerebrovascular,Hi06,Hi06_脳血管疾患,female,total,総数,,,False,True,2005,69190.0,107.1,
cerebrovascular,Hi06,Hi06_脳血管疾患,female,total,総数,,,False,True,2010,63275.0,97.6,
cerebrovascular,Hi06,Hi06_脳血管疾患,female,total,総数,,,False,True,2013,61629.0,95.5,65388.0
cerebrovascular,Hi06,Hi06_脳血管疾患,female,total,総数,,,False,True,2014,59214.0,92.0,65282.0
cerebrovascular,Hi06,Hi06_脳血管疾患,female,total,総数,,,False,True,2015,58398.0,90.8,
cerebrovascular,Hi06,Hi06_脳血管疾患,female,total,総数,,,False,True,2016,56635.0,88.3,65226.0
cerebrovascular,Hi06,Hi06_脳血管疾患,female,total,総数,,,False,True,2017,56698.0,88.6,65165.0
cerebrovascular,Hi06,Hi06_脳血管疾患,female,total,総数,,,False,True,2018,55788.0,87.5,65076.0
cerebrovascular,Hi06,Hi06_脳血管疾患,female,total,総数,,,False,True,2019,54784.0,86.2,64967.0
cerebrovascular,Hi06,Hi06_脳血管疾患,female,total,総数,,,False,True,2020,52588.0,83.0,
cerebrovascular,Hi06,Hi06_脳血管疾患,female,total,総数,,,False,True,2021,53001.0,84.0,
cerebrovascular,Hi06,Hi06_脳血管疾患,female,total,総数,,,False,True,2022,54293.0,86.6,
cerebrovascular,Hi06,Hi06_脳血管疾患,female,total,総数,,,False,True,2023,52849.0,84.8,
cerebrovascular,Hi06,Hi06_脳血管疾患,female,total,総数,,,False,True,2024,51645.0,83.5,
cerebrovascular,Hi06,Hi06_脳血管疾患,male,a00_04,0-4歳,0,4,False,False,1950,66.0,1.2,
cerebrovascular,Hi06,Hi06_脳血管疾患,male,a00_04,0-4歳,0,4,False,False,1955,33.0,0.7,
cerebrovascular,Hi06,Hi06_脳血管疾患,male,a00_04,0-4歳,0,4,False,False,1960,37.0,0.9,
cerebrovascular,Hi06,Hi06_脳血管疾患,male,a00_04,0-4歳,0,4,False,False,1965,43.0,1.0,
cerebrovascular,Hi06,Hi06_脳血管疾患,male,a00_04,0-4歳,0,4,False,False,1970,75.0,1.7,
cerebrovascular,Hi06,Hi06_脳血管疾患,male,a00_04,0-4歳,0,4,False,False,1975,78.0,1.5,
cerebrovascular,Hi06,Hi06_脳血管疾患,male,a00_04,0-4歳,0,4,False,False,1980,60.0,1.4,4366.0
cerebrovascular,Hi06,Hi06_脳血管疾患,male,a00_04,0-4歳,0,4,False,False,1985,38.0,1.0,3819.0
cerebrovascular,Hi06,Hi06_脳血管疾患,male,a00_04,0-4歳,0,4,False,False,1990,28.0,0.8,3326.0
cerebrovascular,Hi06,Hi06_脳血管疾患,male,a00_04,0-4歳,0,4,False,False,1995,19.0,0.6,3070.0
cerebrovascular,Hi06,Hi06_脳血管疾患,male,a00_04,0-4歳,0,4,False,False,2000,12.0,0.4,
cerebrovascular,Hi06,Hi06_脳血管疾患,male,a00_04,0-4歳,0,4,False,False,2005,6.0,0.2,2867.0
cerebrovascular,Hi06,Hi06_脳血管疾患,male,a00_04,0-4歳,0,4,False,False,2010,4.0,0.1,2717.0
cerebrovascular,Hi06,Hi06_脳血管疾患,male,a00_04,0-4歳,0,4,False,False,2013,5.0,0.2,2684.0
cerebrovascular,Hi06,Hi06_脳血管疾患,male,a00_04,0-4歳,0,4,False,False,2014,4.0,0.2,2673.0
cerebrovascular,Hi06,Hi06_脳血管疾患,male,a00_04,0-4歳,0,4,False,False,2015,3.0,0.1,2561.0
cerebrovascular,Hi06,Hi06_脳血管疾患,male,a00_04,0-4歳,0,4,False,False,2016,4.0,0.2,2547.0
cerebrovascular,Hi06,Hi06_脳血管疾患,male,a00_04,0-4歳,0,4,False,False,2017,2.0,0.1,2522.0
cerebrovascular,Hi06,Hi06_脳血管疾患,male,a00_04,0-4歳,0,4,False,False,2018,3.0,0.1,2482.0
cerebrovascular,Hi06,Hi06_脳血管疾患,male,a00_04,0-4歳,0,4,False,False,2019,3.0,0.1,2421.0
cerebrovascular,Hi06,Hi06_脳血管疾患,male,a00_04,0-4歳,0,4,False,False,2020,4.0,0.2,2325.0
cerebrovascular,Hi06,Hi06_脳血管疾患,male,a00_04,0-4歳,0,4,False,False,2021,4.0,0.2,2246.0
cerebrovascular,Hi06,Hi06_脳血管疾患,male,a00_04,0-4歳,0,4,False,False,2022,7.0,0.3,2174.0
cerebrovascular,Hi06,Hi06_脳血管疾患,male,a00_04,0-4歳,0,4,False,False,2024,1.0,0.1,2015.0
cerebrovascular,Hi06,Hi06_脳血管疾患,male,a05_09,5-9歳,5,9,False,False,1950,39.0,0.8,
cerebrovascular,Hi06,Hi06_脳血管疾患,male,a05_09,5-9歳,5,9,False,False,1955,24.0,0.4,
cerebrovascular,Hi06,Hi06_脳血管疾患,male,a05_09,5-9歳,5,9,False,False,1960,17.0,0.4,
cerebrovascular,Hi06,Hi06_脳血管疾患,male,a05_09,5-9歳,5,9,False,False,1965,20.0,0.5,
cerebrovascular,Hi06,Hi06_脳血管疾患,male,a05_09,5-9歳,5,9,False,False,1970,20.0,0.5,
cerebrovascular,Hi06,Hi06_脳血管疾患,male,a05_09,5-9歳,5,9,False,False,1975,18.0,0.4,
cerebrovascular,Hi06,Hi06_脳血管疾患,male,a05_09,5-9歳,5,9,False,False,1980,26.0,0.5,5142.0
cerebrovascular,Hi06,Hi06_脳血管疾患,male,a05_09,5-9歳,5,9,False,False,1985,13.0,0.3,4373.0
cerebrovascular,Hi06,Hi06_脳血管疾患,male,a05_09,5-9歳,5,9,False,False,1990,6.0,0.2,3822.0
cerebrovascular,Hi06,Hi06_脳血管疾患,male,a05_09,5-9歳,5,9,False,False,1995,6.0,0.2,3350.0
cerebrovascular,Hi06,Hi06_脳血管疾患,male,a05_09,5-9歳,5,9,False,False,2000,6.0,0.2,3091.0
cerebrovascular,Hi06,Hi06_脳血管疾患,male,a05_09,5-9歳,5,9,False,False,2005,5.0,0.2,3050.0
cerebrovascular,Hi06,Hi06_脳血管疾患,male,a05_09,5-9歳,5,9,False,False,2010,4.0,0.1,2866.0
cerebrovascular,Hi06,Hi06_脳血管疾患,male,a05_09,5-9歳,5,9,False,False,2013,5.0,0.2,2743.0
cerebrovascular,Hi06,Hi06_脳血管疾患,male,a05_09,5-9歳,5,9,False,False,2014,3.0,0.1,2716.0
cerebrovascular,Hi06,Hi06_脳血管疾患,male,a05_09,5-9歳,5,9,False,False,2015,6.0,0.2,2725.0
cerebrovascular,Hi06,Hi06_脳血管疾患,male,a05_09,5-9歳,5,9,False,False,2016,3.0,0.1,2722.0
cerebrovascular,Hi06,Hi06_脳血管疾患,male,a05_09,5-9歳,5,9,False,False,2017,5.0,0.2,2699.0
cerebrovascular,Hi06,Hi06_脳血管疾患,male,a05_09,5-9歳,5,9,False,False,2018,6.0,0.2,2670.0
cerebrovascular,Hi06,Hi06_脳血管疾患,male,a05_09,5-9歳,5,9,False,False,2019,6.0,0.2,2640.0
cerebrovascular,Hi06,Hi06_脳血管疾患,male,a05_09,5-9歳,5,9,False,False,2020,1.0,0.0,2620.0
cerebrovascular,Hi06,Hi06_脳血管疾患,male,a05_09,5-9歳,5,9,False,False,2021,6.0,0.2,2581.0
cerebrovascular,Hi06,Hi06_脳血管疾患,male,a05_09,5-9歳,5,9,False,False,2022,5.0,0.2,2535.0
cerebrovascular,Hi06,Hi06_脳血管疾患,male,a05_09,5-9歳,5,9,False,False,2023,5.0,0.2,2478.0
cerebrovascular,Hi06,Hi06_脳血管疾患,male,a05_09,5-9歳,5,9,False,False,2024,2.0,0.1,2412.0
cerebrovascular,Hi06,Hi06_脳血管疾患,male,a10_14,10-14歳,10,14,False,False,1950,52.0,1.2,
cerebrovascular,Hi06,Hi06_脳血管疾患,male,a10_14,10-14歳,10,14,False,False,1955,24.0,0.5,
cerebrovascular,Hi06,Hi06_脳血管疾患,male,a10_14,10-14歳,10,14,False,False,1960,37.0,0.7,
cerebrovascular,Hi06,Hi06_脳血管疾患,male,a10_14,10-14歳,10,14,False,False,1965,29.0,0.6,
cerebrovascular,Hi06,Hi06_脳血管疾患,male,a10_14,10-14歳,10,14,False,False,1970,22.0,0.6,
cerebrovascular,Hi06,Hi06_脳血管疾患,male,a10_14,10-14歳,10,14,False,False,1975,15.0,0.4,
cerebrovascular,Hi06,Hi06_脳血管疾患,male,a10_14,10-14歳,10,14,False,False,1980,18.0,0.4,4595.0
cerebrovascular,Hi06,Hi06_脳血管疾患,male,a10_14,10-14歳,10,14,False,False,1985,14.0,0.3,5147.0
cerebrovascular,Hi06,Hi06_脳血管疾患,male,a10_14,10-14歳,10,14,False,False,1990,10.0,0.2,4370.0
cerebrovascular,Hi06,Hi06_脳血管疾患,male,a10_14,10-14歳,10,14,False,False,1995,17.0,0.4,3827.0
cerebrovascular,Hi06,Hi06_脳血管疾患,male,a10_14,10-14歳,10,14,False,False,2000,5.0,0.1,3361.0
cerebrovascular,Hi06,Hi06_脳血管疾患,male,a10_14,10-14歳,10,14,False,False,2005,9.0,0.3,3094.0
cerebrovascular,Hi06,Hi06_脳血管疾患,male,a10_14,10-14歳,10,14,False,False,2010,6.0,0.2,3039.0
cerebrovascular,Hi06,Hi06_脳血管疾患,male,a10_14,10-14歳,10,14,False,False,2013,12.0,0.4,2967.0
cerebrovascular,Hi06,Hi06_脳血管疾患,male,a10_14,10-14歳,10,14,False,False,2014,9.0,0.3,2927.0
cerebrovascular,Hi06,Hi06_脳血管疾患,male,a10_14,10-14歳,10,14,False,False,2015,7.0,0.2,2879.0
cerebrovascular,Hi06,Hi06_脳血管疾患,male,a10_14,10-14歳,10,14,False,False,2016,9.0,0.3,2829.0
cerebrovascular,Hi06,Hi06_脳血管疾患,male,a10_14,10-14歳,10,14,False,False,2017,9.0,0.3,2792.0
cerebrovascular,Hi06,Hi06_脳血管疾患,male,a10_14,10-14歳,10,14,False,False,2018,3.0,0.1,2776.0
cerebrovascular,Hi06,Hi06_脳血管疾患,male,a10_14,10-14歳,10,14,False,False,2019,4.0,0.1,2757.0
cerebrovascular,Hi06,Hi06_脳血管疾患,male,a10_14,10-14歳,10,14,False,False,2020,3.0,0.1,2756.0
cerebrovascular,Hi06,Hi06_脳血管疾患,male,a10_14,10-14歳,10,14,False,False,2021,9.0,0.3,2746.0
cerebrovascular,Hi06,Hi06_脳血管疾患,male,a10_14,10-14歳,10,14,False,False,2022,8.0,0.3,2720.0
cerebrovascular,Hi06,Hi06_脳血管疾患,male,a10_14,10-14歳,10,14,False,False,2023,5.0,0.2,2689.0
cerebrovascular,Hi06,Hi06_脳血管疾患,male,a10_14,10-14歳,10,14,False,False,2024,8.0,0.3,2657.0
cerebrovascular,Hi06,Hi06_脳血管疾患,male,a15_19,15-19歳,15,19,False,False,1950,67.0,1.6,
cerebrovascular,Hi06,Hi06_脳血管疾患,male,a15_19,15-19歳,15,19,False,False,1955,66.0,1.5,
cerebrovascular,Hi06,Hi06_脳血管疾患,male,a15_19,15-19歳,15,19,False,False,1960,72.0,1.5,
cerebrovascular,Hi06,Hi06_脳血管疾患,male,a15_19,15-19歳,15,19,False,False,1965,68.0,1.2,
cerebrovascular,Hi06,Hi06_脳血管疾患,male,a15_19,15-19歳,15,19,False,False,1970,63.0,1.4,
cerebrovascular,Hi06,Hi06_脳血管疾患,male,a15_19,15-19歳,15,19,False,False,1975,34.0,0.8,
cerebrovascular,Hi06,Hi06_脳血管疾患,male,a15_19,15-19歳,15,19,False,False,1980,26.0,0.6,4224.0
cerebrovascular,Hi06,Hi06_脳血管疾患,male,a15_19,15-19歳,15,19,False,False,1985,30.0,0.7,4600.0
cerebrovascular,Hi06,Hi06_脳血管疾患,male,a15_19,15-19歳,15,19,False,False,1990,21.0,0.4,5122.0
cerebrovascular,Hi06,Hi06_脳血管疾患,male,a15_19,15-19歳,15,19,False,False,1995,25.0,0.6,4386.0
cerebrovascular,Hi06,Hi06_脳血管疾患,male,a15_19,15-19歳,15,19,False,False,2000,16.0,0.4,3843.0
cerebrovascular,Hi06,Hi06_脳血管疾患,male,a15_19,15-19歳,15,19,False,False,2005,11.0,0.3,3389.0
cerebrovascular,Hi06,Hi06_脳血管疾患,male,a15_19,15-19歳,15,19,False,False,2010,14.0,0.5,3127.0
cerebrovascular,Hi06,Hi06_脳血管疾患,male,a15_19,15-19歳,15,19,False,False,2013,12.0,0.4,3098.0
cerebrovascular,Hi06,Hi06_脳血管疾患,male,a15_19,15-19歳,15,19,False,False,2014,10.0,0.3,3075.0
cerebrovascular,Hi06,Hi06_脳血管疾患,male,a15_19,15-19歳,15,19,False,False,2015,10.0,0.3,3112.0
cerebrovascular,Hi06,Hi06_脳血管疾患,male,a15_19,15-19歳,15,19,False,False,2016,10.0,0.3,3093.0
cerebrovascular,Hi06,Hi06_脳血管疾患,male,a15_19,15-19歳,15,19,False,False,2017,4.0,0.1,3067.0
cerebrovascular,Hi06,Hi06_脳血管疾患,male,a15_19,15-19歳,15,19,False,False,2018,10.0,0.3,3025.0
cerebrovascular,Hi06,Hi06_脳血管疾患,male,a15_19,15-19歳,15,19,False,False,2019,11.0,0.4,2995.0
cerebrovascular,Hi06,Hi06_脳血管疾患,male,a15_19,15-19歳,15,19,False,False,2020,3.0,0.1,2928.0
cerebrovascular,Hi06,Hi06_脳血管疾患,male,a15_19,15-19歳,15,19,False,False,2021,10.0,0.4,2864.0
cerebrovascular,Hi06,Hi06_脳血管疾患,male,a15_19,15-19歳,15,19,False,False,2022,5.0,0.2,2830.0
cerebrovascular,Hi06,Hi06_脳血管疾患,male,a15_19,15-19歳,15,19,False,False,2023,13.0,0.5,2818.0
cerebrovascular,Hi06,Hi06_脳血管疾患,male,a15_19,15-19歳,15,19,False,False,2024,8.0,0.3,2799.0
cerebrovascular,Hi06,Hi06_脳血管疾患,male,a20_24,20-24歳,20,24,False,False,1950,140.0,3.6,
cerebrovascular,Hi06,Hi06_脳血管疾患,male,a20_24,20-24歳,20,24,False,False,1955,114.0,2.7,
cerebrovascular,Hi06,Hi06_脳血管疾患,male,a20_24,20-24歳,20,24,False,False,1960,89.0,2.2,
cerebrovascular,Hi06,Hi06_脳血管疾患,male,a20_24,20-24歳,20,24,False,False,1965,93.0,2.1,
cerebrovascular,Hi06,Hi06_脳血管疾患,male,a20_24,20-24歳,20,24,False,False,1970,98.0,1.9,
cerebrovascular,Hi06,Hi06_脳血管疾患,male,a20_24,20-24歳,20,24,False,False,1975,68.0,1.5,
cerebrovascular,Hi06,Hi06_脳血管疾患,male,a20_24,20-24歳,20,24,False,False,1980,50.0,1.3,3960.0
cerebrovascular,Hi06,Hi06_脳血管疾患,male,a20_24,20-24歳,20,24,False,False,1985,57.0,1.4,4166.0
cerebrovascular,Hi06,Hi06_脳血管疾患,male,a20_24,20-24歳,20,24,False,False,1990,48.0,1.1,4468.0
cerebrovascular,Hi06,Hi06_脳血管疾患,male,a20_24,20-24歳,20,24,False,False,1995,45.0,0.9,5041.0
cerebrovascular,Hi06,Hi06_脳血管疾患,male,a20_24,20-24歳,20,24,False,False,2000,33.0,0.8,4318.0
cerebrovascular,Hi06,Hi06_脳血管疾患,male,a20_24,20-24歳,20,24,False,False,2005,32.0,0.9,3774.0
cerebrovascular,Hi06,Hi06_脳血管疾患,male,a20_24,20-24歳,20,24,False,False,2010,21.0,0.7,3327.0
cerebrovascular,Hi06,Hi06_脳血管疾患,male,a20_24,20-24歳,20,24,False,False,2013,13.0,0.4,3182.0
cerebrovascular,Hi06,Hi06_脳血管疾患,male,a20_24,20-24歳,20,24,False,False,2014,24.0,0.8,3190.0
cerebrovascular,Hi06,Hi06_脳血管疾患,male,a20_24,20-24歳,20,24,False,False,2015,13.0,0.4,3122.0
cerebrovascular,Hi06,Hi06_脳血管疾患,male,a20_24,20-24歳,20,24,False,False,2016,14.0,0.5,3165.0
cerebrovascular,Hi06,Hi06_脳血管疾患,male,a20_24,20-24歳,20,24,False,False,2017,11.0,0.4,3203.0
cerebrovascular,Hi06,Hi06_脳血管疾患,male,a20_24,20-24歳,20,24,False,False,2018,14.0,0.5,3246.0
cerebrovascular,Hi06,Hi06_脳血管疾患,male,a20_24,20-24歳,20,24,False,False,2019,12.0,0.4,3259.0
cerebrovascular,Hi06,Hi06_脳血管疾患,male,a20_24,20-24歳,20,24,False,False,2020,18.0,0.6,3234.0
cerebrovascular,Hi06,Hi06_脳血管疾患,male,a20_24,20-24歳,20,24,False,False,2021,12.0,0.4,3205.0
cerebrovascular,Hi06,Hi06_脳血管疾患,male,a20_24,20-24歳,20,24,False,False,2022,18.0,0.6,3216.0
cerebrovascular,Hi06,Hi06_脳血管疾患,male,a20_24,20-24歳,20,24,False,False,2023,10.0,0.3,3212.0
cerebrovascular,Hi06,Hi06_脳血管疾患,male,a20_24,20-24歳,20,24,False,False,2024,10.0,0.3,3231.0
cerebrovascular,Hi06,Hi06_脳血管疾患,male,a25_29,25-29歳,25,29,False,False,1950,152.0,5.4,
cerebrovascular,Hi06,Hi06_脳血管疾患,male,a25_29,25-29歳,25,29,False,False,1955,134.0,3.5,
cerebrovascular,Hi06,Hi06_脳血管疾患,male,a25_29,25-29歳,25,29,False,False,1960,158.0,3.9,
cerebrovascular,Hi06,Hi06_脳血管疾患,male,a25_29,25-29歳,25,29,False,False,1965,154.0,3.7,
cerebrovascular,Hi06,Hi06_脳血管疾患,male,a25_29,25-29歳,25,29,False,False,1970,204.0,4.5,
cerebrovascular,Hi06,Hi06_脳血管疾患,male,a25_29,25-29歳,25,29,False,False,1975,169.0,3.1,
cerebrovascular,Hi06,Hi06_脳血管疾患,male,a25_29,25-29歳,25,29,False,False,1980,131.0,2.9,4545.0
cerebrovascular,Hi06,Hi06_脳血管疾患,male,a25_29,25-29歳,25,29,False,False,1985,87.0,2.2,3948.0
cerebrovascular,Hi06,Hi06_脳血管疾患,male,a25_29,25-29歳,25,29,False,False,1990,84.0,2.1,4078.0
cerebrovascular,Hi06,Hi06_脳血管疾患,male,a25_29,25-29歳,25,29,False,False,1995,68.0,1.6,4452.0
cerebrovascular,Hi06,Hi06_脳血管疾患,male,a25_29,25-29歳,25,29,False,False,2000,71.0,1.5,4978.0
cerebrovascular,Hi06,Hi06_脳血管疾患,male,a25_29,25-29歳,25,29,False,False,2005,76.0,1.8,4220.0
cerebrovascular,Hi06,Hi06_脳血管疾患,male,a25_29,25-29歳,25,29,False,False,2010,66.0,1.8,3755.0
cerebrovascular,Hi06,Hi06_脳血管疾患,male,a25_29,25-29歳,25,29,False,False,2013,35.0,1.0,3505.0
cerebrovascular,Hi06,Hi06_脳血管疾患,male,a25_29,25-29歳,25,29,False,False,2014,36.0,1.1,3414.0
cerebrovascular,Hi06,Hi06_脳血管疾患,male,a25_29,25-29歳,25,29,False,False,2015,32.0,1.0,3333.0
cerebrovascular,Hi06,Hi06_脳血管疾患,male,a25_29,25-29歳,25,29,False,False,2016,34.0,1.1,3282.0
cerebrovascular,Hi06,Hi06_脳血管疾患,male,a25_29,25-29歳,25,29,False,False,2017,32.0,1.0,3250.0
cerebrovascular,Hi06,Hi06_脳血管疾患,male,a25_29,25-29歳,25,29,False,False,2018,21.0,0.7,3233.0
cerebrovascular,Hi06,Hi06_脳血管疾患,male,a25_29,25-29歳,25,29,False,False,2019,22.0,0.7,3260.0
cerebrovascular,Hi06,Hi06_脳血管疾患,male,a25_29,25-29歳,25,29,False,False,2020,32.0,1.1,3279.0
cerebrovascular,Hi06,Hi06_脳血管疾患,male,a25_29,25-29歳,25,29,False,False,2021,23.0,0.8,3276.0
cerebrovascular,Hi06,Hi06_脳血管疾患,male,a25_29,25-29歳,25,29,False,False,2022,27.0,0.9,3295.0
cerebrovascular,Hi06,Hi06_脳血管疾患,male,a25_29,25-29歳,25,29,False,False,2023,24.0,0.8,3333.0
cerebrovascular,Hi06,Hi06_脳血管疾患,male,a25_29,25-29歳,25,29,False,False,2024,21.0,0.7,3356.0
cerebrovascular,Hi06,Hi06_脳血管疾患,male,a30_34,30-34歳,30,34,False,False,1950,216.0,9.2,
cerebrovascular,Hi06,Hi06_脳血管疾患,male,a30_34,30-34歳,30,34,False,False,1955,174.0,6.2,
cerebrovascular,Hi06,Hi06_脳血管疾患,male,a30_34,30-34歳,30,34,False,False,1960,302.0,8.1,
cerebrovascular,Hi06,Hi06_脳血管疾患,male,a30_34,30-34歳,30,34,False,False,1965,434.0,10.5,
cerebrovascular,Hi06,Hi06_脳血管疾患,male,a30_34,30-34歳,30,34,False,False,1970,400.0,9.6,
cerebrovascular,Hi06,Hi06_脳血管疾患,male,a30_34,30-34歳,30,34,False,False,1975,382.0,8.3,
cerebrovascular,Hi06,Hi06_脳血管疾患,male,a30_34,30-34歳,30,34,False,False,1980,333.0,6.2,5422.0
cerebrovascular,Hi06,Hi06_脳血管疾患,male,a30_34,30-34歳,30,34,False,False,1985,210.0,4.6,4558.0
cerebrovascular,Hi06,Hi06_脳血管疾患,male,a30_34,30-34歳,30,34,False,False,1990,163.0,4.2,3925.0
cerebrovascular,Hi06,Hi06_脳血管疾患,male,a30_34,30-34歳,30,34,False,False,1995,169.0,4.2,4114.0
cerebrovascular,Hi06,Hi06_脳血管疾患,male,a30_34,30-34歳,30,34,False,False,2000,153.0,3.5,4448.0
cerebrovascular,Hi06,Hi06_脳血管疾患,male,a30_34,30-34歳,30,34,False,False,2005,143.0,2.9,4958.0
cerebrovascular,Hi06,Hi06_脳血管疾患,male,a30_34,30-34歳,30,34,False,False,2010,138.0,3.3,4273.0
cerebrovascular,Hi06,Hi06_脳血管疾患,male,a30_34,30-34歳,30,34,False,False,2013,81.0,2.1,3866.0
cerebrovascular,Hi06,Hi06_脳血管疾患,male,a30_34,30-34歳,30,34,False,False,2014,97.0,2.6,3788.0
cerebrovascular,Hi06,Hi06_脳血管疾患,male,a30_34,30-34歳,30,34,False,False,2015,81.0,2.2,3751.0
cerebrovascular,Hi06,Hi06_脳血管疾患,male,a30_34,30-34歳,30,34,False,False,2016,81.0,2.3,3697.0
cerebrovascular,Hi06,Hi06_脳血管疾患,male,a30_34,30-34歳,30,34,False,False,2017,85.0,2.4,3641.0
cerebrovascular,Hi06,Hi06_脳血管疾患,male,a30_34,30-34歳,30,34,False,False,2018,90.0,2.6,3571.0
cerebrovascular,Hi06,Hi06_脳血管疾患,male,a30_34,30-34歳,30,34,False,False,2019,91.0,2.8,3499.0
cerebrovascular,Hi06,Hi06_脳血管疾患,male,a30_34,30-34歳,30,34,False,False,2020,64.0,2.0,3431.0
cerebrovascular,Hi06,Hi06_脳血管疾患,male,a30_34,30-34歳,30,34,False,False,2021,55.0,1.7,3352.0
cerebrovascular,Hi06,Hi06_脳血管疾患,male,a30_34,30-34歳,30,34,False,False,2022,70.0,2.3,3300.0
cerebrovascular,Hi06,Hi06_脳血管疾患,male,a30_34,30-34歳,30,34,False,False,2023,75.0,2.5,3273.0
cerebrovascular,Hi06,Hi06_脳血管疾患,male,a30_34,30-34歳,30,34,False,False,2024,69.0,2.3,3289.0
cerebrovascular,Hi06,Hi06_脳血管疾患,male,a35_39,35-39歳,35,39,False,False,1950,413.0,17.4,
cerebrovascular,Hi06,Hi06_脳血管疾患,male,a35_39,35-39歳,35,39,False,False,1955,414.0,17.8,
cerebrovascular,Hi06,Hi06_脳血管疾患,male,a35_39,35-39歳,35,39,False,False,1960,493.0,17.8,
cerebrovascular,Hi06,Hi06_脳血管疾患,male,a35_39,35-39歳,35,39,False,False,1965,863.0,23.0,
cerebrovascular,Hi06,Hi06_脳血管疾患,male,a35_39,35-39歳,35,39,False,False,1970,1106.0,27.0,
cerebrovascular,Hi06,Hi06_脳血管疾患,male,a35_39,35-39歳,35,39,False,False,1975,864.0,20.6,
cerebrovascular,Hi06,Hi06_脳血管疾患,male,a35_39,35-39歳,35,39,False,False,1980,785.0,17.2,4595.0
cerebrovascular,Hi06,Hi06_脳血管疾患,male,a35_39,35-39歳,35,39,False,False,1985,586.0,10.9,5398.0
cerebrovascular,Hi06,Hi06_脳血管疾患,male,a35_39,35-39歳,35,39,False,False,1990,440.0,9.8,4525.0
cerebrovascular,Hi06,Hi06_脳血管疾患,male,a35_39,35-39歳,35,39,False,False,1995,327.0,8.4,3946.0
cerebrovascular,Hi06,Hi06_脳血管疾患,male,a35_39,35-39歳,35,39,False,False,2000,309.0,7.7,4106.0
cerebrovascular,Hi06,Hi06_脳血管疾患,male,a35_39,35-39歳,35,39,False,False,2005,365.0,8.4,4425.0
cerebrovascular,Hi06,Hi06_脳血管疾患,male,a35_39,35-39歳,35,39,False,False,2010,317.0,6.4,5002.0
cerebrovascular,Hi06,Hi06_脳血管疾患,male,a35_39,35-39歳,35,39,False,False,2013,241.0,5.3,4593.0
cerebrovascular,Hi06,Hi06_脳血管疾患,male,a35_39,35-39歳,35,39,False,False,2014,227.0,5.2,4394.0
cerebrovascular,Hi06,Hi06_脳血管疾患,male,a35_39,35-39歳,35,39,False,False,2015,210.0,5.0,4268.0
cerebrovascular,Hi06,Hi06_脳血管疾患,male,a35_39,35-39歳,35,39,False,False,2016,213.0,5.3,4126.0
cerebrovascular,Hi06,Hi06_脳血管疾患,male,a35_39,35-39歳,35,39,False,False,2017,204.0,5.2,4017.0
cerebrovascular,Hi06,Hi06_脳血管疾患,male,a35_39,35-39歳,35,39,False,False,2018,203.0,5.3,3933.0
cerebrovascular,Hi06,Hi06_脳血管疾患,male,a35_39,35-39歳,35,39,False,False,2019,186.0,5.0,3874.0
cerebrovascular,Hi06,Hi06_脳血管疾患,male,a35_39,35-39歳,35,39,False,False,2020,188.0,5.1,3806.0
cerebrovascular,Hi06,Hi06_脳血管疾患,male,a35_39,35-39歳,35,39,False,False,2021,187.0,5.2,3736.0
cerebrovascular,Hi06,Hi06_脳血管疾患,male,a35_39,35-39歳,35,39,False,False,2022,158.0,4.5,3668.0
cerebrovascular,Hi06,Hi06_脳血管疾患,male,a35_39,35-39歳,35,39,False,False,2023,204.0,5.9,3593.0
cerebrovascular,Hi06,Hi06_脳血管疾患,male,a35_39,35-39歳,35,39,False,False,2024,177.0,5.3,3509.0
cerebrovascular,Hi06,Hi06_脳血管疾患,male,a40_44,40-44歳,40,44,False,False,1950,854.0,38.8,
cerebrovascular,Hi06,Hi06_脳血管疾患,male,a40_44,40-44歳,40,44,False,False,1955,1086.0,46.7,
cerebrovascular,Hi06,Hi06_脳血管疾患,male,a40_44,40-44歳,40,44,False,False,1960,1116.0,49.1,
cerebrovascular,Hi06,Hi06_脳血管疾患,male,a40_44,40-44歳,40,44,False,False,1965,1380.0,50.6,
cerebrovascular,Hi06,Hi06_脳血管疾患,male,a40_44,40-44歳,40,44,False,False,1970,1980.0,54.3,
cerebrovascular,Hi06,Hi06_脳血管疾患,male,a40_44,40-44歳,40,44,False,False,1975,2007.0,48.9,
cerebrovascular,Hi06,Hi06_脳血管疾患,male,a40_44,40-44歳,40,44,False,False,1980,1452.0,35.1,
cerebrovascular,Hi06,Hi06_脳血管疾患,male,a40_44,40-44歳,40,44,False,False,1985,1169.0,26.0,
cerebrovascular,Hi06,Hi06_脳血管疾患,male,a40_44,40-44歳,40,44,False,False,1990,1044.0,19.6,
cerebrovascular,Hi06,Hi06_脳血管疾患,male,a40_44,40-44歳,40,44,False,False,1995,766.0,17.1,
cerebrovascular,Hi06,Hi06_脳血管疾患,male,a40_44,40-44歳,40,44,False,False,2000,558.0,14.4,3933.0
cerebrovascular,Hi06,Hi06_脳血管疾患,male,a40_44,40-44歳,40,44,False,False,2005,579.0,14.4,4085.0
cerebrovascular,Hi06,Hi06_脳血管疾患,male,a40_44,40-44歳,40,44,False,False,2010,611.0,13.9,4446.0
cerebrovascular,Hi06,Hi06_脳血管疾患,male,a40_44,40-44歳,40,44,False,False,2013,566.0,11.7,4889.0
cerebrovascular,Hi06,Hi06_脳血管疾患,male,a40_44,40-44歳,40,44,False,False,2014,595.0,12.1,4956.0
cerebrovascular,Hi06,Hi06_脳血管疾患,male,a40_44,40-44歳,40,44,False,False,2015,565.0,11.5,4988.0
cerebrovascular,Hi06,Hi06_脳血管疾患,male,a40_44,40-44歳,40,44,False,False,2016,548.0,11.3,4930.0
cerebrovascular,Hi06,Hi06_脳血管疾患,male,a40_44,40-44歳,40,44,False,False,2017,537.0,11.4,4801.0
cerebrovascular,Hi06,Hi06_脳血管疾患,male,a40_44,40-44歳,40,44,False,False,2018,526.0,11.6,4634.0
cerebrovascular,Hi06,Hi06_脳血管疾患,male,a40_44,40-44歳,40,44,False,False,2019,465.0,10.7,4452.0
cerebrovascular,Hi06,Hi06_脳血管疾患,male,a40_44,40-44歳,40,44,False,False,2020,460.0,10.9,4299.0
cerebrovascular,Hi06,Hi06_脳血管疾患,male,a40_44,40-44歳,40,44,False,False,2021,392.0,9.7,4144.0
cerebrovascular,Hi06,Hi06_脳血管疾患,male,a40_44,40-44歳,40,44,False,False,2022,413.0,10.5,4028.0
cerebrovascular,Hi06,Hi06_脳血管疾患,male,a40_44,40-44歳,40,44,False,False,2023,359.0,9.4,3938.0
cerebrovascular,Hi06,Hi06_脳血管疾患,male,a40_44,40-44歳,40,44,False,False,2024,430.0,11.5,3871.0
cerebrovascular,Hi06,Hi06_脳血管疾患,male,a45_49,45-49歳,45,49,False,False,1950,1868.0,92.5,
cerebrovascular,Hi06,Hi06_脳血管疾患,male,a45_49,45-49歳,45,49,False,False,1955,2371.0,111.0,
cerebrovascular,Hi06,Hi06_脳血管疾患,male,a45_49,45-49歳,45,49,False,False,1960,2474.0,109.6,
cerebrovascular,Hi06,Hi06_脳血管疾患,male,a45_49,45-49歳,45,49,False,False,1965,2360.0,106.1,
cerebrovascular,Hi06,Hi06_脳血管疾患,male,a45_49,45-49歳,45,49,False,False,1970,2337.0,88.0,
cerebrovascular,Hi06,Hi06_脳血管疾患,male,a45_49,45-49歳,45,49,False,False,1975,2995.0,82.3,
cerebrovascular,Hi06,Hi06_脳血管疾患,male,a45_49,45-49歳,45,49,False,False,1980,2747.0,68.4,
cerebrovascular,Hi06,Hi06_脳血管疾患,male,a45_49,45-49歳,45,49,False,False,1985,1771.0,43.7,
cerebrovascular,Hi06,Hi06_脳血管疾患,male,a45_49,45-49歳,45,49,False,False,1990,1590.0,35.6,4482.0
cerebrovascular,Hi06,Hi06_脳血管疾患,male,a45_49,45-49歳,45,49,False,False,1995,1617.0,30.6,5328.0
cerebrovascular,Hi06,Hi06_脳血管疾患,male,a45_49,45-49歳,45,49,False,False,2000,1293.0,29.1,4478.0
cerebrovascular,Hi06,Hi06_脳血管疾患,male,a45_49,45-49歳,45,49,False,False,2005,1001.0,26.1,3885.0
cerebrovascular,Hi06,Hi06_脳血管疾患,male,a45_49,45-49歳,45,49,False,False,2010,873.0,21.7,4069.0
cerebrovascular,Hi06,Hi06_脳血管疾患,male,a45_49,45-49歳,45,49,False,False,2013,823.0,19.7,4228.0
cerebrovascular,Hi06,Hi06_脳血管疾患,male,a45_49,45-49歳,45,49,False,False,2014,815.0,19.0,4329.0
cerebrovascular,Hi06,Hi06_脳血管疾患,male,a45_49,45-49歳,45,49,False,False,2015,840.0,19.2,4422.0
cerebrovascular,Hi06,Hi06_脳血管疾患,male,a45_49,45-49歳,45,49,False,False,2016,828.0,17.9,4692.0
cerebrovascular,Hi06,Hi06_脳血管疾患,male,a45_49,45-49歳,45,49,False,False,2017,903.0,19.1,4792.0
cerebrovascular,Hi06,Hi06_脳血管疾患,male,a45_49,45-49歳,45,49,False,False,2018,862.0,17.9,4909.0
cerebrovascular,Hi06,Hi06_脳血管疾患,male,a45_49,45-49歳,45,49,False,False,2019,919.0,18.8,4991.0
cerebrovascular,Hi06,Hi06_脳血管疾患,male,a45_49,45-49歳,45,49,False,False,2020,878.0,17.9,4994.0
cerebrovascular,Hi06,Hi06_脳血管疾患,male,a45_49,45-49歳,45,49,False,False,2021,831.0,17.1,4927.0
cerebrovascular,Hi06,Hi06_脳血管疾患,male,a45_49,45-49歳,45,49,False,False,2022,775.0,16.4,4792.0
cerebrovascular,Hi06,Hi06_脳血管疾患,male,a45_49,45-49歳,45,49,False,False,2023,772.0,17.0,4620.0
cerebrovascular,Hi06,Hi06_脳血管疾患,male,a45_49,45-49歳,45,49,False,False,2024,747.0,17.2,4432.0
cerebrovascular,Hi06,Hi06_脳血管疾患,male,a50_54,50-54歳,50,54,False,False,1950,3396.0,197.5,
cerebrovascular,Hi06,Hi06_脳血管疾患,male,a50_54,50-54歳,50,54,False,False,1955,4489.0,232.7,
cerebrovascular,Hi06,Hi06_脳血管疾患,male,a50_54,50-54歳,50,54,False,False,1960,4746.0,232.6,
cerebrovascular,Hi06,Hi06_脳血管疾患,male,a50_54,50-54歳,50,54,False,False,1965,4536.0,208.8,
cerebrovascular,Hi06,Hi06_脳血管疾患,male,a50_54,50-54歳,50,54,False,False,1970,3553.0,166.0,
cerebrovascular,Hi06,Hi06_脳血管疾患,male,a50_54,50-54歳,50,54,False,False,1975,3141.0,120.9,
cerebrovascular,Hi06,Hi06_脳血管疾患,male,a50_54,50-54歳,50,54,False,False,1980,3585.0,101.5,
cerebrovascular,Hi06,Hi06_脳血管疾患,male,a50_54,50-54歳,50,54,False,False,1985,3022.0,77.5,
cerebrovascular,Hi06,Hi06_脳血管疾患,male,a50_54,50-54歳,50,54,False,False,1990,2338.0,58.6,
cerebrovascular,Hi06,Hi06_脳血管疾患,male,a50_54,50-54歳,50,54,False,False,1995,2323.0,52.9,
cerebrovascular,Hi06,Hi06_脳血管疾患,male,a50_54,50-54歳,50,54,False,False,2000,2268.0,43.7,5222.0
cerebrovascular,Hi06,Hi06_脳血管疾患,male,a50_54,50-54歳,50,54,False,False,2005,1806.0,41.4,4403.0
cerebrovascular,Hi06,Hi06_脳血管疾患,male,a50_54,50-54歳,50,54,False,False,2010,1296.0,34.0,3847.0
cerebrovascular,Hi06,Hi06_脳血管疾患,male,a50_54,50-54歳,50,54,False,False,2013,1186.0,31.0,3870.0
cerebrovascular,Hi06,Hi06_脳血管疾患,male,a50_54,50-54歳,50,54,False,False,2014,1153.0,29.9,3903.0
cerebrovascular,Hi06,Hi06_脳血管疾患,male,a50_54,50-54歳,50,54,False,False,2015,1158.0,29.1,4029.0
cerebrovascular,Hi06,Hi06_脳血管疾患,male,a50_54,50-54歳,50,54,False,False,2016,1122.0,28.6,3972.0
cerebrovascular,Hi06,Hi06_脳血管疾患,male,a50_54,50-54歳,50,54,False,False,2017,1130.0,27.9,4106.0
cerebrovascular,Hi06,Hi06_脳血管疾患,male,a50_54,50-54歳,50,54,False,False,2018,1149.0,27.7,4216.0
cerebrovascular,Hi06,Hi06_脳血管疾患,male,a50_54,50-54歳,50,54,False,False,2019,1141.0,26.8,4329.0
cerebrovascular,Hi06,Hi06_脳血管疾患,male,a50_54,50-54歳,50,54,False,False,2020,1144.0,26.4,4394.0
cerebrovascular,Hi06,Hi06_脳血管疾患,male,a50_54,50-54歳,50,54,False,False,2021,1250.0,27.2,4658.0
cerebrovascular,Hi06,Hi06_脳血管疾患,male,a50_54,50-54歳,50,54,False,False,2022,1253.0,26.7,4756.0
cerebrovascular,Hi06,Hi06_脳血管疾患,male,a50_54,50-54歳,50,54,False,False,2023,1279.0,26.7,4868.0
cerebrovascular,Hi06,Hi06_脳血管疾患,male,a50_54,50-54歳,50,54,False,False,2024,1262.0,25.9,4943.0
cerebrovascular,Hi06,Hi06_脳血管疾患,male,a55_59,55-59歳,55,59,False,False,1950,5318.0,385.7,
cerebrovascular,Hi06,Hi06_脳血管疾患,male,a55_59,55-59歳,55,59,False,False,1955,6793.0,422.5,
cerebrovascular,Hi06,Hi06_脳血管疾患,male,a55_59,55-59歳,55,59,False,False,1960,8342.0,462.9,
cerebrovascular,Hi06,Hi06_脳血管疾患,male,a55_59,55-59歳,55,59,False,False,1965,7606.0,394.0,
cerebrovascular,Hi06,Hi06_脳血管疾患,male,a55_59,55-59歳,55,59,False,False,1970,6380.0,314.5,
cerebrovascular,Hi06,Hi06_脳血管疾患,male,a55_59,55-59歳,55,59,False,False,1975,4435.0,215.5,
cerebrovascular,Hi06,Hi06_脳血管疾患,male,a55_59,55-59歳,55,59,False,False,1980,3782.0,151.6,
cerebrovascular,Hi06,Hi06_脳血管疾患,male,a55_59,55-59歳,55,59,False,False,1985,3772.0,111.2,
cerebrovascular,Hi06,Hi06_脳血管疾患,male,a55_59,55-59歳,55,59,False,False,1990,3444.0,91.1,
cerebrovascular,Hi06,Hi06_脳血管疾患,male,a55_59,55-59歳,55,59,False,False,1995,3111.0,80.1,
cerebrovascular,Hi06,Hi06_脳血管疾患,male,a55_59,55-59歳,55,59,False,False,2000,2878.0,67.3,4301.0
cerebrovascular,Hi06,Hi06_脳血管疾患,male,a55_59,55-59歳,55,59,False,False,2005,3055.0,60.3,5101.0
cerebrovascular,Hi06,Hi06_脳血管疾患,male,a55_59,55-59歳,55,59,False,False,2010,2337.0,54.4,4330.0
cerebrovascular,Hi06,Hi06_脳血管疾患,male,a55_59,55-59歳,55,59,False,False,2013,1699.0,44.6,3839.0
cerebrovascular,Hi06,Hi06_脳血管疾患,male,a55_59,55-59歳,55,59,False,False,2014,1599.0,42.4,3801.0
cerebrovascular,Hi06,Hi06_脳血管疾患,male,a55_59,55-59歳,55,59,False,False,2015,1561.0,41.6,3784.0
cerebrovascular,Hi06,Hi06_脳血管疾患,male,a55_59,55-59歳,55,59,False,False,2016,1474.0,39.6,3762.0
cerebrovascular,Hi06,Hi06_脳血管疾患,male,a55_59,55-59歳,55,59,False,False,2017,1448.0,38.6,3792.0
cerebrovascular,Hi06,Hi06_脳血管疾患,male,a55_59,55-59歳,55,59,False,False,2018,1401.0,37.1,3830.0
cerebrovascular,Hi06,Hi06_脳血管疾患,male,a55_59,55-59歳,55,59,False,False,2019,1418.0,37.2,3867.0
cerebrovascular,Hi06,Hi06_脳血管疾患,male,a55_59,55-59歳,55,59,False,False,2020,1392.0,35.6,3967.0
cerebrovascular,Hi06,Hi06_脳血管疾患,male,a55_59,55-59歳,55,59,False,False,2021,1425.0,37.0,3908.0
cerebrovascular,Hi06,Hi06_脳血管疾患,male,a55_59,55-59歳,55,59,False,False,2022,1460.0,36.7,4036.0
cerebrovascular,Hi06,Hi06_脳血管疾患,male,a55_59,55-59歳,55,59,False,False,2023,1538.0,37.6,4143.0
cerebrovascular,Hi06,Hi06_脳血管疾患,male,a55_59,55-59歳,55,59,False,False,2024,1569.0,37.4,4251.0
cerebrovascular,Hi06,Hi06_脳血管疾患,male,a60_64,60-64歳,60,64,False,False,1950,7763.0,699.6,
cerebrovascular,Hi06,Hi06_脳血管疾患,male,a60_64,60-64歳,60,64,False,False,1955,9391.0,765.5,
cerebrovascular,Hi06,Hi06_脳血管疾患,male,a60_64,60-64歳,60,64,False,False,1960,11478.0,798.4,
cerebrovascular,Hi06,Hi06_脳血管疾患,male,a60_64,60-64歳,60,64,False,False,1965,12497.0,769.0,
cerebrovascular,Hi06,Hi06_脳血管疾患,male,a60_64,60-64歳,60,64,False,False,1970,10501.0,601.4,
cerebrovascular,Hi06,Hi06_脳血管疾患,male,a60_64,60-64歳,60,64,False,False,1975,7863.0,408.6,
cerebrovascular,Hi06,Hi06_脳血管疾患,male,a60_64,60-64歳,60,64,False,False,1980,5342.0,276.4,
cerebrovascular,Hi06,Hi06_脳血管疾患,male,a60_64,60-64歳,60,64,False,False,1985,4046.0,172.3,
cerebrovascular,Hi06,Hi06_脳血管疾患,male,a60_64,60-64歳,60,64,False,False,1990,4426.0,136.8,
cerebrovascular,Hi06,Hi06_脳血管疾患,male,a60_64,60-64歳,60,64,False,False,1995,4888.0,135.9,
cerebrovascular,Hi06,Hi06_脳血管疾患,male,a60_64,60-64歳,60,64,False,False,2000,3956.0,105.8,3758.0
cerebrovascular,Hi06,Hi06_脳血管疾患,male,a60_64,60-64歳,60,64,False,False,2005,3691.0,89.0,4174.0
cerebrovascular,Hi06,Hi06_脳血管疾患,male,a60_64,60-64歳,60,64,False,False,2010,3634.0,73.6,4965.0
cerebrovascular,Hi06,Hi06_脳血管疾患,male,a60_64,60-64歳,60,64,False,False,2013,3106.0,65.9,4740.0
cerebrovascular,Hi06,Hi06_脳血管疾患,male,a60_64,60-64歳,60,64,False,False,2014,2743.0,62.6,4406.0
cerebrovascular,Hi06,Hi06_脳血管疾患,male,a60_64,60-64歳,60,64,False,False,2015,2586.0,61.8,4210.0
cerebrovascular,Hi06,Hi06_脳血管疾患,male,a60_64,60-64歳,60,64,False,False,2016,2362.0,59.2,4020.0
cerebrovascular,Hi06,Hi06_脳血管疾患,male,a60_64,60-64歳,60,64,False,False,2017,2217.0,58.1,3850.0
cerebrovascular,Hi06,Hi06_脳血管疾患,male,a60_64,60-64歳,60,64,False,False,2018,2062.0,55.5,3750.0
cerebrovascular,Hi06,Hi06_脳血管疾患,male,a60_64,60-64歳,60,64,False,False,2019,2119.0,57.5,3722.0
cerebrovascular,Hi06,Hi06_脳血管疾患,male,a60_64,60-64歳,60,64,False,False,2020,1962.0,53.9,3677.0
cerebrovascular,Hi06,Hi06_脳血管疾患,male,a60_64,60-64歳,60,64,False,False,2021,1849.0,51.1,3654.0
cerebrovascular,Hi06,Hi06_脳血管疾患,male,a60_64,60-64歳,60,64,False,False,2022,2080.0,57.1,3684.0
cerebrovascular,Hi06,Hi06_脳血管疾患,male,a60_64,60-64歳,60,64,False,False,2023,2042.0,55.5,3719.0
cerebrovascular,Hi06,Hi06_脳血管疾患,male,a60_64,60-64歳,60,64,False,False,2024,2012.0,54.3,3753.0
cerebrovascular,Hi06,Hi06_脳血管疾患,male,a65_69,65-69歳,65,69,False,False,1950,9957.0,1251.0,
cerebrovascular,Hi06,Hi06_脳血管疾患,male,a65_69,65-69歳,65,69,False,False,1955,11597.0,1261.8,
cerebrovascular,Hi06,Hi06_脳血管疾患,male,a65_69,65-69歳,65,69,False,False,1960,13807.0,1344.4,
cerebrovascular,Hi06,Hi06_脳血管疾患,male,a65_69,65-69歳,65,69,False,False,1965,16130.0,1323.4,
cerebrovascular,Hi06,Hi06_脳血管疾患,male,a65_69,65-69歳,65,69,False,False,1970,16012.0,1149.2,
cerebrovascular,Hi06,Hi06_脳血管疾患,male,a65_69,65-69歳,65,69,False,False,1975,12307.0,787.1,
cerebrovascular,Hi06,Hi06_脳血管疾患,male,a65_69,65-69歳,65,69,False,False,1980,9440.0,544.3,
cerebrovascular,Hi06,Hi06_脳血管疾患,male,a65_69,65-69歳,65,69,False,False,1985,5704.0,322.1,
cerebrovascular,Hi06,Hi06_脳血管疾患,male,a65_69,65-69歳,65,69,False,False,1990,4599.0,210.1,
cerebrovascular,Hi06,Hi06_脳血管疾患,male,a65_69,65-69歳,65,69,False,False,1995,6766.0,226.5,
cerebrovascular,Hi06,Hi06_脳血管疾患,male,a65_69,65-69歳,65,69,False,False,2000,5929.0,176.8,3365.0
cerebrovascular,Hi06,Hi06_脳血管疾患,male,a65_69,65-69歳,65,69,False,False,2005,5009.0,141.4,3561.0
cerebrovascular,Hi06,Hi06_脳血管疾患,male,a65_69,65-69歳,65,69,False,False,2010,4537.0,115.3,3953.0
cerebrovascular,Hi06,Hi06_脳血管疾患,male,a65_69,65-69歳,65,69,False,False,2013,4103.0,98.6,4183.0
cerebrovascular,Hi06,Hi06_脳血管疾患,male,a65_69,65-69歳,65,69,False,False,2014,4213.0,95.9,4414.0
cerebrovascular,Hi06,Hi06_脳血管疾患,male,a65_69,65-69歳,65,69,False,False,2015,4208.0,89.5,4723.0
cerebrovascular,Hi06,Hi06_脳血管疾患,male,a65_69,65-69歳,65,69,False,False,2016,4413.0,89.2,4969.0
cerebrovascular,Hi06,Hi06_脳血管疾患,male,a65_69,65-69歳,65,69,False,False,2017,4390.0,92.0,4795.0
cerebrovascular,Hi06,Hi06_脳血管疾患,male,a65_69,65-69歳,65,69,False,False,2018,4051.0,89.9,4530.0
cerebrovascular,Hi06,Hi06_脳血管疾患,male,a65_69,65-69歳,65,69,False,False,2019,3677.0,87.7,4216.0
cerebrovascular,Hi06,Hi06_脳血管疾患,male,a65_69,65-69歳,65,69,False,False,2020,3387.0,85.3,3999.0
cerebrovascular,Hi06,Hi06_脳血管疾患,male,a65_69,65-69歳,65,69,False,False,2021,3224.0,85.0,3824.0
cerebrovascular,Hi06,Hi06_脳血管疾患,male,a65_69,65-69歳,65,69,False,False,2022,3148.0,86.6,3665.0
cerebrovascular,Hi06,Hi06_脳血管疾患,male,a65_69,65-69歳,65,69,False,False,2023,2997.0,84.7,3569.0
cerebrovascular,Hi06,Hi06_脳血管疾患,male,a65_69,65-69歳,65,69,False,False,2024,2958.0,84.3,3539.0
cerebrovascular,Hi06,Hi06_脳血管疾患,male,a70_74,70-74歳,70,74,False,False,1950,10657.0,1972.5,
cerebrovascular,Hi06,Hi06_脳血管疾患,male,a70_74,70-74歳,70,74,False,False,1955,11745.0,1978.0,
cerebrovascular,Hi06,Hi06_脳血管疾患,male,a70_74,70-74歳,70,74,False,False,1960,14752.0,2127.0,
cerebrovascular,Hi06,Hi06_脳血管疾患,male,a70_74,70-74歳,70,74,False,False,1965,18064.0,2289.5,
cerebrovascular,Hi06,Hi06_脳血管疾患,male,a70_74,70-74歳,70,74,False,False,1970,19655.0,2051.0,
cerebrovascular,Hi06,Hi06_脳血管疾患,male,a70_74,70-74歳,70,74,False,False,1975,17230.0,1506.7,
cerebrovascular,Hi06,Hi06_脳血管疾患,male,a70_74,70-74歳,70,74,False,False,1980,13923.0,1061.1,
cerebrovascular,Hi06,Hi06_脳血管疾患,male,a70_74,70-74歳,70,74,False,False,1985,9696.0,652.4,
cerebrovascular,Hi06,Hi06_脳血管疾患,male,a70_74,70-74歳,70,74,False,False,1990,6629.0,425.9,
cerebrovascular,Hi06,Hi06_脳血管疾患,male,a70_74,70-74歳,70,74,False,False,1995,8074.0,418.1,
cerebrovascular,Hi06,Hi06_脳血管疾患,male,a70_74,70-74歳,70,74,False,False,2000,8583.0,321.9,2676.0
cerebrovascular,Hi06,Hi06_脳血管疾患,male,a70_74,70-74歳,70,74,False,False,2005,8044.0,264.5,3053.0
cerebrovascular,Hi06,Hi06_脳血管疾患,male,a70_74,70-74歳,70,74,False,False,2010,6458.0,199.6,3249.0
cerebrovascular,Hi06,Hi06_脳血管疾患,male,a70_74,70-74歳,70,74,False,False,2013,5875.0,166.9,3537.0
cerebrovascular,Hi06,Hi06_脳血管疾患,male,a70_74,70-74歳,70,74,False,False,2014,5886.0,160.2,3689.0
cerebrovascular,Hi06,Hi06_脳血管疾患,male,a70_74,70-74歳,70,74,False,False,2015,5723.0,158.6,3625.0
cerebrovascular,Hi06,Hi06_脳血管疾患,male,a70_74,70-74歳,70,74,False,False,2016,5128.0,149.3,3446.0
cerebrovascular,Hi06,Hi06_脳血管疾患,male,a70_74,70-74歳,70,74,False,False,2017,5132.0,142.1,3618.0
cerebrovascular,Hi06,Hi06_脳血管疾患,male,a70_74,70-74歳,70,74,False,False,2018,5455.0,141.7,3854.0
cerebrovascular,Hi06,Hi06_脳血管疾患,male,a70_74,70-74歳,70,74,False,False,2019,5522.0,135.5,4079.0
cerebrovascular,Hi06,Hi06_脳血管疾患,male,a70_74,70-74歳,70,74,False,False,2020,5759.0,133.5,4337.0
cerebrovascular,Hi06,Hi06_脳血管疾患,male,a70_74,70-74歳,70,74,False,False,2021,6246.0,137.5,4565.0
cerebrovascular,Hi06,Hi06_脳血管疾患,male,a70_74,70-74歳,70,74,False,False,2022,6361.0,145.2,4405.0
cerebrovascular,Hi06,Hi06_脳血管疾患,male,a70_74,70-74歳,70,74,False,False,2023,5929.0,143.3,4161.0
cerebrovascular,Hi06,Hi06_脳血管疾患,male,a70_74,70-74歳,70,74,False,False,2024,5582.0,145.1,3872.0
cerebrovascular,Hi06,Hi06_脳血管疾患,male,a75_79,75-79歳,75,79,False,False,1950,7053.0,2634.8,
cerebrovascular,Hi06,Hi06_脳血管疾患,male,a75_79,75-79歳,75,79,False,False,1955,8841.0,2584.6,
cerebrovascular,Hi06,Hi06_脳血管疾患,male,a75_79,75-79歳,75,79,False,False,1960,12003.0,3186.3,
cerebrovascular,Hi06,Hi06_脳血管疾患,male,a75_79,75-79歳,75,79,False,False,1965,15678.0,3469.6,
cerebrovascular,Hi06,Hi06_脳血管疾患,male,a75_79,75-79歳,75,79,False,False,1970,17820.0,3357.4,
cerebrovascular,Hi06,Hi06_脳血管疾患,male,a75_79,75-79歳,75,79,False,False,1975,18202.0,2652.5,
cerebrovascular,Hi06,Hi06_脳血管疾患,male,a75_79,75-79歳,75,79,False,False,1980,17373.0,2053.9,
cerebrovascular,Hi06,Hi06_脳血管疾患,male,a75_79,75-79歳,75,79,False,False,1985,12842.0,1288.5,
cerebrovascular,Hi06,Hi06_脳血管疾患,male,a75_79,75-79歳,75,79,False,False,1990,10350.0,865.0,
cerebrovascular,Hi06,Hi06_脳血管疾患,male,a75_79,75-79歳,75,79,False,False,1995,10685.0,851.8,
cerebrovascular,Hi06,Hi06_脳血管疾患,male,a75_79,75-79歳,75,79,False,False,2000,9808.0,605.0,1629.0
cerebrovascular,Hi06,Hi06_脳血管疾患,male,a75_79,75-79歳,75,79,False,False,2005,11298.0,500.6,2266.0
cerebrovascular,Hi06,Hi06_脳血管疾患,male,a75_79,75-79歳,75,79,False,False,2010,10074.0,388.5,2601.0
cerebrovascular,Hi06,Hi06_脳血管疾患,male,a75_79,75-79歳,75,79,False,False,2013,9049.0,327.5,2772.0
cerebrovascular,Hi06,Hi06_脳血管疾患,male,a75_79,75-79歳,75,79,False,False,2014,8538.0,309.6,2768.0
cerebrovascular,Hi06,Hi06_脳血管疾患,male,a75_79,75-79歳,75,79,False,False,2015,7872.0,280.5,2817.0
cerebrovascular,Hi06,Hi06_脳血管疾患,male,a75_79,75-79歳,75,79,False,False,2016,7780.0,268.8,2901.0
cerebrovascular,Hi06,Hi06_脳血管疾患,male,a75_79,75-79歳,75,79,False,False,2017,7822.0,261.0,3000.0
cerebrovascular,Hi06,Hi06_脳血管疾患,male,a75_79,75-79歳,75,79,False,False,2018,7678.0,248.6,3086.0
cerebrovascular,Hi06,Hi06_脳血管疾患,male,a75_79,75-79歳,75,79,False,False,2019,7655.0,237.3,3217.0
cerebrovascular,Hi06,Hi06_脳血管疾患,male,a75_79,75-79歳,75,79,False,False,2020,7464.0,238.3,3146.0
cerebrovascular,Hi06,Hi06_脳血管疾患,male,a75_79,75-79歳,75,79,False,False,2021,7311.0,245.7,2991.0
cerebrovascular,Hi06,Hi06_脳血管疾患,male,a75_79,75-79歳,75,79,False,False,2022,7594.0,242.2,3151.0
cerebrovascular,Hi06,Hi06_脳血管疾患,male,a75_79,75-79歳,75,79,False,False,2023,7586.0,226.5,3365.0
cerebrovascular,Hi06,Hi06_脳血管疾患,male,a75_79,75-79歳,75,79,False,False,2024,7909.0,222.9,3566.0
cerebrovascular,Hi06,Hi06_脳血管疾患,male,a80_84,80-84歳,80,84,False,False,1950,3112.0,3255.6,
cerebrovascular,Hi06,Hi06_脳血管疾患,male,a80_84,80-84歳,80,84,False,False,1955,4121.0,3094.0,
cerebrovascular,Hi06,Hi06_脳血管疾患,male,a80_84,80-84歳,80,84,False,False,1960,6707.0,3965.3,
cerebrovascular,Hi06,Hi06_脳血管疾患,male,a80_84,80-84歳,80,84,False,False,1965,8914.0,4768.2,
cerebrovascular,Hi06,Hi06_脳血管疾患,male,a80_84,80-84歳,80,84,False,False,1970,11388.0,4726.9,
cerebrovascular,Hi06,Hi06_脳血管疾患,male,a80_84,80-84歳,80,84,False,False,1975,12866.0,4188.4,
cerebrovascular,Hi06,Hi06_脳血管疾患,male,a80_84,80-84歳,80,84,False,False,1980,13986.0,3356.6,
cerebrovascular,Hi06,Hi06_脳血管疾患,male,a80_84,80-84歳,80,84,False,False,1985,12426.0,2269.6,
cerebrovascular,Hi06,Hi06_脳血管疾患,male,a80_84,80-84歳,80,84,False,False,1990,11072.0,1631.9,
cerebrovascular,Hi06,Hi06_脳血管疾患,male,a80_84,80-84歳,80,84,False,False,1995,14028.0,1707.4,
cerebrovascular,Hi06,Hi06_脳血管疾患,male,a80_84,80-84歳,80,84,False,False,2000,11204.0,1226.9,917.0
cerebrovascular,Hi06,Hi06_脳血管疾患,male,a80_84,80-84歳,80,84,False,False,2005,11496.0,941.3,1228.0
cerebrovascular,Hi06,Hi06_脳血管疾患,male,a80_84,80-84歳,80,84,False,False,2010,12722.0,748.3,1705.0
cerebrovascular,Hi06,Hi06_脳血管疾患,male,a80_84,80-84歳,80,84,False,False,2013,12158.0,645.7,1888.0
cerebrovascular,Hi06,Hi06_脳血管疾患,male,a80_84,80-84歳,80,84,False,False,2014,11591.0,598.1,1944.0
cerebrovascular,Hi06,Hi06_脳血管疾患,male,a80_84,80-84歳,80,84,False,False,2015,11078.0,551.2,2015.0
cerebrovascular,Hi06,Hi06_脳血管疾患,male,a80_84,80-84歳,80,84,False,False,2016,10982.0,525.5,2093.0
cerebrovascular,Hi06,Hi06_脳血管疾患,male,a80_84,80-84歳,80,84,False,False,2017,10766.0,500.7,2150.0
cerebrovascular,Hi06,Hi06_脳血管疾患,male,a80_84,80-84歳,80,84,False,False,2018,10350.0,473.2,2183.0
cerebrovascular,Hi06,Hi06_脳血管疾患,male,a80_84,80-84歳,80,84,False,False,2019,10126.0,462.1,2183.0
cerebrovascular,Hi06,Hi06_脳血管疾患,male,a80_84,80-84歳,80,84,False,False,2020,9418.0,423.6,2232.0
cerebrovascular,Hi06,Hi06_脳血管疾患,male,a80_84,80-84歳,80,84,False,False,2021,9734.0,422.9,2310.0
cerebrovascular,Hi06,Hi06_脳血管疾患,male,a80_84,80-84歳,80,84,False,False,2022,9964.0,418.1,2392.0
cerebrovascular,Hi06,Hi06_脳血管疾患,male,a80_84,80-84歳,80,84,False,False,2023,9811.0,400.7,2458.0
cerebrovascular,Hi06,Hi06_脳血管疾患,male,a80_84,80-84歳,80,84,False,False,2024,9831.0,386.6,2553.0
cerebrovascular,Hi06,Hi06_脳血管疾患,male,a85_89,85-89歳,85,89,False,False,1950,894.0,3647.9,
cerebrovascular,Hi06,Hi06_脳血管疾患,male,a85_89,85-89歳,85,89,False,False,1955,1130.0,3338.1,
cerebrovascular,Hi06,Hi06_脳血管疾患,male,a85_89,85-89歳,85,89,False,False,1960,1980.0,4108.5,
cerebrovascular,Hi06,Hi06_脳血管疾患,male,a85_89,85-89歳,85,89,False,False,1965,3265.0,5430.2,
cerebrovascular,Hi06,Hi06_脳血管疾患,male,a85_89,85-89歳,85,89,False,False,1970,4219.0,5905.8,
cerebrovascular,Hi06,Hi06_脳血管疾患,male,a85_89,85-89歳,85,89,False,False,1975,5789.0,5746.4,
cerebrovascular,Hi06,Hi06_脳血管疾患,male,a85_89,85-89歳,85,89,False,False,1980,6612.0,4774.1,
cerebrovascular,Hi06,Hi06_脳血管疾患,male,a85_89,85-89歳,85,89,False,False,1985,7249.0,3783.4,
cerebrovascular,Hi06,Hi06_脳血管疾患,male,a85_89,85-89歳,85,89,False,False,1990,7870.0,2852.5,
cerebrovascular,Hi06,Hi06_脳血管疾患,male,a85_89,85-89歳,85,89,False,False,1995,10920.0,3024.7,
cerebrovascular,Hi06,Hi06_脳血管疾患,male,a85_89,85-89歳,85,89,False,False,2000,10043.0,2107.5,478.0
cerebrovascular,Hi06,Hi06_脳血管疾患,male,a85_89,85-89歳,85,89,False,False,2005,9519.0,1716.0,557.0
cerebrovascular,Hi06,Hi06_脳血管疾患,male,a85_89,85-89歳,85,89,False,False,2010,9814.0,1313.3,750.0
cerebrovascular,Hi06,Hi06_脳血管疾患,male,a85_89,85-89歳,85,89,False,False,2013,10789.0,1115.7,970.0
cerebrovascular,Hi06,Hi06_脳血管疾患,male,a85_89,85-89歳,85,89,False,False,2014,10666.0,1038.6,1029.0
cerebrovascular,Hi06,Hi06_脳血管疾患,male,a85_89,85-89歳,85,89,False,False,2015,10485.0,984.2,1068.0
cerebrovascular,Hi06,Hi06_脳血管疾患,male,a85_89,85-89歳,85,89,False,False,2016,10329.0,924.4,1118.0
cerebrovascular,Hi06,Hi06_脳血管疾患,male,a85_89,85-89歳,85,89,False,False,2017,10608.0,906.2,1170.0
cerebrovascular,Hi06,Hi06_脳血管疾患,male,a85_89,85-89歳,85,89,False,False,2018,10588.0,866.2,1220.0
cerebrovascular,Hi06,Hi06_脳血管疾患,male,a85_89,85-89歳,85,89,False,False,2019,10347.0,814.2,1265.0
cerebrovascular,Hi06,Hi06_脳血管疾患,male,a85_89,85-89歳,85,89,False,False,2020,10235.0,774.9,1324.0
cerebrovascular,Hi06,Hi06_脳血管疾患,male,a85_89,85-89歳,85,89,False,False,2021,10586.0,765.3,1387.0
cerebrovascular,Hi06,Hi06_脳血管疾患,male,a85_89,85-89歳,85,89,False,False,2022,10910.0,765.6,1429.0
cerebrovascular,Hi06,Hi06_脳血管疾患,male,a85_89,85-89歳,85,89,False,False,2023,10485.0,726.5,1448.0
cerebrovascular,Hi06,Hi06_脳血管疾患,male,a85_89,85-89歳,85,89,False,False,2024,9849.0,685.2,1442.0
cerebrovascular,Hi06,Hi06_脳血管疾患,male,a90_94,90-94歳,90,94,False,False,1950,143.0,3788.2,
cerebrovascular,Hi06,Hi06_脳血管疾患,male,a90_94,90-94歳,90,94,False,False,1955,174.0,3259.6,
cerebrovascular,Hi06,Hi06_脳血管疾患,male,a90_94,90-94歳,90,94,False,False,1960,327.0,4297.8,
cerebrovascular,Hi06,Hi06_脳血管疾患,male,a90_94,90-94歳,90,94,False,False,1965,539.0,4275.9,
cerebrovascular,Hi06,Hi06_脳血管疾患,male,a90_94,90-94歳,90,94,False,False,1970,918.0,5889.4,
cerebrovascular,Hi06,Hi06_脳血管疾患,male,a90_94,90-94歳,90,94,False,False,1975,1232.0,6558.4,
cerebrovascular,Hi06,Hi06_脳血管疾患,male,a90_94,90-94歳,90,94,False,False,1980,1733.0,5910.4,
cerebrovascular,Hi06,Hi06_脳血管疾患,male,a90_94,90-94歳,90,94,False,False,1985,2159.0,4596.0,
cerebrovascular,Hi06,Hi06_脳血管疾患,male,a90_94,90-94歳,90,94,False,False,1990,2911.0,4209.4,71.0
cerebrovascular,Hi06,Hi06_脳血管疾患,male,a90_94,90-94歳,90,94,False,False,1995,4616.0,4866.2,100.0
cerebrovascular,Hi06,Hi06_脳血管疾患,male,a90_94,90-94歳,90,94,False,False,2000,4795.0,3391.1,150.0
cerebrovascular,Hi06,Hi06_脳血管疾患,male,a90_94,90-94歳,90,94,False,False,2005,5694.0,2702.9,211.0
cerebrovascular,Hi06,Hi06_脳血管疾患,male,a90_94,90-94歳,90,94,False,False,2010,5311.0,2186.2,244.0
cerebrovascular,Hi06,Hi06_脳血管疾患,male,a90_94,90-94歳,90,94,False,False,2013,5151.0,1826.6,283.0
cerebrovascular,Hi06,Hi06_脳血管疾患,male,a90_94,90-94歳,90,94,False,False,2014,5097.0,1638.9,312.0
cerebrovascular,Hi06,Hi06_脳血管疾患,male,a90_94,90-94歳,90,94,False,False,2015,5336.0,1589.3,337.0
cerebrovascular,Hi06,Hi06_脳血管疾患,male,a90_94,90-94歳,90,94,False,False,2016,5640.0,1496.0,376.0
cerebrovascular,Hi06,Hi06_脳血管疾患,male,a90_94,90-94歳,90,94,False,False,2017,6120.0,1471.2,410.0
cerebrovascular,Hi06,Hi06_脳血管疾患,male,a90_94,90-94歳,90,94,False,False,2018,6194.0,1373.4,441.0
cerebrovascular,Hi06,Hi06_脳血管疾患,male,a90_94,90-94歳,90,94,False,False,2019,6232.0,1295.6,469.0
cerebrovascular,Hi06,Hi06_脳血管疾患,male,a90_94,90-94歳,90,94,False,False,2020,6128.0,1231.0,499.0
cerebrovascular,Hi06,Hi06_脳血管疾患,male,a90_94,90-94歳,90,94,False,False,2021,6356.0,1201.5,531.0
cerebrovascular,Hi06,Hi06_脳血管疾患,male,a90_94,90-94歳,90,94,False,False,2022,6721.0,1202.3,560.0
cerebrovascular,Hi06,Hi06_脳血管疾患,male,a90_94,90-94歳,90,94,False,False,2023,6489.0,1116.9,583.0
cerebrovascular,Hi06,Hi06_脳血管疾患,male,a90_94,90-94歳,90,94,False,False,2024,6513.0,1087.3,601.0
cerebrovascular,Hi06,Hi06_脳血管疾患,male,a95_99,95-99歳,95,99,False,False,1950,17.0,,
cerebrovascular,Hi06,Hi06_脳血管疾患,male,a95_99,95-99歳,95,99,False,False,1955,15.0,,
cerebrovascular,Hi06,Hi06_脳血管疾患,male,a95_99,95-99歳,95,99,False,False,1960,25.0,,
cerebrovascular,Hi06,Hi06_脳血管疾患,male,a95_99,95-99歳,95,99,False,False,1965,48.0,,
cerebrovascular,Hi06,Hi06_脳血管疾患,male,a95_99,95-99歳,95,99,False,False,1970,110.0,,
cerebrovascular,Hi06,Hi06_脳血管疾患,male,a95_99,95-99歳,95,99,False,False,1975,176.0,,
cerebrovascular,Hi06,Hi06_脳血管疾患,male,a95_99,95-99歳,95,99,False,False,1980,215.0,,
cerebrovascular,Hi06,Hi06_脳血管疾患,male,a95_99,95-99歳,95,99,False,False,1985,355.0,,
cerebrovascular,Hi06,Hi06_脳血管疾患,male,a95_99,95-99歳,95,99,False,False,1990,471.0,,10.0
cerebrovascular,Hi06,Hi06_脳血管疾患,male,a95_99,95-99歳,95,99,False,False,1995,990.0,,16.0
cerebrovascular,Hi06,Hi06_脳血管疾患,male,a95_99,95-99歳,95,99,False,False,2000,1065.0,,25.0
cerebrovascular,Hi06,Hi06_脳血管疾患,male,a95_99,95-99歳,95,99,False,False,2005,1640.0,3956.1,42.0
cerebrovascular,Hi06,Hi06_脳血管疾患,male,a95_99,95-99歳,95,99,False,False,2010,1698.0,3032.5,56.0
cerebrovascular,Hi06,Hi06_脳血管疾患,male,a95_99,95-99歳,95,99,False,False,2013,1564.0,2522.6,62.0
cerebrovascular,Hi06,Hi06_脳血管疾患,male,a95_99,95-99歳,95,99,False,False,2014,1456.0,2348.4,63.0
cerebrovascular,Hi06,Hi06_脳血管疾患,male,a95_99,95-99歳,95,99,False,False,2015,1573.0,2478.4,
cerebrovascular,Hi06,Hi06_脳血管疾患,male,a95_99,95-99歳,95,99,False,False,2016,1501.0,2240.3,67.0
cerebrovascular,Hi06,Hi06_脳血管疾患,male,a95_99,95-99歳,95,99,False,False,2017,1556.0,2222.9,70.0
cerebrovascular,Hi06,Hi06_脳血管疾患,male,a95_99,95-99歳,95,99,False,False,2018,1527.0,2009.2,76.0
cerebrovascular,Hi06,Hi06_脳血管疾患,male,a95_99,95-99歳,95,99,False,False,2019,1612.0,1852.9,84.0
cerebrovascular,Hi06,Hi06_脳血管疾患,male,a95_99,95-99歳,95,99,False,False,2020,1618.0,1736.7,
cerebrovascular,Hi06,Hi06_脳血管疾患,male,a95_99,95-99歳,95,99,False,False,2021,1871.0,1799.0,
cerebrovascular,Hi06,Hi06_脳血管疾患,male,a95_99,95-99歳,95,99,False,False,2022,1949.0,1755.9,
cerebrovascular,Hi06,Hi06_脳血管疾患,male,a95_99,95-99歳,95,99,False,False,2023,1844.0,1536.7,
cerebrovascular,Hi06,Hi06_脳血管疾患,male,a95_99,95-99歳,95,99,False,False,2024,2006.0,1543.1,
cerebrovascular,Hi06,Hi06_脳血管疾患,male,a100p,100歳以上,100,,False,False,1950,1.0,,
cerebrovascular,Hi06,Hi06_脳血管疾患,male,a100p,100歳以上,100,,False,False,1955,1.0,,
cerebrovascular,Hi06,Hi06_脳血管疾患,male,a100p,100歳以上,100,,False,False,1960,3.0,,
cerebrovascular,Hi06,Hi06_脳血管疾患,male,a100p,100歳以上,100,,False,False,1970,1.0,,
cerebrovascular,Hi06,Hi06_脳血管疾患,male,a100p,100歳以上,100,,False,False,1975,13.0,,
cerebrovascular,Hi06,Hi06_脳血管疾患,male,a100p,100歳以上,100,,False,False,1980,12.0,,
cerebrovascular,Hi06,Hi06_脳血管疾患,male,a100p,100歳以上,100,,False,False,1985,23.0,,
cerebrovascular,Hi06,Hi06_脳血管疾患,male,a100p,100歳以上,100,,False,False,1990,47.0,,1.0
cerebrovascular,Hi06,Hi06_脳血管疾患,male,a100p,100歳以上,100,,False,False,1995,83.0,,1.0
cerebrovascular,Hi06,Hi06_脳血管疾患,male,a100p,100歳以上,100,,False,False,2000,119.0,,2.0
cerebrovascular,Hi06,Hi06_脳血管疾患,male,a100p,100歳以上,100,,False,False,2005,148.0,3935.1,
cerebrovascular,Hi06,Hi06_脳血管疾患,male,a100p,100歳以上,100,,False,False,2010,232.0,3959.7,
cerebrovascular,Hi06,Hi06_脳血管疾患,male,a100p,100歳以上,100,,False,False,2013,225.0,3214.3,7.0
cerebrovascular,Hi06,Hi06_脳血管疾患,male,a100p,100歳以上,100,,False,False,2014,218.0,2725.0,8.0
cerebrovascular,Hi06,Hi06_脳血管疾患,male,a100p,100歳以上,100,,False,False,2015,214.0,2559.5,
cerebrovascular,Hi06,Hi06_脳血管疾患,male,a100p,100歳以上,100,,False,False,2016,229.0,2544.4,9.0
cerebrovascular,Hi06,Hi06_脳血管疾患,male,a100p,100歳以上,100,,False,False,2017,208.0,2311.1,9.0
cerebrovascular,Hi06,Hi06_脳血管疾患,male,a100p,100歳以上,100,,False,False,2018,199.0,2211.1,9.0
cerebrovascular,Hi06,Hi06_脳血管疾患,male,a100p,100歳以上,100,,False,False,2019,198.0,2200.0,9.0
cerebrovascular,Hi06,Hi06_脳血管疾患,male,a100p,100歳以上,100,,False,False,2020,216.0,2206.8,
cerebrovascular,Hi06,Hi06_脳血管疾患,male,a100p,100歳以上,100,,False,False,2021,205.0,2050.0,10.0
cerebrovascular,Hi06,Hi06_脳血管疾患,male,a100p,100歳以上,100,,False,False,2022,249.0,2490.0,10.0
cerebrovascular,Hi06,Hi06_脳血管疾患,male,a100p,100歳以上,100,,False,False,2023,210.0,1909.1,11.0
cerebrovascular,Hi06,Hi06_脳血管疾患,male,a100p,100歳以上,100,,False,False,2024,207.0,1881.8,11.0
cerebrovascular,Hi06,Hi06_脳血管疾患,male,total,総数,,,False,True,1950,52188.0,127.9,
cerebrovascular,Hi06,Hi06_脳血管疾患,male,total,総数,,,False,True,1955,62737.0,143.0,
cerebrovascular,Hi06,Hi06_脳血管疾患,male,total,総数,,,False,True,1960,78965.0,172.1,
cerebrovascular,Hi06,Hi06_脳血管疾患,male,total,総数,,,False,True,1965,92723.0,192.2,
cerebrovascular,Hi06,Hi06_脳血管疾患,male,total,総数,,,False,True,1970,96910.0,191.5,
cerebrovascular,Hi06,Hi06_脳血管疾患,male,total,総数,,,False,True,1975,89924.0,164.3,
cerebrovascular,Hi06,Hi06_脳血管疾患,male,total,総数,,,False,True,1980,81650.0,142.7,57594.0
cerebrovascular,Hi06,Hi06_脳血管疾患,male,total,総数,,,False,True,1985,65287.0,110.6,59497.0
cerebrovascular,Hi06,Hi06_脳血管疾患,male,total,総数,,,False,True,1990,57627.0,95.6,60697.0
cerebrovascular,Hi06,Hi06_脳血管疾患,male,total,総数,,,False,True,1995,69587.0,114.2,61574.0
cerebrovascular,Hi06,Hi06_脳血管疾患,male,total,総数,,,False,True,2000,63127.0,102.7,62111.0
cerebrovascular,Hi06,Hi06_脳血管疾患,male,total,総数,,,False,True,2005,63657.0,103.3,62349.0
cerebrovascular,Hi06,Hi06_脳血管疾患,male,total,総数,,,False,True,2010,60186.0,97.7,62328.0
cerebrovascular,Hi06,Hi06_脳血管疾患,male,total,総数,,,False,True,2013,56718.0,92.7,61909.0
cerebrovascular,Hi06,Hi06_脳血管疾患,male,total,総数,,,False,True,2014,54995.0,90.1,61801.0
cerebrovascular,Hi06,Hi06_脳血管疾患,male,total,総数,,,False,True,2015,53576.0,87.8,61842.0
cerebrovascular,Hi06,Hi06_脳血管疾患,male,total,総数,,,False,True,2016,52718.0,86.6,61816.0
cerebrovascular,Hi06,Hi06_脳血管疾患,male,total,総数,,,False,True,2017,53198.0,87.7,61753.0
cerebrovascular,Hi06,Hi06_脳血管疾患,male,total,総数,,,False,True,2018,52398.0,86.7,61673.0
cerebrovascular,Hi06,Hi06_脳血管疾患,male,total,総数,,,False,True,2019,51768.0,86.0,61588.0
cerebrovascular,Hi06,Hi06_脳血管疾患,male,total,総数,,,False,True,2020,50390.0,84.0,61350.0
cerebrovascular,Hi06,Hi06_脳血管疾患,male,total,総数,,,False,True,2021,51594.0,86.4,61019.0
cerebrovascular,Hi06,Hi06_脳血管疾患,male,total,総数,,,False,True,2022,53188.0,89.7,60758.0
cerebrovascular,Hi06,Hi06_脳血管疾患,male,total,総数,,,False,True,2023,51684.0,87.7,60492.0
cerebrovascular,Hi06,Hi06_脳血管疾患,male,total,総数,,,False,True,2024,51176.0,87.6,60233.0
cerebrovascular,Hi06,Hi06_脳血管疾患,total,a00_04,0-4歳,0,4,False,False,1950,133.0,1.2,
cerebrovascular,Hi06,Hi06_脳血管疾患,total,a00_04,0-4歳,0,4,False,False,1955,58.0,0.6,
cerebrovascular,Hi06,Hi06_脳血管疾患,total,a00_04,0-4歳,0,4,False,False,1960,60.0,0.8,
cerebrovascular,Hi06,Hi06_脳血管疾患,total,a00_04,0-4歳,0,4,False,False,1965,80.0,1.0,
cerebrovascular,Hi06,Hi06_脳血管疾患,total,a00_04,0-4歳,0,4,False,False,1970,115.0,1.3,
cerebrovascular,Hi06,Hi06_脳血管疾患,total,a00_04,0-4歳,0,4,False,False,1975,144.0,1.4,
cerebrovascular,Hi06,Hi06_脳血管疾患,total,a00_04,0-4歳,0,4,False,False,1980,94.0,1.1,8515.0
cerebrovascular,Hi06,Hi06_脳血管疾患,total,a00_04,0-4歳,0,4,False,False,1985,63.0,0.8,7459.0
cerebrovascular,Hi06,Hi06_脳血管疾患,total,a00_04,0-4歳,0,4,False,False,1990,47.0,0.7,6493.0
cerebrovascular,Hi06,Hi06_脳血管疾患,total,a00_04,0-4歳,0,4,False,False,1995,38.0,0.6,5995.0
cerebrovascular,Hi06,Hi06_脳血管疾患,total,a00_04,0-4歳,0,4,False,False,2000,23.0,0.4,5915.0
cerebrovascular,Hi06,Hi06_脳血管疾患,total,a00_04,0-4歳,0,4,False,False,2005,10.0,0.2,5599.0
cerebrovascular,Hi06,Hi06_脳血管疾患,total,a00_04,0-4歳,0,4,False,False,2010,13.0,0.2,5308.0
cerebrovascular,Hi06,Hi06_脳血管疾患,total,a00_04,0-4歳,0,4,False,False,2013,7.0,0.1,5239.0
cerebrovascular,Hi06,Hi06_脳血管疾患,total,a00_04,0-4歳,0,4,False,False,2014,10.0,0.2,5213.0
cerebrovascular,Hi06,Hi06_脳血管疾患,total,a00_04,0-4歳,0,4,False,False,2015,5.0,0.1,5006.0
cerebrovascular,Hi06,Hi06_脳血管疾患,total,a00_04,0-4歳,0,4,False,False,2016,9.0,0.2,4976.0
cerebrovascular,Hi06,Hi06_脳血管疾患,total,a00_04,0-4歳,0,4,False,False,2017,2.0,0.0,4926.0
cerebrovascular,Hi06,Hi06_脳血管疾患,total,a00_04,0-4歳,0,4,False,False,2018,5.0,0.1,4845.0
cerebrovascular,Hi06,Hi06_脳血管疾患,total,a00_04,0-4歳,0,4,False,False,2019,7.0,0.1,4727.0
cerebrovascular,Hi06,Hi06_脳血管疾患,total,a00_04,0-4歳,0,4,False,False,2020,7.0,0.2,4541.0
cerebrovascular,Hi06,Hi06_脳血管疾患,total,a00_04,0-4歳,0,4,False,False,2021,8.0,0.2,4389.0
cerebrovascular,Hi06,Hi06_脳血管疾患,total,a00_04,0-4歳,0,4,False,False,2022,9.0,0.2,4247.0
cerebrovascular,Hi06,Hi06_脳血管疾患,total,a00_04,0-4歳,0,4,False,False,2023,3.0,0.1,4087.0
cerebrovascular,Hi06,Hi06_脳血管疾患,total,a00_04,0-4歳,0,4,False,False,2024,6.0,0.2,3934.0
cerebrovascular,Hi06,Hi06_脳血管疾患,total,a05_09,5-9歳,5,9,False,False,1950,76.0,0.8,
cerebrovascular,Hi06,Hi06_脳血管疾患,total,a05_09,5-9歳,5,9,False,False,1955,41.0,0.4,
cerebrovascular,Hi06,Hi06_脳血管疾患,total,a05_09,5-9歳,5,9,False,False,1960,41.0,0.4,
cerebrovascular,Hi06,Hi06_脳血管疾患,total,a05_09,5-9歳,5,9,False,False,1965,28.0,0.4,
cerebrovascular,Hi06,Hi06_脳血管疾患,total,a05_09,5-9歳,5,9,False,False,1970,31.0,0.4,
cerebrovascular,Hi06,Hi06_脳血管疾患,total,a05_09,5-9歳,5,9,False,False,1975,27.0,0.3,
cerebrovascular,Hi06,Hi06_脳血管疾患,total,a05_09,5-9歳,5,9,False,False,1980,32.0,0.3,10032.0
cerebrovascular,Hi06,Hi06_脳血管疾患,total,a05_09,5-9歳,5,9,False,False,1985,19.0,0.2,8532.0
cerebrovascular,Hi06,Hi06_脳血管疾患,total,a05_09,5-9歳,5,9,False,False,1990,11.0,0.1,7467.0
cerebrovascular,Hi06,Hi06_脳血管疾患,total,a05_09,5-9歳,5,9,False,False,1995,10.0,0.2,6541.0
cerebrovascular,Hi06,Hi06_脳血管疾患,total,a05_09,5-9歳,5,9,False,False,2000,13.0,0.2,6033.0
cerebrovascular,Hi06,Hi06_脳血管疾患,total,a05_09,5-9歳,5,9,False,False,2005,10.0,0.2,5950.0
cerebrovascular,Hi06,Hi06_脳血管疾患,total,a05_09,5-9歳,5,9,False,False,2010,8.0,0.1,5598.0
cerebrovascular,Hi06,Hi06_脳血管疾患,total,a05_09,5-9歳,5,9,False,False,2013,11.0,0.2,5361.0
cerebrovascular,Hi06,Hi06_脳血管疾患,total,a05_09,5-9歳,5,9,False,False,2014,14.0,0.3,5307.0
cerebrovascular,Hi06,Hi06_脳血管疾患,total,a05_09,5-9歳,5,9,False,False,2015,10.0,0.2,5319.0
cerebrovascular,Hi06,Hi06_脳血管疾患,total,a05_09,5-9歳,5,9,False,False,2016,7.0,0.1,5311.0
cerebrovascular,Hi06,Hi06_脳血管疾患,total,a05_09,5-9歳,5,9,False,False,2017,8.0,0.2,5267.0
cerebrovascular,Hi06,Hi06_脳血管疾患,total,a05_09,5-9歳,5,9,False,False,2018,7.0,0.1,5212.0
cerebrovascular,Hi06,Hi06_脳血管疾患,total,a05_09,5-9歳,5,9,False,False,2019,13.0,0.3,5154.0
cerebrovascular,Hi06,Hi06_脳血管疾患,total,a05_09,5-9歳,5,9,False,False,2020,3.0,0.1,5114.0
cerebrovascular,Hi06,Hi06_脳血管疾患,total,a05_09,5-9歳,5,9,False,False,2021,9.0,0.2,5038.0
cerebrovascular,Hi06,Hi06_脳血管疾患,total,a05_09,5-9歳,5,9,False,False,2022,6.0,0.1,4948.0
cerebrovascular,Hi06,Hi06_脳血管疾患,total,a05_09,5-9歳,5,9,False,False,2023,7.0,0.1,4838.0
cerebrovascular,Hi06,Hi06_脳血管疾患,total,a05_09,5-9歳,5,9,False,False,2024,7.0,0.2,4710.0
cerebrovascular,Hi06,Hi06_脳血管疾患,total,a10_14,10-14歳,10,14,False,False,1950,93.0,1.1,
cerebrovascular,Hi06,Hi06_脳血管疾患,total,a10_14,10-14歳,10,14,False,False,1955,53.0,0.6,
cerebrovascular,Hi06,Hi06_脳血管疾患,total,a10_14,10-14歳,10,14,False,False,1960,57.0,0.5,
cerebrovascular,Hi06,Hi06_脳血管疾患,total,a10_14,10-14歳,10,14,False,False,1965,58.0,0.6,
cerebrovascular,Hi06,Hi06_脳血管疾患,total,a10_14,10-14歳,10,14,False,False,1970,39.0,0.5,
cerebrovascular,Hi06,Hi06_脳血管疾患,total,a10_14,10-14歳,10,14,False,False,1975,33.0,0.4,
cerebrovascular,Hi06,Hi06_脳血管疾患,total,a10_14,10-14歳,10,14,False,False,1980,36.0,0.4,8960.0
cerebrovascular,Hi06,Hi06_脳血管疾患,total,a10_14,10-14歳,10,14,False,False,1985,27.0,0.3,10042.0
cerebrovascular,Hi06,Hi06_脳血管疾患,total,a10_14,10-14歳,10,14,False,False,1990,19.0,0.2,8527.0
cerebrovascular,Hi06,Hi06_脳血管疾患,total,a10_14,10-14歳,10,14,False,False,1995,23.0,0.3,7478.0
cerebrovascular,Hi06,Hi06_脳血管疾患,total,a10_14,10-14歳,10,14,False,False,2000,19.0,0.3,6558.0
cerebrovascular,Hi06,Hi06_脳血管疾患,total,a10_14,10-14歳,10,14,False,False,2005,14.0,0.2,6036.0
cerebrovascular,Hi06,Hi06_脳血管疾患,total,a10_14,10-14歳,10,14,False,False,2010,15.0,0.3,5933.0
cerebrovascular,Hi06,Hi06_脳血管疾患,total,a10_14,10-14歳,10,14,False,False,2013,19.0,0.3,5790.0
cerebrovascular,Hi06,Hi06_脳血管疾患,total,a10_14,10-14歳,10,14,False,False,2014,18.0,0.3,5713.0
cerebrovascular,Hi06,Hi06_脳血管疾患,total,a10_14,10-14歳,10,14,False,False,2015,15.0,0.3,5620.0
cerebrovascular,Hi06,Hi06_脳血管疾患,total,a10_14,10-14歳,10,14,False,False,2016,13.0,0.2,5522.0
cerebrovascular,Hi06,Hi06_脳血管疾患,total,a10_14,10-14歳,10,14,False,False,2017,13.0,0.2,5448.0
cerebrovascular,Hi06,Hi06_脳血管疾患,total,a10_14,10-14歳,10,14,False,False,2018,13.0,0.2,5417.0
cerebrovascular,Hi06,Hi06_脳血管疾患,total,a10_14,10-14歳,10,14,False,False,2019,14.0,0.3,5378.0
cerebrovascular,Hi06,Hi06_脳血管疾患,total,a10_14,10-14歳,10,14,False,False,2020,11.0,0.2,5376.0
cerebrovascular,Hi06,Hi06_脳血管疾患,total,a10_14,10-14歳,10,14,False,False,2021,13.0,0.2,5357.0
cerebrovascular,Hi06,Hi06_脳血管疾患,total,a10_14,10-14歳,10,14,False,False,2022,14.0,0.3,5308.0
cerebrovascular,Hi06,Hi06_脳血管疾患,total,a10_14,10-14歳,10,14,False,False,2023,8.0,0.2,5248.0
cerebrovascular,Hi06,Hi06_脳血管疾患,total,a10_14,10-14歳,10,14,False,False,2024,13.0,0.3,5185.0
cerebrovascular,Hi06,Hi06_脳血管疾患,total,a15_19,15-19歳,15,19,False,False,1950,149.0,1.7,
cerebrovascular,Hi06,Hi06_脳血管疾患,total,a15_19,15-19歳,15,19,False,False,1955,101.0,1.2,
cerebrovascular,Hi06,Hi06_脳血管疾患,total,a15_19,15-19歳,15,19,False,False,1960,118.0,1.3,
cerebrovascular,Hi06,Hi06_脳血管疾患,total,a15_19,15-19歳,15,19,False,False,1965,104.0,1.0,
cerebrovascular,Hi06,Hi06_脳血管疾患,total,a15_19,15-19歳,15,19,False,False,1970,111.0,1.2,
cerebrovascular,Hi06,Hi06_脳血管疾患,total,a15_19,15-19歳,15,19,False,False,1975,67.0,0.8,
cerebrovascular,Hi06,Hi06_脳血管疾患,total,a15_19,15-19歳,15,19,False,False,1980,45.0,0.5,8272.0
cerebrovascular,Hi06,Hi06_脳血管疾患,total,a15_19,15-19歳,15,19,False,False,1985,54.0,0.6,8980.0
cerebrovascular,Hi06,Hi06_脳血管疾患,total,a15_19,15-19歳,15,19,False,False,1990,34.0,0.3,10007.0
cerebrovascular,Hi06,Hi06_脳血管疾患,total,a15_19,15-19歳,15,19,False,False,1995,41.0,0.5,8558.0
cerebrovascular,Hi06,Hi06_脳血管疾患,total,a15_19,15-19歳,15,19,False,False,2000,29.0,0.4,7502.0
cerebrovascular,Hi06,Hi06_脳血管疾患,total,a15_19,15-19歳,15,19,False,False,2005,22.0,0.3,6593.0
cerebrovascular,Hi06,Hi06_脳血管疾患,total,a15_19,15-19歳,15,19,False,False,2010,19.0,0.3,6093.0
cerebrovascular,Hi06,Hi06_脳血管疾患,total,a15_19,15-19歳,15,19,False,False,2013,17.0,0.3,6047.0
cerebrovascular,Hi06,Hi06_脳血管疾患,total,a15_19,15-19歳,15,19,False,False,2014,15.0,0.3,6005.0
cerebrovascular,Hi06,Hi06_脳血管疾患,total,a15_19,15-19歳,15,19,False,False,2015,17.0,0.3,6054.0
cerebrovascular,Hi06,Hi06_脳血管疾患,total,a15_19,15-19歳,15,19,False,False,2016,17.0,0.3,6029.0
cerebrovascular,Hi06,Hi06_脳血管疾患,total,a15_19,15-19歳,15,19,False,False,2017,10.0,0.2,5983.0
cerebrovascular,Hi06,Hi06_脳血管疾患,total,a15_19,15-19歳,15,19,False,False,2018,22.0,0.4,5901.0
cerebrovascular,Hi06,Hi06_脳血管疾患,total,a15_19,15-19歳,15,19,False,False,2019,14.0,0.2,5837.0
cerebrovascular,Hi06,Hi06_脳血管疾患,total,a15_19,15-19歳,15,19,False,False,2020,8.0,0.1,5706.0
cerebrovascular,Hi06,Hi06_脳血管疾患,total,a15_19,15-19歳,15,19,False,False,2021,12.0,0.2,5580.0
cerebrovascular,Hi06,Hi06_脳血管疾患,total,a15_19,15-19歳,15,19,False,False,2022,9.0,0.2,5512.0
cerebrovascular,Hi06,Hi06_脳血管疾患,total,a15_19,15-19歳,15,19,False,False,2023,22.0,0.4,5494.0
cerebrovascular,Hi06,Hi06_脳血管疾患,total,a15_19,15-19歳,15,19,False,False,2024,16.0,0.3,5457.0
cerebrovascular,Hi06,Hi06_脳血管疾患,total,a20_24,20-24歳,20,24,False,False,1950,245.0,3.2,
cerebrovascular,Hi06,Hi06_脳血管疾患,total,a20_24,20-24歳,20,24,False,False,1955,203.0,2.4,
cerebrovascular,Hi06,Hi06_脳血管疾患,total,a20_24,20-24歳,20,24,False,False,1960,160.0,1.9,
cerebrovascular,Hi06,Hi06_脳血管疾患,total,a20_24,20-24歳,20,24,False,False,1965,169.0,1.9,
cerebrovascular,Hi06,Hi06_脳血管疾患,total,a20_24,20-24歳,20,24,False,False,1970,194.0,1.8,
cerebrovascular,Hi06,Hi06_脳血管疾患,total,a20_24,20-24歳,20,24,False,False,1975,120.0,1.3,
cerebrovascular,Hi06,Hi06_脳血管疾患,total,a20_24,20-24歳,20,24,False,False,1980,87.0,1.1,7841.0
cerebrovascular,Hi06,Hi06_脳血管疾患,total,a20_24,20-24歳,20,24,False,False,1985,94.0,1.1,8201.0
cerebrovascular,Hi06,Hi06_脳血管疾患,total,a20_24,20-24歳,20,24,False,False,1990,76.0,0.9,8800.0
cerebrovascular,Hi06,Hi06_脳血管疾患,total,a20_24,20-24歳,20,24,False,False,1995,74.0,0.8,9895.0
cerebrovascular,Hi06,Hi06_脳血管疾患,total,a20_24,20-24歳,20,24,False,False,2000,51.0,0.6,8438.0
cerebrovascular,Hi06,Hi06_脳血管疾患,total,a20_24,20-24歳,20,24,False,False,2005,52.0,0.7,7381.0
cerebrovascular,Hi06,Hi06_脳血管疾患,total,a20_24,20-24歳,20,24,False,False,2010,39.0,0.6,6525.0
cerebrovascular,Hi06,Hi06_脳血管疾患,total,a20_24,20-24歳,20,24,False,False,2013,29.0,0.5,6205.0
cerebrovascular,Hi06,Hi06_脳血管疾患,total,a20_24,20-24歳,20,24,False,False,2014,34.0,0.6,6203.0
cerebrovascular,Hi06,Hi06_脳血管疾患,total,a20_24,20-24歳,20,24,False,False,2015,24.0,0.4,6091.0
cerebrovascular,Hi06,Hi06_脳血管疾患,total,a20_24,20-24歳,20,24,False,False,2016,26.0,0.4,6166.0
cerebrovascular,Hi06,Hi06_脳血管疾患,total,a20_24,20-24歳,20,24,False,False,2017,19.0,0.3,6245.0
cerebrovascular,Hi06,Hi06_脳血管疾患,total,a20_24,20-24歳,20,24,False,False,2018,21.0,0.4,6331.0
cerebrovascular,Hi06,Hi06_脳血管疾患,total,a20_24,20-24歳,20,24,False,False,2019,23.0,0.4,6361.0
cerebrovascular,Hi06,Hi06_脳血管疾患,total,a20_24,20-24歳,20,24,False,False,2020,25.0,0.4,6320.0
cerebrovascular,Hi06,Hi06_脳血管疾患,total,a20_24,20-24歳,20,24,False,False,2021,17.0,0.3,6263.0
cerebrovascular,Hi06,Hi06_脳血管疾患,total,a20_24,20-24歳,20,24,False,False,2022,29.0,0.5,6263.0
cerebrovascular,Hi06,Hi06_脳血管疾患,total,a20_24,20-24歳,20,24,False,False,2023,22.0,0.4,6236.0
cerebrovascular,Hi06,Hi06_脳血管疾患,total,a20_24,20-24歳,20,24,False,False,2024,15.0,0.3,6260.0
cerebrovascular,Hi06,Hi06_脳血管疾患,total,a25_29,25-29歳,25,29,False,False,1950,292.0,4.7,
cerebrovascular,Hi06,Hi06_脳血管疾患,total,a25_29,25-29歳,25,29,False,False,1955,259.0,3.4,
cerebrovascular,Hi06,Hi06_脳血管疾患,total,a25_29,25-29歳,25,29,False,False,1960,283.0,3.4,
cerebrovascular,Hi06,Hi06_脳血管疾患,total,a25_29,25-29歳,25,29,False,False,1965,257.0,3.1,
cerebrovascular,Hi06,Hi06_脳血管疾患,total,a25_29,25-29歳,25,29,False,False,1970,318.0,3.5,
cerebrovascular,Hi06,Hi06_脳血管疾患,total,a25_29,25-29歳,25,29,False,False,1975,267.0,2.5,
cerebrovascular,Hi06,Hi06_脳血管疾患,total,a25_29,25-29歳,25,29,False,False,1980,200.0,2.2,9041.0
cerebrovascular,Hi06,Hi06_脳血管疾患,total,a25_29,25-29歳,25,29,False,False,1985,145.0,1.9,7823.0
cerebrovascular,Hi06,Hi06_脳血管疾患,total,a25_29,25-29歳,25,29,False,False,1990,124.0,1.6,8071.0
cerebrovascular,Hi06,Hi06_脳血管疾患,total,a25_29,25-29歳,25,29,False,False,1995,112.0,1.3,8788.0
cerebrovascular,Hi06,Hi06_脳血管疾患,total,a25_29,25-29歳,25,29,False,False,2000,112.0,1.2,9809.0
cerebrovascular,Hi06,Hi06_脳血管疾患,total,a25_29,25-29歳,25,29,False,False,2005,110.0,1.4,8314.0
cerebrovascular,Hi06,Hi06_脳血管疾患,total,a25_29,25-29歳,25,29,False,False,2010,92.0,1.3,7391.0
cerebrovascular,Hi06,Hi06_脳血管疾患,total,a25_29,25-29歳,25,29,False,False,2013,60.0,0.9,6869.0
cerebrovascular,Hi06,Hi06_脳血管疾患,total,a25_29,25-29歳,25,29,False,False,2014,60.0,0.9,6678.0
cerebrovascular,Hi06,Hi06_脳血管疾患,total,a25_29,25-29歳,25,29,False,False,2015,51.0,0.8,6532.0
cerebrovascular,Hi06,Hi06_脳血管疾患,total,a25_29,25-29歳,25,29,False,False,2016,47.0,0.8,6422.0
cerebrovascular,Hi06,Hi06_脳血管疾患,total,a25_29,25-29歳,25,29,False,False,2017,52.0,0.9,6349.0
cerebrovascular,Hi06,Hi06_脳血管疾患,total,a25_29,25-29歳,25,29,False,False,2018,41.0,0.7,6307.0
cerebrovascular,Hi06,Hi06_脳血管疾患,total,a25_29,25-29歳,25,29,False,False,2019,35.0,0.6,6345.0
cerebrovascular,Hi06,Hi06_脳血管疾患,total,a25_29,25-29歳,25,29,False,False,2020,52.0,0.9,6384.0
cerebrovascular,Hi06,Hi06_脳血管疾患,total,a25_29,25-29歳,25,29,False,False,2021,36.0,0.6,6379.0
cerebrovascular,Hi06,Hi06_脳血管疾患,total,a25_29,25-29歳,25,29,False,False,2022,35.0,0.6,6412.0
cerebrovascular,Hi06,Hi06_脳血管疾患,total,a25_29,25-29歳,25,29,False,False,2023,40.0,0.7,6479.0
cerebrovascular,Hi06,Hi06_脳血管疾患,total,a25_29,25-29歳,25,29,False,False,2024,45.0,0.8,6519.0
cerebrovascular,Hi06,Hi06_脳血管疾患,total,a30_34,30-34歳,30,34,False,False,1950,427.0,8.2,
cerebrovascular,Hi06,Hi06_脳血管疾患,total,a30_34,30-34歳,30,34,False,False,1955,382.0,6.2,
cerebrovascular,Hi06,Hi06_脳血管疾患,total,a30_34,30-34歳,30,34,False,False,1960,494.0,6.6,
cerebrovascular,Hi06,Hi06_脳血管疾患,total,a30_34,30-34歳,30,34,False,False,1965,620.0,7.5,
cerebrovascular,Hi06,Hi06_脳血管疾患,total,a30_34,30-34歳,30,34,False,False,1970,602.0,7.2,
cerebrovascular,Hi06,Hi06_脳血管疾患,total,a30_34,30-34歳,30,34,False,False,1975,565.0,6.1,
cerebrovascular,Hi06,Hi06_脳血管疾患,total,a30_34,30-34歳,30,34,False,False,1980,483.0,4.5,10772.0
cerebrovascular,Hi06,Hi06_脳血管疾患,total,a30_34,30-34歳,30,34,False,False,1985,316.0,3.5,9054.0
cerebrovascular,Hi06,Hi06_脳血管疾患,total,a30_34,30-34歳,30,34,False,False,1990,233.0,3.0,7788.0
cerebrovascular,Hi06,Hi06_脳血管疾患,total,a30_34,30-34歳,30,34,False,False,1995,273.0,3.4,8126.0
cerebrovascular,Hi06,Hi06_脳血管疾患,total,a30_34,30-34歳,30,34,False,False,2000,229.0,2.7,8794.0
cerebrovascular,Hi06,Hi06_脳血管疾患,total,a30_34,30-34歳,30,34,False,False,2005,217.0,2.3,9795.0
cerebrovascular,Hi06,Hi06_脳血管疾患,total,a30_34,30-34歳,30,34,False,False,2010,193.0,2.3,8421.0
cerebrovascular,Hi06,Hi06_脳血管疾患,total,a30_34,30-34歳,30,34,False,False,2013,128.0,1.7,7623.0
cerebrovascular,Hi06,Hi06_脳血管疾患,total,a30_34,30-34歳,30,34,False,False,2014,133.0,1.8,7466.0
cerebrovascular,Hi06,Hi06_脳血管疾患,total,a30_34,30-34歳,30,34,False,False,2015,130.0,1.8,7396.0
cerebrovascular,Hi06,Hi06_脳血管疾患,total,a30_34,30-34歳,30,34,False,False,2016,118.0,1.7,7279.0
cerebrovascular,Hi06,Hi06_脳血管疾患,total,a30_34,30-34歳,30,34,False,False,2017,127.0,1.8,7158.0
cerebrovascular,Hi06,Hi06_脳血管疾患,total,a30_34,30-34歳,30,34,False,False,2018,130.0,1.9,7008.0
cerebrovascular,Hi06,Hi06_脳血管疾患,total,a30_34,30-34歳,30,34,False,False,2019,131.0,2.0,6852.0
cerebrovascular,Hi06,Hi06_脳血管疾患,total,a30_34,30-34歳,30,34,False,False,2020,93.0,1.5,6714.0
cerebrovascular,Hi06,Hi06_脳血管疾患,total,a30_34,30-34歳,30,34,False,False,2021,92.0,1.5,6556.0
cerebrovascular,Hi06,Hi06_脳血管疾患,total,a30_34,30-34歳,30,34,False,False,2022,103.0,1.7,6446.0
cerebrovascular,Hi06,Hi06_脳血管疾患,total,a30_34,30-34歳,30,34,False,False,2023,103.0,1.7,6380.0
cerebrovascular,Hi06,Hi06_脳血管疾患,total,a30_34,30-34歳,30,34,False,False,2024,92.0,1.6,6395.0
cerebrovascular,Hi06,Hi06_脳血管疾患,total,a35_39,35-39歳,35,39,False,False,1950,932.0,18.5,
cerebrovascular,Hi06,Hi06_脳血管疾患,total,a35_39,35-39歳,35,39,False,False,1955,811.0,15.9,
cerebrovascular,Hi06,Hi06_脳血管疾患,total,a35_39,35-39歳,35,39,False,False,1960,892.0,14.8,
cerebrovascular,Hi06,Hi06_脳血管疾患,total,a35_39,35-39歳,35,39,False,False,1965,1251.0,16.7,
cerebrovascular,Hi06,Hi06_脳血管疾患,total,a35_39,35-39歳,35,39,False,False,1970,1487.0,18.2,
cerebrovascular,Hi06,Hi06_脳血管疾患,total,a35_39,35-39歳,35,39,False,False,1975,1220.0,14.6,
cerebrovascular,Hi06,Hi06_脳血管疾患,total,a35_39,35-39歳,35,39,False,False,1980,1130.0,12.3,9202.0
cerebrovascular,Hi06,Hi06_脳血管疾患,total,a35_39,35-39歳,35,39,False,False,1985,876.0,8.2,10738.0
cerebrovascular,Hi06,Hi06_脳血管疾患,total,a35_39,35-39歳,35,39,False,False,1990,620.0,6.9,9004.0
cerebrovascular,Hi06,Hi06_脳血管疾患,total,a35_39,35-39歳,35,39,False,False,1995,483.0,6.3,7822.0
cerebrovascular,Hi06,Hi06_脳血管疾患,total,a35_39,35-39歳,35,39,False,False,2000,458.0,5.7,8130.0
cerebrovascular,Hi06,Hi06_脳血管疾患,total,a35_39,35-39歳,35,39,False,False,2005,510.0,5.9,8772.0
cerebrovascular,Hi06,Hi06_脳血管疾患,total,a35_39,35-39歳,35,39,False,False,2010,466.0,4.8,9864.0
cerebrovascular,Hi06,Hi06_脳血管疾患,total,a35_39,35-39歳,35,39,False,False,2013,359.0,4.0,9060.0
cerebrovascular,Hi06,Hi06_脳血管疾患,total,a35_39,35-39歳,35,39,False,False,2014,311.0,3.7,8670.0
cerebrovascular,Hi06,Hi06_脳血管疾患,total,a35_39,35-39歳,35,39,False,False,2015,311.0,3.8,8417.0
cerebrovascular,Hi06,Hi06_脳血管疾患,total,a35_39,35-39歳,35,39,False,False,2016,307.0,3.9,8134.0
cerebrovascular,Hi06,Hi06_脳血管疾患,total,a35_39,35-39歳,35,39,False,False,2017,277.0,3.6,7919.0
cerebrovascular,Hi06,Hi06_脳血管疾患,total,a35_39,35-39歳,35,39,False,False,2018,305.0,4.1,7750.0
cerebrovascular,Hi06,Hi06_脳血管疾患,total,a35_39,35-39歳,35,39,False,False,2019,274.0,3.7,7631.0
cerebrovascular,Hi06,Hi06_脳血管疾患,total,a35_39,35-39歳,35,39,False,False,2020,267.0,3.7,7498.0
cerebrovascular,Hi06,Hi06_脳血管疾患,total,a35_39,35-39歳,35,39,False,False,2021,268.0,3.8,7354.0
cerebrovascular,Hi06,Hi06_脳血管疾患,total,a35_39,35-39歳,35,39,False,False,2022,229.0,3.3,7212.0
cerebrovascular,Hi06,Hi06_脳血管疾患,total,a35_39,35-39歳,35,39,False,False,2023,277.0,4.1,7047.0
cerebrovascular,Hi06,Hi06_脳血管疾患,total,a35_39,35-39歳,35,39,False,False,2024,258.0,3.9,6871.0
cerebrovascular,Hi06,Hi06_脳血管疾患,total,a40_44,40-44歳,40,44,False,False,1950,1844.0,41.1,
cerebrovascular,Hi06,Hi06_脳血管疾患,total,a40_44,40-44歳,40,44,False,False,1955,2018.0,40.8,
cerebrovascular,Hi06,Hi06_脳血管疾患,total,a40_44,40-44歳,40,44,False,False,1960,1923.0,38.3,
cerebrovascular,Hi06,Hi06_脳血管疾患,total,a40_44,40-44歳,40,44,False,False,1965,2169.0,36.4,
cerebrovascular,Hi06,Hi06_脳血管疾患,total,a40_44,40-44歳,40,44,False,False,1970,2763.0,37.8,
cerebrovascular,Hi06,Hi06_脳血管疾患,total,a40_44,40-44歳,40,44,False,False,1975,2790.0,34.1,
cerebrovascular,Hi06,Hi06_脳血管疾患,total,a40_44,40-44歳,40,44,False,False,1980,2090.0,25.2,8338.0
cerebrovascular,Hi06,Hi06_脳血管疾患,total,a40_44,40-44歳,40,44,False,False,1985,1749.0,19.3,9135.0
cerebrovascular,Hi06,Hi06_脳血管疾患,total,a40_44,40-44歳,40,44,False,False,1990,1618.0,15.2,10658.0
cerebrovascular,Hi06,Hi06_脳血管疾患,total,a40_44,40-44歳,40,44,False,False,1995,1177.0,13.2,9006.0
cerebrovascular,Hi06,Hi06_脳血管疾患,total,a40_44,40-44歳,40,44,False,False,2000,858.0,11.1,7814.0
cerebrovascular,Hi06,Hi06_脳血管疾患,total,a40_44,40-44歳,40,44,False,False,2005,844.0,10.6,8113.0
cerebrovascular,Hi06,Hi06_脳血管疾患,total,a40_44,40-44歳,40,44,False,False,2010,841.0,9.7,8809.0
cerebrovascular,Hi06,Hi06_脳血管疾患,total,a40_44,40-44歳,40,44,False,False,2013,805.0,8.5,9667.0
cerebrovascular,Hi06,Hi06_脳血管疾患,total,a40_44,40-44歳,40,44,False,False,2014,844.0,8.8,9793.0
cerebrovascular,Hi06,Hi06_脳血管疾患,total,a40_44,40-44歳,40,44,False,False,2015,817.0,8.4,9847.0
cerebrovascular,Hi06,Hi06_脳血管疾患,total,a40_44,40-44歳,40,44,False,False,2016,827.0,8.7,9727.0
cerebrovascular,Hi06,Hi06_脳血管疾患,total,a40_44,40-44歳,40,44,False,False,2017,791.0,8.5,9470.0
cerebrovascular,Hi06,Hi06_脳血管疾患,total,a40_44,40-44歳,40,44,False,False,2018,735.0,8.2,9134.0
cerebrovascular,Hi06,Hi06_脳血管疾患,total,a40_44,40-44歳,40,44,False,False,2019,664.0,7.8,8774.0
cerebrovascular,Hi06,Hi06_脳血管疾患,total,a40_44,40-44歳,40,44,False,False,2020,657.0,8.0,8476.0
cerebrovascular,Hi06,Hi06_脳血管疾患,total,a40_44,40-44歳,40,44,False,False,2021,544.0,6.8,8173.0
cerebrovascular,Hi06,Hi06_脳血管疾患,total,a40_44,40-44歳,40,44,False,False,2022,593.0,7.7,7946.0
cerebrovascular,Hi06,Hi06_脳血管疾患,total,a40_44,40-44歳,40,44,False,False,2023,539.0,7.2,7765.0
cerebrovascular,Hi06,Hi06_脳血管疾患,total,a40_44,40-44歳,40,44,False,False,2024,590.0,8.0,7631.0
cerebrovascular,Hi06,Hi06_脳血管疾患,total,a45_49,45-49歳,45,49,False,False,1950,3806.0,95.0,
cerebrovascular,Hi06,Hi06_脳血管疾患,total,a45_49,45-49歳,45,49,False,False,1955,4444.0,101.8,
cerebrovascular,Hi06,Hi06_脳血管疾患,total,a45_49,45-49歳,45,49,False,False,1960,4429.0,92.0,
cerebrovascular,Hi06,Hi06_脳血管疾患,total,a45_49,45-49歳,45,49,False,False,1965,4013.0,81.5,
cerebrovascular,Hi06,Hi06_脳血管疾患,total,a45_49,45-49歳,45,49,False,False,1970,3775.0,64.6,
cerebrovascular,Hi06,Hi06_脳血管疾患,total,a45_49,45-49歳,45,49,False,False,1975,4326.0,59.0,
cerebrovascular,Hi06,Hi06_脳血管疾患,total,a45_49,45-49歳,45,49,False,False,1980,4112.0,51.0,8090.0
cerebrovascular,Hi06,Hi06_脳血管疾患,total,a45_49,45-49歳,45,49,False,False,1985,2752.0,33.6,8237.0
cerebrovascular,Hi06,Hi06_脳血管疾患,total,a45_49,45-49歳,45,49,False,False,1990,2468.0,27.5,9018.0
cerebrovascular,Hi06,Hi06_脳血管疾患,total,a45_49,45-49歳,45,49,False,False,1995,2475.0,23.5,10618.0
cerebrovascular,Hi06,Hi06_脳血管疾患,total,a45_49,45-49歳,45,49,False,False,2000,1907.0,21.6,8932.0
cerebrovascular,Hi06,Hi06_脳血管疾患,total,a45_49,45-49歳,45,49,False,False,2005,1467.0,19.2,7755.0
cerebrovascular,Hi06,Hi06_脳血管疾患,total,a45_49,45-49歳,45,49,False,False,2010,1294.0,16.2,8093.0
cerebrovascular,Hi06,Hi06_脳血管疾患,total,a45_49,45-49歳,45,49,False,False,2013,1217.0,14.7,8406.0
cerebrovascular,Hi06,Hi06_脳血管疾患,total,a45_49,45-49歳,45,49,False,False,2014,1165.0,13.7,8608.0
cerebrovascular,Hi06,Hi06_脳血管疾患,total,a45_49,45-49歳,45,49,False,False,2015,1208.0,14.0,8766.0
cerebrovascular,Hi06,Hi06_脳血管疾患,total,a45_49,45-49歳,45,49,False,False,2016,1203.0,13.2,9294.0
cerebrovascular,Hi06,Hi06_脳血管疾患,total,a45_49,45-49歳,45,49,False,False,2017,1303.0,14.0,9484.0
cerebrovascular,Hi06,Hi06_脳血管疾患,total,a45_49,45-49歳,45,49,False,False,2018,1295.0,13.6,9711.0
cerebrovascular,Hi06,Hi06_脳血管疾患,total,a45_49,45-49歳,45,49,False,False,2019,1344.0,13.9,9862.0
cerebrovascular,Hi06,Hi06_脳血管疾患,total,a45_49,45-49歳,45,49,False,False,2020,1317.0,13.6,9868.0
cerebrovascular,Hi06,Hi06_脳血管疾患,total,a45_49,45-49歳,45,49,False,False,2021,1231.0,12.9,9732.0
cerebrovascular,Hi06,Hi06_脳血管疾患,total,a45_49,45-49歳,45,49,False,False,2022,1184.0,12.8,9462.0
cerebrovascular,Hi06,Hi06_脳血管疾患,total,a45_49,45-49歳,45,49,False,False,2023,1125.0,12.6,9115.0
cerebrovascular,Hi06,Hi06_脳血管疾患,total,a45_49,45-49歳,45,49,False,False,2024,1085.0,12.7,8745.0
cerebrovascular,Hi06,Hi06_脳血管疾患,total,a50_54,50-54歳,50,54,False,False,1950,6623.0,195.4,
cerebrovascular,Hi06,Hi06_脳血管疾患,total,a50_54,50-54歳,50,54,False,False,1955,8065.0,209.5,
cerebrovascular,Hi06,Hi06_脳血管疾患,total,a50_54,50-54歳,50,54,False,False,1960,8221.0,195.7,
cerebrovascular,Hi06,Hi06_脳血管疾患,total,a50_54,50-54歳,50,54,False,False,1965,7559.0,162.3,
cerebrovascular,Hi06,Hi06_脳血管疾患,total,a50_54,50-54歳,50,54,False,False,1970,6010.0,125.8,
cerebrovascular,Hi06,Hi06_脳血管疾患,total,a50_54,50-54歳,50,54,False,False,1975,5300.0,92.2,
cerebrovascular,Hi06,Hi06_脳血管疾患,total,a50_54,50-54歳,50,54,False,False,1980,5473.0,76.3,7200.0
cerebrovascular,Hi06,Hi06_脳血管疾患,total,a50_54,50-54歳,50,54,False,False,1985,4690.0,59.6,7933.0
cerebrovascular,Hi06,Hi06_脳血管疾患,total,a50_54,50-54歳,50,54,False,False,1990,3557.0,44.1,8088.0
cerebrovascular,Hi06,Hi06_脳血管疾患,total,a50_54,50-54歳,50,54,False,False,1995,3499.0,39.5,8922.0
cerebrovascular,Hi06,Hi06_脳血管疾患,total,a50_54,50-54歳,50,54,False,False,2000,3456.0,33.3,10461.0
cerebrovascular,Hi06,Hi06_脳血管疾患,total,a50_54,50-54歳,50,54,False,False,2005,2647.0,30.3,8828.0
cerebrovascular,Hi06,Hi06_脳血管疾患,total,a50_54,50-54歳,50,54,False,False,2010,1946.0,25.6,7700.0
cerebrovascular,Hi06,Hi06_脳血管疾患,total,a50_54,50-54歳,50,54,False,False,2013,1692.0,22.2,7734.0
cerebrovascular,Hi06,Hi06_脳血管疾患,total,a50_54,50-54歳,50,54,False,False,2014,1720.0,22.4,7791.0
cerebrovascular,Hi06,Hi06_脳血管疾患,total,a50_54,50-54歳,50,54,False,False,2015,1673.0,21.2,8024.0
cerebrovascular,Hi06,Hi06_脳血管疾患,total,a50_54,50-54歳,50,54,False,False,2016,1629.0,20.9,7912.0
cerebrovascular,Hi06,Hi06_脳血管疾患,total,a50_54,50-54歳,50,54,False,False,2017,1676.0,20.9,8173.0
cerebrovascular,Hi06,Hi06_脳血管疾患,total,a50_54,50-54歳,50,54,False,False,2018,1658.0,20.1,8386.0
cerebrovascular,Hi06,Hi06_脳血管疾患,total,a50_54,50-54歳,50,54,False,False,2019,1671.0,19.8,8606.0
cerebrovascular,Hi06,Hi06_脳血管疾患,total,a50_54,50-54歳,50,54,False,False,2020,1738.0,20.3,8738.0
cerebrovascular,Hi06,Hi06_脳血管疾患,total,a50_54,50-54歳,50,54,False,False,2021,1809.0,19.9,9252.0
cerebrovascular,Hi06,Hi06_脳血管疾患,total,a50_54,50-54歳,50,54,False,False,2022,1832.0,19.8,9435.0
cerebrovascular,Hi06,Hi06_脳血管疾患,total,a50_54,50-54歳,50,54,False,False,2023,1893.0,20.0,9650.0
cerebrovascular,Hi06,Hi06_脳血管疾患,total,a50_54,50-54歳,50,54,False,False,2024,1852.0,19.3,9788.0
cerebrovascular,Hi06,Hi06_脳血管疾患,total,a55_59,55-59歳,55,59,False,False,1950,9702.0,352.9,
cerebrovascular,Hi06,Hi06_脳血管疾患,total,a55_59,55-59歳,55,59,False,False,1955,11613.0,362.3,
cerebrovascular,Hi06,Hi06_脳血管疾患,total,a55_59,55-59歳,55,59,False,False,1960,13436.0,369.0,
cerebrovascular,Hi06,Hi06_脳血管疾患,total,a55_59,55-59歳,55,59,False,False,1965,12202.0,304.9,
cerebrovascular,Hi06,Hi06_脳血管疾患,total,a55_59,55-59歳,55,59,False,False,1970,10440.0,237.2,
cerebrovascular,Hi06,Hi06_脳血管疾患,total,a55_59,55-59歳,55,59,False,False,1975,7567.0,162.8,
cerebrovascular,Hi06,Hi06_脳血管疾患,total,a55_59,55-59歳,55,59,False,False,1980,6384.0,114.4,5614.0
cerebrovascular,Hi06,Hi06_脳血管疾患,total,a55_59,55-59歳,55,59,False,False,1985,5840.0,83.8,7000.0
cerebrovascular,Hi06,Hi06_脳血管疾患,total,a55_59,55-59歳,55,59,False,False,1990,5137.0,66.6,7725.0
cerebrovascular,Hi06,Hi06_脳血管疾患,total,a55_59,55-59歳,55,59,False,False,1995,4747.0,60.0,7953.0
cerebrovascular,Hi06,Hi06_脳血管疾患,total,a55_59,55-59歳,55,59,False,False,2000,4322.0,49.7,8750.0
cerebrovascular,Hi06,Hi06_脳血管疾患,total,a55_59,55-59歳,55,59,False,False,2005,4439.0,43.4,10294.0
cerebrovascular,Hi06,Hi06_脳血管疾患,total,a55_59,55-59歳,55,59,False,False,2010,3185.0,36.8,8728.0
cerebrovascular,Hi06,Hi06_脳血管疾患,total,a55_59,55-59歳,55,59,False,False,2013,2464.0,32.2,7731.0
cerebrovascular,Hi06,Hi06_脳血管疾患,total,a55_59,55-59歳,55,59,False,False,2014,2249.0,29.7,7654.0
cerebrovascular,Hi06,Hi06_脳血管疾患,total,a55_59,55-59歳,55,59,False,False,2015,2171.0,28.9,7601.0
cerebrovascular,Hi06,Hi06_脳血管疾患,total,a55_59,55-59歳,55,59,False,False,2016,2148.0,28.8,7550.0
cerebrovascular,Hi06,Hi06_脳血管疾患,total,a55_59,55-59歳,55,59,False,False,2017,2022.0,26.9,7603.0
cerebrovascular,Hi06,Hi06_脳血管疾患,total,a55_59,55-59歳,55,59,False,False,2018,2008.0,26.6,7670.0
cerebrovascular,Hi06,Hi06_脳血管疾患,total,a55_59,55-59歳,55,59,False,False,2019,2016.0,26.5,7740.0
cerebrovascular,Hi06,Hi06_脳血管疾患,total,a55_59,55-59歳,55,59,False,False,2020,2007.0,25.7,7940.0
cerebrovascular,Hi06,Hi06_脳血管疾患,total,a55_59,55-59歳,55,59,False,False,2021,1996.0,26.0,7824.0
cerebrovascular,Hi06,Hi06_脳血管疾患,total,a55_59,55-59歳,55,59,False,False,2022,2066.0,26.0,8075.0
cerebrovascular,Hi06,Hi06_脳血管疾患,total,a55_59,55-59歳,55,59,False,False,2023,2148.0,26.4,8279.0
cerebrovascular,Hi06,Hi06_脳血管疾患,total,a55_59,55-59歳,55,59,False,False,2024,2207.0,26.5,8490.0
cerebrovascular,Hi06,Hi06_脳血管疾患,total,a60_64,60-64歳,60,64,False,False,1950,14189.0,615.9,
cerebrovascular,Hi06,Hi06_脳血管疾患,total,a60_64,60-64歳,60,64,False,False,1955,15896.0,636.7,
cerebrovascular,Hi06,Hi06_脳血管疾患,total,a60_64,60-64歳,60,64,False,False,1960,18725.0,638.7,
cerebrovascular,Hi06,Hi06_脳血管疾患,total,a60_64,60-64歳,60,64,False,False,1965,19880.0,594.4,
cerebrovascular,Hi06,Hi06_脳血管疾患,total,a60_64,60-64歳,60,64,False,False,1970,17020.0,458.8,
cerebrovascular,Hi06,Hi06_脳血管疾患,total,a60_64,60-64歳,60,64,False,False,1975,13335.0,312.8,
cerebrovascular,Hi06,Hi06_脳血管疾患,total,a60_64,60-64歳,60,64,False,False,1980,9376.0,211.0,4465.0
cerebrovascular,Hi06,Hi06_脳血管疾患,total,a60_64,60-64歳,60,64,False,False,1985,7091.0,132.3,5406.0
cerebrovascular,Hi06,Hi06_脳血管疾患,total,a60_64,60-64歳,60,64,False,False,1990,6884.0,102.2,6745.0
cerebrovascular,Hi06,Hi06_脳血管疾患,total,a60_64,60-64歳,60,64,False,False,1995,7447.0,100.0,7475.0
cerebrovascular,Hi06,Hi06_脳血管疾患,total,a60_64,60-64歳,60,64,False,False,2000,5833.0,75.6,7750.0
cerebrovascular,Hi06,Hi06_脳血管疾患,total,a60_64,60-64歳,60,64,False,False,2005,5455.0,64.0,8577.0
cerebrovascular,Hi06,Hi06_脳血管疾患,total,a60_64,60-64歳,60,64,False,False,2010,5180.0,51.5,10112.0
cerebrovascular,Hi06,Hi06_脳血管疾患,total,a60_64,60-64歳,60,64,False,False,2013,4384.0,45.6,9666.0
cerebrovascular,Hi06,Hi06_脳血管疾患,total,a60_64,60-64歳,60,64,False,False,2014,3912.0,43.9,8980.0
cerebrovascular,Hi06,Hi06_脳血管疾患,total,a60_64,60-64歳,60,64,False,False,2015,3632.0,42.8,8552.0
cerebrovascular,Hi06,Hi06_脳血管疾患,total,a60_64,60-64歳,60,64,False,False,2016,3326.0,41.1,8160.0
cerebrovascular,Hi06,Hi06_脳血管疾患,total,a60_64,60-64歳,60,64,False,False,2017,3147.0,40.7,7807.0
cerebrovascular,Hi06,Hi06_脳血管疾患,total,a60_64,60-64歳,60,64,False,False,2018,2958.0,39.3,7597.0
cerebrovascular,Hi06,Hi06_脳血管疾患,total,a60_64,60-64歳,60,64,False,False,2019,2924.0,39.2,7533.0
cerebrovascular,Hi06,Hi06_脳血管疾患,total,a60_64,60-64歳,60,64,False,False,2020,2783.0,37.9,7442.0
cerebrovascular,Hi06,Hi06_脳血管疾患,total,a60_64,60-64歳,60,64,False,False,2021,2645.0,36.2,7391.0
cerebrovascular,Hi06,Hi06_脳血管疾患,total,a60_64,60-64歳,60,64,False,False,2022,2835.0,38.6,7445.0
cerebrovascular,Hi06,Hi06_脳血管疾患,total,a60_64,60-64歳,60,64,False,False,2023,2843.0,38.4,7507.0
cerebrovascular,Hi06,Hi06_脳血管疾患,total,a60_64,60-64歳,60,64,False,False,2024,2745.0,36.8,7571.0
cerebrovascular,Hi06,Hi06_脳血管疾患,total,a65_69,65-69歳,65,69,False,False,1950,19240.0,1086.6,
cerebrovascular,Hi06,Hi06_脳血管疾患,total,a65_69,65-69歳,65,69,False,False,1955,20792.0,1057.0,
cerebrovascular,Hi06,Hi06_脳血管疾患,total,a65_69,65-69歳,65,69,False,False,1960,23864.0,1104.6,
cerebrovascular,Hi06,Hi06_脳血管疾患,total,a65_69,65-69歳,65,69,False,False,1965,27135.0,1059.0,
cerebrovascular,Hi06,Hi06_脳血管疾患,total,a65_69,65-69歳,65,69,False,False,1970,26545.0,892.7,
cerebrovascular,Hi06,Hi06_脳血管疾患,total,a65_69,65-69歳,65,69,False,False,1975,20832.0,606.4,
cerebrovascular,Hi06,Hi06_脳血管疾患,total,a65_69,65-69歳,65,69,False,False,1980,16583.0,420.1,3965.0
cerebrovascular,Hi06,Hi06_脳血管疾患,total,a65_69,65-69歳,65,69,False,False,1985,10322.0,247.8,4193.0
cerebrovascular,Hi06,Hi06_脳血管疾患,total,a65_69,65-69歳,65,69,False,False,1990,8292.0,162.9,5104.0
cerebrovascular,Hi06,Hi06_脳血管疾患,total,a65_69,65-69歳,65,69,False,False,1995,10638.0,166.9,6396.0
cerebrovascular,Hi06,Hi06_脳血管疾患,total,a65_69,65-69歳,65,69,False,False,2000,9125.0,128.7,7118.0
cerebrovascular,Hi06,Hi06_脳血管疾患,total,a65_69,65-69歳,65,69,False,False,2005,7569.0,102.0,7460.0
cerebrovascular,Hi06,Hi06_脳血管疾患,total,a65_69,65-69歳,65,69,False,False,2010,6615.0,80.4,8272.0
cerebrovascular,Hi06,Hi06_脳血管疾患,total,a65_69,65-69歳,65,69,False,False,2013,5988.0,69.2,8699.0
cerebrovascular,Hi06,Hi06_脳血管疾患,total,a65_69,65-69歳,65,69,False,False,2014,6020.0,66.1,9154.0
cerebrovascular,Hi06,Hi06_脳血管疾患,total,a65_69,65-69歳,65,69,False,False,2015,5979.0,61.6,9759.0
cerebrovascular,Hi06,Hi06_脳血管疾患,total,a65_69,65-69歳,65,69,False,False,2016,6276.0,61.4,10269.0
cerebrovascular,Hi06,Hi06_脳血管疾患,total,a65_69,65-69歳,65,69,False,False,2017,6249.0,63.3,9910.0
cerebrovascular,Hi06,Hi06_脳血管疾患,total,a65_69,65-69歳,65,69,False,False,2018,5714.0,61.3,9356.0
cerebrovascular,Hi06,Hi06_脳血管疾患,total,a65_69,65-69歳,65,69,False,False,2019,5164.0,59.7,8698.0
cerebrovascular,Hi06,Hi06_脳血管疾患,total,a65_69,65-69歳,65,69,False,False,2020,4757.0,58.2,8236.0
cerebrovascular,Hi06,Hi06_脳血管疾患,total,a65_69,65-69歳,65,69,False,False,2021,4464.0,57.2,7869.0
cerebrovascular,Hi06,Hi06_脳血管疾患,total,a65_69,65-69歳,65,69,False,False,2022,4342.0,58.2,7535.0
cerebrovascular,Hi06,Hi06_脳血管疾患,total,a65_69,65-69歳,65,69,False,False,2023,4272.0,58.9,7332.0
cerebrovascular,Hi06,Hi06_脳血管疾患,total,a65_69,65-69歳,65,69,False,False,2024,4093.0,56.9,7268.0
cerebrovascular,Hi06,Hi06_脳血管疾患,total,a70_74,70-74歳,70,74,False,False,1950,21602.0,1685.5,
cerebrovascular,Hi06,Hi06_脳血管疾患,total,a70_74,70-74歳,70,74,False,False,1955,23403.0,1680.5,
cerebrovascular,Hi06,Hi06_脳血管疾患,total,a70_74,70-74歳,70,74,False,False,1960,28396.0,1815.8,
cerebrovascular,Hi06,Hi06_脳血管疾患,total,a70_74,70-74歳,70,74,False,False,1965,32462.0,1860.8,
cerebrovascular,Hi06,Hi06_脳血管疾患,total,a70_74,70-74歳,70,74,False,False,1970,34882.0,1639.4,
cerebrovascular,Hi06,Hi06_脳血管疾患,total,a70_74,70-74歳,70,74,False,False,1975,31161.0,1213.6,
cerebrovascular,Hi06,Hi06_脳血管疾患,total,a70_74,70-74歳,70,74,False,False,1980,25353.0,841.7,3023.0
cerebrovascular,Hi06,Hi06_脳血管疾患,total,a70_74,70-74歳,70,74,False,False,1985,18090.0,512.1,3563.0
cerebrovascular,Hi06,Hi06_脳血管疾患,total,a70_74,70-74歳,70,74,False,False,1990,12726.0,334.0,3818.0
cerebrovascular,Hi06,Hi06_脳血管疾患,total,a70_74,70-74歳,70,74,False,False,1995,14667.0,313.8,4695.0
cerebrovascular,Hi06,Hi06_脳血管疾患,total,a70_74,70-74歳,70,74,False,False,2000,14000.0,237.7,5910.0
cerebrovascular,Hi06,Hi06_脳血管疾患,total,a70_74,70-74歳,70,74,False,False,2005,12630.0,190.4,6661.0
cerebrovascular,Hi06,Hi06_脳血管疾患,total,a70_74,70-74歳,70,74,False,False,2010,9741.0,139.4,7018.0
cerebrovascular,Hi06,Hi06_脳血管疾患,total,a70_74,70-74歳,70,74,False,False,2013,8751.0,115.7,7596.0
cerebrovascular,Hi06,Hi06_脳血管疾患,total,a70_74,70-74歳,70,74,False,False,2014,8765.0,111.0,7928.0
cerebrovascular,Hi06,Hi06_脳血管疾患,total,a70_74,70-74歳,70,74,False,False,2015,8573.0,110.6,7787.0
cerebrovascular,Hi06,Hi06_脳血管疾患,total,a70_74,70-74歳,70,74,False,False,2016,7668.0,104.0,7400.0
cerebrovascular,Hi06,Hi06_脳血管疾患,total,a70_74,70-74歳,70,74,False,False,2017,7590.0,98.4,7733.0
cerebrovascular,Hi06,Hi06_脳血管疾患,total,a70_74,70-74歳,70,74,False,False,2018,8178.0,99.8,8210.0
cerebrovascular,Hi06,Hi06_脳血管疾患,total,a70_74,70-74歳,70,74,False,False,2019,8091.0,93.6,8655.0
cerebrovascular,Hi06,Hi06_脳血管疾患,total,a70_74,70-74歳,70,74,False,False,2020,8396.0,91.9,9189.0
cerebrovascular,Hi06,Hi06_脳血管疾患,total,a70_74,70-74歳,70,74,False,False,2021,9062.0,94.2,9672.0
cerebrovascular,Hi06,Hi06_脳血管疾患,total,a70_74,70-74歳,70,74,False,False,2022,9224.0,99.4,9337.0
cerebrovascular,Hi06,Hi06_脳血管疾患,total,a70_74,70-74歳,70,74,False,False,2023,8629.0,98.5,8817.0
cerebrovascular,Hi06,Hi06_脳血管疾患,total,a70_74,70-74歳,70,74,False,False,2024,8067.0,99.1,8198.0
cerebrovascular,Hi06,Hi06_脳血管疾患,total,a75_79,75-79歳,75,79,False,False,1950,15670.0,2285.4,
cerebrovascular,Hi06,Hi06_脳血管疾患,total,a75_79,75-79歳,75,79,False,False,1955,19497.0,2226.4,
cerebrovascular,Hi06,Hi06_脳血管疾患,total,a75_79,75-79歳,75,79,False,False,1960,25835.0,2706.1,
cerebrovascular,Hi06,Hi06_脳血管疾患,total,a75_79,75-79歳,75,79,False,False,1965,32103.0,2929.3,
cerebrovascular,Hi06,Hi06_脳血管疾患,total,a75_79,75-79歳,75,79,False,False,1970,35346.0,2792.2,
cerebrovascular,Hi06,Hi06_脳血管疾患,total,a75_79,75-79歳,75,79,False,False,1975,36500.0,2230.0,
cerebrovascular,Hi06,Hi06_脳血管疾患,total,a75_79,75-79歳,75,79,False,False,1980,34435.0,1695.6,2037.0
cerebrovascular,Hi06,Hi06_脳血管疾患,total,a75_79,75-79歳,75,79,False,False,1985,25944.0,1065.7,2493.0
cerebrovascular,Hi06,Hi06_脳血管疾患,total,a75_79,75-79歳,75,79,False,False,1990,21318.0,707.2,3018.0
cerebrovascular,Hi06,Hi06_脳血管疾患,total,a75_79,75-79歳,75,79,False,False,1995,21482.0,655.6,3289.0
cerebrovascular,Hi06,Hi06_脳血管疾患,total,a75_79,75-79歳,75,79,False,False,2000,18842.0,455.2,4157.0
cerebrovascular,Hi06,Hi06_脳血管疾患,total,a75_79,75-79歳,75,79,False,False,2005,19254.0,366.0,5280.0
cerebrovascular,Hi06,Hi06_脳血管疾患,total,a75_79,75-79歳,75,79,False,False,2010,16421.0,275.0,5992.0
cerebrovascular,Hi06,Hi06_脳血管疾患,total,a75_79,75-79歳,75,79,False,False,2013,14435.0,229.9,6302.0
cerebrovascular,Hi06,Hi06_脳血管疾患,total,a75_79,75-79歳,75,79,False,False,2014,13705.0,219.5,6269.0
cerebrovascular,Hi06,Hi06_脳血管疾患,total,a75_79,75-79歳,75,79,False,False,2015,12830.0,202.7,6354.0
cerebrovascular,Hi06,Hi06_脳血管疾患,total,a75_79,75-79歳,75,79,False,False,2016,12452.0,191.6,6521.0
cerebrovascular,Hi06,Hi06_脳血管疾患,total,a75_79,75-79歳,75,79,False,False,2017,12412.0,184.9,6728.0
cerebrovascular,Hi06,Hi06_脳血管疾患,total,a75_79,75-79歳,75,79,False,False,2018,12129.0,175.7,6913.0
cerebrovascular,Hi06,Hi06_脳血管疾患,total,a75_79,75-79歳,75,79,False,False,2019,12314.0,170.7,7214.0
cerebrovascular,Hi06,Hi06_脳血管疾患,total,a75_79,75-79歳,75,79,False,False,2020,11858.0,168.6,7065.0
cerebrovascular,Hi06,Hi06_脳血管疾患,total,a75_79,75-79歳,75,79,False,False,2021,11488.0,172.0,6712.0
cerebrovascular,Hi06,Hi06_脳血管疾患,total,a75_79,75-79歳,75,79,False,False,2022,11961.0,171.0,7030.0
cerebrovascular,Hi06,Hi06_脳血管疾患,total,a75_79,75-79歳,75,79,False,False,2023,11993.0,161.3,7474.0
cerebrovascular,Hi06,Hi06_脳血管疾患,total,a75_79,75-79歳,75,79,False,False,2024,12402.0,158.1,7886.0
cerebrovascular,Hi06,Hi06_脳血管疾患,total,a80_84,80-84歳,80,84,False,False,1950,7821.0,2835.9,
cerebrovascular,Hi06,Hi06_脳血管疾患,total,a80_84,80-84歳,80,84,False,False,1955,10011.0,2649.9,
cerebrovascular,Hi06,Hi06_脳血管疾患,total,a80_84,80-84歳,80,84,False,False,1960,16302.0,3375.7,
cerebrovascular,Hi06,Hi06_脳血管疾患,total,a80_84,80-84歳,80,84,False,False,1965,21549.0,4080.4,
cerebrovascular,Hi06,Hi06_脳血管疾患,total,a80_84,80-84歳,80,84,False,False,1970,26242.0,4046.7,
cerebrovascular,Hi06,Hi06_脳血管疾患,total,a80_84,80-84歳,80,84,False,False,1975,29344.0,3634.8,
cerebrovascular,Hi06,Hi06_脳血管疾患,total,a80_84,80-84歳,80,84,False,False,1980,31935.0,2926.8,1094.0
cerebrovascular,Hi06,Hi06_脳血管疾患,total,a80_84,80-84歳,80,84,False,False,1985,28783.0,1989.3,1433.0
cerebrovascular,Hi06,Hi06_脳血管疾患,total,a80_84,80-84歳,80,84,False,False,1990,25587.0,1396.9,1833.0
cerebrovascular,Hi06,Hi06_脳血管疾患,total,a80_84,80-84歳,80,84,False,False,1995,31341.0,1366.3,2301.0
cerebrovascular,Hi06,Hi06_脳血管疾患,total,a80_84,80-84歳,80,84,False,False,2000,24774.0,949.4,2619.0
cerebrovascular,Hi06,Hi06_脳血管疾患,total,a80_84,80-84歳,80,84,False,False,2005,24456.0,717.4,3423.0
cerebrovascular,Hi06,Hi06_脳血管疾患,total,a80_84,80-84歳,80,84,False,False,2010,23735.0,544.0,4376.0
cerebrovascular,Hi06,Hi06_脳血管疾患,total,a80_84,80-84歳,80,84,False,False,2013,22548.0,474.9,4762.0
cerebrovascular,Hi06,Hi06_脳血管疾患,total,a80_84,80-84歳,80,84,False,False,2014,21436.0,441.5,4869.0
cerebrovascular,Hi06,Hi06_脳血管疾患,total,a80_84,80-84歳,80,84,False,False,2015,20567.0,410.4,5026.0
cerebrovascular,Hi06,Hi06_脳血管疾患,total,a80_84,80-84歳,80,84,False,False,2016,20094.0,389.0,5179.0
cerebrovascular,Hi06,Hi06_脳血管疾患,total,a80_84,80-84歳,80,84,False,False,2017,19764.0,374.5,5288.0
cerebrovascular,Hi06,Hi06_脳血管疾患,total,a80_84,80-84歳,80,84,False,False,2018,18975.0,356.0,5338.0
cerebrovascular,Hi06,Hi06_脳血管疾患,total,a80_84,80-84歳,80,84,False,False,2019,18275.0,344.1,5314.0
cerebrovascular,Hi06,Hi06_脳血管疾患,total,a80_84,80-84歳,80,84,False,False,2020,17033.0,316.5,5404.0
cerebrovascular,Hi06,Hi06_脳血管疾患,total,a80_84,80-84歳,80,84,False,False,2021,17226.0,310.9,5563.0
cerebrovascular,Hi06,Hi06_脳血管疾患,total,a80_84,80-84歳,80,84,False,False,2022,17806.0,311.4,5743.0
cerebrovascular,Hi06,Hi06_脳血管疾患,total,a80_84,80-84歳,80,84,False,False,2023,17400.0,296.4,5895.0
cerebrovascular,Hi06,Hi06_脳血管疾患,total,a80_84,80-84歳,80,84,False,False,2024,17584.0,287.7,6138.0
cerebrovascular,Hi06,Hi06_脳血管疾患,total,a85_89,85-89歳,85,89,False,False,1950,2402.0,3038.5,
cerebrovascular,Hi06,Hi06_脳血管疾患,total,a85_89,85-89歳,85,89,False,False,1955,3244.0,2913.2,
cerebrovascular,Hi06,Hi06_脳血管疾患,total,a85_89,85-89歳,85,89,False,False,1960,5657.0,3630.6,
cerebrovascular,Hi06,Hi06_脳血管疾患,total,a85_89,85-89歳,85,89,False,False,1965,9040.0,4539.1,
cerebrovascular,Hi06,Hi06_脳血管疾患,total,a85_89,85-89歳,85,89,False,False,1970,11810.0,5149.9,
cerebrovascular,Hi06,Hi06_脳血管疾患,total,a85_89,85-89歳,85,89,False,False,1975,15721.0,5095.6,
cerebrovascular,Hi06,Hi06_脳血管疾患,total,a85_89,85-89歳,85,89,False,False,1980,17709.0,4326.7,410.0
cerebrovascular,Hi06,Hi06_脳血管疾患,total,a85_89,85-89歳,85,89,False,False,1985,19742.0,3366.6,604.0
cerebrovascular,Hi06,Hi06_脳血管疾患,total,a85_89,85-89歳,85,89,False,False,1990,21606.0,2594.1,833.0
cerebrovascular,Hi06,Hi06_脳血管疾患,total,a85_89,85-89歳,85,89,False,False,1995,28602.0,2522.0,1137.0
cerebrovascular,Hi06,Hi06_脳血管疾患,total,a85_89,85-89歳,85,89,False,False,2000,26791.0,1750.7,1535.0
cerebrovascular,Hi06,Hi06_脳血管疾患,total,a85_89,85-89歳,85,89,False,False,2005,25160.0,1361.1,1855.0
cerebrovascular,Hi06,Hi06_脳血管疾患,total,a85_89,85-89歳,85,89,False,False,2010,24831.0,1015.1,2454.0
cerebrovascular,Hi06,Hi06_脳血管疾患,total,a85_89,85-89歳,85,89,False,False,2013,26073.0,893.5,2926.0
cerebrovascular,Hi06,Hi06_脳血管疾患,total,a85_89,85-89歳,85,89,False,False,2014,25105.0,822.0,3063.0
cerebrovascular,Hi06,Hi06_脳血管疾患,total,a85_89,85-89歳,85,89,False,False,2015,24705.0,784.6,3156.0
cerebrovascular,Hi06,Hi06_脳血管疾患,total,a85_89,85-89歳,85,89,False,False,2016,23753.0,727.0,3272.0
cerebrovascular,Hi06,Hi06_脳血管疾患,total,a85_89,85-89歳,85,89,False,False,2017,24251.0,715.8,3398.0
cerebrovascular,Hi06,Hi06_脳血管疾患,total,a85_89,85-89歳,85,89,False,False,2018,23997.0,684.5,3516.0
cerebrovascular,Hi06,Hi06_脳血管疾患,total,a85_89,85-89歳,85,89,False,False,2019,23362.0,648.4,3611.0
cerebrovascular,Hi06,Hi06_脳血管疾患,total,a85_89,85-89歳,85,89,False,False,2020,22550.0,604.4,3742.0
cerebrovascular,Hi06,Hi06_脳血管疾患,total,a85_89,85-89歳,85,89,False,False,2021,23009.0,596.1,3872.0
cerebrovascular,Hi06,Hi06_脳血管疾患,total,a85_89,85-89歳,85,89,False,False,2022,23455.0,595.0,3955.0
cerebrovascular,Hi06,Hi06_脳血管疾患,total,a85_89,85-89歳,85,89,False,False,2023,22541.0,568.5,3979.0
cerebrovascular,Hi06,Hi06_脳血管疾患,total,a85_89,85-89歳,85,89,False,False,2024,21343.0,543.0,3944.0
cerebrovascular,Hi06,Hi06_脳血管疾患,total,a90_94,90-94歳,90,94,False,False,1950,400.0,2812.6,
cerebrovascular,Hi06,Hi06_脳血管疾患,total,a90_94,90-94歳,90,94,False,False,1955,560.0,2692.5,
cerebrovascular,Hi06,Hi06_脳血管疾患,total,a90_94,90-94歳,90,94,False,False,1960,1102.0,3777.9,
cerebrovascular,Hi06,Hi06_脳血管疾患,total,a90_94,90-94歳,90,94,False,False,1965,1881.0,4120.9,
cerebrovascular,Hi06,Hi06_脳血管疾患,total,a90_94,90-94歳,90,94,False,False,1970,3129.0,5373.4,
cerebrovascular,Hi06,Hi06_脳血管疾患,total,a90_94,90-94歳,90,94,False,False,1975,4280.0,6131.7,
cerebrovascular,Hi06,Hi06_脳血管疾患,total,a90_94,90-94歳,90,94,False,False,1980,5809.0,5659.4,
cerebrovascular,Hi06,Hi06_脳血管疾患,total,a90_94,90-94歳,90,94,False,False,1985,6963.0,4512.9,
cerebrovascular,Hi06,Hi06_脳血管疾患,total,a90_94,90-94歳,90,94,False,False,1990,9457.0,3991.4,248.0
cerebrovascular,Hi06,Hi06_脳血管疾患,total,a90_94,90-94歳,90,94,False,False,1995,15219.0,4383.2,368.0
cerebrovascular,Hi06,Hi06_脳血管疾患,total,a90_94,90-94歳,90,94,False,False,2000,16272.0,3092.6,571.0
cerebrovascular,Hi06,Hi06_脳血管疾患,total,a90_94,90-94歳,90,94,False,False,2005,19555.0,2325.0,843.0
cerebrovascular,Hi06,Hi06_脳血管疾患,total,a90_94,90-94歳,90,94,False,False,2010,18672.0,1819.3,1029.0
cerebrovascular,Hi06,Hi06_脳血管疾患,total,a90_94,90-94歳,90,94,False,False,2013,19098.0,1574.4,1216.0
cerebrovascular,Hi06,Hi06_脳血管疾患,total,a90_94,90-94歳,90,94,False,False,2014,18995.0,1458.9,1305.0
cerebrovascular,Hi06,Hi06_脳血管疾患,total,a90_94,90-94歳,90,94,False,False,2015,18993.0,1397.0,1363.0
cerebrovascular,Hi06,Hi06_脳血管疾患,total,a90_94,90-94歳,90,94,False,False,2016,19290.0,1307.8,1469.0
cerebrovascular,Hi06,Hi06_脳血管疾患,total,a90_94,90-94歳,90,94,False,False,2017,19785.0,1253.0,1556.0
cerebrovascular,Hi06,Hi06_脳血管疾患,total,a90_94,90-94歳,90,94,False,False,2018,19725.0,1180.4,1639.0
cerebrovascular,Hi06,Hi06_脳血管疾患,total,a90_94,90-94歳,90,94,False,False,2019,19697.0,1120.4,1724.0
cerebrovascular,Hi06,Hi06_脳血管疾患,total,a90_94,90-94歳,90,94,False,False,2020,19076.0,1056.0,1811.0
cerebrovascular,Hi06,Hi06_脳血管疾患,total,a90_94,90-94歳,90,94,False,False,2021,19503.0,1026.5,1904.0
cerebrovascular,Hi06,Hi06_脳血管疾患,total,a90_94,90-94歳,90,94,False,False,2022,20278.0,1022.1,1989.0
cerebrovascular,Hi06,Hi06_脳血管疾患,total,a90_94,90-94歳,90,94,False,False,2023,19790.0,969.6,2045.0
cerebrovascular,Hi06,Hi06_脳血管疾患,total,a90_94,90-94歳,90,94,False,False,2024,19376.0,930.2,2088.0
cerebrovascular,Hi06,Hi06_脳血管疾患,total,a95_99,95-99歳,95,99,False,False,1950,57.0,,
cerebrovascular,Hi06,Hi06_脳血管疾患,total,a95_99,95-99歳,95,99,False,False,1955,49.0,,
cerebrovascular,Hi06,Hi06_脳血管疾患,total,a95_99,95-99歳,95,99,False,False,1960,107.0,,
cerebrovascular,Hi06,Hi06_脳血管疾患,total,a95_99,95-99歳,95,99,False,False,1965,205.0,,
cerebrovascular,Hi06,Hi06_脳血管疾患,total,a95_99,95-99歳,95,99,False,False,1970,385.0,,
cerebrovascular,Hi06,Hi06_脳血管疾患,total,a95_99,95-99歳,95,99,False,False,1975,670.0,,
cerebrovascular,Hi06,Hi06_脳血管疾患,total,a95_99,95-99歳,95,99,False,False,1980,882.0,,
cerebrovascular,Hi06,Hi06_脳血管疾患,total,a95_99,95-99歳,95,99,False,False,1985,1298.0,,
cerebrovascular,Hi06,Hi06_脳血管疾患,total,a95_99,95-99歳,95,99,False,False,1990,1904.0,,38.0
cerebrovascular,Hi06,Hi06_脳血管疾患,total,a95_99,95-99歳,95,99,False,False,1995,3765.0,,69.0
cerebrovascular,Hi06,Hi06_脳血管疾患,total,a95_99,95-99歳,95,99,False,False,2000,4773.0,,119.0
cerebrovascular,Hi06,Hi06_脳血管疾患,total,a95_99,95-99歳,95,99,False,False,2005,7290.0,3449.2,212.0
cerebrovascular,Hi06,Hi06_脳血管疾患,total,a95_99,95-99歳,95,99,False,False,2010,8541.0,2869.6,298.0
cerebrovascular,Hi06,Hi06_脳血管疾患,total,a95_99,95-99歳,95,99,False,False,2013,8404.0,2457.3,343.0
cerebrovascular,Hi06,Hi06_脳血管疾患,total,a95_99,95-99歳,95,99,False,False,2014,7885.0,2246.4,352.0
cerebrovascular,Hi06,Hi06_脳血管疾患,total,a95_99,95-99歳,95,99,False,False,2015,8330.0,2309.0,362.0
cerebrovascular,Hi06,Hi06_脳血管疾患,total,a95_99,95-99歳,95,99,False,False,2016,8262.0,2162.8,384.0
cerebrovascular,Hi06,Hi06_脳血管疾患,total,a95_99,95-99歳,95,99,False,False,2017,8585.0,2125.0,407.0
cerebrovascular,Hi06,Hi06_脳血管疾患,total,a95_99,95-99歳,95,99,False,False,2018,8483.0,1932.3,437.0
cerebrovascular,Hi06,Hi06_脳血管疾患,total,a95_99,95-99歳,95,99,False,False,2019,8750.0,1830.5,468.0
cerebrovascular,Hi06,Hi06_脳血管疾患,total,a95_99,95-99歳,95,99,False,False,2020,8582.0,1719.3,500.0
cerebrovascular,Hi06,Hi06_脳血管疾患,total,a95_99,95-99歳,95,99,False,False,2021,9249.0,1725.6,537.0
cerebrovascular,Hi06,Hi06_脳血管疾患,total,a95_99,95-99歳,95,99,False,False,2022,9467.0,1690.5,561.0
cerebrovascular,Hi06,Hi06_脳血管疾患,total,a95_99,95-99歳,95,99,False,False,2023,9044.0,1517.4,597.0
cerebrovascular,Hi06,Hi06_脳血管疾患,total,a95_99,95-99歳,95,99,False,False,2024,9200.0,1453.4,635.0
cerebrovascular,Hi06,Hi06_脳血管疾患,total,a100p,100歳以上,100,,False,False,1950,3.0,,
cerebrovascular,Hi06,Hi06_脳血管疾患,total,a100p,100歳以上,100,,False,False,1955,4.0,,
cerebrovascular,Hi06,Hi06_脳血管疾患,total,a100p,100歳以上,100,,False,False,1960,7.0,,
cerebrovascular,Hi06,Hi06_脳血管疾患,total,a100p,100歳以上,100,,False,False,1965,6.0,,
cerebrovascular,Hi06,Hi06_脳血管疾患,total,a100p,100歳以上,100,,False,False,1970,20.0,,
cerebrovascular,Hi06,Hi06_脳血管疾患,total,a100p,100歳以上,100,,False,False,1975,52.0,,
cerebrovascular,Hi06,Hi06_脳血管疾患,total,a100p,100歳以上,100,,False,False,1980,50.0,,
cerebrovascular,Hi06,Hi06_脳血管疾患,total,a100p,100歳以上,100,,False,False,1985,115.0,,
cerebrovascular,Hi06,Hi06_脳血管疾患,total,a100p,100歳以上,100,,False,False,1990,187.0,,3.0
cerebrovascular,Hi06,Hi06_脳血管疾患,total,a100p,100歳以上,100,,False,False,1995,393.0,,6.0
cerebrovascular,Hi06,Hi06_脳血管疾患,total,a100p,100歳以上,100,,False,False,2000,617.0,,12.0
cerebrovascular,Hi06,Hi06_脳血管疾患,total,a100p,100歳以上,100,,False,False,2005,1103.0,4349.7,25.0
cerebrovascular,Hi06,Hi06_脳血管疾患,total,a100p,100歳以上,100,,False,False,2010,1590.0,3621.8,44.0
cerebrovascular,Hi06,Hi06_脳血管疾患,total,a100p,100歳以上,100,,False,False,2013,1836.0,3338.2,55.0
cerebrovascular,Hi06,Hi06_脳血管疾患,total,a100p,100歳以上,100,,False,False,2014,1794.0,2990.0,60.0
cerebrovascular,Hi06,Hi06_脳血管疾患,total,a100p,100歳以上,100,,False,False,2015,1916.0,3103.0,62.0
cerebrovascular,Hi06,Hi06_脳血管疾患,total,a100p,100歳以上,100,,False,False,2016,1860.0,2861.5,66.0
cerebrovascular,Hi06,Hi06_脳血管疾患,total,a100p,100歳以上,100,,False,False,2017,1804.0,2692.5,68.0
cerebrovascular,Hi06,Hi06_脳血管疾患,total,a100p,100歳以上,100,,False,False,2018,1775.0,2572.5,70.0
cerebrovascular,Hi06,Hi06_脳血管疾患,total,a100p,100歳以上,100,,False,False,2019,1766.0,2559.4,71.0
cerebrovascular,Hi06,Hi06_脳血管疾患,total,a100p,100歳以上,100,,False,False,2020,1740.0,2170.8,80.0
cerebrovascular,Hi06,Hi06_脳血管疾患,total,a100p,100歳以上,100,,False,False,2021,1899.0,2234.1,85.0
cerebrovascular,Hi06,Hi06_脳血管疾患,total,a100p,100歳以上,100,,False,False,2022,1987.0,2283.9,87.0
cerebrovascular,Hi06,Hi06_脳血管疾患,total,a100p,100歳以上,100,,False,False,2023,1826.0,2098.9,87.0
cerebrovascular,Hi06,Hi06_脳血管疾患,total,a100p,100歳以上,100,,False,False,2024,1818.0,2089.7,87.0
cerebrovascular,Hi06,Hi06_脳血管疾患,total,total,総数,,,False,True,1950,105728.0,127.1,
cerebrovascular,Hi06,Hi06_脳血管疾患,total,total,総数,,,False,True,1955,121504.0,136.1,
cerebrovascular,Hi06,Hi06_脳血管疾患,total,total,総数,,,False,True,1960,150109.0,160.7,
cerebrovascular,Hi06,Hi06_脳血管疾患,total,total,総数,,,False,True,1965,172773.0,175.8,
cerebrovascular,Hi06,Hi06_脳血管疾患,total,total,総数,,,False,True,1970,181315.0,175.8,
cerebrovascular,Hi06,Hi06_脳血管疾患,total,total,総数,,,False,True,1975,174367.0,156.7,
cerebrovascular,Hi06,Hi06_脳血管疾患,total,total,総数,,,False,True,1980,162317.0,139.5,117060.0
cerebrovascular,Hi06,Hi06_脳血管疾患,total,total,総数,,,False,True,1985,134994.0,112.2,121049.0
cerebrovascular,Hi06,Hi06_脳血管疾患,total,total,総数,,,False,True,1990,121944.0,99.4,123611.0
cerebrovascular,Hi06,Hi06_脳血管疾患,total,total,総数,,,False,True,1995,146552.0,117.9,125570.0
cerebrovascular,Hi06,Hi06_脳血管疾患,total,total,総数,,,False,True,2000,132529.0,105.5,126926.0
cerebrovascular,Hi06,Hi06_脳血管疾患,total,total,総数,,,False,True,2005,132847.0,105.3,127768.0
cerebrovascular,Hi06,Hi06_脳血管疾患,total,total,総数,,,False,True,2010,123461.0,97.7,128057.0
cerebrovascular,Hi06,Hi06_脳血管疾患,total,total,総数,,,False,True,2013,118347.0,94.1,127298.0
cerebrovascular,Hi06,Hi06_脳血管疾患,total,total,総数,,,False,True,2014,114209.0,91.1,127083.0
cerebrovascular,Hi06,Hi06_脳血管疾患,total,total,総数,,,False,True,2015,111974.0,89.4,127095.0
cerebrovascular,Hi06,Hi06_脳血管疾患,total,total,総数,,,False,True,2016,109353.0,87.5,127042.0
cerebrovascular,Hi06,Hi06_脳血管疾患,total,total,総数,,,False,True,2017,109896.0,88.2,126919.0
cerebrovascular,Hi06,Hi06_脳血管疾患,total,total,総数,,,False,True,2018,108186.0,87.1,126749.0
cerebrovascular,Hi06,Hi06_脳血管疾患,total,total,総数,,,False,True,2019,106552.0,86.1,126555.0
cerebrovascular,Hi06,Hi06_脳血管疾患,total,total,総数,,,False,True,2020,102978.0,83.5,126146.0
cerebrovascular,Hi06,Hi06_脳血管疾患,total,total,総数,,,False,True,2021,104595.0,85.2,125502.0
cerebrovascular,Hi06,Hi06_脳血管疾患,total,total,総数,,,False,True,2022,107481.0,88.1,124947.0
cerebrovascular,Hi06,Hi06_脳血管疾患,total,total,総数,,,False,True,2023,104533.0,86.3,124352.0
cerebrovascular,Hi06,Hi06_脳血管疾患,total,total,総数,,,False,True,2024,102821.0,85.5,123802.0
heart_disease,Hi05,Hi05_心疾患（高血圧性を除く）,female,a00_04,0-4歳,0,4,False,False,1950,328.0,6.0,
heart_disease,Hi05,Hi05_心疾患（高血圧性を除く）,female,a00_04,0-4歳,0,4,False,False,1955,187.0,4.1,
heart_disease,Hi05,Hi05_心疾患（高血圧性を除く）,female,a00_04,0-4歳,0,4,False,False,1960,193.0,5.0,
heart_disease,Hi05,Hi05_心疾患（高血圧性を除く）,female,a00_04,0-4歳,0,4,False,False,1965,204.0,5.1,
heart_disease,Hi05,Hi05_心疾患（高血圧性を除く）,female,a00_04,0-4歳,0,4,False,False,1970,187.0,4.4,
heart_disease,Hi05,Hi05_心疾患（高血圧性を除く）,female,a00_04,0-4歳,0,4,False,False,1975,219.0,4.5,
heart_disease,Hi05,Hi05_心疾患（高血圧性を除く）,female,a00_04,0-4歳,0,4,False,False,1980,193.0,4.7,
heart_disease,Hi05,Hi05_心疾患（高血圧性を除く）,female,a00_04,0-4歳,0,4,False,False,1985,176.0,4.8,
heart_disease,Hi05,Hi05_心疾患（高血圧性を除く）,female,a00_04,0-4歳,0,4,False,False,1990,164.0,5.2,
heart_disease,Hi05,Hi05_心疾患（高血圧性を除く）,female,a00_04,0-4歳,0,4,False,False,1995,97.0,3.3,
heart_disease,Hi05,Hi05_心疾患（高血圧性を除く）,female,a00_04,0-4歳,0,4,False,False,2000,87.0,3.0,2885.0
heart_disease,Hi05,Hi05_心疾患（高血圧性を除く）,female,a00_04,0-4歳,0,4,False,False,2005,81.0,3.0,
heart_disease,Hi05,Hi05_心疾患（高血圧性を除く）,female,a00_04,0-4歳,0,4,False,False,2010,53.0,2.1,
heart_disease,Hi05,Hi05_心疾患（高血圧性を除く）,female,a00_04,0-4歳,0,4,False,False,2013,53.0,2.1,2555.0
heart_disease,Hi05,Hi05_心疾患（高血圧性を除く）,female,a00_04,0-4歳,0,4,False,False,2014,46.0,1.8,2540.0
heart_disease,Hi05,Hi05_心疾患（高血圧性を除く）,female,a00_04,0-4歳,0,4,False,False,2015,50.0,2.1,
heart_disease,Hi05,Hi05_心疾患（高血圧性を除く）,female,a00_04,0-4歳,0,4,False,False,2016,34.0,1.4,2429.0
heart_disease,Hi05,Hi05_心疾患（高血圧性を除く）,female,a00_04,0-4歳,0,4,False,False,2017,30.0,1.3,2404.0
heart_disease,Hi05,Hi05_心疾患（高血圧性を除く）,female,a00_04,0-4歳,0,4,False,False,2018,36.0,1.5,2362.0
heart_disease,Hi05,Hi05_心疾患（高血圧性を除く）,female,a00_04,0-4歳,0,4,False,False,2019,44.0,1.9,2306.0
heart_disease,Hi05,Hi05_心疾患（高血圧性を除く）,female,a00_04,0-4歳,0,4,False,False,2020,26.0,1.2,
heart_disease,Hi05,Hi05_心疾患（高血圧性を除く）,female,a00_04,0-4歳,0,4,False,False,2021,28.0,1.3,
heart_disease,Hi05,Hi05_心疾患（高血圧性を除く）,female,a00_04,0-4歳,0,4,False,False,2022,29.0,1.4,
heart_disease,Hi05,Hi05_心疾患（高血圧性を除く）,female,a00_04,0-4歳,0,4,False,False,2023,26.0,1.3,
heart_disease,Hi05,Hi05_心疾患（高血圧性を除く）,female,a00_04,0-4歳,0,4,False,False,2024,27.0,1.4,
heart_disease,Hi05,Hi05_心疾患（高血圧性を除く）,female,a05_09,5-9歳,5,9,False,False,1950,289.0,6.2,
heart_disease,Hi05,Hi05_心疾患（高血圧性を除く）,female,a05_09,5-9歳,5,9,False,False,1955,171.0,3.2,
heart_disease,Hi05,Hi05_心疾患（高血圧性を除く）,female,a05_09,5-9歳,5,9,False,False,1960,114.0,2.5,
heart_disease,Hi05,Hi05_心疾患（高血圧性を除く）,female,a05_09,5-9歳,5,9,False,False,1965,28.0,0.7,
heart_disease,Hi05,Hi05_心疾患（高血圧性を除く）,female,a05_09,5-9歳,5,9,False,False,1970,26.0,0.7,
heart_disease,Hi05,Hi05_心疾患（高血圧性を除く）,female,a05_09,5-9歳,5,9,False,False,1975,29.0,0.7,
heart_disease,Hi05,Hi05_心疾患（高血圧性を除く）,female,a05_09,5-9歳,5,9,False,False,1980,59.0,1.2,
heart_disease,Hi05,Hi05_心疾患（高血圧性を除く）,female,a05_09,5-9歳,5,9,False,False,1985,33.0,0.8,
heart_disease,Hi05,Hi05_心疾患（高血圧性を除く）,female,a05_09,5-9歳,5,9,False,False,1990,31.0,0.9,
heart_disease,Hi05,Hi05_心疾患（高血圧性を除く）,female,a05_09,5-9歳,5,9,False,False,1995,22.0,0.7,
heart_disease,Hi05,Hi05_心疾患（高血圧性を除く）,female,a05_09,5-9歳,5,9,False,False,2000,12.0,0.4,2942.0
heart_disease,Hi05,Hi05_心疾患（高血圧性を除く）,female,a05_09,5-9歳,5,9,False,False,2005,14.0,0.5,
heart_disease,Hi05,Hi05_心疾患（高血圧性を除く）,female,a05_09,5-9歳,5,9,False,False,2010,12.0,0.4,
heart_disease,Hi05,Hi05_心疾患（高血圧性を除く）,female,a05_09,5-9歳,5,9,False,False,2013,8.0,0.3,2618.0
heart_disease,Hi05,Hi05_心疾患（高血圧性を除く）,female,a05_09,5-9歳,5,9,False,False,2014,7.0,0.3,2591.0
heart_disease,Hi05,Hi05_心疾患（高血圧性を除く）,female,a05_09,5-9歳,5,9,False,False,2015,9.0,0.4,
heart_disease,Hi05,Hi05_心疾患（高血圧性を除く）,female,a05_09,5-9歳,5,9,False,False,2016,6.0,0.2,2589.0
heart_disease,Hi05,Hi05_心疾患（高血圧性を除く）,female,a05_09,5-9歳,5,9,False,False,2017,7.0,0.3,2569.0
heart_disease,Hi05,Hi05_心疾患（高血圧性を除く）,female,a05_09,5-9歳,5,9,False,False,2018,7.0,0.3,2543.0
heart_disease,Hi05,Hi05_心疾患（高血圧性を除く）,female,a05_09,5-9歳,5,9,False,False,2019,12.0,0.5,2513.0
heart_disease,Hi05,Hi05_心疾患（高血圧性を除く）,female,a05_09,5-9歳,5,9,False,False,2020,12.0,0.5,
heart_disease,Hi05,Hi05_心疾患（高血圧性を除く）,female,a05_09,5-9歳,5,9,False,False,2021,9.0,0.4,
heart_disease,Hi05,Hi05_心疾患（高血圧性を除く）,female,a05_09,5-9歳,5,9,False,False,2022,5.0,0.2,
heart_disease,Hi05,Hi05_心疾患（高血圧性を除く）,female,a05_09,5-9歳,5,9,False,False,2023,6.0,0.3,
heart_disease,Hi05,Hi05_心疾患（高血圧性を除く）,female,a05_09,5-9歳,5,9,False,False,2024,6.0,0.3,
heart_disease,Hi05,Hi05_心疾患（高血圧性を除く）,female,a10_14,10-14歳,10,14,False,False,1950,447.0,10.4,
heart_disease,Hi05,Hi05_心疾患（高血圧性を除く）,female,a10_14,10-14歳,10,14,False,False,1955,318.0,6.8,
heart_disease,Hi05,Hi05_心疾患（高血圧性を除く）,female,a10_14,10-14歳,10,14,False,False,1960,230.0,4.3,
heart_disease,Hi05,Hi05_心疾患（高血圧性を除く）,female,a10_14,10-14歳,10,14,False,False,1965,90.0,2.0,
heart_disease,Hi05,Hi05_心疾患（高血圧性を除く）,female,a10_14,10-14歳,10,14,False,False,1970,53.0,1.4,
heart_disease,Hi05,Hi05_心疾患（高血圧性を除く）,female,a10_14,10-14歳,10,14,False,False,1975,44.0,1.1,
heart_disease,Hi05,Hi05_心疾患（高血圧性を除く）,female,a10_14,10-14歳,10,14,False,False,1980,53.0,1.2,
heart_disease,Hi05,Hi05_心疾患（高血圧性を除く）,female,a10_14,10-14歳,10,14,False,False,1985,55.0,1.1,
heart_disease,Hi05,Hi05_心疾患（高血圧性を除く）,female,a10_14,10-14歳,10,14,False,False,1990,43.0,1.0,
heart_disease,Hi05,Hi05_心疾患（高血圧性を除く）,female,a10_14,10-14歳,10,14,False,False,1995,32.0,0.9,
heart_disease,Hi05,Hi05_心疾患（高血圧性を除く）,female,a10_14,10-14歳,10,14,False,False,2000,16.0,0.5,3197.0
heart_disease,Hi05,Hi05_心疾患（高血圧性を除く）,female,a10_14,10-14歳,10,14,False,False,2005,20.0,0.7,
heart_disease,Hi05,Hi05_心疾患（高血圧性を除く）,female,a10_14,10-14歳,10,14,False,False,2010,14.0,0.5,
heart_disease,Hi05,Hi05_心疾患（高血圧性を除く）,female,a10_14,10-14歳,10,14,False,False,2013,10.0,0.4,2823.0
heart_disease,Hi05,Hi05_心疾患（高血圧性を除く）,female,a10_14,10-14歳,10,14,False,False,2014,7.0,0.3,2786.0
heart_disease,Hi05,Hi05_心疾患（高血圧性を除く）,female,a10_14,10-14歳,10,14,False,False,2015,7.0,0.3,
heart_disease,Hi05,Hi05_心疾患（高血圧性を除く）,female,a10_14,10-14歳,10,14,False,False,2016,8.0,0.3,2693.0
heart_disease,Hi05,Hi05_心疾患（高血圧性を除く）,female,a10_14,10-14歳,10,14,False,False,2017,6.0,0.2,2656.0
heart_disease,Hi05,Hi05_心疾患（高血圧性を除く）,female,a10_14,10-14歳,10,14,False,False,2018,7.0,0.3,2641.0
heart_disease,Hi05,Hi05_心疾患（高血圧性を除く）,female,a10_14,10-14歳,10,14,False,False,2019,7.0,0.3,2622.0
heart_disease,Hi05,Hi05_心疾患（高血圧性を除く）,female,a10_14,10-14歳,10,14,False,False,2020,6.0,0.2,
heart_disease,Hi05,Hi05_心疾患（高血圧性を除く）,female,a10_14,10-14歳,10,14,False,False,2021,17.0,0.7,
heart_disease,Hi05,Hi05_心疾患（高血圧性を除く）,female,a10_14,10-14歳,10,14,False,False,2022,8.0,0.3,
heart_disease,Hi05,Hi05_心疾患（高血圧性を除く）,female,a10_14,10-14歳,10,14,False,False,2023,5.0,0.2,
heart_disease,Hi05,Hi05_心疾患（高血圧性を除く）,female,a10_14,10-14歳,10,14,False,False,2024,7.0,0.3,
heart_disease,Hi05,Hi05_心疾患（高血圧性を除く）,female,a15_19,15-19歳,15,19,False,False,1950,594.0,14.0,
heart_disease,Hi05,Hi05_心疾患（高血圧性を除く）,female,a15_19,15-19歳,15,19,False,False,1955,423.0,9.9,
heart_disease,Hi05,Hi05_心疾患（高血圧性を除く）,female,a15_19,15-19歳,15,19,False,False,1960,338.0,7.3,
heart_disease,Hi05,Hi05_心疾患（高血圧性を除く）,female,a15_19,15-19歳,15,19,False,False,1965,174.0,3.2,
heart_disease,Hi05,Hi05_心疾患（高血圧性を除く）,female,a15_19,15-19歳,15,19,False,False,1970,107.0,2.4,
heart_disease,Hi05,Hi05_心疾患（高血圧性を除く）,female,a15_19,15-19歳,15,19,False,False,1975,71.0,1.8,
heart_disease,Hi05,Hi05_心疾患（高血圧性を除く）,female,a15_19,15-19歳,15,19,False,False,1980,69.0,1.7,
heart_disease,Hi05,Hi05_心疾患（高血圧性を除く）,female,a15_19,15-19歳,15,19,False,False,1985,85.0,1.9,
heart_disease,Hi05,Hi05_心疾患（高血圧性を除く）,female,a15_19,15-19歳,15,19,False,False,1990,93.0,1.9,
heart_disease,Hi05,Hi05_心疾患（高血圧性を除く）,female,a15_19,15-19歳,15,19,False,False,1995,53.0,1.3,
heart_disease,Hi05,Hi05_心疾患（高血圧性を除く）,female,a15_19,15-19歳,15,19,False,False,2000,39.0,1.1,3659.0
heart_disease,Hi05,Hi05_心疾患（高血圧性を除く）,female,a15_19,15-19歳,15,19,False,False,2005,28.0,0.9,
heart_disease,Hi05,Hi05_心疾患（高血圧性を除く）,female,a15_19,15-19歳,15,19,False,False,2010,21.0,0.7,
heart_disease,Hi05,Hi05_心疾患（高血圧性を除く）,female,a15_19,15-19歳,15,19,False,False,2013,18.0,0.6,2949.0
heart_disease,Hi05,Hi05_心疾患（高血圧性を除く）,female,a15_19,15-19歳,15,19,False,False,2014,17.0,0.6,2930.0
heart_disease,Hi05,Hi05_心疾患（高血圧性を除く）,female,a15_19,15-19歳,15,19,False,False,2015,18.0,0.6,
heart_disease,Hi05,Hi05_心疾患（高血圧性を除く）,female,a15_19,15-19歳,15,19,False,False,2016,12.0,0.4,2936.0
heart_disease,Hi05,Hi05_心疾患（高血圧性を除く）,female,a15_19,15-19歳,15,19,False,False,2017,25.0,0.9,2916.0
heart_disease,Hi05,Hi05_心疾患（高血圧性を除く）,female,a15_19,15-19歳,15,19,False,False,2018,8.0,0.3,2876.0
heart_disease,Hi05,Hi05_心疾患（高血圧性を除く）,female,a15_19,15-19歳,15,19,False,False,2019,14.0,0.5,2843.0
heart_disease,Hi05,Hi05_心疾患（高血圧性を除く）,female,a15_19,15-19歳,15,19,False,False,2020,12.0,0.4,
heart_disease,Hi05,Hi05_心疾患（高血圧性を除く）,female,a15_19,15-19歳,15,19,False,False,2021,8.0,0.3,
heart_disease,Hi05,Hi05_心疾患（高血圧性を除く）,female,a15_19,15-19歳,15,19,False,False,2022,15.0,0.6,
heart_disease,Hi05,Hi05_心疾患（高血圧性を除く）,female,a15_19,15-19歳,15,19,False,False,2023,15.0,0.6,
heart_disease,Hi05,Hi05_心疾患（高血圧性を除く）,female,a15_19,15-19歳,15,19,False,False,2024,13.0,0.5,
heart_disease,Hi05,Hi05_心疾患（高血圧性を除く）,female,a20_24,20-24歳,20,24,False,False,1950,791.0,20.3,
heart_disease,Hi05,Hi05_心疾患（高血圧性を除く）,female,a20_24,20-24歳,20,24,False,False,1955,625.0,14.9,
heart_disease,Hi05,Hi05_心疾患（高血圧性を除く）,female,a20_24,20-24歳,20,24,False,False,1960,423.0,10.1,
heart_disease,Hi05,Hi05_心疾患（高血圧性を除く）,female,a20_24,20-24歳,20,24,False,False,1965,293.0,6.4,
heart_disease,Hi05,Hi05_心疾患（高血圧性を除く）,female,a20_24,20-24歳,20,24,False,False,1970,222.0,4.2,
heart_disease,Hi05,Hi05_心疾患（高血圧性を除く）,female,a20_24,20-24歳,20,24,False,False,1975,153.0,3.4,
heart_disease,Hi05,Hi05_心疾患（高血圧性を除く）,female,a20_24,20-24歳,20,24,False,False,1980,85.0,2.2,
heart_disease,Hi05,Hi05_心疾患（高血圧性を除く）,female,a20_24,20-24歳,20,24,False,False,1985,100.0,2.5,
heart_disease,Hi05,Hi05_心疾患（高血圧性を除く）,female,a20_24,20-24歳,20,24,False,False,1990,99.0,2.3,
heart_disease,Hi05,Hi05_心疾患（高血圧性を除く）,female,a20_24,20-24歳,20,24,False,False,1995,65.0,1.4,
heart_disease,Hi05,Hi05_心疾患（高血圧性を除く）,female,a20_24,20-24歳,20,24,False,False,2000,55.0,1.4,4120.0
heart_disease,Hi05,Hi05_心疾患（高血圧性を除く）,female,a20_24,20-24歳,20,24,False,False,2005,52.0,1.5,
heart_disease,Hi05,Hi05_心疾患（高血圧性を除く）,female,a20_24,20-24歳,20,24,False,False,2010,32.0,1.0,
heart_disease,Hi05,Hi05_心疾患（高血圧性を除く）,female,a20_24,20-24歳,20,24,False,False,2013,21.0,0.7,3022.0
heart_disease,Hi05,Hi05_心疾患（高血圧性を除く）,female,a20_24,20-24歳,20,24,False,False,2014,21.0,0.7,3013.0
heart_disease,Hi05,Hi05_心疾患（高血圧性を除く）,female,a20_24,20-24歳,20,24,False,False,2015,22.0,0.8,
heart_disease,Hi05,Hi05_心疾患（高血圧性を除く）,female,a20_24,20-24歳,20,24,False,False,2016,32.0,1.1,3001.0
heart_disease,Hi05,Hi05_心疾患（高血圧性を除く）,female,a20_24,20-24歳,20,24,False,False,2017,24.0,0.8,3042.0
heart_disease,Hi05,Hi05_心疾患（高血圧性を除く）,female,a20_24,20-24歳,20,24,False,False,2018,21.0,0.7,3085.0
heart_disease,Hi05,Hi05_心疾患（高血圧性を除く）,female,a20_24,20-24歳,20,24,False,False,2019,21.0,0.7,3101.0
heart_disease,Hi05,Hi05_心疾患（高血圧性を除く）,female,a20_24,20-24歳,20,24,False,False,2020,15.0,0.5,
heart_disease,Hi05,Hi05_心疾患（高血圧性を除く）,female,a20_24,20-24歳,20,24,False,False,2021,22.0,0.8,
heart_disease,Hi05,Hi05_心疾患（高血圧性を除く）,female,a20_24,20-24歳,20,24,False,False,2022,26.0,0.9,
heart_disease,Hi05,Hi05_心疾患（高血圧性を除く）,female,a20_24,20-24歳,20,24,False,False,2023,24.0,0.9,
heart_disease,Hi05,Hi05_心疾患（高血圧性を除く）,female,a20_24,20-24歳,20,24,False,False,2024,24.0,0.9,
heart_disease,Hi05,Hi05_心疾患（高血圧性を除く）,female,a25_29,25-29歳,25,29,False,False,1950,1063.0,31.6,
heart_disease,Hi05,Hi05_心疾患（高血圧性を除く）,female,a25_29,25-29歳,25,29,False,False,1955,727.0,19.0,
heart_disease,Hi05,Hi05_心疾患（高血圧性を除く）,female,a25_29,25-29歳,25,29,False,False,1960,556.0,13.5,
heart_disease,Hi05,Hi05_心疾患（高血圧性を除く）,female,a25_29,25-29歳,25,29,False,False,1965,366.0,8.7,
heart_disease,Hi05,Hi05_心疾患（高血圧性を除く）,female,a25_29,25-29歳,25,29,False,False,1970,286.0,6.3,
heart_disease,Hi05,Hi05_心疾患（高血圧性を除く）,female,a25_29,25-29歳,25,29,False,False,1975,210.0,3.9,
heart_disease,Hi05,Hi05_心疾患（高血圧性を除く）,female,a25_29,25-29歳,25,29,False,False,1980,185.0,4.1,
heart_disease,Hi05,Hi05_心疾患（高血圧性を除く）,female,a25_29,25-29歳,25,29,False,False,1985,137.0,3.6,
heart_disease,Hi05,Hi05_心疾患（高血圧性を除く）,female,a25_29,25-29歳,25,29,False,False,1990,132.0,3.3,
heart_disease,Hi05,Hi05_心疾患（高血圧性を除く）,female,a25_29,25-29歳,25,29,False,False,1995,74.0,1.7,
heart_disease,Hi05,Hi05_心疾患（高血圧性を除く）,female,a25_29,25-29歳,25,29,False,False,2000,87.0,1.8,4831.0
heart_disease,Hi05,Hi05_心疾患（高血圧性を除く）,female,a25_29,25-29歳,25,29,False,False,2005,72.0,1.8,
heart_disease,Hi05,Hi05_心疾患（高血圧性を除く）,female,a25_29,25-29歳,25,29,False,False,2010,34.0,1.0,
heart_disease,Hi05,Hi05_心疾患（高血圧性を除く）,female,a25_29,25-29歳,25,29,False,False,2013,45.0,1.4,3364.0
heart_disease,Hi05,Hi05_心疾患（高血圧性を除く）,female,a25_29,25-29歳,25,29,False,False,2014,37.0,1.2,3264.0
heart_disease,Hi05,Hi05_心疾患（高血圧性を除く）,female,a25_29,25-29歳,25,29,False,False,2015,34.0,1.1,
heart_disease,Hi05,Hi05_心疾患（高血圧性を除く）,female,a25_29,25-29歳,25,29,False,False,2016,50.0,1.7,3140.0
heart_disease,Hi05,Hi05_心疾患（高血圧性を除く）,female,a25_29,25-29歳,25,29,False,False,2017,32.0,1.1,3100.0
heart_disease,Hi05,Hi05_心疾患（高血圧性を除く）,female,a25_29,25-29歳,25,29,False,False,2018,26.0,0.9,3074.0
heart_disease,Hi05,Hi05_心疾患（高血圧性を除く）,female,a25_29,25-29歳,25,29,False,False,2019,27.0,0.9,3085.0
heart_disease,Hi05,Hi05_心疾患（高血圧性を除く）,female,a25_29,25-29歳,25,29,False,False,2020,30.0,1.0,
heart_disease,Hi05,Hi05_心疾患（高血圧性を除く）,female,a25_29,25-29歳,25,29,False,False,2021,31.0,1.1,
heart_disease,Hi05,Hi05_心疾患（高血圧性を除く）,female,a25_29,25-29歳,25,29,False,False,2022,40.0,1.4,
heart_disease,Hi05,Hi05_心疾患（高血圧性を除く）,female,a25_29,25-29歳,25,29,False,False,2023,29.0,1.0,
heart_disease,Hi05,Hi05_心疾患（高血圧性を除く）,female,a25_29,25-29歳,25,29,False,False,2024,34.0,1.2,
heart_disease,Hi05,Hi05_心疾患（高血圧性を除く）,female,a30_34,30-34歳,30,34,False,False,1950,981.0,34.5,
heart_disease,Hi05,Hi05_心疾患（高血圧性を除く）,female,a30_34,30-34歳,30,34,False,False,1955,782.0,23.6,
heart_disease,Hi05,Hi05_心疾患（高血圧性を除く）,female,a30_34,30-34歳,30,34,False,False,1960,715.0,19.0,
heart_disease,Hi05,Hi05_心疾患（高血圧性を除く）,female,a30_34,30-34歳,30,34,False,False,1965,445.0,10.8,
heart_disease,Hi05,Hi05_心疾患（高血圧性を除く）,female,a30_34,30-34歳,30,34,False,False,1970,371.0,8.9,
heart_disease,Hi05,Hi05_心疾患（高血圧性を除く）,female,a30_34,30-34歳,30,34,False,False,1975,271.0,5.9,
heart_disease,Hi05,Hi05_心疾患（高血圧性を除く）,female,a30_34,30-34歳,30,34,False,False,1980,255.0,4.8,
heart_disease,Hi05,Hi05_心疾患（高血圧性を除く）,female,a30_34,30-34歳,30,34,False,False,1985,217.0,4.8,
heart_disease,Hi05,Hi05_心疾患（高血圧性を除く）,female,a30_34,30-34歳,30,34,False,False,1990,184.0,4.8,
heart_disease,Hi05,Hi05_心疾患（高血圧性を除く）,female,a30_34,30-34歳,30,34,False,False,1995,129.0,3.3,
heart_disease,Hi05,Hi05_心疾患（高血圧性を除く）,female,a30_34,30-34歳,30,34,False,False,2000,136.0,3.2,4346.0
heart_disease,Hi05,Hi05_心疾患（高血圧性を除く）,female,a30_34,30-34歳,30,34,False,False,2005,118.0,2.5,
heart_disease,Hi05,Hi05_心疾患（高血圧性を除く）,female,a30_34,30-34歳,30,34,False,False,2010,85.0,2.1,
heart_disease,Hi05,Hi05_心疾患（高血圧性を除く）,female,a30_34,30-34歳,30,34,False,False,2013,89.0,2.4,3757.0
heart_disease,Hi05,Hi05_心疾患（高血圧性を除く）,female,a30_34,30-34歳,30,34,False,False,2014,78.0,2.2,3678.0
heart_disease,Hi05,Hi05_心疾患（高血圧性を除く）,female,a30_34,30-34歳,30,34,False,False,2015,50.0,1.4,
heart_disease,Hi05,Hi05_心疾患（高血圧性を除く）,female,a30_34,30-34歳,30,34,False,False,2016,45.0,1.3,3582.0
heart_disease,Hi05,Hi05_心疾患（高血圧性を除く）,female,a30_34,30-34歳,30,34,False,False,2017,54.0,1.6,3517.0
heart_disease,Hi05,Hi05_心疾患（高血圧性を除く）,female,a30_34,30-34歳,30,34,False,False,2018,53.0,1.6,3437.0
heart_disease,Hi05,Hi05_心疾患（高血圧性を除く）,female,a30_34,30-34歳,30,34,False,False,2019,57.0,1.8,3353.0
heart_disease,Hi05,Hi05_心疾患（高血圧性を除く）,female,a30_34,30-34歳,30,34,False,False,2020,35.0,1.1,
heart_disease,Hi05,Hi05_心疾患（高血圧性を除く）,female,a30_34,30-34歳,30,34,False,False,2021,41.0,1.3,
heart_disease,Hi05,Hi05_心疾患（高血圧性を除く）,female,a30_34,30-34歳,30,34,False,False,2022,44.0,1.5,
heart_disease,Hi05,Hi05_心疾患（高血圧性を除く）,female,a30_34,30-34歳,30,34,False,False,2023,58.0,2.0,
heart_disease,Hi05,Hi05_心疾患（高血圧性を除く）,female,a30_34,30-34歳,30,34,False,False,2024,56.0,1.9,
heart_disease,Hi05,Hi05_心疾患（高血圧性を除く）,female,a35_39,35-39歳,35,39,False,False,1950,1236.0,46.3,
heart_disease,Hi05,Hi05_心疾患（高血圧性を除く）,female,a35_39,35-39歳,35,39,False,False,1955,876.0,31.3,
heart_disease,Hi05,Hi05_心疾患（高血圧性を除く）,female,a35_39,35-39歳,35,39,False,False,1960,757.0,23.1,
heart_disease,Hi05,Hi05_心疾患（高血圧性を除く）,female,a35_39,35-39歳,35,39,False,False,1965,621.0,16.6,
heart_disease,Hi05,Hi05_心疾患（高血圧性を除く）,female,a35_39,35-39歳,35,39,False,False,1970,545.0,13.4,
heart_disease,Hi05,Hi05_心疾患（高血圧性を除く）,female,a35_39,35-39歳,35,39,False,False,1975,438.0,10.5,
heart_disease,Hi05,Hi05_心疾患（高血圧性を除く）,female,a35_39,35-39歳,35,39,False,False,1980,361.0,7.9,
heart_disease,Hi05,Hi05_心疾患（高血圧性を除く）,female,a35_39,35-39歳,35,39,False,False,1985,352.0,6.7,
heart_disease,Hi05,Hi05_心疾患（高血圧性を除く）,female,a35_39,35-39歳,35,39,False,False,1990,275.0,6.2,
heart_disease,Hi05,Hi05_心疾患（高血圧性を除く）,female,a35_39,35-39歳,35,39,False,False,1995,153.0,4.0,
heart_disease,Hi05,Hi05_心疾患（高血圧性を除く）,female,a35_39,35-39歳,35,39,False,False,2000,158.0,4.0,4024.0
heart_disease,Hi05,Hi05_心疾患（高血圧性を除く）,female,a35_39,35-39歳,35,39,False,False,2005,211.0,5.0,
heart_disease,Hi05,Hi05_心疾患（高血圧性を除く）,female,a35_39,35-39歳,35,39,False,False,2010,172.0,3.6,
heart_disease,Hi05,Hi05_心疾患（高血圧性を除く）,female,a35_39,35-39歳,35,39,False,False,2013,112.0,2.6,4467.0
heart_disease,Hi05,Hi05_心疾患（高血圧性を除く）,female,a35_39,35-39歳,35,39,False,False,2014,127.0,3.0,4277.0
heart_disease,Hi05,Hi05_心疾患（高血圧性を除く）,female,a35_39,35-39歳,35,39,False,False,2015,111.0,2.7,
heart_disease,Hi05,Hi05_心疾患（高血圧性を除く）,female,a35_39,35-39歳,35,39,False,False,2016,118.0,3.0,4008.0
heart_disease,Hi05,Hi05_心疾患（高血圧性を除く）,female,a35_39,35-39歳,35,39,False,False,2017,96.0,2.5,3902.0
heart_disease,Hi05,Hi05_心疾患（高血圧性を除く）,female,a35_39,35-39歳,35,39,False,False,2018,98.0,2.7,3818.0
heart_disease,Hi05,Hi05_心疾患（高血圧性を除く）,female,a35_39,35-39歳,35,39,False,False,2019,92.0,2.6,3758.0
heart_disease,Hi05,Hi05_心疾患（高血圧性を除く）,female,a35_39,35-39歳,35,39,False,False,2020,91.0,2.6,
heart_disease,Hi05,Hi05_心疾患（高血圧性を除く）,female,a35_39,35-39歳,35,39,False,False,2021,83.0,2.4,
heart_disease,Hi05,Hi05_心疾患（高血圧性を除く）,female,a35_39,35-39歳,35,39,False,False,2022,88.0,2.6,
heart_disease,Hi05,Hi05_心疾患（高血圧性を除く）,female,a35_39,35-39歳,35,39,False,False,2023,91.0,2.7,
heart_disease,Hi05,Hi05_心疾患（高血圧性を除く）,female,a35_39,35-39歳,35,39,False,False,2024,94.0,2.9,
heart_disease,Hi05,Hi05_心疾患（高血圧性を除く）,female,a40_44,40-44歳,40,44,False,False,1950,1356.0,59.4,
heart_disease,Hi05,Hi05_心疾患（高血圧性を除く）,female,a40_44,40-44歳,40,44,False,False,1955,1030.0,39.3,
heart_disease,Hi05,Hi05_心疾患（高血圧性を除く）,female,a40_44,40-44歳,40,44,False,False,1960,867.0,31.6,
heart_disease,Hi05,Hi05_心疾患（高血圧性を除く）,female,a40_44,40-44歳,40,44,False,False,1965,847.0,26.2,
heart_disease,Hi05,Hi05_心疾患（高血圧性を除く）,female,a40_44,40-44歳,40,44,False,False,1970,783.0,21.4,
heart_disease,Hi05,Hi05_心疾患（高血圧性を除く）,female,a40_44,40-44歳,40,44,False,False,1975,637.0,15.6,
heart_disease,Hi05,Hi05_心疾患（高血圧性を除く）,female,a40_44,40-44歳,40,44,False,False,1980,578.0,13.9,
heart_disease,Hi05,Hi05_心疾患（高血圧性を除く）,female,a40_44,40-44歳,40,44,False,False,1985,510.0,11.2,
heart_disease,Hi05,Hi05_心疾患（高血圧性を除く）,female,a40_44,40-44歳,40,44,False,False,1990,524.0,9.9,
heart_disease,Hi05,Hi05_心疾患（高血圧性を除く）,female,a40_44,40-44歳,40,44,False,False,1995,313.0,7.1,
heart_disease,Hi05,Hi05_心疾患（高血圧性を除く）,female,a40_44,40-44歳,40,44,False,False,2000,246.0,6.4,3881.0
heart_disease,Hi05,Hi05_心疾患（高血圧性を除く）,female,a40_44,40-44歳,40,44,False,False,2005,244.0,6.2,
heart_disease,Hi05,Hi05_心疾患（高血圧性を除く）,female,a40_44,40-44歳,40,44,False,False,2010,240.0,5.6,
heart_disease,Hi05,Hi05_心疾患（高血圧性を除く）,female,a40_44,40-44歳,40,44,False,False,2013,250.0,5.3,4779.0
heart_disease,Hi05,Hi05_心疾患（高血圧性を除く）,female,a40_44,40-44歳,40,44,False,False,2014,252.0,5.3,4837.0
heart_disease,Hi05,Hi05_心疾患（高血圧性を除く）,female,a40_44,40-44歳,40,44,False,False,2015,238.0,5.0,
heart_disease,Hi05,Hi05_心疾患（高血圧性を除く）,female,a40_44,40-44歳,40,44,False,False,2016,265.0,5.6,4797.0
heart_disease,Hi05,Hi05_心疾患（高血圧性を除く）,female,a40_44,40-44歳,40,44,False,False,2017,223.0,4.9,4669.0
heart_disease,Hi05,Hi05_心疾患（高血圧性を除く）,female,a40_44,40-44歳,40,44,False,False,2018,194.0,4.4,4500.0
heart_disease,Hi05,Hi05_心疾患（高血圧性を除く）,female,a40_44,40-44歳,40,44,False,False,2019,197.0,4.7,4322.0
heart_disease,Hi05,Hi05_心疾患（高血圧性を除く）,female,a40_44,40-44歳,40,44,False,False,2020,197.0,4.9,
heart_disease,Hi05,Hi05_心疾患（高血圧性を除く）,female,a40_44,40-44歳,40,44,False,False,2021,170.0,4.4,
heart_disease,Hi05,Hi05_心疾患（高血圧性を除く）,female,a40_44,40-44歳,40,44,False,False,2022,156.0,4.1,
heart_disease,Hi05,Hi05_心疾患（高血圧性を除く）,female,a40_44,40-44歳,40,44,False,False,2023,148.0,4.0,
heart_disease,Hi05,Hi05_心疾患（高血圧性を除く）,female,a40_44,40-44歳,40,44,False,False,2024,166.0,4.6,
heart_disease,Hi05,Hi05_心疾患（高血圧性を除く）,female,a45_49,45-49歳,45,49,False,False,1950,1447.0,72.9,
heart_disease,Hi05,Hi05_心疾患（高血圧性を除く）,female,a45_49,45-49歳,45,49,False,False,1955,1180.0,52.9,
heart_disease,Hi05,Hi05_心疾患（高血圧性を除く）,female,a45_49,45-49歳,45,49,False,False,1960,1149.0,44.9,
heart_disease,Hi05,Hi05_心疾患（高血圧性を除く）,female,a45_49,45-49歳,45,49,False,False,1965,1111.0,41.2,
heart_disease,Hi05,Hi05_心疾患（高血圧性を除く）,female,a45_49,45-49歳,45,49,False,False,1970,1074.0,33.7,
heart_disease,Hi05,Hi05_心疾患（高血圧性を除く）,female,a45_49,45-49歳,45,49,False,False,1975,894.0,24.2,
heart_disease,Hi05,Hi05_心疾患（高血圧性を除く）,female,a45_49,45-49歳,45,49,False,False,1980,882.0,21.8,
heart_disease,Hi05,Hi05_心疾患（高血圧性を除く）,female,a45_49,45-49歳,45,49,False,False,1985,809.0,19.5,
heart_disease,Hi05,Hi05_心疾患（高血圧性を除く）,female,a45_49,45-49歳,45,49,False,False,1990,730.0,16.2,
heart_disease,Hi05,Hi05_心疾患（高血圧性を除く）,female,a45_49,45-49歳,45,49,False,False,1995,649.0,12.3,
heart_disease,Hi05,Hi05_心疾患（高血圧性を除く）,female,a45_49,45-49歳,45,49,False,False,2000,452.0,10.3,4454.0
heart_disease,Hi05,Hi05_心疾患（高血圧性を除く）,female,a45_49,45-49歳,45,49,False,False,2005,408.0,10.7,
heart_disease,Hi05,Hi05_心疾患（高血圧性を除く）,female,a45_49,45-49歳,45,49,False,False,2010,344.0,8.7,
heart_disease,Hi05,Hi05_心疾患（高血圧性を除く）,female,a45_49,45-49歳,45,49,False,False,2013,361.0,8.8,4178.0
heart_disease,Hi05,Hi05_心疾患（高血圧性を除く）,female,a45_49,45-49歳,45,49,False,False,2014,362.0,8.6,4279.0
heart_disease,Hi05,Hi05_心疾患（高血圧性を除く）,female,a45_49,45-49歳,45,49,False,False,2015,366.0,8.6,
heart_disease,Hi05,Hi05_心疾患（高血圧性を除く）,female,a45_49,45-49歳,45,49,False,False,2016,366.0,8.1,4602.0
heart_disease,Hi05,Hi05_心疾患（高血圧性を除く）,female,a45_49,45-49歳,45,49,False,False,2017,348.0,7.6,4692.0
heart_disease,Hi05,Hi05_心疾患（高血圧性を除く）,female,a45_49,45-49歳,45,49,False,False,2018,379.0,8.1,4802.0
heart_disease,Hi05,Hi05_心疾患（高血圧性を除く）,female,a45_49,45-49歳,45,49,False,False,2019,364.0,7.7,4871.0
heart_disease,Hi05,Hi05_心疾患（高血圧性を除く）,female,a45_49,45-49歳,45,49,False,False,2020,322.0,6.8,
heart_disease,Hi05,Hi05_心疾患（高血圧性を除く）,female,a45_49,45-49歳,45,49,False,False,2021,331.0,7.0,
heart_disease,Hi05,Hi05_心疾患（高血圧性を除く）,female,a45_49,45-49歳,45,49,False,False,2022,323.0,7.1,
heart_disease,Hi05,Hi05_心疾患（高血圧性を除く）,female,a45_49,45-49歳,45,49,False,False,2023,326.0,7.4,
heart_disease,Hi05,Hi05_心疾患（高血圧性を除く）,female,a45_49,45-49歳,45,49,False,False,2024,278.0,6.6,
heart_disease,Hi05,Hi05_心疾患（高血圧性を除く）,female,a50_54,50-54歳,50,54,False,False,1950,1596.0,95.6,
heart_disease,Hi05,Hi05_心疾患（高血圧性を除く）,female,a50_54,50-54歳,50,54,False,False,1955,1460.0,76.0,
heart_disease,Hi05,Hi05_心疾患（高血圧性を除く）,female,a50_54,50-54歳,50,54,False,False,1960,1472.0,68.1,
heart_disease,Hi05,Hi05_心疾患（高血圧性を除く）,female,a50_54,50-54歳,50,54,False,False,1965,1395.0,56.1,
heart_disease,Hi05,Hi05_心疾患（高血圧性を除く）,female,a50_54,50-54歳,50,54,False,False,1970,1361.0,51.6,
heart_disease,Hi05,Hi05_心疾患（高血圧性を除く）,female,a50_54,50-54歳,50,54,False,False,1975,1309.0,41.6,
heart_disease,Hi05,Hi05_心疾患（高血圧性を除く）,female,a50_54,50-54歳,50,54,False,False,1980,1323.0,36.4,
heart_disease,Hi05,Hi05_心疾患（高血圧性を除く）,female,a50_54,50-54歳,50,54,False,False,1985,1247.0,31.4,
heart_disease,Hi05,Hi05_心疾患（高血圧性を除く）,female,a50_54,50-54歳,50,54,False,False,1990,1075.0,26.4,
heart_disease,Hi05,Hi05_心疾患（高血圧性を除く）,female,a50_54,50-54歳,50,54,False,False,1995,841.0,18.8,
heart_disease,Hi05,Hi05_心疾患（高血圧性を除く）,female,a50_54,50-54歳,50,54,False,False,2000,826.0,15.9,5238.0
heart_disease,Hi05,Hi05_心疾患（高血圧性を除く）,female,a50_54,50-54歳,50,54,False,False,2005,752.0,17.2,
heart_disease,Hi05,Hi05_心疾患（高血圧性を除く）,female,a50_54,50-54歳,50,54,False,False,2010,561.0,14.8,
heart_disease,Hi05,Hi05_心疾患（高血圧性を除く）,female,a50_54,50-54歳,50,54,False,False,2013,528.0,13.9,3863.0
heart_disease,Hi05,Hi05_心疾患（高血圧性を除く）,female,a50_54,50-54歳,50,54,False,False,2014,499.0,13.0,3888.0
heart_disease,Hi05,Hi05_心疾患（高血圧性を除く）,female,a50_54,50-54歳,50,54,False,False,2015,522.0,13.3,
heart_disease,Hi05,Hi05_心疾患（高血圧性を除く）,female,a50_54,50-54歳,50,54,False,False,2016,471.0,12.2,3939.0
heart_disease,Hi05,Hi05_心疾患（高血圧性を除く）,female,a50_54,50-54歳,50,54,False,False,2017,461.0,11.6,4066.0
heart_disease,Hi05,Hi05_心疾患（高血圧性を除く）,female,a50_54,50-54歳,50,54,False,False,2018,494.0,12.1,4170.0
heart_disease,Hi05,Hi05_心疾患（高血圧性を除く）,female,a50_54,50-54歳,50,54,False,False,2019,490.0,11.7,4277.0
heart_disease,Hi05,Hi05_心疾患（高血圧性を除く）,female,a50_54,50-54歳,50,54,False,False,2020,475.0,11.2,
heart_disease,Hi05,Hi05_心疾患（高血圧性を除く）,female,a50_54,50-54歳,50,54,False,False,2021,530.0,11.8,
heart_disease,Hi05,Hi05_心疾患（高血圧性を除く）,female,a50_54,50-54歳,50,54,False,False,2022,535.0,11.7,
heart_disease,Hi05,Hi05_心疾患（高血圧性を除く）,female,a50_54,50-54歳,50,54,False,False,2023,541.0,11.6,
heart_disease,Hi05,Hi05_心疾患（高血圧性を除く）,female,a50_54,50-54歳,50,54,False,False,2024,578.0,12.2,
heart_disease,Hi05,Hi05_心疾患（高血圧性を除く）,female,a55_59,55-59歳,55,59,False,False,1950,2021.0,147.5,
heart_disease,Hi05,Hi05_心疾患（高血圧性を除く）,female,a55_59,55-59歳,55,59,False,False,1955,1821.0,114.0,
heart_disease,Hi05,Hi05_心疾患（高血圧性を除く）,female,a55_59,55-59歳,55,59,False,False,1960,1969.0,107.1,
heart_disease,Hi05,Hi05_心疾患（高血圧性を除く）,female,a55_59,55-59歳,55,59,False,False,1965,1908.0,92.1,
heart_disease,Hi05,Hi05_心疾患（高血圧性を除く）,female,a55_59,55-59歳,55,59,False,False,1970,2108.0,88.8,
heart_disease,Hi05,Hi05_心疾患（高血圧性を除く）,female,a55_59,55-59歳,55,59,False,False,1975,1716.0,66.2,
heart_disease,Hi05,Hi05_心疾患（高血圧性を除く）,female,a55_59,55-59歳,55,59,False,False,1980,1903.0,61.6,
heart_disease,Hi05,Hi05_心疾患（高血圧性を除く）,female,a55_59,55-59歳,55,59,False,False,1985,1805.0,50.5,
heart_disease,Hi05,Hi05_心疾患（高血圧性を除く）,female,a55_59,55-59歳,55,59,False,False,1990,1783.0,45.3,
heart_disease,Hi05,Hi05_心疾患（高血圧性を除く）,female,a55_59,55-59歳,55,59,False,False,1995,1344.0,33.4,
heart_disease,Hi05,Hi05_心疾患（高血圧性を除く）,female,a55_59,55-59歳,55,59,False,False,2000,1151.0,26.0,4449.0
heart_disease,Hi05,Hi05_心疾患（高血圧性を除く）,female,a55_59,55-59歳,55,59,False,False,2005,1293.0,25.1,
heart_disease,Hi05,Hi05_心疾患（高血圧性を除く）,female,a55_59,55-59歳,55,59,False,False,2010,952.0,21.8,
heart_disease,Hi05,Hi05_心疾患（高血圧性を除く）,female,a55_59,55-59歳,55,59,False,False,2013,762.0,19.8,3892.0
heart_disease,Hi05,Hi05_心疾患（高血圧性を除く）,female,a55_59,55-59歳,55,59,False,False,2014,768.0,20.2,3853.0
heart_disease,Hi05,Hi05_心疾患（高血圧性を除く）,female,a55_59,55-59歳,55,59,False,False,2015,664.0,17.6,
heart_disease,Hi05,Hi05_心疾患（高血圧性を除く）,female,a55_59,55-59歳,55,59,False,False,2016,630.0,16.9,3788.0
heart_disease,Hi05,Hi05_心疾患（高血圧性を除く）,female,a55_59,55-59歳,55,59,False,False,2017,631.0,16.8,3810.0
heart_disease,Hi05,Hi05_心疾患（高血圧性を除く）,female,a55_59,55-59歳,55,59,False,False,2018,624.0,16.5,3840.0
heart_disease,Hi05,Hi05_心疾患（高血圧性を除く）,female,a55_59,55-59歳,55,59,False,False,2019,649.0,17.1,3872.0
heart_disease,Hi05,Hi05_心疾患（高血圧性を除く）,female,a55_59,55-59歳,55,59,False,False,2020,580.0,14.9,
heart_disease,Hi05,Hi05_心疾患（高血圧性を除く）,female,a55_59,55-59歳,55,59,False,False,2021,603.0,15.7,
heart_disease,Hi05,Hi05_心疾患（高血圧性を除く）,female,a55_59,55-59歳,55,59,False,False,2022,721.0,18.2,
heart_disease,Hi05,Hi05_心疾患（高血圧性を除く）,female,a55_59,55-59歳,55,59,False,False,2023,730.0,18.0,
heart_disease,Hi05,Hi05_心疾患（高血圧性を除く）,female,a55_59,55-59歳,55,59,False,False,2024,782.0,18.9,
heart_disease,Hi05,Hi05_心疾患（高血圧性を除く）,female,a60_64,60-64歳,60,64,False,False,1950,2872.0,240.5,
heart_disease,Hi05,Hi05_心疾患（高血圧性を除く）,female,a60_64,60-64歳,60,64,False,False,1955,2399.0,188.9,
heart_disease,Hi05,Hi05_心疾患（高血圧性を除く）,female,a60_64,60-64歳,60,64,False,False,1960,2722.0,182.2,
heart_disease,Hi05,Hi05_心疾患（高血圧性を除く）,female,a60_64,60-64歳,60,64,False,False,1965,2781.0,161.7,
heart_disease,Hi05,Hi05_心疾患（高血圧性を除く）,female,a60_64,60-64歳,60,64,False,False,1970,2986.0,152.0,
heart_disease,Hi05,Hi05_心疾患（高血圧性を除く）,female,a60_64,60-64歳,60,64,False,False,1975,2886.0,123.4,
heart_disease,Hi05,Hi05_心疾患（高血圧性を除く）,female,a60_64,60-64歳,60,64,False,False,1980,2921.0,116.4,
heart_disease,Hi05,Hi05_心疾患（高血圧性を除く）,female,a60_64,60-64歳,60,64,False,False,1985,2918.0,96.9,
heart_disease,Hi05,Hi05_心疾患（高血圧性を除く）,female,a60_64,60-64歳,60,64,False,False,1990,2970.0,84.8,
heart_disease,Hi05,Hi05_心疾患（高血圧性を除く）,female,a60_64,60-64歳,60,64,False,False,1995,2365.0,61.5,
heart_disease,Hi05,Hi05_心疾患（高血圧性を除く）,female,a60_64,60-64歳,60,64,False,False,2000,1934.0,48.7,3991.0
heart_disease,Hi05,Hi05_心疾患（高血圧性を除く）,female,a60_64,60-64歳,60,64,False,False,2005,1930.0,44.1,
heart_disease,Hi05,Hi05_心疾患（高血圧性を除く）,female,a60_64,60-64歳,60,64,False,False,2010,1786.0,34.9,
heart_disease,Hi05,Hi05_心疾患（高血圧性を除く）,female,a60_64,60-64歳,60,64,False,False,2013,1717.0,35.1,4926.0
heart_disease,Hi05,Hi05_心疾患（高血圧性を除く）,female,a60_64,60-64歳,60,64,False,False,2014,1541.0,33.9,4574.0
heart_disease,Hi05,Hi05_心疾患（高血圧性を除く）,female,a60_64,60-64歳,60,64,False,False,2015,1369.0,31.8,
heart_disease,Hi05,Hi05_心疾患（高血圧性を除く）,female,a60_64,60-64歳,60,64,False,False,2016,1184.0,28.8,4140.0
heart_disease,Hi05,Hi05_心疾患（高血圧性を除く）,female,a60_64,60-64歳,60,64,False,False,2017,1128.0,28.8,3957.0
heart_disease,Hi05,Hi05_心疾患（高血圧性を除く）,female,a60_64,60-64歳,60,64,False,False,2018,1134.0,29.8,3847.0
heart_disease,Hi05,Hi05_心疾患（高血圧性を除く）,female,a60_64,60-64歳,60,64,False,False,2019,1126.0,29.9,3811.0
heart_disease,Hi05,Hi05_心疾患（高血圧性を除く）,female,a60_64,60-64歳,60,64,False,False,2020,992.0,26.7,
heart_disease,Hi05,Hi05_心疾患（高血圧性を除く）,female,a60_64,60-64歳,60,64,False,False,2021,1010.0,27.4,
heart_disease,Hi05,Hi05_心疾患（高血圧性を除く）,female,a60_64,60-64歳,60,64,False,False,2022,1147.0,31.0,
heart_disease,Hi05,Hi05_心疾患（高血圧性を除く）,female,a60_64,60-64歳,60,64,False,False,2023,1090.0,29.2,
heart_disease,Hi05,Hi05_心疾患（高血圧性を除く）,female,a60_64,60-64歳,60,64,False,False,2024,1031.0,27.5,
heart_disease,Hi05,Hi05_心疾患（高血圧性を除く）,female,a65_69,65-69歳,65,69,False,False,1950,3659.0,375.4,
heart_disease,Hi05,Hi05_心疾患（高血圧性を除く）,female,a65_69,65-69歳,65,69,False,False,1955,3309.0,315.8,
heart_disease,Hi05,Hi05_心疾患（高血圧性を除く）,female,a65_69,65-69歳,65,69,False,False,1960,3599.0,317.5,
heart_disease,Hi05,Hi05_心疾患（高血圧性を除く）,female,a65_69,65-69歳,65,69,False,False,1965,3945.0,293.6,
heart_disease,Hi05,Hi05_心疾患（高血圧性を除く）,female,a65_69,65-69歳,65,69,False,False,1970,4561.0,288.6,
heart_disease,Hi05,Hi05_心疾患（高血圧性を除く）,female,a65_69,65-69歳,65,69,False,False,1975,4329.0,231.3,
heart_disease,Hi05,Hi05_心疾患（高血圧性を除く）,female,a65_69,65-69歳,65,69,False,False,1980,5020.0,226.8,
heart_disease,Hi05,Hi05_心疾患（高血圧性を除く）,female,a65_69,65-69歳,65,69,False,False,1985,4791.0,200.1,
heart_disease,Hi05,Hi05_心疾患（高血圧性を除く）,female,a65_69,65-69歳,65,69,False,False,1990,4760.0,164.1,
heart_disease,Hi05,Hi05_心疾患（高血圧性を除く）,female,a65_69,65-69歳,65,69,False,False,1995,3834.0,113.2,
heart_disease,Hi05,Hi05_心疾患（高血圧性を除く）,female,a65_69,65-69歳,65,69,False,False,2000,3503.0,93.7,3753.0
heart_disease,Hi05,Hi05_心疾患（高血圧性を除く）,female,a65_69,65-69歳,65,69,False,False,2005,3222.0,83.0,
heart_disease,Hi05,Hi05_心疾患（高血圧性を除く）,female,a65_69,65-69歳,65,69,False,False,2010,2759.0,64.2,
heart_disease,Hi05,Hi05_心疾患（高血圧性を除く）,female,a65_69,65-69歳,65,69,False,False,2013,2654.0,59.1,4516.0
heart_disease,Hi05,Hi05_心疾患（高血圧性を除く）,female,a65_69,65-69歳,65,69,False,False,2014,2610.0,55.3,4741.0
heart_disease,Hi05,Hi05_心疾患（高血圧性を除く）,female,a65_69,65-69歳,65,69,False,False,2015,2702.0,53.9,
heart_disease,Hi05,Hi05_心疾患（高血圧性を除く）,female,a65_69,65-69歳,65,69,False,False,2016,2785.0,52.8,5300.0
heart_disease,Hi05,Hi05_心疾患（高血圧性を除く）,female,a65_69,65-69歳,65,69,False,False,2017,2732.0,53.6,5116.0
heart_disease,Hi05,Hi05_心疾患（高血圧性を除く）,female,a65_69,65-69歳,65,69,False,False,2018,2575.0,53.6,4827.0
heart_disease,Hi05,Hi05_心疾患（高血圧性を除く）,female,a65_69,65-69歳,65,69,False,False,2019,2327.0,52.2,4482.0
heart_disease,Hi05,Hi05_心疾患（高血圧性を除く）,female,a65_69,65-69歳,65,69,False,False,2020,2051.0,48.8,
heart_disease,Hi05,Hi05_心疾患（高血圧性を除く）,female,a65_69,65-69歳,65,69,False,False,2021,1942.0,48.5,
heart_disease,Hi05,Hi05_心疾患（高血圧性を除く）,female,a65_69,65-69歳,65,69,False,False,2022,1860.0,48.6,
heart_disease,Hi05,Hi05_心疾患（高血圧性を除く）,female,a65_69,65-69歳,65,69,False,False,2023,1830.0,49.2,
heart_disease,Hi05,Hi05_心疾患（高血圧性を除く）,female,a65_69,65-69歳,65,69,False,False,2024,1791.0,48.6,
heart_disease,Hi05,Hi05_心疾患（高血圧性を除く）,female,a70_74,70-74歳,70,74,False,False,1950,3756.0,506.7,
heart_disease,Hi05,Hi05_心疾患（高血圧性を除く）,female,a70_74,70-74歳,70,74,False,False,1955,4135.0,517.6,
heart_disease,Hi05,Hi05_心疾患（高血圧性を除く）,female,a70_74,70-74歳,70,74,False,False,1960,4960.0,570.0,
heart_disease,Hi05,Hi05_心疾患（高血圧性を除く）,female,a70_74,70-74歳,70,74,False,False,1965,5041.0,527.5,
heart_disease,Hi05,Hi05_心疾患（高血圧性を除く）,female,a70_74,70-74歳,70,74,False,False,1970,6309.0,539.5,
heart_disease,Hi05,Hi05_心疾患（高血圧性を除く）,female,a70_74,70-74歳,70,74,False,False,1975,6755.0,474.4,
heart_disease,Hi05,Hi05_心疾患（高血圧性を除く）,female,a70_74,70-74歳,70,74,False,False,1980,7896.0,464.5,
heart_disease,Hi05,Hi05_心疾患（高血圧性を除く）,female,a70_74,70-74歳,70,74,False,False,1985,8456.0,413.3,
heart_disease,Hi05,Hi05_心疾患（高血圧性を除く）,female,a70_74,70-74歳,70,74,False,False,1990,7888.0,350.1,
heart_disease,Hi05,Hi05_心疾患（高血圧性を除く）,female,a70_74,70-74歳,70,74,False,False,1995,6518.0,237.6,
heart_disease,Hi05,Hi05_心疾患（高血圧性を除く）,female,a70_74,70-74歳,70,74,False,False,2000,5858.0,181.7,3234.0
heart_disease,Hi05,Hi05_心疾患（高血圧性を除く）,female,a70_74,70-74歳,70,74,False,False,2005,5922.0,164.8,
heart_disease,Hi05,Hi05_心疾患（高血圧性を除く）,female,a70_74,70-74歳,70,74,False,False,2010,4826.0,128.6,
heart_disease,Hi05,Hi05_心疾患（高血圧性を除く）,female,a70_74,70-74歳,70,74,False,False,2013,4654.0,115.2,4060.0
heart_disease,Hi05,Hi05_心疾患（高血圧性を除く）,female,a70_74,70-74歳,70,74,False,False,2014,4706.0,111.5,4239.0
heart_disease,Hi05,Hi05_心疾患（高血圧性を除く）,female,a70_74,70-74歳,70,74,False,False,2015,4615.0,111.4,
heart_disease,Hi05,Hi05_心疾患（高血圧性を除く）,female,a70_74,70-74歳,70,74,False,False,2016,4276.0,108.6,3953.0
heart_disease,Hi05,Hi05_心疾患（高血圧性を除く）,female,a70_74,70-74歳,70,74,False,False,2017,4115.0,100.4,4115.0
heart_disease,Hi05,Hi05_心疾患（高血圧性を除く）,female,a70_74,70-74歳,70,74,False,False,2018,4301.0,99.0,4356.0
heart_disease,Hi05,Hi05_心疾患（高血圧性を除く）,female,a70_74,70-74歳,70,74,False,False,2019,4258.0,93.2,4576.0
heart_disease,Hi05,Hi05_心疾患（高血圧性を除く）,female,a70_74,70-74歳,70,74,False,False,2020,4372.0,90.6,
heart_disease,Hi05,Hi05_心疾患（高血圧性を除く）,female,a70_74,70-74歳,70,74,False,False,2021,4617.0,90.9,
heart_disease,Hi05,Hi05_心疾患（高血圧性を除く）,female,a70_74,70-74歳,70,74,False,False,2022,4994.0,101.9,
heart_disease,Hi05,Hi05_心疾患（高血圧性を除く）,female,a70_74,70-74歳,70,74,False,False,2023,4595.0,99.3,
heart_disease,Hi05,Hi05_心疾患（高血圧性を除く）,female,a70_74,70-74歳,70,74,False,False,2024,4173.0,97.2,
heart_disease,Hi05,Hi05_心疾患（高血圧性を除く）,female,a75_79,75-79歳,75,79,False,False,1950,2754.0,658.9,
heart_disease,Hi05,Hi05_心疾患（高血圧性を除く）,female,a75_79,75-79歳,75,79,False,False,1955,4053.0,759.5,
heart_disease,Hi05,Hi05_心疾患（高血圧性を除く）,female,a75_79,75-79歳,75,79,False,False,1960,5872.0,1016.0,
heart_disease,Hi05,Hi05_心疾患（高血圧性を除く）,female,a75_79,75-79歳,75,79,False,False,1965,6578.0,1021.4,
heart_disease,Hi05,Hi05_心疾患（高血圧性を除く）,female,a75_79,75-79歳,75,79,False,False,1970,7438.0,1011.8,
heart_disease,Hi05,Hi05_心疾患（高血圧性を除く）,female,a75_79,75-79歳,75,79,False,False,1975,9012.0,948.1,
heart_disease,Hi05,Hi05_心疾患（高血圧性を除く）,female,a75_79,75-79歳,75,79,False,False,1980,11331.0,956.2,
heart_disease,Hi05,Hi05_心疾患（高血圧性を除く）,female,a75_79,75-79歳,75,79,False,False,1985,12543.0,872.4,
heart_disease,Hi05,Hi05_心疾患（高血圧性を除く）,female,a75_79,75-79歳,75,79,False,False,1990,14075.0,774.2,
heart_disease,Hi05,Hi05_心疾患（高血圧性を除く）,female,a75_79,75-79歳,75,79,False,False,1995,10269.0,507.8,
heart_disease,Hi05,Hi05_心疾患（高血圧性を除く）,female,a75_79,75-79歳,75,79,False,False,2000,10045.0,398.9,2528.0
heart_disease,Hi05,Hi05_心疾患（高血圧性を除く）,female,a75_79,75-79歳,75,79,False,False,2005,10304.0,343.0,
heart_disease,Hi05,Hi05_心疾患（高血圧性を除く）,female,a75_79,75-79歳,75,79,False,False,2010,9866.0,292.0,
heart_disease,Hi05,Hi05_心疾患（高血圧性を除く）,female,a75_79,75-79歳,75,79,False,False,2013,9047.0,257.4,3529.0
heart_disease,Hi05,Hi05_心疾患（高血圧性を除く）,female,a75_79,75-79歳,75,79,False,False,2014,8741.0,250.7,3501.0
heart_disease,Hi05,Hi05_心疾患（高血圧性を除く）,female,a75_79,75-79歳,75,79,False,False,2015,8134.0,230.9,
heart_disease,Hi05,Hi05_心疾患（高血圧性を除く）,female,a75_79,75-79歳,75,79,False,False,2016,8126.0,225.4,3620.0
heart_disease,Hi05,Hi05_心疾患（高血圧性を除く）,female,a75_79,75-79歳,75,79,False,False,2017,7981.0,214.9,3728.0
heart_disease,Hi05,Hi05_心疾患（高血圧性を除く）,female,a75_79,75-79歳,75,79,False,False,2018,8109.0,212.6,3827.0
heart_disease,Hi05,Hi05_心疾患（高血圧性を除く）,female,a75_79,75-79歳,75,79,False,False,2019,7925.0,198.8,3997.0
heart_disease,Hi05,Hi05_心疾患（高血圧性を除く）,female,a75_79,75-79歳,75,79,False,False,2020,7766.0,199.2,
heart_disease,Hi05,Hi05_心疾患（高血圧性を除く）,female,a75_79,75-79歳,75,79,False,False,2021,7523.0,203.2,
heart_disease,Hi05,Hi05_心疾患（高血圧性を除く）,female,a75_79,75-79歳,75,79,False,False,2022,7877.0,204.2,
heart_disease,Hi05,Hi05_心疾患（高血圧性を除く）,female,a75_79,75-79歳,75,79,False,False,2023,8196.0,200.5,
heart_disease,Hi05,Hi05_心疾患（高血圧性を除く）,female,a75_79,75-79歳,75,79,False,False,2024,8014.0,186.5,
heart_disease,Hi05,Hi05_心疾患（高血圧性を除く）,female,a80_84,80-84歳,80,84,False,False,1950,1433.0,795.3,
heart_disease,Hi05,Hi05_心疾患（高血圧性を除く）,female,a80_84,80-84歳,80,84,False,False,1955,2400.0,981.2,
heart_disease,Hi05,Hi05_心疾患（高血圧性を除く）,female,a80_84,80-84歳,80,84,False,False,1960,4813.0,1533.9,
heart_disease,Hi05,Hi05_心疾患（高血圧性を除く）,female,a80_84,80-84歳,80,84,False,False,1965,6132.0,1797.3,
heart_disease,Hi05,Hi05_心疾患（高血圧性を除く）,female,a80_84,80-84歳,80,84,False,False,1970,7594.0,1863.3,
heart_disease,Hi05,Hi05_心疾患（高血圧性を除く）,female,a80_84,80-84歳,80,84,False,False,1975,9538.0,1907.1,
heart_disease,Hi05,Hi05_心疾患（高血圧性を除く）,female,a80_84,80-84歳,80,84,False,False,1980,12518.0,1856.0,
heart_disease,Hi05,Hi05_心疾患（高血圧性を除く）,female,a80_84,80-84歳,80,84,False,False,1985,15300.0,1701.1,
heart_disease,Hi05,Hi05_心疾患（高血圧性を除く）,female,a80_84,80-84歳,80,84,False,False,1990,18752.0,1626.0,
heart_disease,Hi05,Hi05_心疾患（高血圧性を除く）,female,a80_84,80-84歳,80,84,False,False,1995,15489.0,1052.1,
heart_disease,Hi05,Hi05_心疾患（高血圧性を除く）,female,a80_84,80-84歳,80,84,False,False,2000,14323.0,844.4,1701.0
heart_disease,Hi05,Hi05_心疾患（高血圧性を除く）,female,a80_84,80-84歳,80,84,False,False,2005,16402.0,749.7,
heart_disease,Hi05,Hi05_心疾患（高血圧性を除く）,female,a80_84,80-84歳,80,84,False,False,2010,17042.0,639.9,
heart_disease,Hi05,Hi05_心疾患（高血圧性を除く）,female,a80_84,80-84歳,80,84,False,False,2013,17291.0,603.5,2874.0
heart_disease,Hi05,Hi05_心疾患（高血圧性を除く）,female,a80_84,80-84歳,80,84,False,False,2014,16490.0,565.5,2925.0
heart_disease,Hi05,Hi05_心疾患（高血圧性を除く）,female,a80_84,80-84歳,80,84,False,False,2015,16114.0,536.7,
heart_disease,Hi05,Hi05_心疾患（高血圧性を除く）,female,a80_84,80-84歳,80,84,False,False,2016,15836.0,514.9,3086.0
heart_disease,Hi05,Hi05_心疾患（高血圧性を除く）,female,a80_84,80-84歳,80,84,False,False,2017,15912.0,508.9,3138.0
heart_disease,Hi05,Hi05_心疾患（高血圧性を除く）,female,a80_84,80-84歳,80,84,False,False,2018,15531.0,494.1,3155.0
heart_disease,Hi05,Hi05_心疾患（高血圧性を除く）,female,a80_84,80-84歳,80,84,False,False,2019,14993.0,480.7,3131.0
heart_disease,Hi05,Hi05_心疾患（高血圧性を除く）,female,a80_84,80-84歳,80,84,False,False,2020,14017.0,443.8,
heart_disease,Hi05,Hi05_心疾患（高血圧性を除く）,female,a80_84,80-84歳,80,84,False,False,2021,13984.0,431.8,
heart_disease,Hi05,Hi05_心疾患（高血圧性を除く）,female,a80_84,80-84歳,80,84,False,False,2022,15512.0,465.0,
heart_disease,Hi05,Hi05_心疾患（高血圧性を除く）,female,a80_84,80-84歳,80,84,False,False,2023,14942.0,436.6,
heart_disease,Hi05,Hi05_心疾患（高血圧性を除く）,female,a80_84,80-84歳,80,84,False,False,2024,15108.0,423.4,
heart_disease,Hi05,Hi05_心疾患（高血圧性を除く）,female,a85_89,85-89歳,85,89,False,False,1950,512.0,938.7,
heart_disease,Hi05,Hi05_心疾患（高血圧性を除く）,female,a85_89,85-89歳,85,89,False,False,1955,948.0,1223.2,
heart_disease,Hi05,Hi05_心疾患（高血圧性を除く）,female,a85_89,85-89歳,85,89,False,False,1960,2237.0,2078.6,
heart_disease,Hi05,Hi05_心疾患（高血圧性を除く）,female,a85_89,85-89歳,85,89,False,False,1965,3669.0,2639.0,
heart_disease,Hi05,Hi05_心疾患（高血圧性を除く）,female,a85_89,85-89歳,85,89,False,False,1970,5094.0,3226.4,
heart_disease,Hi05,Hi05_心疾患（高血圧性を除く）,female,a85_89,85-89歳,85,89,False,False,1975,6878.0,3310.3,
heart_disease,Hi05,Hi05_心疾患（高血圧性を除く）,female,a85_89,85-89歳,85,89,False,False,1980,8978.0,3315.3,
heart_disease,Hi05,Hi05_心疾患（高血圧性を除く）,female,a85_89,85-89歳,85,89,False,False,1985,12719.0,3220.8,
heart_disease,Hi05,Hi05_心疾患（高血圧性を除く）,female,a85_89,85-89歳,85,89,False,False,1990,17690.0,3176.0,
heart_disease,Hi05,Hi05_心疾患（高血圧性を除く）,female,a85_89,85-89歳,85,89,False,False,1995,15315.0,1981.0,
heart_disease,Hi05,Hi05_心疾患（高血圧性を除く）,female,a85_89,85-89歳,85,89,False,False,2000,18026.0,1710.6,1056.0
heart_disease,Hi05,Hi05_心疾患（高血圧性を除く）,female,a85_89,85-89歳,85,89,False,False,2005,19930.0,1540.4,
heart_disease,Hi05,Hi05_心疾患（高血圧性を除く）,female,a85_89,85-89歳,85,89,False,False,2010,24111.0,1419.2,
heart_disease,Hi05,Hi05_心疾患（高血圧性を除く）,female,a85_89,85-89歳,85,89,False,False,2013,25710.0,1318.5,1956.0
heart_disease,Hi05,Hi05_心疾患（高血圧性を除く）,female,a85_89,85-89歳,85,89,False,False,2014,25824.0,1273.4,2033.0
heart_disease,Hi05,Hi05_心疾患（高血圧性を除く）,female,a85_89,85-89歳,85,89,False,False,2015,25401.0,1219.1,
heart_disease,Hi05,Hi05_心疾患（高血圧性を除く）,female,a85_89,85-89歳,85,89,False,False,2016,25117.0,1168.4,2155.0
heart_disease,Hi05,Hi05_心疾患（高血圧性を除く）,female,a85_89,85-89歳,85,89,False,False,2017,26157.0,1179.7,2228.0
heart_disease,Hi05,Hi05_心疾患（高血圧性を除く）,female,a85_89,85-89歳,85,89,False,False,2018,26026.0,1139.9,2296.0
heart_disease,Hi05,Hi05_心疾患（高血圧性を除く）,female,a85_89,85-89歳,85,89,False,False,2019,25669.0,1100.7,2346.0
heart_disease,Hi05,Hi05_心疾患（高血圧性を除く）,female,a85_89,85-89歳,85,89,False,False,2020,24505.0,1016.7,
heart_disease,Hi05,Hi05_心疾患（高血圧性を除く）,female,a85_89,85-89歳,85,89,False,False,2021,25414.0,1026.2,
heart_disease,Hi05,Hi05_心疾患（高血圧性を除く）,female,a85_89,85-89歳,85,89,False,False,2022,27109.0,1077.0,
heart_disease,Hi05,Hi05_心疾患（高血圧性を除く）,female,a85_89,85-89歳,85,89,False,False,2023,26295.0,1042.6,
heart_disease,Hi05,Hi05_心疾患（高血圧性を除く）,female,a85_89,85-89歳,85,89,False,False,2024,24989.0,1002.4,
heart_disease,Hi05,Hi05_心疾患（高血圧性を除く）,female,a90_94,90-94歳,90,94,False,False,1950,113.0,1082.2,
heart_disease,Hi05,Hi05_心疾患（高血圧性を除く）,female,a90_94,90-94歳,90,94,False,False,1955,194.0,1328.4,
heart_disease,Hi05,Hi05_心疾患（高血圧性を除く）,female,a90_94,90-94歳,90,94,False,False,1960,583.0,2754.2,
heart_disease,Hi05,Hi05_心疾患（高血圧性を除く）,female,a90_94,90-94歳,90,94,False,False,1965,1056.0,3285.9,
heart_disease,Hi05,Hi05_心疾患（高血圧性を除く）,female,a90_94,90-94歳,90,94,False,False,1970,1982.0,4793.3,
heart_disease,Hi05,Hi05_心疾患（高血圧性を除く）,female,a90_94,90-94歳,90,94,False,False,1975,2824.0,5743.7,
heart_disease,Hi05,Hi05_心疾患（高血圧性を除く）,female,a90_94,90-94歳,90,94,False,False,1980,3909.0,5570.7,
heart_disease,Hi05,Hi05_心疾患（高血圧性を除く）,female,a90_94,90-94歳,90,94,False,False,1985,5576.0,5425.6,
heart_disease,Hi05,Hi05_心疾患（高血圧性を除く）,female,a90_94,90-94歳,90,94,False,False,1990,9665.0,5982.4,177.0
heart_disease,Hi05,Hi05_心疾患（高血圧性を除く）,female,a90_94,90-94歳,90,94,False,False,1995,8938.0,3665.8,268.0
heart_disease,Hi05,Hi05_心疾患（高血圧性を除く）,female,a90_94,90-94歳,90,94,False,False,2000,12542.0,3362.6,421.0
heart_disease,Hi05,Hi05_心疾患（高血圧性を除く）,female,a90_94,90-94歳,90,94,False,False,2005,18592.0,2949.1,
heart_disease,Hi05,Hi05_心疾患（高血圧性を除く）,female,a90_94,90-94歳,90,94,False,False,2010,22339.0,2851.6,
heart_disease,Hi05,Hi05_心疾患（高血圧性を除く）,female,a90_94,90-94歳,90,94,False,False,2013,25171.0,2706.6,932.0
heart_disease,Hi05,Hi05_心疾患（高血圧性を除く）,female,a90_94,90-94歳,90,94,False,False,2014,25861.0,2612.2,993.0
heart_disease,Hi05,Hi05_心疾患（高血圧性を除く）,female,a90_94,90-94歳,90,94,False,False,2015,26110.0,2550.2,
heart_disease,Hi05,Hi05_心疾患（高血圧性を除く）,female,a90_94,90-94歳,90,94,False,False,2016,27104.0,2468.5,1093.0
heart_disease,Hi05,Hi05_心疾患（高血圧性を除く）,female,a90_94,90-94歳,90,94,False,False,2017,28578.0,2457.3,1146.0
heart_disease,Hi05,Hi05_心疾患（高血圧性を除く）,female,a90_94,90-94歳,90,94,False,False,2018,29720.0,2434.1,1198.0
heart_disease,Hi05,Hi05_心疾患（高血圧性を除く）,female,a90_94,90-94歳,90,94,False,False,2019,30023.0,2351.1,1255.0
heart_disease,Hi05,Hi05_心疾患（高血圧性を除く）,female,a90_94,90-94歳,90,94,False,False,2020,29256.0,2235.6,
heart_disease,Hi05,Hi05_心疾患（高血圧性を除く）,female,a90_94,90-94歳,90,94,False,False,2021,31082.0,2268.8,
heart_disease,Hi05,Hi05_心疾患（高血圧性を除く）,female,a90_94,90-94歳,90,94,False,False,2022,33491.0,2350.2,
heart_disease,Hi05,Hi05_心疾患（高血圧性を除く）,female,a90_94,90-94歳,90,94,False,False,2023,33187.0,2274.6,
heart_disease,Hi05,Hi05_心疾患（高血圧性を除く）,female,a90_94,90-94歳,90,94,False,False,2024,31919.0,2152.3,
heart_disease,Hi05,Hi05_心疾患（高血圧性を除く）,female,a95_99,95-99歳,95,99,False,False,1950,17.0,,
heart_disease,Hi05,Hi05_心疾患（高血圧性を除く）,female,a95_99,95-99歳,95,99,False,False,1955,28.0,,
heart_disease,Hi05,Hi05_心疾患（高血圧性を除く）,female,a95_99,95-99歳,95,99,False,False,1960,69.0,,
heart_disease,Hi05,Hi05_心疾患（高血圧性を除く）,female,a95_99,95-99歳,95,99,False,False,1965,157.0,,
heart_disease,Hi05,Hi05_心疾患（高血圧性を除く）,female,a95_99,95-99歳,95,99,False,False,1970,314.0,,
heart_disease,Hi05,Hi05_心疾患（高血圧性を除く）,female,a95_99,95-99歳,95,99,False,False,1975,566.0,,
heart_disease,Hi05,Hi05_心疾患（高血圧性を除く）,female,a95_99,95-99歳,95,99,False,False,1980,809.0,,
heart_disease,Hi05,Hi05_心疾患（高血圧性を除く）,female,a95_99,95-99歳,95,99,False,False,1985,1351.0,,
heart_disease,Hi05,Hi05_心疾患（高血圧性を除く）,female,a95_99,95-99歳,95,99,False,False,1990,2440.0,,29.0
heart_disease,Hi05,Hi05_心疾患（高血圧性を除く）,female,a95_99,95-99歳,95,99,False,False,1995,2642.0,,53.0
heart_disease,Hi05,Hi05_心疾患（高血圧性を除く）,female,a95_99,95-99歳,95,99,False,False,2000,4386.0,,94.0
heart_disease,Hi05,Hi05_心疾患（高血圧性を除く）,female,a95_99,95-99歳,95,99,False,False,2005,8041.0,4732.8,
heart_disease,Hi05,Hi05_心疾患（高血圧性を除く）,female,a95_99,95-99歳,95,99,False,False,2010,12435.0,5146.1,
heart_disease,Hi05,Hi05_心疾患（高血圧性を除く）,female,a95_99,95-99歳,95,99,False,False,2013,13441.0,4800.4,281.0
heart_disease,Hi05,Hi05_心疾患（高血圧性を除く）,female,a95_99,95-99歳,95,99,False,False,2014,13224.0,4575.8,289.0
heart_disease,Hi05,Hi05_心疾患（高血圧性を除く）,female,a95_99,95-99歳,95,99,False,False,2015,13892.0,4672.9,
heart_disease,Hi05,Hi05_心疾患（高血圧性を除く）,female,a95_99,95-99歳,95,99,False,False,2016,14357.0,4543.4,317.0
heart_disease,Hi05,Hi05_心疾患（高血圧性を除く）,female,a95_99,95-99歳,95,99,False,False,2017,15862.0,4749.1,337.0
heart_disease,Hi05,Hi05_心疾患（高血圧性を除く）,female,a95_99,95-99歳,95,99,False,False,2018,16700.0,4613.3,362.0
heart_disease,Hi05,Hi05_心疾患（高血圧性を除く）,female,a95_99,95-99歳,95,99,False,False,2019,17126.0,4368.9,384.0
heart_disease,Hi05,Hi05_心疾患（高血圧性を除く）,female,a95_99,95-99歳,95,99,False,False,2020,17338.0,4270.7,
heart_disease,Hi05,Hi05_心疾患（高血圧性を除く）,female,a95_99,95-99歳,95,99,False,False,2021,18989.0,4395.6,
heart_disease,Hi05,Hi05_心疾患（高血圧性を除く）,female,a95_99,95-99歳,95,99,False,False,2022,20851.0,4643.9,
heart_disease,Hi05,Hi05_心疾患（高血圧性を除く）,female,a95_99,95-99歳,95,99,False,False,2023,20878.0,4386.1,
heart_disease,Hi05,Hi05_心疾患（高血圧性を除く）,female,a95_99,95-99歳,95,99,False,False,2024,20852.0,4145.5,
heart_disease,Hi05,Hi05_心疾患（高血圧性を除く）,female,a100p,100歳以上,100,,False,False,1950,1.0,,
heart_disease,Hi05,Hi05_心疾患（高血圧性を除く）,female,a100p,100歳以上,100,,False,False,1955,3.0,,
heart_disease,Hi05,Hi05_心疾患（高血圧性を除く）,female,a100p,100歳以上,100,,False,False,1960,7.0,,
heart_disease,Hi05,Hi05_心疾患（高血圧性を除く）,female,a100p,100歳以上,100,,False,False,1965,4.0,,
heart_disease,Hi05,Hi05_心疾患（高血圧性を除く）,female,a100p,100歳以上,100,,False,False,1970,19.0,,
heart_disease,Hi05,Hi05_心疾患（高血圧性を除く）,female,a100p,100歳以上,100,,False,False,1975,51.0,,
heart_disease,Hi05,Hi05_心疾患（高血圧性を除く）,female,a100p,100歳以上,100,,False,False,1980,70.0,,
heart_disease,Hi05,Hi05_心疾患（高血圧性を除く）,female,a100p,100歳以上,100,,False,False,1985,148.0,,
heart_disease,Hi05,Hi05_心疾患（高血圧性を除く）,female,a100p,100歳以上,100,,False,False,1990,330.0,,3.0
heart_disease,Hi05,Hi05_心疾患（高血圧性を除く）,female,a100p,100歳以上,100,,False,False,1995,340.0,,5.0
heart_disease,Hi05,Hi05_心疾患（高血圧性を除く）,female,a100p,100歳以上,100,,False,False,2000,696.0,,10.0
heart_disease,Hi05,Hi05_心疾患（高血圧性を除く）,female,a100p,100歳以上,100,,False,False,2005,1502.0,6954.7,
heart_disease,Hi05,Hi05_心疾患（高血圧性を除く）,female,a100p,100歳以上,100,,False,False,2010,2862.0,7523.3,
heart_disease,Hi05,Hi05_心疾患（高血圧性を除く）,female,a100p,100歳以上,100,,False,False,2013,3326.0,6929.2,48.0
heart_disease,Hi05,Hi05_心疾患（高血圧性を除く）,female,a100p,100歳以上,100,,False,False,2014,3427.0,6719.6,52.0
heart_disease,Hi05,Hi05_心疾患（高血圧性を除く）,female,a100p,100歳以上,100,,False,False,2015,3546.0,6642.2,
heart_disease,Hi05,Hi05_心疾患（高血圧性を除く）,female,a100p,100歳以上,100,,False,False,2016,3788.0,6645.6,57.0
heart_disease,Hi05,Hi05_心疾患（高血圧性を除く）,female,a100p,100歳以上,100,,False,False,2017,4127.0,6994.9,59.0
heart_disease,Hi05,Hi05_心疾患（高血圧性を除く）,female,a100p,100歳以上,100,,False,False,2018,4137.0,6895.0,61.0
heart_disease,Hi05,Hi05_心疾患（高血圧性を除く）,female,a100p,100歳以上,100,,False,False,2019,4068.0,6780.0,62.0
heart_disease,Hi05,Hi05_心疾患（高血圧性を除く）,female,a100p,100歳以上,100,,False,False,2020,4179.0,5938.9,
heart_disease,Hi05,Hi05_心疾患（高血圧性を除く）,female,a100p,100歳以上,100,,False,False,2021,4565.0,6086.7,
heart_disease,Hi05,Hi05_心疾患（高血圧性を除く）,female,a100p,100歳以上,100,,False,False,2022,5109.0,6635.1,
heart_disease,Hi05,Hi05_心疾患（高血圧性を除く）,female,a100p,100歳以上,100,,False,False,2023,4992.0,6483.1,
heart_disease,Hi05,Hi05_心疾患（高血圧性を除く）,female,a100p,100歳以上,100,,False,False,2024,5013.0,6510.4,
heart_disease,Hi05,Hi05_心疾患（高血圧性を除く）,female,total,総数,,,False,True,1950,27269.0,64.3,
heart_disease,Hi05,Hi05_心疾患（高血圧性を除く）,female,total,総数,,,False,True,1955,27069.0,59.6,
heart_disease,Hi05,Hi05_心疾患（高血圧性を除く）,female,total,総数,,,False,True,1960,33645.0,70.8,
heart_disease,Hi05,Hi05_心疾患（高血圧性を除く）,female,total,総数,,,False,True,1965,36845.0,73.6,
heart_disease,Hi05,Hi05_心疾患（高血圧性を除く）,female,total,総数,,,False,True,1970,43423.0,82.7,
heart_disease,Hi05,Hi05_心疾患（高血圧性を除く）,female,total,総数,,,False,True,1975,48831.0,86.4,
heart_disease,Hi05,Hi05_心疾患（高血圧性を除く）,female,total,総数,,,False,True,1980,59402.0,100.5,
heart_disease,Hi05,Hi05_心疾患（高血圧性を除く）,female,total,総数,,,False,True,1985,69331.0,113.2,
heart_disease,Hi05,Hi05_心疾患（高血圧性を除く）,female,total,総数,,,False,True,1990,83704.0,134.0,
heart_disease,Hi05,Hi05_心疾患（高血圧性を除く）,female,total,総数,,,False,True,1995,69488.0,109.6,
heart_disease,Hi05,Hi05_心疾患（高血圧性を除く）,female,total,総数,,,False,True,2000,74585.0,116.3,64815.0
heart_disease,Hi05,Hi05_心疾患（高血圧性を除く）,female,total,総数,,,False,True,2005,89146.0,138.0,
heart_disease,Hi05,Hi05_心疾患（高血圧性を除く）,female,total,総数,,,False,True,2010,100557.0,155.2,
heart_disease,Hi05,Hi05_心疾患（高血圧性を除く）,female,total,総数,,,False,True,2013,105278.0,163.2,65388.0
heart_disease,Hi05,Hi05_心疾患（高血圧性を除く）,female,total,総数,,,False,True,2014,104652.0,162.5,65282.0
heart_disease,Hi05,Hi05_心疾患（高血圧性を除く）,female,total,総数,,,False,True,2015,103981.0,161.7,
heart_disease,Hi05,Hi05_心疾患（高血圧性を除く）,female,total,総数,,,False,True,2016,104617.0,163.1,65226.0
heart_disease,Hi05,Hi05_心疾患（高血圧性を除く）,female,total,総数,,,False,True,2017,108538.0,169.7,65165.0
heart_disease,Hi05,Hi05_心疾患（高血圧性を除く）,female,total,総数,,,False,True,2018,110186.0,172.8,65076.0
heart_disease,Hi05,Hi05_心疾患（高血圧性を除く）,female,total,総数,,,False,True,2019,109504.0,172.4,64967.0
heart_disease,Hi05,Hi05_心疾患（高血圧性を除く）,female,total,総数,,,False,True,2020,106292.0,167.7,
heart_disease,Hi05,Hi05_心疾患（高血圧性を除く）,female,total,総数,,,False,True,2021,111010.0,175.9,
heart_disease,Hi05,Hi05_心疾患（高血圧性を除く）,female,total,総数,,,False,True,2022,119948.0,191.3,
heart_disease,Hi05,Hi05_心疾患（高血圧性を除く）,female,total,総数,,,False,True,2023,118015.0,189.5,
heart_disease,Hi05,Hi05_心疾患（高血圧性を除く）,female,total,総数,,,False,True,2024,114963.0,185.9,
heart_disease,Hi05,Hi05_心疾患（高血圧性を除く）,male,a00_04,0-4歳,0,4,False,False,1950,346.0,6.1,
heart_disease,Hi05,Hi05_心疾患（高血圧性を除く）,male,a00_04,0-4歳,0,4,False,False,1955,223.0,4.7,
heart_disease,Hi05,Hi05_心疾患（高血圧性を除く）,male,a00_04,0-4歳,0,4,False,False,1960,229.0,5.7,
heart_disease,Hi05,Hi05_心疾患（高血圧性を除く）,male,a00_04,0-4歳,0,4,False,False,1965,217.0,5.2,
heart_disease,Hi05,Hi05_心疾患（高血圧性を除く）,male,a00_04,0-4歳,0,4,False,False,1970,225.0,5.0,
heart_disease,Hi05,Hi05_心疾患（高血圧性を除く）,male,a00_04,0-4歳,0,4,False,False,1975,254.0,5.0,
heart_disease,Hi05,Hi05_心疾患（高血圧性を除く）,male,a00_04,0-4歳,0,4,False,False,1980,258.0,5.9,4366.0
heart_disease,Hi05,Hi05_心疾患（高血圧性を除く）,male,a00_04,0-4歳,0,4,False,False,1985,212.0,5.6,3819.0
heart_disease,Hi05,Hi05_心疾患（高血圧性を除く）,male,a00_04,0-4歳,0,4,False,False,1990,173.0,5.2,3326.0
heart_disease,Hi05,Hi05_心疾患（高血圧性を除く）,male,a00_04,0-4歳,0,4,False,False,1995,126.0,4.1,3070.0
heart_disease,Hi05,Hi05_心疾患（高血圧性を除く）,male,a00_04,0-4歳,0,4,False,False,2000,109.0,3.6,
heart_disease,Hi05,Hi05_心疾患（高血圧性を除く）,male,a00_04,0-4歳,0,4,False,False,2005,114.0,4.0,2867.0
heart_disease,Hi05,Hi05_心疾患（高血圧性を除く）,male,a00_04,0-4歳,0,4,False,False,2010,72.0,2.7,2717.0
heart_disease,Hi05,Hi05_心疾患（高血圧性を除く）,male,a00_04,0-4歳,0,4,False,False,2013,62.0,2.3,2684.0
heart_disease,Hi05,Hi05_心疾患（高血圧性を除く）,male,a00_04,0-4歳,0,4,False,False,2014,45.0,1.7,2673.0
heart_disease,Hi05,Hi05_心疾患（高血圧性を除く）,male,a00_04,0-4歳,0,4,False,False,2015,50.0,2.0,2561.0
heart_disease,Hi05,Hi05_心疾患（高血圧性を除く）,male,a00_04,0-4歳,0,4,False,False,2016,47.0,1.9,2547.0
heart_disease,Hi05,Hi05_心疾患（高血圧性を除く）,male,a00_04,0-4歳,0,4,False,False,2017,30.0,1.2,2522.0
heart_disease,Hi05,Hi05_心疾患（高血圧性を除く）,male,a00_04,0-4歳,0,4,False,False,2018,37.0,1.5,2482.0
heart_disease,Hi05,Hi05_心疾患（高血圧性を除く）,male,a00_04,0-4歳,0,4,False,False,2019,41.0,1.7,2421.0
heart_disease,Hi05,Hi05_心疾患（高血圧性を除く）,male,a00_04,0-4歳,0,4,False,False,2020,34.0,1.5,2325.0
heart_disease,Hi05,Hi05_心疾患（高血圧性を除く）,male,a00_04,0-4歳,0,4,False,False,2021,30.0,1.4,2246.0
heart_disease,Hi05,Hi05_心疾患（高血圧性を除く）,male,a00_04,0-4歳,0,4,False,False,2022,32.0,1.5,2174.0
heart_disease,Hi05,Hi05_心疾患（高血圧性を除く）,male,a00_04,0-4歳,0,4,False,False,2023,33.0,1.6,2093.0
heart_disease,Hi05,Hi05_心疾患（高血圧性を除く）,male,a00_04,0-4歳,0,4,False,False,2024,31.0,1.6,2015.0
heart_disease,Hi05,Hi05_心疾患（高血圧性を除く）,male,a05_09,5-9歳,5,9,False,False,1950,281.0,5.8,
heart_disease,Hi05,Hi05_心疾患（高血圧性を除く）,male,a05_09,5-9歳,5,9,False,False,1955,185.0,3.3,
heart_disease,Hi05,Hi05_心疾患（高血圧性を除く）,male,a05_09,5-9歳,5,9,False,False,1960,111.0,2.4,
heart_disease,Hi05,Hi05_心疾患（高血圧性を除く）,male,a05_09,5-9歳,5,9,False,False,1965,36.0,0.9,
heart_disease,Hi05,Hi05_心疾患（高血圧性を除く）,male,a05_09,5-9歳,5,9,False,False,1970,33.0,0.8,
heart_disease,Hi05,Hi05_心疾患（高血圧性を除く）,male,a05_09,5-9歳,5,9,False,False,1975,48.0,1.1,
heart_disease,Hi05,Hi05_心疾患（高血圧性を除く）,male,a05_09,5-9歳,5,9,False,False,1980,68.0,1.3,5142.0
heart_disease,Hi05,Hi05_心疾患（高血圧性を除く）,male,a05_09,5-9歳,5,9,False,False,1985,50.0,1.2,4373.0
heart_disease,Hi05,Hi05_心疾患（高血圧性を除く）,male,a05_09,5-9歳,5,9,False,False,1990,38.0,1.0,3822.0
heart_disease,Hi05,Hi05_心疾患（高血圧性を除く）,male,a05_09,5-9歳,5,9,False,False,1995,37.0,1.1,3350.0
heart_disease,Hi05,Hi05_心疾患（高血圧性を除く）,male,a05_09,5-9歳,5,9,False,False,2000,19.0,0.6,3091.0
heart_disease,Hi05,Hi05_心疾患（高血圧性を除く）,male,a05_09,5-9歳,5,9,False,False,2005,19.0,0.6,3050.0
heart_disease,Hi05,Hi05_心疾患（高血圧性を除く）,male,a05_09,5-9歳,5,9,False,False,2010,14.0,0.5,2866.0
heart_disease,Hi05,Hi05_心疾患（高血圧性を除く）,male,a05_09,5-9歳,5,9,False,False,2013,14.0,0.5,2743.0
heart_disease,Hi05,Hi05_心疾患（高血圧性を除く）,male,a05_09,5-9歳,5,9,False,False,2014,12.0,0.4,2716.0
heart_disease,Hi05,Hi05_心疾患（高血圧性を除く）,male,a05_09,5-9歳,5,9,False,False,2015,17.0,0.6,2725.0
heart_disease,Hi05,Hi05_心疾患（高血圧性を除く）,male,a05_09,5-9歳,5,9,False,False,2016,10.0,0.4,2722.0
heart_disease,Hi05,Hi05_心疾患（高血圧性を除く）,male,a05_09,5-9歳,5,9,False,False,2017,9.0,0.3,2699.0
heart_disease,Hi05,Hi05_心疾患（高血圧性を除く）,male,a05_09,5-9歳,5,9,False,False,2018,5.0,0.2,2670.0
heart_disease,Hi05,Hi05_心疾患（高血圧性を除く）,male,a05_09,5-9歳,5,9,False,False,2019,6.0,0.2,2640.0
heart_disease,Hi05,Hi05_心疾患（高血圧性を除く）,male,a05_09,5-9歳,5,9,False,False,2020,7.0,0.3,2620.0
heart_disease,Hi05,Hi05_心疾患（高血圧性を除く）,male,a05_09,5-9歳,5,9,False,False,2021,8.0,0.3,2581.0
heart_disease,Hi05,Hi05_心疾患（高血圧性を除く）,male,a05_09,5-9歳,5,9,False,False,2022,8.0,0.3,2535.0
heart_disease,Hi05,Hi05_心疾患（高血圧性を除く）,male,a05_09,5-9歳,5,9,False,False,2023,8.0,0.3,2478.0
heart_disease,Hi05,Hi05_心疾患（高血圧性を除く）,male,a05_09,5-9歳,5,9,False,False,2024,5.0,0.2,2412.0
heart_disease,Hi05,Hi05_心疾患（高血圧性を除く）,male,a10_14,10-14歳,10,14,False,False,1950,343.0,7.8,
heart_disease,Hi05,Hi05_心疾患（高血圧性を除く）,male,a10_14,10-14歳,10,14,False,False,1955,287.0,6.0,
heart_disease,Hi05,Hi05_心疾患（高血圧性を除く）,male,a10_14,10-14歳,10,14,False,False,1960,214.0,3.8,
heart_disease,Hi05,Hi05_心疾患（高血圧性を除く）,male,a10_14,10-14歳,10,14,False,False,1965,112.0,2.4,
heart_disease,Hi05,Hi05_心疾患（高血圧性を除く）,male,a10_14,10-14歳,10,14,False,False,1970,62.0,1.6,
heart_disease,Hi05,Hi05_心疾患（高血圧性を除く）,male,a10_14,10-14歳,10,14,False,False,1975,61.0,1.4,
heart_disease,Hi05,Hi05_心疾患（高血圧性を除く）,male,a10_14,10-14歳,10,14,False,False,1980,77.0,1.7,4595.0
heart_disease,Hi05,Hi05_心疾患（高血圧性を除く）,male,a10_14,10-14歳,10,14,False,False,1985,79.0,1.6,5147.0
heart_disease,Hi05,Hi05_心疾患（高血圧性を除く）,male,a10_14,10-14歳,10,14,False,False,1990,70.0,1.6,4370.0
heart_disease,Hi05,Hi05_心疾患（高血圧性を除く）,male,a10_14,10-14歳,10,14,False,False,1995,52.0,1.4,3827.0
heart_disease,Hi05,Hi05_心疾患（高血圧性を除く）,male,a10_14,10-14歳,10,14,False,False,2000,41.0,1.2,3361.0
heart_disease,Hi05,Hi05_心疾患（高血圧性を除く）,male,a10_14,10-14歳,10,14,False,False,2005,24.0,0.8,3094.0
heart_disease,Hi05,Hi05_心疾患（高血圧性を除く）,male,a10_14,10-14歳,10,14,False,False,2010,28.0,0.9,3039.0
heart_disease,Hi05,Hi05_心疾患（高血圧性を除く）,male,a10_14,10-14歳,10,14,False,False,2013,15.0,0.5,2967.0
heart_disease,Hi05,Hi05_心疾患（高血圧性を除く）,male,a10_14,10-14歳,10,14,False,False,2014,19.0,0.7,2927.0
heart_disease,Hi05,Hi05_心疾患（高血圧性を除く）,male,a10_14,10-14歳,10,14,False,False,2015,11.0,0.4,2879.0
heart_disease,Hi05,Hi05_心疾患（高血圧性を除く）,male,a10_14,10-14歳,10,14,False,False,2016,11.0,0.4,2829.0
heart_disease,Hi05,Hi05_心疾患（高血圧性を除く）,male,a10_14,10-14歳,10,14,False,False,2017,14.0,0.5,2792.0
heart_disease,Hi05,Hi05_心疾患（高血圧性を除く）,male,a10_14,10-14歳,10,14,False,False,2018,16.0,0.6,2776.0
heart_disease,Hi05,Hi05_心疾患（高血圧性を除く）,male,a10_14,10-14歳,10,14,False,False,2019,13.0,0.5,2757.0
heart_disease,Hi05,Hi05_心疾患（高血圧性を除く）,male,a10_14,10-14歳,10,14,False,False,2020,21.0,0.8,2756.0
heart_disease,Hi05,Hi05_心疾患（高血圧性を除く）,male,a10_14,10-14歳,10,14,False,False,2021,4.0,0.1,2746.0
heart_disease,Hi05,Hi05_心疾患（高血圧性を除く）,male,a10_14,10-14歳,10,14,False,False,2022,11.0,0.4,2720.0
heart_disease,Hi05,Hi05_心疾患（高血圧性を除く）,male,a10_14,10-14歳,10,14,False,False,2023,15.0,0.6,2689.0
heart_disease,Hi05,Hi05_心疾患（高血圧性を除く）,male,a10_14,10-14歳,10,14,False,False,2024,14.0,0.5,2657.0
heart_disease,Hi05,Hi05_心疾患（高血圧性を除く）,male,a15_19,15-19歳,15,19,False,False,1950,550.0,12.7,
heart_disease,Hi05,Hi05_心疾患（高血圧性を除く）,male,a15_19,15-19歳,15,19,False,False,1955,404.0,9.3,
heart_disease,Hi05,Hi05_心疾患（高血圧性を除く）,male,a15_19,15-19歳,15,19,False,False,1960,341.0,7.3,
heart_disease,Hi05,Hi05_心疾患（高血圧性を除く）,male,a15_19,15-19歳,15,19,False,False,1965,185.0,3.4,
heart_disease,Hi05,Hi05_心疾患（高血圧性を除く）,male,a15_19,15-19歳,15,19,False,False,1970,174.0,3.8,
heart_disease,Hi05,Hi05_心疾患（高血圧性を除く）,male,a15_19,15-19歳,15,19,False,False,1975,135.0,3.4,
heart_disease,Hi05,Hi05_心疾患（高血圧性を除く）,male,a15_19,15-19歳,15,19,False,False,1980,175.0,4.2,4224.0
heart_disease,Hi05,Hi05_心疾患（高血圧性を除く）,male,a15_19,15-19歳,15,19,False,False,1985,138.0,3.0,4600.0
heart_disease,Hi05,Hi05_心疾患（高血圧性を除く）,male,a15_19,15-19歳,15,19,False,False,1990,157.0,3.1,5122.0
heart_disease,Hi05,Hi05_心疾患（高血圧性を除く）,male,a15_19,15-19歳,15,19,False,False,1995,126.0,2.9,4386.0
heart_disease,Hi05,Hi05_心疾患（高血圧性を除く）,male,a15_19,15-19歳,15,19,False,False,2000,86.0,2.3,3843.0
heart_disease,Hi05,Hi05_心疾患（高血圧性を除く）,male,a15_19,15-19歳,15,19,False,False,2005,79.0,2.4,3389.0
heart_disease,Hi05,Hi05_心疾患（高血圧性を除く）,male,a15_19,15-19歳,15,19,False,False,2010,41.0,1.3,3127.0
heart_disease,Hi05,Hi05_心疾患（高血圧性を除く）,male,a15_19,15-19歳,15,19,False,False,2013,33.0,1.1,3098.0
heart_disease,Hi05,Hi05_心疾患（高血圧性を除く）,male,a15_19,15-19歳,15,19,False,False,2014,45.0,1.5,3075.0
heart_disease,Hi05,Hi05_心疾患（高血圧性を除く）,male,a15_19,15-19歳,15,19,False,False,2015,34.0,1.1,3112.0
heart_disease,Hi05,Hi05_心疾患（高血圧性を除く）,male,a15_19,15-19歳,15,19,False,False,2016,33.0,1.1,3093.0
heart_disease,Hi05,Hi05_心疾患（高血圧性を除く）,male,a15_19,15-19歳,15,19,False,False,2017,36.0,1.2,3067.0
heart_disease,Hi05,Hi05_心疾患（高血圧性を除く）,male,a15_19,15-19歳,15,19,False,False,2018,23.0,0.8,3025.0
heart_disease,Hi05,Hi05_心疾患（高血圧性を除く）,male,a15_19,15-19歳,15,19,False,False,2019,23.0,0.8,2995.0
heart_disease,Hi05,Hi05_心疾患（高血圧性を除く）,male,a15_19,15-19歳,15,19,False,False,2020,34.0,1.2,2928.0
heart_disease,Hi05,Hi05_心疾患（高血圧性を除く）,male,a15_19,15-19歳,15,19,False,False,2021,31.0,1.1,2864.0
heart_disease,Hi05,Hi05_心疾患（高血圧性を除く）,male,a15_19,15-19歳,15,19,False,False,2022,28.0,1.0,2830.0
heart_disease,Hi05,Hi05_心疾患（高血圧性を除く）,male,a15_19,15-19歳,15,19,False,False,2023,29.0,1.1,2818.0
heart_disease,Hi05,Hi05_心疾患（高血圧性を除く）,male,a15_19,15-19歳,15,19,False,False,2024,34.0,1.2,2799.0
heart_disease,Hi05,Hi05_心疾患（高血圧性を除く）,male,a20_24,20-24歳,20,24,False,False,1950,532.0,13.9,
heart_disease,Hi05,Hi05_心疾患（高血圧性を除く）,male,a20_24,20-24歳,20,24,False,False,1955,461.0,11.0,
heart_disease,Hi05,Hi05_心疾患（高血圧性を除く）,male,a20_24,20-24歳,20,24,False,False,1960,406.0,9.8,
heart_disease,Hi05,Hi05_心疾患（高血圧性を除く）,male,a20_24,20-24歳,20,24,False,False,1965,302.0,6.7,
heart_disease,Hi05,Hi05_心疾患（高血圧性を除く）,male,a20_24,20-24歳,20,24,False,False,1970,314.0,5.9,
heart_disease,Hi05,Hi05_心疾患（高血圧性を除く）,male,a20_24,20-24歳,20,24,False,False,1975,287.0,6.3,
heart_disease,Hi05,Hi05_心疾患（高血圧性を除く）,male,a20_24,20-24歳,20,24,False,False,1980,260.0,6.6,3960.0
heart_disease,Hi05,Hi05_心疾患（高血圧性を除く）,male,a20_24,20-24歳,20,24,False,False,1985,273.0,6.5,4166.0
heart_disease,Hi05,Hi05_心疾患（高血圧性を除く）,male,a20_24,20-24歳,20,24,False,False,1990,260.0,5.9,4468.0
heart_disease,Hi05,Hi05_心疾患（高血圧性を除く）,male,a20_24,20-24歳,20,24,False,False,1995,212.0,4.3,5041.0
heart_disease,Hi05,Hi05_心疾患（高血圧性を除く）,male,a20_24,20-24歳,20,24,False,False,2000,178.0,4.2,4318.0
heart_disease,Hi05,Hi05_心疾患（高血圧性を除く）,male,a20_24,20-24歳,20,24,False,False,2005,144.0,3.9,3774.0
heart_disease,Hi05,Hi05_心疾患（高血圧性を除く）,male,a20_24,20-24歳,20,24,False,False,2010,83.0,2.6,3327.0
heart_disease,Hi05,Hi05_心疾患（高血圧性を除く）,male,a20_24,20-24歳,20,24,False,False,2013,91.0,3.0,3182.0
heart_disease,Hi05,Hi05_心疾患（高血圧性を除く）,male,a20_24,20-24歳,20,24,False,False,2014,98.0,3.2,3190.0
heart_disease,Hi05,Hi05_心疾患（高血圧性を除く）,male,a20_24,20-24歳,20,24,False,False,2015,60.0,2.0,3122.0
heart_disease,Hi05,Hi05_心疾患（高血圧性を除く）,male,a20_24,20-24歳,20,24,False,False,2016,76.0,2.5,3165.0
heart_disease,Hi05,Hi05_心疾患（高血圧性を除く）,male,a20_24,20-24歳,20,24,False,False,2017,67.0,2.2,3203.0
heart_disease,Hi05,Hi05_心疾患（高血圧性を除く）,male,a20_24,20-24歳,20,24,False,False,2018,47.0,1.5,3246.0
heart_disease,Hi05,Hi05_心疾患（高血圧性を除く）,male,a20_24,20-24歳,20,24,False,False,2019,75.0,2.4,3259.0
heart_disease,Hi05,Hi05_心疾患（高血圧性を除く）,male,a20_24,20-24歳,20,24,False,False,2020,70.0,2.3,3234.0
heart_disease,Hi05,Hi05_心疾患（高血圧性を除く）,male,a20_24,20-24歳,20,24,False,False,2021,49.0,1.6,3205.0
heart_disease,Hi05,Hi05_心疾患（高血圧性を除く）,male,a20_24,20-24歳,20,24,False,False,2022,55.0,1.8,3216.0
heart_disease,Hi05,Hi05_心疾患（高血圧性を除く）,male,a20_24,20-24歳,20,24,False,False,2023,58.0,2.0,3212.0
heart_disease,Hi05,Hi05_心疾患（高血圧性を除く）,male,a20_24,20-24歳,20,24,False,False,2024,49.0,1.7,3231.0
heart_disease,Hi05,Hi05_心疾患（高血圧性を除く）,male,a25_29,25-29歳,25,29,False,False,1950,578.0,20.5,
heart_disease,Hi05,Hi05_心疾患（高血圧性を除く）,male,a25_29,25-29歳,25,29,False,False,1955,502.0,13.3,
heart_disease,Hi05,Hi05_心疾患（高血圧性を除く）,male,a25_29,25-29歳,25,29,False,False,1960,465.0,11.4,
heart_disease,Hi05,Hi05_心疾患（高血圧性を除く）,male,a25_29,25-29歳,25,29,False,False,1965,379.0,9.1,
heart_disease,Hi05,Hi05_心疾患（高血圧性を除く）,male,a25_29,25-29歳,25,29,False,False,1970,449.0,10.0,
heart_disease,Hi05,Hi05_心疾患（高血圧性を除く）,male,a25_29,25-29歳,25,29,False,False,1975,412.0,7.6,
heart_disease,Hi05,Hi05_心疾患（高血圧性を除く）,male,a25_29,25-29歳,25,29,False,False,1980,408.0,9.0,4545.0
heart_disease,Hi05,Hi05_心疾患（高血圧性を除く）,male,a25_29,25-29歳,25,29,False,False,1985,334.0,8.5,3948.0
heart_disease,Hi05,Hi05_心疾患（高血圧性を除く）,male,a25_29,25-29歳,25,29,False,False,1990,316.0,7.8,4078.0
heart_disease,Hi05,Hi05_心疾患（高血圧性を除く）,male,a25_29,25-29歳,25,29,False,False,1995,240.0,5.5,4452.0
heart_disease,Hi05,Hi05_心疾患（高血圧性を除く）,male,a25_29,25-29歳,25,29,False,False,2000,300.0,6.1,4978.0
heart_disease,Hi05,Hi05_心疾患（高血圧性を除く）,male,a25_29,25-29歳,25,29,False,False,2005,235.0,5.7,4220.0
heart_disease,Hi05,Hi05_心疾患（高血圧性を除く）,male,a25_29,25-29歳,25,29,False,False,2010,162.0,4.4,3755.0
heart_disease,Hi05,Hi05_心疾患（高血圧性を除く）,male,a25_29,25-29歳,25,29,False,False,2013,134.0,3.9,3505.0
heart_disease,Hi05,Hi05_心疾患（高血圧性を除く）,male,a25_29,25-29歳,25,29,False,False,2014,105.0,3.2,3414.0
heart_disease,Hi05,Hi05_心疾患（高血圧性を除く）,male,a25_29,25-29歳,25,29,False,False,2015,118.0,3.7,3333.0
heart_disease,Hi05,Hi05_心疾患（高血圧性を除く）,male,a25_29,25-29歳,25,29,False,False,2016,106.0,3.4,3282.0
heart_disease,Hi05,Hi05_心疾患（高血圧性を除く）,male,a25_29,25-29歳,25,29,False,False,2017,99.0,3.2,3250.0
heart_disease,Hi05,Hi05_心疾患（高血圧性を除く）,male,a25_29,25-29歳,25,29,False,False,2018,97.0,3.2,3233.0
heart_disease,Hi05,Hi05_心疾患（高血圧性を除く）,male,a25_29,25-29歳,25,29,False,False,2019,81.0,2.7,3260.0
heart_disease,Hi05,Hi05_心疾患（高血圧性を除く）,male,a25_29,25-29歳,25,29,False,False,2020,105.0,3.5,3279.0
heart_disease,Hi05,Hi05_心疾患（高血圧性を除く）,male,a25_29,25-29歳,25,29,False,False,2021,116.0,3.8,3276.0
heart_disease,Hi05,Hi05_心疾患（高血圧性を除く）,male,a25_29,25-29歳,25,29,False,False,2022,79.0,2.6,3295.0
heart_disease,Hi05,Hi05_心疾患（高血圧性を除く）,male,a25_29,25-29歳,25,29,False,False,2023,100.0,3.3,3333.0
heart_disease,Hi05,Hi05_心疾患（高血圧性を除く）,male,a25_29,25-29歳,25,29,False,False,2024,72.0,2.4,3356.0
heart_disease,Hi05,Hi05_心疾患（高血圧性を除く）,male,a30_34,30-34歳,30,34,False,False,1950,592.0,25.1,
heart_disease,Hi05,Hi05_心疾患（高血圧性を除く）,male,a30_34,30-34歳,30,34,False,False,1955,477.0,17.1,
heart_disease,Hi05,Hi05_心疾患（高血圧性を除く）,male,a30_34,30-34歳,30,34,False,False,1960,539.0,14.4,
heart_disease,Hi05,Hi05_心疾患（高血圧性を除く）,male,a30_34,30-34歳,30,34,False,False,1965,578.0,13.9,
heart_disease,Hi05,Hi05_心疾患（高血圧性を除く）,male,a30_34,30-34歳,30,34,False,False,1970,590.0,14.2,
heart_disease,Hi05,Hi05_心疾患（高血圧性を除く）,male,a30_34,30-34歳,30,34,False,False,1975,585.0,12.7,
heart_disease,Hi05,Hi05_心疾患（高血圧性を除く）,male,a30_34,30-34歳,30,34,False,False,1980,639.0,11.9,5422.0
heart_disease,Hi05,Hi05_心疾患（高血圧性を除く）,male,a30_34,30-34歳,30,34,False,False,1985,572.0,12.6,4558.0
heart_disease,Hi05,Hi05_心疾患（高血圧性を除く）,male,a30_34,30-34歳,30,34,False,False,1990,496.0,12.7,3925.0
heart_disease,Hi05,Hi05_心疾患（高血圧性を除く）,male,a30_34,30-34歳,30,34,False,False,1995,354.0,8.8,4114.0
heart_disease,Hi05,Hi05_心疾患（高血圧性を除く）,male,a30_34,30-34歳,30,34,False,False,2000,433.0,9.9,4448.0
heart_disease,Hi05,Hi05_心疾患（高血圧性を除く）,male,a30_34,30-34歳,30,34,False,False,2005,413.0,8.5,4958.0
heart_disease,Hi05,Hi05_心疾患（高血圧性を除く）,male,a30_34,30-34歳,30,34,False,False,2010,298.0,7.1,4273.0
heart_disease,Hi05,Hi05_心疾患（高血圧性を除く）,male,a30_34,30-34歳,30,34,False,False,2013,231.0,6.1,3866.0
heart_disease,Hi05,Hi05_心疾患（高血圧性を除く）,male,a30_34,30-34歳,30,34,False,False,2014,249.0,6.7,3788.0
heart_disease,Hi05,Hi05_心疾患（高血圧性を除く）,male,a30_34,30-34歳,30,34,False,False,2015,182.0,5.0,3751.0
heart_disease,Hi05,Hi05_心疾患（高血圧性を除く）,male,a30_34,30-34歳,30,34,False,False,2016,203.0,5.7,3697.0
heart_disease,Hi05,Hi05_心疾患（高血圧性を除く）,male,a30_34,30-34歳,30,34,False,False,2017,183.0,5.2,3641.0
heart_disease,Hi05,Hi05_心疾患（高血圧性を除く）,male,a30_34,30-34歳,30,34,False,False,2018,175.0,5.1,3571.0
heart_disease,Hi05,Hi05_心疾患（高血圧性を除く）,male,a30_34,30-34歳,30,34,False,False,2019,151.0,4.6,3499.0
heart_disease,Hi05,Hi05_心疾患（高血圧性を除く）,male,a30_34,30-34歳,30,34,False,False,2020,171.0,5.3,3431.0
heart_disease,Hi05,Hi05_心疾患（高血圧性を除く）,male,a30_34,30-34歳,30,34,False,False,2021,156.0,4.9,3352.0
heart_disease,Hi05,Hi05_心疾患（高血圧性を除く）,male,a30_34,30-34歳,30,34,False,False,2022,167.0,5.4,3300.0
heart_disease,Hi05,Hi05_心疾患（高血圧性を除く）,male,a30_34,30-34歳,30,34,False,False,2023,150.0,4.9,3273.0
heart_disease,Hi05,Hi05_心疾患（高血圧性を除く）,male,a30_34,30-34歳,30,34,False,False,2024,157.0,5.2,3289.0
heart_disease,Hi05,Hi05_心疾患（高血圧性を除く）,male,a35_39,35-39歳,35,39,False,False,1950,787.0,33.1,
heart_disease,Hi05,Hi05_心疾患（高血圧性を除く）,male,a35_39,35-39歳,35,39,False,False,1955,588.0,25.4,
heart_disease,Hi05,Hi05_心疾患（高血圧性を除く）,male,a35_39,35-39歳,35,39,False,False,1960,559.0,20.2,
heart_disease,Hi05,Hi05_心疾患（高血圧性を除く）,male,a35_39,35-39歳,35,39,False,False,1965,782.0,20.9,
heart_disease,Hi05,Hi05_心疾患（高血圧性を除く）,male,a35_39,35-39歳,35,39,False,False,1970,909.0,22.2,
heart_disease,Hi05,Hi05_心疾患（高血圧性を除く）,male,a35_39,35-39歳,35,39,False,False,1975,836.0,20.0,
heart_disease,Hi05,Hi05_心疾患（高血圧性を除く）,male,a35_39,35-39歳,35,39,False,False,1980,920.0,20.1,4595.0
heart_disease,Hi05,Hi05_心疾患（高血圧性を除く）,male,a35_39,35-39歳,35,39,False,False,1985,922.0,17.1,5398.0
heart_disease,Hi05,Hi05_心疾患（高血圧性を除く）,male,a35_39,35-39歳,35,39,False,False,1990,804.0,17.9,4525.0
heart_disease,Hi05,Hi05_心疾患（高血圧性を除く）,male,a35_39,35-39歳,35,39,False,False,1995,559.0,14.4,3946.0
heart_disease,Hi05,Hi05_心疾患（高血圧性を除く）,male,a35_39,35-39歳,35,39,False,False,2000,566.0,14.0,4106.0
heart_disease,Hi05,Hi05_心疾患（高血圧性を除く）,male,a35_39,35-39歳,35,39,False,False,2005,611.0,14.1,4425.0
heart_disease,Hi05,Hi05_心疾患（高血圧性を除く）,male,a35_39,35-39歳,35,39,False,False,2010,584.0,11.9,5002.0
heart_disease,Hi05,Hi05_心疾患（高血圧性を除く）,male,a35_39,35-39歳,35,39,False,False,2013,523.0,11.5,4593.0
heart_disease,Hi05,Hi05_心疾患（高血圧性を除く）,male,a35_39,35-39歳,35,39,False,False,2014,424.0,9.8,4394.0
heart_disease,Hi05,Hi05_心疾患（高血圧性を除く）,male,a35_39,35-39歳,35,39,False,False,2015,403.0,9.6,4268.0
heart_disease,Hi05,Hi05_心疾患（高血圧性を除く）,male,a35_39,35-39歳,35,39,False,False,2016,378.0,9.4,4126.0
heart_disease,Hi05,Hi05_心疾患（高血圧性を除く）,male,a35_39,35-39歳,35,39,False,False,2017,333.0,8.5,4017.0
heart_disease,Hi05,Hi05_心疾患（高血圧性を除く）,male,a35_39,35-39歳,35,39,False,False,2018,322.0,8.5,3933.0
heart_disease,Hi05,Hi05_心疾患（高血圧性を除く）,male,a35_39,35-39歳,35,39,False,False,2019,317.0,8.5,3874.0
heart_disease,Hi05,Hi05_心疾患（高血圧性を除く）,male,a35_39,35-39歳,35,39,False,False,2020,277.0,7.5,3806.0
heart_disease,Hi05,Hi05_心疾患（高血圧性を除く）,male,a35_39,35-39歳,35,39,False,False,2021,294.0,8.2,3736.0
heart_disease,Hi05,Hi05_心疾患（高血圧性を除く）,male,a35_39,35-39歳,35,39,False,False,2022,298.0,8.4,3668.0
heart_disease,Hi05,Hi05_心疾患（高血圧性を除く）,male,a35_39,35-39歳,35,39,False,False,2023,305.0,8.9,3593.0
heart_disease,Hi05,Hi05_心疾患（高血圧性を除く）,male,a35_39,35-39歳,35,39,False,False,2024,280.0,8.4,3509.0
heart_disease,Hi05,Hi05_心疾患（高血圧性を除く）,male,a40_44,40-44歳,40,44,False,False,1950,1061.0,48.3,
heart_disease,Hi05,Hi05_心疾患（高血圧性を除く）,male,a40_44,40-44歳,40,44,False,False,1955,846.0,36.4,
heart_disease,Hi05,Hi05_心疾患（高血圧性を除く）,male,a40_44,40-44歳,40,44,False,False,1960,749.0,32.9,
heart_disease,Hi05,Hi05_心疾患（高血圧性を除く）,male,a40_44,40-44歳,40,44,False,False,1965,776.0,28.4,
heart_disease,Hi05,Hi05_心疾患（高血圧性を除く）,male,a40_44,40-44歳,40,44,False,False,1970,1214.0,33.3,
heart_disease,Hi05,Hi05_心疾患（高血圧性を除く）,male,a40_44,40-44歳,40,44,False,False,1975,1393.0,33.9,
heart_disease,Hi05,Hi05_心疾患（高血圧性を除く）,male,a40_44,40-44歳,40,44,False,False,1980,1441.0,34.8,
heart_disease,Hi05,Hi05_心疾患（高血圧性を除く）,male,a40_44,40-44歳,40,44,False,False,1985,1400.0,31.2,
heart_disease,Hi05,Hi05_心疾患（高血圧性を除く）,male,a40_44,40-44歳,40,44,False,False,1990,1462.0,27.4,
heart_disease,Hi05,Hi05_心疾患（高血圧性を除く）,male,a40_44,40-44歳,40,44,False,False,1995,1021.0,22.8,
heart_disease,Hi05,Hi05_心疾患（高血圧性を除く）,male,a40_44,40-44歳,40,44,False,False,2000,891.0,22.9,3933.0
heart_disease,Hi05,Hi05_心疾患（高血圧性を除く）,male,a40_44,40-44歳,40,44,False,False,2005,986.0,24.5,4085.0
heart_disease,Hi05,Hi05_心疾患（高血圧性を除く）,male,a40_44,40-44歳,40,44,False,False,2010,866.0,19.8,4446.0
heart_disease,Hi05,Hi05_心疾患（高血圧性を除く）,male,a40_44,40-44歳,40,44,False,False,2013,943.0,19.5,4889.0
heart_disease,Hi05,Hi05_心疾患（高血圧性を除く）,male,a40_44,40-44歳,40,44,False,False,2014,967.0,19.7,4956.0
heart_disease,Hi05,Hi05_心疾患（高血圧性を除く）,male,a40_44,40-44歳,40,44,False,False,2015,904.0,18.4,4988.0
heart_disease,Hi05,Hi05_心疾患（高血圧性を除く）,male,a40_44,40-44歳,40,44,False,False,2016,830.0,17.1,4930.0
heart_disease,Hi05,Hi05_心疾患（高血圧性を除く）,male,a40_44,40-44歳,40,44,False,False,2017,768.0,16.3,4801.0
heart_disease,Hi05,Hi05_心疾患（高血圧性を除く）,male,a40_44,40-44歳,40,44,False,False,2018,717.0,15.8,4634.0
heart_disease,Hi05,Hi05_心疾患（高血圧性を除く）,male,a40_44,40-44歳,40,44,False,False,2019,649.0,14.9,4452.0
heart_disease,Hi05,Hi05_心疾患（高血圧性を除く）,male,a40_44,40-44歳,40,44,False,False,2020,662.0,15.7,4299.0
heart_disease,Hi05,Hi05_心疾患（高血圧性を除く）,male,a40_44,40-44歳,40,44,False,False,2021,587.0,14.5,4144.0
heart_disease,Hi05,Hi05_心疾患（高血圧性を除く）,male,a40_44,40-44歳,40,44,False,False,2022,591.0,15.1,4028.0
heart_disease,Hi05,Hi05_心疾患（高血圧性を除く）,male,a40_44,40-44歳,40,44,False,False,2023,546.0,14.3,3938.0
heart_disease,Hi05,Hi05_心疾患（高血圧性を除く）,male,a40_44,40-44歳,40,44,False,False,2024,524.0,14.0,3871.0
heart_disease,Hi05,Hi05_心疾患（高血圧性を除く）,male,a45_49,45-49歳,45,49,False,False,1950,1538.0,76.2,
heart_disease,Hi05,Hi05_心疾患（高血圧性を除く）,male,a45_49,45-49歳,45,49,False,False,1955,1198.0,56.1,
heart_disease,Hi05,Hi05_心疾患（高血圧性を除く）,male,a45_49,45-49歳,45,49,False,False,1960,1163.0,51.5,
heart_disease,Hi05,Hi05_心疾患（高血圧性を除く）,male,a45_49,45-49歳,45,49,False,False,1965,1018.0,45.8,
heart_disease,Hi05,Hi05_心疾患（高血圧性を除く）,male,a45_49,45-49歳,45,49,False,False,1970,1300.0,48.9,
heart_disease,Hi05,Hi05_心疾患（高血圧性を除く）,male,a45_49,45-49歳,45,49,False,False,1975,1724.0,47.4,
heart_disease,Hi05,Hi05_心疾患（高血圧性を除く）,male,a45_49,45-49歳,45,49,False,False,1980,2330.0,58.0,
heart_disease,Hi05,Hi05_心疾患（高血圧性を除く）,male,a45_49,45-49歳,45,49,False,False,1985,2023.0,49.9,
heart_disease,Hi05,Hi05_心疾患（高血圧性を除く）,male,a45_49,45-49歳,45,49,False,False,1990,2193.0,49.0,4482.0
heart_disease,Hi05,Hi05_心疾患（高血圧性を除く）,male,a45_49,45-49歳,45,49,False,False,1995,1978.0,37.4,5328.0
heart_disease,Hi05,Hi05_心疾患（高血圧性を除く）,male,a45_49,45-49歳,45,49,False,False,2000,1686.0,38.0,4478.0
heart_disease,Hi05,Hi05_心疾患（高血圧性を除く）,male,a45_49,45-49歳,45,49,False,False,2005,1494.0,38.9,3885.0
heart_disease,Hi05,Hi05_心疾患（高血圧性を除く）,male,a45_49,45-49歳,45,49,False,False,2010,1391.0,34.6,4069.0
heart_disease,Hi05,Hi05_心疾患（高血圧性を除く）,male,a45_49,45-49歳,45,49,False,False,2013,1400.0,33.5,4228.0
heart_disease,Hi05,Hi05_心疾患（高血圧性を除く）,male,a45_49,45-49歳,45,49,False,False,2014,1357.0,31.7,4329.0
heart_disease,Hi05,Hi05_心疾患（高血圧性を除く）,male,a45_49,45-49歳,45,49,False,False,2015,1384.0,31.7,4422.0
heart_disease,Hi05,Hi05_心疾患（高血圧性を除く）,male,a45_49,45-49歳,45,49,False,False,2016,1453.0,31.4,4692.0
heart_disease,Hi05,Hi05_心疾患（高血圧性を除く）,male,a45_49,45-49歳,45,49,False,False,2017,1421.0,30.1,4792.0
heart_disease,Hi05,Hi05_心疾患（高血圧性を除く）,male,a45_49,45-49歳,45,49,False,False,2018,1340.0,27.8,4909.0
heart_disease,Hi05,Hi05_心疾患（高血圧性を除く）,male,a45_49,45-49歳,45,49,False,False,2019,1335.0,27.3,4991.0
heart_disease,Hi05,Hi05_心疾患（高血圧性を除く）,male,a45_49,45-49歳,45,49,False,False,2020,1407.0,28.6,4994.0
heart_disease,Hi05,Hi05_心疾患（高血圧性を除く）,male,a45_49,45-49歳,45,49,False,False,2021,1362.0,28.1,4927.0
heart_disease,Hi05,Hi05_心疾患（高血圧性を除く）,male,a45_49,45-49歳,45,49,False,False,2022,1357.0,28.8,4792.0
heart_disease,Hi05,Hi05_心疾患（高血圧性を除く）,male,a45_49,45-49歳,45,49,False,False,2023,1268.0,27.9,4620.0
heart_disease,Hi05,Hi05_心疾患（高血圧性を除く）,male,a45_49,45-49歳,45,49,False,False,2024,1156.0,26.6,4432.0
heart_disease,Hi05,Hi05_心疾患（高血圧性を除く）,male,a50_54,50-54歳,50,54,False,False,1950,2040.0,118.7,
heart_disease,Hi05,Hi05_心疾患（高血圧性を除く）,male,a50_54,50-54歳,50,54,False,False,1955,1869.0,96.9,
heart_disease,Hi05,Hi05_心疾患（高血圧性を除く）,male,a50_54,50-54歳,50,54,False,False,1960,1859.0,91.1,
heart_disease,Hi05,Hi05_心疾患（高血圧性を除く）,male,a50_54,50-54歳,50,54,False,False,1965,1793.0,82.5,
heart_disease,Hi05,Hi05_心疾患（高血圧性を除く）,male,a50_54,50-54歳,50,54,False,False,1970,1776.0,83.0,
heart_disease,Hi05,Hi05_心疾患（高血圧性を除く）,male,a50_54,50-54歳,50,54,False,False,1975,1955.0,75.3,
heart_disease,Hi05,Hi05_心疾患（高血圧性を除く）,male,a50_54,50-54歳,50,54,False,False,1980,3053.0,86.5,
heart_disease,Hi05,Hi05_心疾患（高血圧性を除く）,male,a50_54,50-54歳,50,54,False,False,1985,3263.0,83.7,
heart_disease,Hi05,Hi05_心疾患（高血圧性を除く）,male,a50_54,50-54歳,50,54,False,False,1990,3081.0,77.2,
heart_disease,Hi05,Hi05_心疾患（高血圧性を除く）,male,a50_54,50-54歳,50,54,False,False,1995,2612.0,59.4,
heart_disease,Hi05,Hi05_心疾患（高血圧性を除く）,male,a50_54,50-54歳,50,54,False,False,2000,3103.0,59.8,5222.0
heart_disease,Hi05,Hi05_心疾患（高血圧性を除く）,male,a50_54,50-54歳,50,54,False,False,2005,2775.0,63.6,4403.0
heart_disease,Hi05,Hi05_心疾患（高血圧性を除く）,male,a50_54,50-54歳,50,54,False,False,2010,2075.0,54.5,3847.0
heart_disease,Hi05,Hi05_心疾患（高血圧性を除く）,male,a50_54,50-54歳,50,54,False,False,2013,2030.0,53.0,3870.0
heart_disease,Hi05,Hi05_心疾患（高血圧性を除く）,male,a50_54,50-54歳,50,54,False,False,2014,2063.0,53.4,3903.0
heart_disease,Hi05,Hi05_心疾患（高血圧性を除く）,male,a50_54,50-54歳,50,54,False,False,2015,2028.0,50.9,4029.0
heart_disease,Hi05,Hi05_心疾患（高血圧性を除く）,male,a50_54,50-54歳,50,54,False,False,2016,2007.0,51.2,3972.0
heart_disease,Hi05,Hi05_心疾患（高血圧性を除く）,male,a50_54,50-54歳,50,54,False,False,2017,1932.0,47.7,4106.0
heart_disease,Hi05,Hi05_心疾患（高血圧性を除く）,male,a50_54,50-54歳,50,54,False,False,2018,1942.0,46.8,4216.0
heart_disease,Hi05,Hi05_心疾患（高血圧性を除く）,male,a50_54,50-54歳,50,54,False,False,2019,2082.0,48.9,4329.0
heart_disease,Hi05,Hi05_心疾患（高血圧性を除く）,male,a50_54,50-54歳,50,54,False,False,2020,2103.0,48.6,4394.0
heart_disease,Hi05,Hi05_心疾患（高血圧性を除く）,male,a50_54,50-54歳,50,54,False,False,2021,2267.0,49.4,4658.0
heart_disease,Hi05,Hi05_心疾患（高血圧性を除く）,male,a50_54,50-54歳,50,54,False,False,2022,2305.0,49.2,4756.0
heart_disease,Hi05,Hi05_心疾患（高血圧性を除く）,male,a50_54,50-54歳,50,54,False,False,2023,2382.0,49.7,4868.0
heart_disease,Hi05,Hi05_心疾患（高血圧性を除く）,male,a50_54,50-54歳,50,54,False,False,2024,2245.0,46.1,4943.0
heart_disease,Hi05,Hi05_心疾患（高血圧性を除く）,male,a55_59,55-59歳,55,59,False,False,1950,2657.0,192.7,
heart_disease,Hi05,Hi05_心疾患（高血圧性を除く）,male,a55_59,55-59歳,55,59,False,False,1955,2571.0,159.9,
heart_disease,Hi05,Hi05_心疾患（高血圧性を除く）,male,a55_59,55-59歳,55,59,False,False,1960,2940.0,163.1,
heart_disease,Hi05,Hi05_心疾患（高血圧性を除く）,male,a55_59,55-59歳,55,59,False,False,1965,2898.0,150.1,
heart_disease,Hi05,Hi05_心疾患（高血圧性を除く）,male,a55_59,55-59歳,55,59,False,False,1970,3015.0,148.6,
heart_disease,Hi05,Hi05_心疾患（高血圧性を除く）,male,a55_59,55-59歳,55,59,False,False,1975,2710.0,131.7,
heart_disease,Hi05,Hi05_心疾患（高血圧性を除く）,male,a55_59,55-59歳,55,59,False,False,1980,3465.0,138.9,
heart_disease,Hi05,Hi05_心疾患（高血圧性を除く）,male,a55_59,55-59歳,55,59,False,False,1985,4342.0,128.0,
heart_disease,Hi05,Hi05_心疾患（高血圧性を除く）,male,a55_59,55-59歳,55,59,False,False,1990,4787.0,126.6,
heart_disease,Hi05,Hi05_心疾患（高血圧性を除く）,male,a55_59,55-59歳,55,59,False,False,1995,3829.0,98.5,
heart_disease,Hi05,Hi05_心疾患（高血圧性を除く）,male,a55_59,55-59歳,55,59,False,False,2000,3943.0,92.2,4301.0
heart_disease,Hi05,Hi05_心疾患（高血圧性を除く）,male,a55_59,55-59歳,55,59,False,False,2005,4852.0,95.8,5101.0
heart_disease,Hi05,Hi05_心疾患（高血圧性を除く）,male,a55_59,55-59歳,55,59,False,False,2010,3722.0,86.6,4330.0
heart_disease,Hi05,Hi05_心疾患（高血圧性を除く）,male,a55_59,55-59歳,55,59,False,False,2013,3060.0,80.4,3839.0
heart_disease,Hi05,Hi05_心疾患（高血圧性を除く）,male,a55_59,55-59歳,55,59,False,False,2014,2921.0,77.5,3801.0
heart_disease,Hi05,Hi05_心疾患（高血圧性を除く）,male,a55_59,55-59歳,55,59,False,False,2015,2762.0,73.7,3784.0
heart_disease,Hi05,Hi05_心疾患（高血圧性を除く）,male,a55_59,55-59歳,55,59,False,False,2016,2860.0,76.8,3762.0
heart_disease,Hi05,Hi05_心疾患（高血圧性を除く）,male,a55_59,55-59歳,55,59,False,False,2017,2746.0,73.2,3792.0
heart_disease,Hi05,Hi05_心疾患（高血圧性を除く）,male,a55_59,55-59歳,55,59,False,False,2018,2724.0,72.1,3830.0
heart_disease,Hi05,Hi05_心疾患（高血圧性を除く）,male,a55_59,55-59歳,55,59,False,False,2019,2812.0,73.8,3867.0
heart_disease,Hi05,Hi05_心疾患（高血圧性を除く）,male,a55_59,55-59歳,55,59,False,False,2020,3014.0,77.0,3967.0
heart_disease,Hi05,Hi05_心疾患（高血圧性を除く）,male,a55_59,55-59歳,55,59,False,False,2021,2941.0,76.3,3908.0
heart_disease,Hi05,Hi05_心疾患（高血圧性を除く）,male,a55_59,55-59歳,55,59,False,False,2022,3056.0,76.8,4036.0
heart_disease,Hi05,Hi05_心疾患（高血圧性を除く）,male,a55_59,55-59歳,55,59,False,False,2023,3248.0,79.5,4143.0
heart_disease,Hi05,Hi05_心疾患（高血圧性を除く）,male,a55_59,55-59歳,55,59,False,False,2024,3198.0,76.3,4251.0
heart_disease,Hi05,Hi05_心疾患（高血圧性を除く）,male,a60_64,60-64歳,60,64,False,False,1950,3417.0,308.0,
heart_disease,Hi05,Hi05_心疾患（高血圧性を除く）,male,a60_64,60-64歳,60,64,False,False,1955,3247.0,264.7,
heart_disease,Hi05,Hi05_心疾患（高血圧性を除く）,male,a60_64,60-64歳,60,64,False,False,1960,4005.0,278.6,
heart_disease,Hi05,Hi05_心疾患（高血圧性を除く）,male,a60_64,60-64歳,60,64,False,False,1965,4301.0,264.7,
heart_disease,Hi05,Hi05_心疾患（高血圧性を除く）,male,a60_64,60-64歳,60,64,False,False,1970,4637.0,265.6,
heart_disease,Hi05,Hi05_心疾患（高血圧性を除く）,male,a60_64,60-64歳,60,64,False,False,1975,4177.0,217.1,
heart_disease,Hi05,Hi05_心疾患（高血圧性を除く）,male,a60_64,60-64歳,60,64,False,False,1980,4577.0,236.8,
heart_disease,Hi05,Hi05_心疾患（高血圧性を除く）,male,a60_64,60-64歳,60,64,False,False,1985,4865.0,207.1,
heart_disease,Hi05,Hi05_心疾患（高血圧性を除く）,male,a60_64,60-64歳,60,64,False,False,1990,6491.0,200.7,
heart_disease,Hi05,Hi05_心疾患（高血圧性を除く）,male,a60_64,60-64歳,60,64,False,False,1995,5776.0,160.5,
heart_disease,Hi05,Hi05_心疾患（高血圧性を除く）,male,a60_64,60-64歳,60,64,False,False,2000,5449.0,145.7,3758.0
heart_disease,Hi05,Hi05_心疾患（高血圧性を除く）,male,a60_64,60-64歳,60,64,False,False,2005,6020.0,145.1,4174.0
heart_disease,Hi05,Hi05_心疾患（高血圧性を除く）,male,a60_64,60-64歳,60,64,False,False,2010,6283.0,127.3,4965.0
heart_disease,Hi05,Hi05_心疾患（高血圧性を除く）,male,a60_64,60-64歳,60,64,False,False,2013,5950.0,126.3,4740.0
heart_disease,Hi05,Hi05_心疾患（高血圧性を除く）,male,a60_64,60-64歳,60,64,False,False,2014,5592.0,127.7,4406.0
heart_disease,Hi05,Hi05_心疾患（高血圧性を除く）,male,a60_64,60-64歳,60,64,False,False,2015,5037.0,120.5,4210.0
heart_disease,Hi05,Hi05_心疾患（高血圧性を除く）,male,a60_64,60-64歳,60,64,False,False,2016,4641.0,116.3,4020.0
heart_disease,Hi05,Hi05_心疾患（高血圧性を除く）,male,a60_64,60-64歳,60,64,False,False,2017,4297.0,112.6,3850.0
heart_disease,Hi05,Hi05_心疾患（高血圧性を除く）,male,a60_64,60-64歳,60,64,False,False,2018,4194.0,112.9,3750.0
heart_disease,Hi05,Hi05_心疾患（高血圧性を除く）,male,a60_64,60-64歳,60,64,False,False,2019,4203.0,114.1,3722.0
heart_disease,Hi05,Hi05_心疾患（高血圧性を除く）,male,a60_64,60-64歳,60,64,False,False,2020,3993.0,109.7,3677.0
heart_disease,Hi05,Hi05_心疾患（高血圧性を除く）,male,a60_64,60-64歳,60,64,False,False,2021,4112.0,113.7,3654.0
heart_disease,Hi05,Hi05_心疾患（高血圧性を除く）,male,a60_64,60-64歳,60,64,False,False,2022,4355.0,119.5,3684.0
heart_disease,Hi05,Hi05_心疾患（高血圧性を除く）,male,a60_64,60-64歳,60,64,False,False,2023,4556.0,123.9,3719.0
heart_disease,Hi05,Hi05_心疾患（高血圧性を除く）,male,a60_64,60-64歳,60,64,False,False,2024,4401.0,118.7,3753.0
heart_disease,Hi05,Hi05_心疾患（高血圧性を除く）,male,a65_69,65-69歳,65,69,False,False,1950,4113.0,516.8,
heart_disease,Hi05,Hi05_心疾患（高血圧性を除く）,male,a65_69,65-69歳,65,69,False,False,1955,4134.0,449.8,
heart_disease,Hi05,Hi05_心疾患（高血圧性を除く）,male,a65_69,65-69歳,65,69,False,False,1960,4861.0,473.3,
heart_disease,Hi05,Hi05_心疾患（高血圧性を除く）,male,a65_69,65-69歳,65,69,False,False,1965,5579.0,457.7,
heart_disease,Hi05,Hi05_心疾患（高血圧性を除く）,male,a65_69,65-69歳,65,69,False,False,1970,6475.0,464.7,
heart_disease,Hi05,Hi05_心疾患（高血圧性を除く）,male,a65_69,65-69歳,65,69,False,False,1975,6235.0,398.7,
heart_disease,Hi05,Hi05_心疾患（高血圧性を除く）,male,a65_69,65-69歳,65,69,False,False,1980,7129.0,411.0,
heart_disease,Hi05,Hi05_心疾患（高血圧性を除く）,male,a65_69,65-69歳,65,69,False,False,1985,6341.0,358.1,
heart_disease,Hi05,Hi05_心疾患（高血圧性を除く）,male,a65_69,65-69歳,65,69,False,False,1990,7053.0,322.2,
heart_disease,Hi05,Hi05_心疾患（高血圧性を除く）,male,a65_69,65-69歳,65,69,False,False,1995,7603.0,254.5,
heart_disease,Hi05,Hi05_心疾患（高血圧性を除く）,male,a65_69,65-69歳,65,69,False,False,2000,7630.0,227.6,3365.0
heart_disease,Hi05,Hi05_心疾患（高血圧性を除く）,male,a65_69,65-69歳,65,69,False,False,2005,7517.0,212.2,3561.0
heart_disease,Hi05,Hi05_心疾患（高血圧性を除く）,male,a65_69,65-69歳,65,69,False,False,2010,7473.0,190.0,3953.0
heart_disease,Hi05,Hi05_心疾患（高血圧性を除く）,male,a65_69,65-69歳,65,69,False,False,2013,7372.0,177.1,4183.0
heart_disease,Hi05,Hi05_心疾患（高血圧性を除く）,male,a65_69,65-69歳,65,69,False,False,2014,7580.0,172.6,4414.0
heart_disease,Hi05,Hi05_心疾患（高血圧性を除く）,male,a65_69,65-69歳,65,69,False,False,2015,7862.0,167.3,4723.0
heart_disease,Hi05,Hi05_心疾患（高血圧性を除く）,male,a65_69,65-69歳,65,69,False,False,2016,8511.0,172.1,4969.0
heart_disease,Hi05,Hi05_心疾患（高血圧性を除く）,male,a65_69,65-69歳,65,69,False,False,2017,8318.0,174.3,4795.0
heart_disease,Hi05,Hi05_心疾患（高血圧性を除く）,male,a65_69,65-69歳,65,69,False,False,2018,8027.0,178.1,4530.0
heart_disease,Hi05,Hi05_心疾患（高血圧性を除く）,male,a65_69,65-69歳,65,69,False,False,2019,7314.0,174.5,4216.0
heart_disease,Hi05,Hi05_心疾患（高血圧性を除く）,male,a65_69,65-69歳,65,69,False,False,2020,6758.0,170.2,3999.0
heart_disease,Hi05,Hi05_心疾患（高血圧性を除く）,male,a65_69,65-69歳,65,69,False,False,2021,6470.0,170.5,3824.0
heart_disease,Hi05,Hi05_心疾患（高血圧性を除く）,male,a65_69,65-69歳,65,69,False,False,2022,6562.0,180.6,3665.0
heart_disease,Hi05,Hi05_心疾患（高血圧性を除く）,male,a65_69,65-69歳,65,69,False,False,2023,6358.0,179.7,3569.0
heart_disease,Hi05,Hi05_心疾患（高血圧性を除く）,male,a65_69,65-69歳,65,69,False,False,2024,6243.0,178.0,3539.0
heart_disease,Hi05,Hi05_心疾患（高血圧性を除く）,male,a70_74,70-74歳,70,74,False,False,1950,3770.0,697.8,
heart_disease,Hi05,Hi05_心疾患（高血圧性を除く）,male,a70_74,70-74歳,70,74,False,False,1955,4422.0,744.7,
heart_disease,Hi05,Hi05_心疾患（高血圧性を除く）,male,a70_74,70-74歳,70,74,False,False,1960,5828.0,840.3,
heart_disease,Hi05,Hi05_心疾患（高血圧性を除く）,male,a70_74,70-74歳,70,74,False,False,1965,6368.0,807.1,
heart_disease,Hi05,Hi05_心疾患（高血圧性を除く）,male,a70_74,70-74歳,70,74,False,False,1970,7703.0,803.8,
heart_disease,Hi05,Hi05_心疾患（高血圧性を除く）,male,a70_74,70-74歳,70,74,False,False,1975,8318.0,727.4,
heart_disease,Hi05,Hi05_心疾患（高血圧性を除く）,male,a70_74,70-74歳,70,74,False,False,1980,9845.0,750.3,
heart_disease,Hi05,Hi05_心疾患（高血圧性を除く）,male,a70_74,70-74歳,70,74,False,False,1985,9932.0,668.3,
heart_disease,Hi05,Hi05_心疾患（高血圧性を除く）,male,a70_74,70-74歳,70,74,False,False,1990,9316.0,598.5,
heart_disease,Hi05,Hi05_心疾患（高血圧性を除く）,male,a70_74,70-74歳,70,74,False,False,1995,8343.0,432.0,
heart_disease,Hi05,Hi05_心疾患（高血圧性を除く）,male,a70_74,70-74歳,70,74,False,False,2000,9910.0,371.6,2676.0
heart_disease,Hi05,Hi05_心疾患（高血圧性を除く）,male,a70_74,70-74歳,70,74,False,False,2005,10690.0,351.5,3053.0
heart_disease,Hi05,Hi05_心疾患（高血圧性を除く）,male,a70_74,70-74歳,70,74,False,False,2010,9418.0,291.1,3249.0
heart_disease,Hi05,Hi05_心疾患（高血圧性を除く）,male,a70_74,70-74歳,70,74,False,False,2013,9494.0,269.6,3537.0
heart_disease,Hi05,Hi05_心疾患（高血圧性を除く）,male,a70_74,70-74歳,70,74,False,False,2014,9786.0,266.4,3689.0
heart_disease,Hi05,Hi05_心疾患（高血圧性を除く）,male,a70_74,70-74歳,70,74,False,False,2015,9345.0,259.0,3625.0
heart_disease,Hi05,Hi05_心疾患（高血圧性を除く）,male,a70_74,70-74歳,70,74,False,False,2016,9079.0,264.3,3446.0
heart_disease,Hi05,Hi05_心疾患（高血圧性を除く）,male,a70_74,70-74歳,70,74,False,False,2017,9136.0,253.0,3618.0
heart_disease,Hi05,Hi05_心疾患（高血圧性を除く）,male,a70_74,70-74歳,70,74,False,False,2018,9779.0,253.9,3854.0
heart_disease,Hi05,Hi05_心疾患（高血圧性を除く）,male,a70_74,70-74歳,70,74,False,False,2019,10198.0,250.2,4079.0
heart_disease,Hi05,Hi05_心疾患（高血圧性を除く）,male,a70_74,70-74歳,70,74,False,False,2020,10810.0,250.6,4337.0
heart_disease,Hi05,Hi05_心疾患（高血圧性を除く）,male,a70_74,70-74歳,70,74,False,False,2021,11706.0,257.8,4565.0
heart_disease,Hi05,Hi05_心疾患（高血圧性を除く）,male,a70_74,70-74歳,70,74,False,False,2022,12645.0,288.6,4405.0
heart_disease,Hi05,Hi05_心疾患（高血圧性を除く）,male,a70_74,70-74歳,70,74,False,False,2023,11921.0,288.2,4161.0
heart_disease,Hi05,Hi05_心疾患（高血圧性を除く）,male,a70_74,70-74歳,70,74,False,False,2024,10965.0,285.0,3872.0
heart_disease,Hi05,Hi05_心疾患（高血圧性を除く）,male,a75_79,75-79歳,75,79,False,False,1950,2194.0,819.6,
heart_disease,Hi05,Hi05_心疾患（高血圧性を除く）,male,a75_79,75-79歳,75,79,False,False,1955,3550.0,1037.8,
heart_disease,Hi05,Hi05_心疾患（高血圧性を除く）,male,a75_79,75-79歳,75,79,False,False,1960,5288.0,1403.7,
heart_disease,Hi05,Hi05_心疾患（高血圧性を除く）,male,a75_79,75-79歳,75,79,False,False,1965,6420.0,1420.8,
heart_disease,Hi05,Hi05_心疾患（高血圧性を除く）,male,a75_79,75-79歳,75,79,False,False,1970,7539.0,1420.4,
heart_disease,Hi05,Hi05_心疾患（高血圧性を除く）,male,a75_79,75-79歳,75,79,False,False,1975,8700.0,1267.8,
heart_disease,Hi05,Hi05_心疾患（高血圧性を除く）,male,a75_79,75-79歳,75,79,False,False,1980,11694.0,1382.5,
heart_disease,Hi05,Hi05_心疾患（高血圧性を除く）,male,a75_79,75-79歳,75,79,False,False,1985,12747.0,1278.9,
heart_disease,Hi05,Hi05_心疾患（高血圧性を除く）,male,a75_79,75-79歳,75,79,False,False,1990,13862.0,1158.5,
heart_disease,Hi05,Hi05_心疾患（高血圧性を除く）,male,a75_79,75-79歳,75,79,False,False,1995,10048.0,801.0,
heart_disease,Hi05,Hi05_心疾患（高血圧性を除く）,male,a75_79,75-79歳,75,79,False,False,2000,10215.0,630.1,1629.0
heart_disease,Hi05,Hi05_心疾患（高血圧性を除く）,male,a75_79,75-79歳,75,79,False,False,2005,13710.0,607.5,2266.0
heart_disease,Hi05,Hi05_心疾患（高血圧性を除く）,male,a75_79,75-79歳,75,79,False,False,2010,13567.0,523.2,2601.0
heart_disease,Hi05,Hi05_心疾患（高血圧性を除く）,male,a75_79,75-79歳,75,79,False,False,2013,12950.0,468.7,2772.0
heart_disease,Hi05,Hi05_心疾患（高血圧性を除く）,male,a75_79,75-79歳,75,79,False,False,2014,12832.0,465.3,2768.0
heart_disease,Hi05,Hi05_心疾患（高血圧性を除く）,male,a75_79,75-79歳,75,79,False,False,2015,12587.0,448.5,2817.0
heart_disease,Hi05,Hi05_心疾患（高血圧性を除く）,male,a75_79,75-79歳,75,79,False,False,2016,12317.0,425.5,2901.0
heart_disease,Hi05,Hi05_心疾患（高血圧性を除く）,male,a75_79,75-79歳,75,79,False,False,2017,12842.0,428.4,3000.0
heart_disease,Hi05,Hi05_心疾患（高血圧性を除く）,male,a75_79,75-79歳,75,79,False,False,2018,12921.0,418.3,3086.0
heart_disease,Hi05,Hi05_心疾患（高血圧性を除く）,male,a75_79,75-79歳,75,79,False,False,2019,13121.0,406.8,3217.0
heart_disease,Hi05,Hi05_心疾患（高血圧性を除く）,male,a75_79,75-79歳,75,79,False,False,2020,13229.0,422.4,3146.0
heart_disease,Hi05,Hi05_心疾患（高血圧性を除く）,male,a75_79,75-79歳,75,79,False,False,2021,12744.0,428.2,2991.0
heart_disease,Hi05,Hi05_心疾患（高血圧性を除く）,male,a75_79,75-79歳,75,79,False,False,2022,14014.0,446.9,3151.0
heart_disease,Hi05,Hi05_心疾患（高血圧性を除く）,male,a75_79,75-79歳,75,79,False,False,2023,14727.0,439.8,3365.0
heart_disease,Hi05,Hi05_心疾患（高血圧性を除く）,male,a75_79,75-79歳,75,79,False,False,2024,15019.0,423.3,3566.0
heart_disease,Hi05,Hi05_心疾患（高血圧性を除く）,male,a80_84,80-84歳,80,84,False,False,1950,980.0,1025.2,
heart_disease,Hi05,Hi05_心疾患（高血圧性を除く）,male,a80_84,80-84歳,80,84,False,False,1955,1669.0,1253.1,
heart_disease,Hi05,Hi05_心疾患（高血圧性を除く）,male,a80_84,80-84歳,80,84,False,False,1960,3574.0,2113.0,
heart_disease,Hi05,Hi05_心疾患（高血圧性を除く）,male,a80_84,80-84歳,80,84,False,False,1965,4530.0,2423.2,
heart_disease,Hi05,Hi05_心疾患（高血圧性を除く）,male,a80_84,80-84歳,80,84,False,False,1970,5784.0,2400.8,
heart_disease,Hi05,Hi05_心疾患（高血圧性を除く）,male,a80_84,80-84歳,80,84,False,False,1975,7118.0,2317.2,
heart_disease,Hi05,Hi05_心疾患（高血圧性を除く）,male,a80_84,80-84歳,80,84,False,False,1980,10042.0,2410.0,
heart_disease,Hi05,Hi05_心疾患（高血圧性を除く）,male,a80_84,80-84歳,80,84,False,False,1985,12778.0,2333.9,
heart_disease,Hi05,Hi05_心疾患（高血圧性を除く）,male,a80_84,80-84歳,80,84,False,False,1990,14855.0,2189.5,
heart_disease,Hi05,Hi05_心疾患（高血圧性を除く）,male,a80_84,80-84歳,80,84,False,False,1995,12227.0,1488.2,
heart_disease,Hi05,Hi05_心疾患（高血圧性を除く）,male,a80_84,80-84歳,80,84,False,False,2000,10720.0,1173.9,917.0
heart_disease,Hi05,Hi05_心疾患（高血圧性を除く）,male,a80_84,80-84歳,80,84,False,False,2005,13167.0,1078.1,1228.0
heart_disease,Hi05,Hi05_心疾患（高血圧性を除く）,male,a80_84,80-84歳,80,84,False,False,2010,16897.0,993.8,1705.0
heart_disease,Hi05,Hi05_心疾患（高血圧性を除く）,male,a80_84,80-84歳,80,84,False,False,2013,17570.0,933.1,1888.0
heart_disease,Hi05,Hi05_心疾患（高血圧性を除く）,male,a80_84,80-84歳,80,84,False,False,2014,17276.0,891.4,1944.0
heart_disease,Hi05,Hi05_心疾患（高血圧性を除く）,male,a80_84,80-84歳,80,84,False,False,2015,17340.0,862.8,2015.0
heart_disease,Hi05,Hi05_心疾患（高血圧性を除く）,male,a80_84,80-84歳,80,84,False,False,2016,17203.0,823.2,2093.0
heart_disease,Hi05,Hi05_心疾患（高血圧性を除く）,male,a80_84,80-84歳,80,84,False,False,2017,17531.0,815.2,2150.0
heart_disease,Hi05,Hi05_心疾患（高血圧性を除く）,male,a80_84,80-84歳,80,84,False,False,2018,17661.0,807.5,2183.0
heart_disease,Hi05,Hi05_心疾患（高血圧性を除く）,male,a80_84,80-84歳,80,84,False,False,2019,17206.0,785.2,2183.0
heart_disease,Hi05,Hi05_心疾患（高血圧性を除く）,male,a80_84,80-84歳,80,84,False,False,2020,16744.0,753.1,2232.0
heart_disease,Hi05,Hi05_心疾患（高血圧性を除く）,male,a80_84,80-84歳,80,84,False,False,2021,17461.0,758.7,2310.0
heart_disease,Hi05,Hi05_心疾患（高血圧性を除く）,male,a80_84,80-84歳,80,84,False,False,2022,19536.0,819.7,2392.0
heart_disease,Hi05,Hi05_心疾患（高血圧性を除く）,male,a80_84,80-84歳,80,84,False,False,2023,19298.0,788.2,2458.0
heart_disease,Hi05,Hi05_心疾患（高血圧性を除く）,male,a80_84,80-84歳,80,84,False,False,2024,19950.0,784.4,2553.0
heart_disease,Hi05,Hi05_心疾患（高血圧性を除く）,male,a85_89,85-89歳,85,89,False,False,1950,260.0,1060.9,
heart_disease,Hi05,Hi05_心疾患（高血圧性を除く）,male,a85_89,85-89歳,85,89,False,False,1955,550.0,1624.7,
heart_disease,Hi05,Hi05_心疾患（高血圧性を除く）,male,a85_89,85-89歳,85,89,False,False,1960,1365.0,2832.4,
heart_disease,Hi05,Hi05_心疾患（高血圧性を除く）,male,a85_89,85-89歳,85,89,False,False,1965,2031.0,3377.9,
heart_disease,Hi05,Hi05_心疾患（高血圧性を除く）,male,a85_89,85-89歳,85,89,False,False,1970,2850.0,3989.5,
heart_disease,Hi05,Hi05_心疾患（高血圧性を除く）,male,a85_89,85-89歳,85,89,False,False,1975,4048.0,4018.2,
heart_disease,Hi05,Hi05_心疾患（高血圧性を除く）,male,a85_89,85-89歳,85,89,False,False,1980,5549.0,4006.6,
heart_disease,Hi05,Hi05_心疾患（高血圧性を除く）,male,a85_89,85-89歳,85,89,False,False,1985,8047.0,4199.9,
heart_disease,Hi05,Hi05_心疾患（高血圧性を除く）,male,a85_89,85-89歳,85,89,False,False,1990,10885.0,3945.2,
heart_disease,Hi05,Hi05_心疾患（高血圧性を除く）,male,a85_89,85-89歳,85,89,False,False,1995,9249.0,2561.9,
heart_disease,Hi05,Hi05_心疾患（高血圧性を除く）,male,a85_89,85-89歳,85,89,False,False,2000,10129.0,2125.6,478.0
heart_disease,Hi05,Hi05_心疾患（高血圧性を除く）,male,a85_89,85-89歳,85,89,False,False,2005,11229.0,2024.3,557.0
heart_disease,Hi05,Hi05_心疾患（高血圧性を除く）,male,a85_89,85-89歳,85,89,False,False,2010,13797.0,1846.3,750.0
heart_disease,Hi05,Hi05_心疾患（高血圧性を除く）,male,a85_89,85-89歳,85,89,False,False,2013,16791.0,1736.4,970.0
heart_disease,Hi05,Hi05_心疾患（高血圧性を除く）,male,a85_89,85-89歳,85,89,False,False,2014,17454.0,1699.5,1029.0
heart_disease,Hi05,Hi05_心疾患（高血圧性を除く）,male,a85_89,85-89歳,85,89,False,False,2015,17829.0,1673.6,1068.0
heart_disease,Hi05,Hi05_心疾患（高血圧性を除く）,male,a85_89,85-89歳,85,89,False,False,2016,18143.0,1623.8,1118.0
heart_disease,Hi05,Hi05_心疾患（高血圧性を除く）,male,a85_89,85-89歳,85,89,False,False,2017,19225.0,1642.3,1170.0
heart_disease,Hi05,Hi05_心疾患（高血圧性を除く）,male,a85_89,85-89歳,85,89,False,False,2018,19560.0,1600.1,1220.0
heart_disease,Hi05,Hi05_心疾患（高血圧性を除く）,male,a85_89,85-89歳,85,89,False,False,2019,19541.0,1537.6,1265.0
heart_disease,Hi05,Hi05_心疾患（高血圧性を除く）,male,a85_89,85-89歳,85,89,False,False,2020,19979.0,1512.7,1324.0
heart_disease,Hi05,Hi05_心疾患（高血圧性を除く）,male,a85_89,85-89歳,85,89,False,False,2021,21064.0,1522.7,1387.0
heart_disease,Hi05,Hi05_心疾患（高血圧性を除く）,male,a85_89,85-89歳,85,89,False,False,2022,23225.0,1629.7,1429.0
heart_disease,Hi05,Hi05_心疾患（高血圧性を除く）,male,a85_89,85-89歳,85,89,False,False,2023,23135.0,1603.1,1448.0
heart_disease,Hi05,Hi05_心疾患（高血圧性を除く）,male,a85_89,85-89歳,85,89,False,False,2024,22273.0,1549.6,1442.0
heart_disease,Hi05,Hi05_心疾患（高血圧性を除く）,male,a90_94,90-94歳,90,94,False,False,1950,54.0,1435.3,
heart_disease,Hi05,Hi05_心疾患（高血圧性を除く）,male,a90_94,90-94歳,90,94,False,False,1955,93.0,1698.4,
heart_disease,Hi05,Hi05_心疾患（高血圧性を除く）,male,a90_94,90-94歳,90,94,False,False,1960,232.0,3123.5,
heart_disease,Hi05,Hi05_心疾患（高血圧性を除く）,male,a90_94,90-94歳,90,94,False,False,1965,474.0,3795.2,
heart_disease,Hi05,Hi05_心疾患（高血圧性を除く）,male,a90_94,90-94歳,90,94,False,False,1970,804.0,5305.6,
heart_disease,Hi05,Hi05_心疾患（高血圧性を除く）,male,a90_94,90-94歳,90,94,False,False,1975,1161.0,6373.7,
heart_disease,Hi05,Hi05_心疾患（高血圧性を除く）,male,a90_94,90-94歳,90,94,False,False,1980,1850.0,6501.4,
heart_disease,Hi05,Hi05_心疾患（高血圧性を除く）,male,a90_94,90-94歳,90,94,False,False,1985,2878.0,6184.8,
heart_disease,Hi05,Hi05_心疾患（高血圧性を除く）,male,a90_94,90-94歳,90,94,False,False,1990,4477.0,6668.3,71.0
heart_disease,Hi05,Hi05_心疾患（高血圧性を除く）,male,a90_94,90-94歳,90,94,False,False,1995,4229.0,4517.2,100.0
heart_disease,Hi05,Hi05_心疾患（高血圧性を除く）,male,a90_94,90-94歳,90,94,False,False,2000,5221.0,3806.3,150.0
heart_disease,Hi05,Hi05_心疾患（高血圧性を除く）,male,a90_94,90-94歳,90,94,False,False,2005,7341.0,3484.7,211.0
heart_disease,Hi05,Hi05_心疾患（高血圧性を除く）,male,a90_94,90-94歳,90,94,False,False,2010,8410.0,3461.9,244.0
heart_disease,Hi05,Hi05_心疾患（高血圧性を除く）,male,a90_94,90-94歳,90,94,False,False,2013,8855.0,3140.1,283.0
heart_disease,Hi05,Hi05_心疾患（高血圧性を除く）,male,a90_94,90-94歳,90,94,False,False,2014,9516.0,3059.8,312.0
heart_disease,Hi05,Hi05_心疾患（高血圧性を除く）,male,a90_94,90-94歳,90,94,False,False,2015,10224.0,3045.2,337.0
heart_disease,Hi05,Hi05_心疾患（高血圧性を除く）,male,a90_94,90-94歳,90,94,False,False,2016,11282.0,2992.6,376.0
heart_disease,Hi05,Hi05_心疾患（高血圧性を除く）,male,a90_94,90-94歳,90,94,False,False,2017,12703.0,3053.6,410.0
heart_disease,Hi05,Hi05_心疾患（高血圧性を除く）,male,a90_94,90-94歳,90,94,False,False,2018,13623.0,3020.6,441.0
heart_disease,Hi05,Hi05_心疾患（高血圧性を除く）,male,a90_94,90-94歳,90,94,False,False,2019,13984.0,2907.3,469.0
heart_disease,Hi05,Hi05_心疾患（高血圧性を除く）,male,a90_94,90-94歳,90,94,False,False,2020,14512.0,2915.2,499.0
heart_disease,Hi05,Hi05_心疾患（高血圧性を除く）,male,a90_94,90-94歳,90,94,False,False,2021,15899.0,3005.5,531.0
heart_disease,Hi05,Hi05_心疾患（高血圧性を除く）,male,a90_94,90-94歳,90,94,False,False,2022,17430.0,3118.1,560.0
heart_disease,Hi05,Hi05_心疾患（高血圧性を除く）,male,a90_94,90-94歳,90,94,False,False,2023,17606.0,3030.3,583.0
heart_disease,Hi05,Hi05_心疾患（高血圧性を除く）,male,a90_94,90-94歳,90,94,False,False,2024,17447.0,2912.7,601.0
heart_disease,Hi05,Hi05_心疾患（高血圧性を除く）,male,a95_99,95-99歳,95,99,False,False,1950,6.0,,
heart_disease,Hi05,Hi05_心疾患（高血圧性を除く）,male,a95_99,95-99歳,95,99,False,False,1955,5.0,,
heart_disease,Hi05,Hi05_心疾患（高血圧性を除く）,male,a95_99,95-99歳,95,99,False,False,1960,23.0,,
heart_disease,Hi05,Hi05_心疾患（高血圧性を除く）,male,a95_99,95-99歳,95,99,False,False,1965,44.0,,
heart_disease,Hi05,Hi05_心疾患（高血圧性を除く）,male,a95_99,95-99歳,95,99,False,False,1970,114.0,,
heart_disease,Hi05,Hi05_心疾患（高血圧性を除く）,male,a95_99,95-99歳,95,99,False,False,1975,205.0,,
heart_disease,Hi05,Hi05_心疾患（高血圧性を除く）,male,a95_99,95-99歳,95,99,False,False,1980,286.0,,
heart_disease,Hi05,Hi05_心疾患（高血圧性を除く）,male,a95_99,95-99歳,95,99,False,False,1985,488.0,,
heart_disease,Hi05,Hi05_心疾患（高血圧性を除く）,male,a95_99,95-99歳,95,99,False,False,1990,867.0,,10.0
heart_disease,Hi05,Hi05_心疾患（高血圧性を除く）,male,a95_99,95-99歳,95,99,False,False,1995,939.0,,16.0
heart_disease,Hi05,Hi05_心疾患（高血圧性を除く）,male,a95_99,95-99歳,95,99,False,False,2000,1325.0,,25.0
heart_disease,Hi05,Hi05_心疾患（高血圧性を除く）,male,a95_99,95-99歳,95,99,False,False,2005,2215.0,5343.1,42.0
heart_disease,Hi05,Hi05_心疾患（高血圧性を除く）,male,a95_99,95-99歳,95,99,False,False,2010,3106.0,5547.0,56.0
heart_disease,Hi05,Hi05_心疾患（高血圧性を除く）,male,a95_99,95-99歳,95,99,False,False,2013,3327.0,5366.1,62.0
heart_disease,Hi05,Hi05_心疾患（高血圧性を除く）,male,a95_99,95-99歳,95,99,False,False,2014,3321.0,5356.5,63.0
heart_disease,Hi05,Hi05_心疾患（高血圧性を除く）,male,a95_99,95-99歳,95,99,False,False,2015,3326.0,5240.4,
heart_disease,Hi05,Hi05_心疾患（高血圧性を除く）,male,a95_99,95-99歳,95,99,False,False,2016,3543.0,5288.1,67.0
heart_disease,Hi05,Hi05_心疾患（高血圧性を除く）,male,a95_99,95-99歳,95,99,False,False,2017,3906.0,5580.0,70.0
heart_disease,Hi05,Hi05_心疾患（高血圧性を除く）,male,a95_99,95-99歳,95,99,False,False,2018,4094.0,5386.8,76.0
heart_disease,Hi05,Hi05_心疾患（高血圧性を除く）,male,a95_99,95-99歳,95,99,False,False,2019,4382.0,5036.8,84.0
heart_disease,Hi05,Hi05_心疾患（高血圧性を除く）,male,a95_99,95-99歳,95,99,False,False,2020,4638.0,4978.2,
heart_disease,Hi05,Hi05_心疾患（高血圧性を除く）,male,a95_99,95-99歳,95,99,False,False,2021,5591.0,5376.0,
heart_disease,Hi05,Hi05_心疾患（高血圧性を除く）,male,a95_99,95-99歳,95,99,False,False,2022,6422.0,5785.6,
heart_disease,Hi05,Hi05_心疾患（高血圧性を除く）,male,a95_99,95-99歳,95,99,False,False,2023,6513.0,5427.5,
heart_disease,Hi05,Hi05_心疾患（高血圧性を除く）,male,a95_99,95-99歳,95,99,False,False,2024,6502.0,5001.5,
heart_disease,Hi05,Hi05_心疾患（高血圧性を除く）,male,a100p,100歳以上,100,,False,False,1950,1.0,,
heart_disease,Hi05,Hi05_心疾患（高血圧性を除く）,male,a100p,100歳以上,100,,False,False,1955,1.0,,
heart_disease,Hi05,Hi05_心疾患（高血圧性を除く）,male,a100p,100歳以上,100,,False,False,1960,3.0,,
heart_disease,Hi05,Hi05_心疾患（高血圧性を除く）,male,a100p,100歳以上,100,,False,False,1965,3.0,,
heart_disease,Hi05,Hi05_心疾患（高血圧性を除く）,male,a100p,100歳以上,100,,False,False,1970,9.0,,
heart_disease,Hi05,Hi05_心疾患（高血圧性を除く）,male,a100p,100歳以上,100,,False,False,1975,15.0,,
heart_disease,Hi05,Hi05_心疾患（高血圧性を除く）,male,a100p,100歳以上,100,,False,False,1980,20.0,,
heart_disease,Hi05,Hi05_心疾患（高血圧性を除く）,male,a100p,100歳以上,100,,False,False,1985,48.0,,
heart_disease,Hi05,Hi05_心疾患（高血圧性を除く）,male,a100p,100歳以上,100,,False,False,1990,88.0,,1.0
heart_disease,Hi05,Hi05_心疾患（高血圧性を除く）,male,a100p,100歳以上,100,,False,False,1995,113.0,,1.0
heart_disease,Hi05,Hi05_心疾患（高血圧性を除く）,male,a100p,100歳以上,100,,False,False,2000,165.0,,2.0
heart_disease,Hi05,Hi05_心疾患（高血圧性を除く）,male,a100p,100歳以上,100,,False,False,2005,305.0,8109.5,
heart_disease,Hi05,Hi05_心疾患（高血圧性を除く）,male,a100p,100歳以上,100,,False,False,2010,491.0,8380.3,
heart_disease,Hi05,Hi05_心疾患（高血圧性を除く）,male,a100p,100歳以上,100,,False,False,2013,568.0,8114.3,7.0
heart_disease,Hi05,Hi05_心疾患（高血圧性を除く）,male,a100p,100歳以上,100,,False,False,2014,582.0,7275.0,8.0
heart_disease,Hi05,Hi05_心疾患（高血圧性を除く）,male,a100p,100歳以上,100,,False,False,2015,619.0,7403.4,
heart_disease,Hi05,Hi05_心疾患（高血圧性を除く）,male,a100p,100歳以上,100,,False,False,2016,688.0,7644.4,9.0
heart_disease,Hi05,Hi05_心疾患（高血圧性を除く）,male,a100p,100歳以上,100,,False,False,2017,711.0,7900.0,9.0
heart_disease,Hi05,Hi05_心疾患（高血圧性を除く）,male,a100p,100歳以上,100,,False,False,2018,704.0,7822.2,9.0
heart_disease,Hi05,Hi05_心疾患（高血圧性を除く）,male,a100p,100歳以上,100,,False,False,2019,651.0,7233.3,9.0
heart_disease,Hi05,Hi05_心疾患（高血圧性を除く）,male,a100p,100歳以上,100,,False,False,2020,714.0,7294.6,
heart_disease,Hi05,Hi05_心疾患（高血圧性を除く）,male,a100p,100歳以上,100,,False,False,2021,787.0,7870.0,10.0
heart_disease,Hi05,Hi05_心疾患（高血圧性を除く）,male,a100p,100歳以上,100,,False,False,2022,817.0,8170.0,10.0
heart_disease,Hi05,Hi05_心疾患（高血圧性を除く）,male,a100p,100歳以上,100,,False,False,2023,852.0,7745.5,11.0
heart_disease,Hi05,Hi05_心疾患（高血圧性を除く）,male,a100p,100歳以上,100,,False,False,2024,835.0,7590.9,11.0
heart_disease,Hi05,Hi05_心疾患（高血圧性を除く）,male,total,総数,,,False,True,1950,26108.0,64.0,
heart_disease,Hi05,Hi05_心疾患（高血圧性を除く）,male,total,総数,,,False,True,1955,27282.0,62.2,
heart_disease,Hi05,Hi05_心疾患（高血圧性を除く）,male,total,総数,,,False,True,1960,34755.0,75.8,
heart_disease,Hi05,Hi05_心疾患（高血圧性を除く）,male,total,総数,,,False,True,1965,38827.0,80.5,
heart_disease,Hi05,Hi05_心疾患（高血圧性を除く）,male,total,総数,,,False,True,1970,45988.0,90.9,
heart_disease,Hi05,Hi05_心疾患（高血圧性を除く）,male,total,総数,,,False,True,1975,50395.0,92.1,
heart_disease,Hi05,Hi05_心疾患（高血圧性を除く）,male,total,総数,,,False,True,1980,64103.0,112.1,57594.0
heart_disease,Hi05,Hi05_心疾患（高血圧性を除く）,male,total,総数,,,False,True,1985,71766.0,121.5,59497.0
heart_disease,Hi05,Hi05_心疾患（高血圧性を除く）,male,total,総数,,,False,True,1990,81774.0,135.7,60697.0
heart_disease,Hi05,Hi05_心疾患（高血圧性を除く）,male,total,総数,,,False,True,1995,69718.0,114.4,61574.0
heart_disease,Hi05,Hi05_心疾患（高血圧性を除く）,male,total,総数,,,False,True,2000,72156.0,117.3,62111.0
heart_disease,Hi05,Hi05_心疾患（高血圧性を除く）,male,total,総数,,,False,True,2005,83979.0,136.3,62349.0
heart_disease,Hi05,Hi05_心疾患（高血圧性を除く）,male,total,総数,,,False,True,2010,88804.0,144.2,62328.0
heart_disease,Hi05,Hi05_心疾患（高血圧性を除く）,male,total,総数,,,False,True,2013,91445.0,149.5,61909.0
heart_disease,Hi05,Hi05_心疾患（高血圧性を除く）,male,total,総数,,,False,True,2014,92279.0,151.2,61801.0
heart_disease,Hi05,Hi05_心疾患（高血圧性を除く）,male,total,総数,,,False,True,2015,92146.0,151.0,61842.0
heart_disease,Hi05,Hi05_心疾患（高血圧性を除く）,male,total,総数,,,False,True,2016,93453.0,153.5,61816.0
heart_disease,Hi05,Hi05_心疾患（高血圧性を除く）,male,total,総数,,,False,True,2017,96330.0,158.8,61753.0
heart_disease,Hi05,Hi05_心疾患（高血圧性を除く）,male,total,総数,,,False,True,2018,98035.0,162.2,61673.0
heart_disease,Hi05,Hi05_心疾患（高血圧性を除く）,male,total,総数,,,False,True,2019,98210.0,163.1,61588.0
heart_disease,Hi05,Hi05_心疾患（高血圧性を除く）,male,total,総数,,,False,True,2020,99304.0,165.5,61350.0
heart_disease,Hi05,Hi05_心疾患（高血圧性を除く）,male,total,総数,,,False,True,2021,103700.0,173.7,61019.0
heart_disease,Hi05,Hi05_心疾患（高血圧性を除く）,male,total,総数,,,False,True,2022,113016.0,190.5,60758.0
heart_disease,Hi05,Hi05_心疾患（高血圧性を除く）,male,total,総数,,,False,True,2023,113133.0,192.1,60492.0
heart_disease,Hi05,Hi05_心疾患（高血圧性を除く）,male,total,総数,,,False,True,2024,111425.0,190.6,60233.0
heart_disease,Hi05,Hi05_心疾患（高血圧性を除く）,total,a00_04,0-4歳,0,4,False,False,1950,674.0,6.0,
heart_disease,Hi05,Hi05_心疾患（高血圧性を除く）,total,a00_04,0-4歳,0,4,False,False,1955,410.0,4.4,
heart_disease,Hi05,Hi05_心疾患（高血圧性を除く）,total,a00_04,0-4歳,0,4,False,False,1960,422.0,5.4,
heart_disease,Hi05,Hi05_心疾患（高血圧性を除く）,total,a00_04,0-4歳,0,4,False,False,1965,421.0,5.2,
heart_disease,Hi05,Hi05_心疾患（高血圧性を除く）,total,a00_04,0-4歳,0,4,False,False,1970,412.0,4.7,
heart_disease,Hi05,Hi05_心疾患（高血圧性を除く）,total,a00_04,0-4歳,0,4,False,False,1975,473.0,4.8,
heart_disease,Hi05,Hi05_心疾患（高血圧性を除く）,total,a00_04,0-4歳,0,4,False,False,1980,451.0,5.3,8515.0
heart_disease,Hi05,Hi05_心疾患（高血圧性を除く）,total,a00_04,0-4歳,0,4,False,False,1985,388.0,5.2,7459.0
heart_disease,Hi05,Hi05_心疾患（高血圧性を除く）,total,a00_04,0-4歳,0,4,False,False,1990,337.0,5.2,6493.0
heart_disease,Hi05,Hi05_心疾患（高血圧性を除く）,total,a00_04,0-4歳,0,4,False,False,1995,223.0,3.7,5995.0
heart_disease,Hi05,Hi05_心疾患（高血圧性を除く）,total,a00_04,0-4歳,0,4,False,False,2000,196.0,3.3,5915.0
heart_disease,Hi05,Hi05_心疾患（高血圧性を除く）,total,a00_04,0-4歳,0,4,False,False,2005,195.0,3.5,5599.0
heart_disease,Hi05,Hi05_心疾患（高血圧性を除く）,total,a00_04,0-4歳,0,4,False,False,2010,125.0,2.4,5308.0
heart_disease,Hi05,Hi05_心疾患（高血圧性を除く）,total,a00_04,0-4歳,0,4,False,False,2013,115.0,2.2,5239.0
heart_disease,Hi05,Hi05_心疾患（高血圧性を除く）,total,a00_04,0-4歳,0,4,False,False,2014,91.0,1.8,5213.0
heart_disease,Hi05,Hi05_心疾患（高血圧性を除く）,total,a00_04,0-4歳,0,4,False,False,2015,100.0,2.0,5006.0
heart_disease,Hi05,Hi05_心疾患（高血圧性を除く）,total,a00_04,0-4歳,0,4,False,False,2016,81.0,1.7,4976.0
heart_disease,Hi05,Hi05_心疾患（高血圧性を除く）,total,a00_04,0-4歳,0,4,False,False,2017,60.0,1.2,4926.0
heart_disease,Hi05,Hi05_心疾患（高血圧性を除く）,total,a00_04,0-4歳,0,4,False,False,2018,73.0,1.5,4845.0
heart_disease,Hi05,Hi05_心疾患（高血圧性を除く）,total,a00_04,0-4歳,0,4,False,False,2019,85.0,1.8,4727.0
heart_disease,Hi05,Hi05_心疾患（高血圧性を除く）,total,a00_04,0-4歳,0,4,False,False,2020,60.0,1.3,4541.0
heart_disease,Hi05,Hi05_心疾患（高血圧性を除く）,total,a00_04,0-4歳,0,4,False,False,2021,58.0,1.3,4389.0
heart_disease,Hi05,Hi05_心疾患（高血圧性を除く）,total,a00_04,0-4歳,0,4,False,False,2022,61.0,1.5,4247.0
heart_disease,Hi05,Hi05_心疾患（高血圧性を除く）,total,a00_04,0-4歳,0,4,False,False,2023,59.0,1.5,4087.0
heart_disease,Hi05,Hi05_心疾患（高血圧性を除く）,total,a00_04,0-4歳,0,4,False,False,2024,58.0,1.5,3934.0
heart_disease,Hi05,Hi05_心疾患（高血圧性を除く）,total,a05_09,5-9歳,5,9,False,False,1950,570.0,6.0,
heart_disease,Hi05,Hi05_心疾患（高血圧性を除く）,total,a05_09,5-9歳,5,9,False,False,1955,356.0,3.2,
heart_disease,Hi05,Hi05_心疾患（高血圧性を除く）,total,a05_09,5-9歳,5,9,False,False,1960,225.0,2.4,
heart_disease,Hi05,Hi05_心疾患（高血圧性を除く）,total,a05_09,5-9歳,5,9,False,False,1965,64.0,0.8,
heart_disease,Hi05,Hi05_心疾患（高血圧性を除く）,total,a05_09,5-9歳,5,9,False,False,1970,59.0,0.7,
heart_disease,Hi05,Hi05_心疾患（高血圧性を除く）,total,a05_09,5-9歳,5,9,False,False,1975,77.0,0.9,
heart_disease,Hi05,Hi05_心疾患（高血圧性を除く）,total,a05_09,5-9歳,5,9,False,False,1980,127.0,1.3,10032.0
heart_disease,Hi05,Hi05_心疾患（高血圧性を除く）,total,a05_09,5-9歳,5,9,False,False,1985,83.0,1.0,8532.0
heart_disease,Hi05,Hi05_心疾患（高血圧性を除く）,total,a05_09,5-9歳,5,9,False,False,1990,69.0,0.9,7467.0
heart_disease,Hi05,Hi05_心疾患（高血圧性を除く）,total,a05_09,5-9歳,5,9,False,False,1995,59.0,0.9,6541.0
heart_disease,Hi05,Hi05_心疾患（高血圧性を除く）,total,a05_09,5-9歳,5,9,False,False,2000,31.0,0.5,6033.0
heart_disease,Hi05,Hi05_心疾患（高血圧性を除く）,total,a05_09,5-9歳,5,9,False,False,2005,33.0,0.6,5950.0
heart_disease,Hi05,Hi05_心疾患（高血圧性を除く）,total,a05_09,5-9歳,5,9,False,False,2010,26.0,0.5,5598.0
heart_disease,Hi05,Hi05_心疾患（高血圧性を除く）,total,a05_09,5-9歳,5,9,False,False,2013,22.0,0.4,5361.0
heart_disease,Hi05,Hi05_心疾患（高血圧性を除く）,total,a05_09,5-9歳,5,9,False,False,2014,19.0,0.4,5307.0
heart_disease,Hi05,Hi05_心疾患（高血圧性を除く）,total,a05_09,5-9歳,5,9,False,False,2015,26.0,0.5,5319.0
heart_disease,Hi05,Hi05_心疾患（高血圧性を除く）,total,a05_09,5-9歳,5,9,False,False,2016,16.0,0.3,5311.0
heart_disease,Hi05,Hi05_心疾患（高血圧性を除く）,total,a05_09,5-9歳,5,9,False,False,2017,16.0,0.3,5267.0
heart_disease,Hi05,Hi05_心疾患（高血圧性を除く）,total,a05_09,5-9歳,5,9,False,False,2018,12.0,0.2,5212.0
heart_disease,Hi05,Hi05_心疾患（高血圧性を除く）,total,a05_09,5-9歳,5,9,False,False,2019,18.0,0.4,5154.0
heart_disease,Hi05,Hi05_心疾患（高血圧性を除く）,total,a05_09,5-9歳,5,9,False,False,2020,19.0,0.4,5114.0
heart_disease,Hi05,Hi05_心疾患（高血圧性を除く）,total,a05_09,5-9歳,5,9,False,False,2021,17.0,0.3,5038.0
heart_disease,Hi05,Hi05_心疾患（高血圧性を除く）,total,a05_09,5-9歳,5,9,False,False,2022,13.0,0.3,4948.0
heart_disease,Hi05,Hi05_心疾患（高血圧性を除く）,total,a05_09,5-9歳,5,9,False,False,2023,14.0,0.3,4838.0
heart_disease,Hi05,Hi05_心疾患（高血圧性を除く）,total,a05_09,5-9歳,5,9,False,False,2024,11.0,0.2,4710.0
heart_disease,Hi05,Hi05_心疾患（高血圧性を除く）,total,a10_14,10-14歳,10,14,False,False,1950,790.0,9.1,
heart_disease,Hi05,Hi05_心疾患（高血圧性を除く）,total,a10_14,10-14歳,10,14,False,False,1955,605.0,6.4,
heart_disease,Hi05,Hi05_心疾患（高血圧性を除く）,total,a10_14,10-14歳,10,14,False,False,1960,444.0,4.0,
heart_disease,Hi05,Hi05_心疾患（高血圧性を除く）,total,a10_14,10-14歳,10,14,False,False,1965,202.0,2.2,
heart_disease,Hi05,Hi05_心疾患（高血圧性を除く）,total,a10_14,10-14歳,10,14,False,False,1970,115.0,1.5,
heart_disease,Hi05,Hi05_心疾患（高血圧性を除く）,total,a10_14,10-14歳,10,14,False,False,1975,105.0,1.3,
heart_disease,Hi05,Hi05_心疾患（高血圧性を除く）,total,a10_14,10-14歳,10,14,False,False,1980,130.0,1.5,8960.0
heart_disease,Hi05,Hi05_心疾患（高血圧性を除く）,total,a10_14,10-14歳,10,14,False,False,1985,134.0,1.3,10042.0
heart_disease,Hi05,Hi05_心疾患（高血圧性を除く）,total,a10_14,10-14歳,10,14,False,False,1990,113.0,1.3,8527.0
heart_disease,Hi05,Hi05_心疾患（高血圧性を除く）,total,a10_14,10-14歳,10,14,False,False,1995,84.0,1.1,7478.0
heart_disease,Hi05,Hi05_心疾患（高血圧性を除く）,total,a10_14,10-14歳,10,14,False,False,2000,57.0,0.9,6558.0
heart_disease,Hi05,Hi05_心疾患（高血圧性を除く）,total,a10_14,10-14歳,10,14,False,False,2005,44.0,0.7,6036.0
heart_disease,Hi05,Hi05_心疾患（高血圧性を除く）,total,a10_14,10-14歳,10,14,False,False,2010,42.0,0.7,5933.0
heart_disease,Hi05,Hi05_心疾患（高血圧性を除く）,total,a10_14,10-14歳,10,14,False,False,2013,25.0,0.4,5790.0
heart_disease,Hi05,Hi05_心疾患（高血圧性を除く）,total,a10_14,10-14歳,10,14,False,False,2014,26.0,0.5,5713.0
heart_disease,Hi05,Hi05_心疾患（高血圧性を除く）,total,a10_14,10-14歳,10,14,False,False,2015,18.0,0.3,5620.0
heart_disease,Hi05,Hi05_心疾患（高血圧性を除く）,total,a10_14,10-14歳,10,14,False,False,2016,19.0,0.3,5522.0
heart_disease,Hi05,Hi05_心疾患（高血圧性を除く）,total,a10_14,10-14歳,10,14,False,False,2017,20.0,0.4,5448.0
heart_disease,Hi05,Hi05_心疾患（高血圧性を除く）,total,a10_14,10-14歳,10,14,False,False,2018,23.0,0.4,5417.0
heart_disease,Hi05,Hi05_心疾患（高血圧性を除く）,total,a10_14,10-14歳,10,14,False,False,2019,20.0,0.4,5378.0
heart_disease,Hi05,Hi05_心疾患（高血圧性を除く）,total,a10_14,10-14歳,10,14,False,False,2020,27.0,0.5,5376.0
heart_disease,Hi05,Hi05_心疾患（高血圧性を除く）,total,a10_14,10-14歳,10,14,False,False,2021,21.0,0.4,5357.0
heart_disease,Hi05,Hi05_心疾患（高血圧性を除く）,total,a10_14,10-14歳,10,14,False,False,2022,19.0,0.4,5308.0
heart_disease,Hi05,Hi05_心疾患（高血圧性を除く）,total,a10_14,10-14歳,10,14,False,False,2023,20.0,0.4,5248.0
heart_disease,Hi05,Hi05_心疾患（高血圧性を除く）,total,a10_14,10-14歳,10,14,False,False,2024,21.0,0.4,5185.0
heart_disease,Hi05,Hi05_心疾患（高血圧性を除く）,total,a15_19,15-19歳,15,19,False,False,1950,1144.0,13.4,
heart_disease,Hi05,Hi05_心疾患（高血圧性を除く）,total,a15_19,15-19歳,15,19,False,False,1955,827.0,9.6,
heart_disease,Hi05,Hi05_心疾患（高血圧性を除く）,total,a15_19,15-19歳,15,19,False,False,1960,679.0,7.3,
heart_disease,Hi05,Hi05_心疾患（高血圧性を除く）,total,a15_19,15-19歳,15,19,False,False,1965,359.0,3.3,
heart_disease,Hi05,Hi05_心疾患（高血圧性を除く）,total,a15_19,15-19歳,15,19,False,False,1970,281.0,3.1,
heart_disease,Hi05,Hi05_心疾患（高血圧性を除く）,total,a15_19,15-19歳,15,19,False,False,1975,206.0,2.6,
heart_disease,Hi05,Hi05_心疾患（高血圧性を除く）,total,a15_19,15-19歳,15,19,False,False,1980,244.0,3.0,8272.0
heart_disease,Hi05,Hi05_心疾患（高血圧性を除く）,total,a15_19,15-19歳,15,19,False,False,1985,223.0,2.5,8980.0
heart_disease,Hi05,Hi05_心疾患（高血圧性を除く）,total,a15_19,15-19歳,15,19,False,False,1990,250.0,2.5,10007.0
heart_disease,Hi05,Hi05_心疾患（高血圧性を除く）,total,a15_19,15-19歳,15,19,False,False,1995,179.0,2.1,8558.0
heart_disease,Hi05,Hi05_心疾患（高血圧性を除く）,total,a15_19,15-19歳,15,19,False,False,2000,125.0,1.7,7502.0
heart_disease,Hi05,Hi05_心疾患（高血圧性を除く）,total,a15_19,15-19歳,15,19,False,False,2005,107.0,1.6,6593.0
heart_disease,Hi05,Hi05_心疾患（高血圧性を除く）,total,a15_19,15-19歳,15,19,False,False,2010,62.0,1.0,6093.0
heart_disease,Hi05,Hi05_心疾患（高血圧性を除く）,total,a15_19,15-19歳,15,19,False,False,2013,51.0,0.9,6047.0
heart_disease,Hi05,Hi05_心疾患（高血圧性を除く）,total,a15_19,15-19歳,15,19,False,False,2014,62.0,1.0,6005.0
heart_disease,Hi05,Hi05_心疾患（高血圧性を除く）,total,a15_19,15-19歳,15,19,False,False,2015,52.0,0.9,6054.0
heart_disease,Hi05,Hi05_心疾患（高血圧性を除く）,total,a15_19,15-19歳,15,19,False,False,2016,45.0,0.8,6029.0
heart_disease,Hi05,Hi05_心疾患（高血圧性を除く）,total,a15_19,15-19歳,15,19,False,False,2017,61.0,1.0,5983.0
heart_disease,Hi05,Hi05_心疾患（高血圧性を除く）,total,a15_19,15-19歳,15,19,False,False,2018,31.0,0.5,5901.0
heart_disease,Hi05,Hi05_心疾患（高血圧性を除く）,total,a15_19,15-19歳,15,19,False,False,2019,37.0,0.6,5837.0
heart_disease,Hi05,Hi05_心疾患（高血圧性を除く）,total,a15_19,15-19歳,15,19,False,False,2020,46.0,0.8,5706.0
heart_disease,Hi05,Hi05_心疾患（高血圧性を除く）,total,a15_19,15-19歳,15,19,False,False,2021,39.0,0.7,5580.0
heart_disease,Hi05,Hi05_心疾患（高血圧性を除く）,total,a15_19,15-19歳,15,19,False,False,2022,43.0,0.8,5512.0
heart_disease,Hi05,Hi05_心疾患（高血圧性を除く）,total,a15_19,15-19歳,15,19,False,False,2023,44.0,0.8,5494.0
heart_disease,Hi05,Hi05_心疾患（高血圧性を除く）,total,a15_19,15-19歳,15,19,False,False,2024,47.0,0.9,5457.0
heart_disease,Hi05,Hi05_心疾患（高血圧性を除く）,total,a20_24,20-24歳,20,24,False,False,1950,1323.0,17.1,
heart_disease,Hi05,Hi05_心疾患（高血圧性を除く）,total,a20_24,20-24歳,20,24,False,False,1955,1086.0,12.9,
heart_disease,Hi05,Hi05_心疾患（高血圧性を除く）,total,a20_24,20-24歳,20,24,False,False,1960,829.0,10.0,
heart_disease,Hi05,Hi05_心疾患（高血圧性を除く）,total,a20_24,20-24歳,20,24,False,False,1965,595.0,6.6,
heart_disease,Hi05,Hi05_心疾患（高血圧性を除く）,total,a20_24,20-24歳,20,24,False,False,1970,536.0,5.1,
heart_disease,Hi05,Hi05_心疾患（高血圧性を除く）,total,a20_24,20-24歳,20,24,False,False,1975,440.0,4.9,
heart_disease,Hi05,Hi05_心疾患（高血圧性を除く）,total,a20_24,20-24歳,20,24,False,False,1980,345.0,4.4,7841.0
heart_disease,Hi05,Hi05_心疾患（高血圧性を除く）,total,a20_24,20-24歳,20,24,False,False,1985,373.0,4.6,8201.0
heart_disease,Hi05,Hi05_心疾患（高血圧性を除く）,total,a20_24,20-24歳,20,24,False,False,1990,359.0,4.1,8800.0
heart_disease,Hi05,Hi05_心疾患（高血圧性を除く）,total,a20_24,20-24歳,20,24,False,False,1995,277.0,2.8,9895.0
heart_disease,Hi05,Hi05_心疾患（高血圧性を除く）,total,a20_24,20-24歳,20,24,False,False,2000,233.0,2.8,8438.0
heart_disease,Hi05,Hi05_心疾患（高血圧性を除く）,total,a20_24,20-24歳,20,24,False,False,2005,196.0,2.7,7381.0
heart_disease,Hi05,Hi05_心疾患（高血圧性を除く）,total,a20_24,20-24歳,20,24,False,False,2010,115.0,1.8,6525.0
heart_disease,Hi05,Hi05_心疾患（高血圧性を除く）,total,a20_24,20-24歳,20,24,False,False,2013,112.0,1.9,6205.0
heart_disease,Hi05,Hi05_心疾患（高血圧性を除く）,total,a20_24,20-24歳,20,24,False,False,2014,119.0,2.0,6203.0
heart_disease,Hi05,Hi05_心疾患（高血圧性を除く）,total,a20_24,20-24歳,20,24,False,False,2015,82.0,1.4,6091.0
heart_disease,Hi05,Hi05_心疾患（高血圧性を除く）,total,a20_24,20-24歳,20,24,False,False,2016,108.0,1.8,6166.0
heart_disease,Hi05,Hi05_心疾患（高血圧性を除く）,total,a20_24,20-24歳,20,24,False,False,2017,91.0,1.5,6245.0
heart_disease,Hi05,Hi05_心疾患（高血圧性を除く）,total,a20_24,20-24歳,20,24,False,False,2018,68.0,1.1,6331.0
heart_disease,Hi05,Hi05_心疾患（高血圧性を除く）,total,a20_24,20-24歳,20,24,False,False,2019,96.0,1.6,6361.0
heart_disease,Hi05,Hi05_心疾患（高血圧性を除く）,total,a20_24,20-24歳,20,24,False,False,2020,85.0,1.4,6320.0
heart_disease,Hi05,Hi05_心疾患（高血圧性を除く）,total,a20_24,20-24歳,20,24,False,False,2021,71.0,1.2,6263.0
heart_disease,Hi05,Hi05_心疾患（高血圧性を除く）,total,a20_24,20-24歳,20,24,False,False,2022,81.0,1.4,6263.0
heart_disease,Hi05,Hi05_心疾患（高血圧性を除く）,total,a20_24,20-24歳,20,24,False,False,2023,82.0,1.4,6236.0
heart_disease,Hi05,Hi05_心疾患（高血圧性を除く）,total,a20_24,20-24歳,20,24,False,False,2024,73.0,1.3,6260.0
heart_disease,Hi05,Hi05_心疾患（高血圧性を除く）,total,a25_29,25-29歳,25,29,False,False,1950,1641.0,26.5,
heart_disease,Hi05,Hi05_心疾患（高血圧性を除く）,total,a25_29,25-29歳,25,29,False,False,1955,1229.0,16.2,
heart_disease,Hi05,Hi05_心疾患（高血圧性を除く）,total,a25_29,25-29歳,25,29,False,False,1960,1021.0,12.4,
heart_disease,Hi05,Hi05_心疾患（高血圧性を除く）,total,a25_29,25-29歳,25,29,False,False,1965,745.0,8.9,
heart_disease,Hi05,Hi05_心疾患（高血圧性を除く）,total,a25_29,25-29歳,25,29,False,False,1970,735.0,8.1,
heart_disease,Hi05,Hi05_心疾患（高血圧性を除く）,total,a25_29,25-29歳,25,29,False,False,1975,622.0,5.8,
heart_disease,Hi05,Hi05_心疾患（高血圧性を除く）,total,a25_29,25-29歳,25,29,False,False,1980,593.0,6.6,9041.0
heart_disease,Hi05,Hi05_心疾患（高血圧性を除く）,total,a25_29,25-29歳,25,29,False,False,1985,471.0,6.1,7823.0
heart_disease,Hi05,Hi05_心疾患（高血圧性を除く）,total,a25_29,25-29歳,25,29,False,False,1990,448.0,5.6,8071.0
heart_disease,Hi05,Hi05_心疾患（高血圧性を除く）,total,a25_29,25-29歳,25,29,False,False,1995,314.0,3.6,8788.0
heart_disease,Hi05,Hi05_心疾患（高血圧性を除く）,total,a25_29,25-29歳,25,29,False,False,2000,387.0,4.0,9809.0
heart_disease,Hi05,Hi05_心疾患（高血圧性を除く）,total,a25_29,25-29歳,25,29,False,False,2005,307.0,3.8,8314.0
heart_disease,Hi05,Hi05_心疾患（高血圧性を除く）,total,a25_29,25-29歳,25,29,False,False,2010,196.0,2.7,7391.0
heart_disease,Hi05,Hi05_心疾患（高血圧性を除く）,total,a25_29,25-29歳,25,29,False,False,2013,179.0,2.7,6869.0
heart_disease,Hi05,Hi05_心疾患（高血圧性を除く）,total,a25_29,25-29歳,25,29,False,False,2014,142.0,2.2,6678.0
heart_disease,Hi05,Hi05_心疾患（高血圧性を除く）,total,a25_29,25-29歳,25,29,False,False,2015,152.0,2.4,6532.0
heart_disease,Hi05,Hi05_心疾患（高血圧性を除く）,total,a25_29,25-29歳,25,29,False,False,2016,156.0,2.5,6422.0
heart_disease,Hi05,Hi05_心疾患（高血圧性を除く）,total,a25_29,25-29歳,25,29,False,False,2017,131.0,2.2,6349.0
heart_disease,Hi05,Hi05_心疾患（高血圧性を除く）,total,a25_29,25-29歳,25,29,False,False,2018,123.0,2.1,6307.0
heart_disease,Hi05,Hi05_心疾患（高血圧性を除く）,total,a25_29,25-29歳,25,29,False,False,2019,108.0,1.8,6345.0
heart_disease,Hi05,Hi05_心疾患（高血圧性を除く）,total,a25_29,25-29歳,25,29,False,False,2020,135.0,2.3,6384.0
heart_disease,Hi05,Hi05_心疾患（高血圧性を除く）,total,a25_29,25-29歳,25,29,False,False,2021,147.0,2.5,6379.0
heart_disease,Hi05,Hi05_心疾患（高血圧性を除く）,total,a25_29,25-29歳,25,29,False,False,2022,119.0,2.0,6412.0
heart_disease,Hi05,Hi05_心疾患（高血圧性を除く）,total,a25_29,25-29歳,25,29,False,False,2023,129.0,2.2,6479.0
heart_disease,Hi05,Hi05_心疾患（高血圧性を除く）,total,a25_29,25-29歳,25,29,False,False,2024,106.0,1.8,6519.0
heart_disease,Hi05,Hi05_心疾患（高血圧性を除く）,total,a30_34,30-34歳,30,34,False,False,1950,1573.0,30.2,
heart_disease,Hi05,Hi05_心疾患（高血圧性を除く）,total,a30_34,30-34歳,30,34,False,False,1955,1259.0,20.6,
heart_disease,Hi05,Hi05_心疾患（高血圧性を除く）,total,a30_34,30-34歳,30,34,False,False,1960,1254.0,16.7,
heart_disease,Hi05,Hi05_心疾患（高血圧性を除く）,total,a30_34,30-34歳,30,34,False,False,1965,1023.0,12.4,
heart_disease,Hi05,Hi05_心疾患（高血圧性を除く）,total,a30_34,30-34歳,30,34,False,False,1970,961.0,11.5,
heart_disease,Hi05,Hi05_心疾患（高血圧性を除く）,total,a30_34,30-34歳,30,34,False,False,1975,856.0,9.3,
heart_disease,Hi05,Hi05_心疾患（高血圧性を除く）,total,a30_34,30-34歳,30,34,False,False,1980,894.0,8.3,10772.0
heart_disease,Hi05,Hi05_心疾患（高血圧性を除く）,total,a30_34,30-34歳,30,34,False,False,1985,789.0,8.7,9054.0
heart_disease,Hi05,Hi05_心疾患（高血圧性を除く）,total,a30_34,30-34歳,30,34,False,False,1990,680.0,8.8,7788.0
heart_disease,Hi05,Hi05_心疾患（高血圧性を除く）,total,a30_34,30-34歳,30,34,False,False,1995,483.0,6.1,8126.0
heart_disease,Hi05,Hi05_心疾患（高血圧性を除く）,total,a30_34,30-34歳,30,34,False,False,2000,569.0,6.6,8794.0
heart_disease,Hi05,Hi05_心疾患（高血圧性を除く）,total,a30_34,30-34歳,30,34,False,False,2005,531.0,5.5,9795.0
heart_disease,Hi05,Hi05_心疾患（高血圧性を除く）,total,a30_34,30-34歳,30,34,False,False,2010,383.0,4.7,8421.0
heart_disease,Hi05,Hi05_心疾患（高血圧性を除く）,total,a30_34,30-34歳,30,34,False,False,2013,320.0,4.3,7623.0
heart_disease,Hi05,Hi05_心疾患（高血圧性を除く）,total,a30_34,30-34歳,30,34,False,False,2014,327.0,4.5,7466.0
heart_disease,Hi05,Hi05_心疾患（高血圧性を除く）,total,a30_34,30-34歳,30,34,False,False,2015,232.0,3.2,7396.0
heart_disease,Hi05,Hi05_心疾患（高血圧性を除く）,total,a30_34,30-34歳,30,34,False,False,2016,248.0,3.5,7279.0
heart_disease,Hi05,Hi05_心疾患（高血圧性を除く）,total,a30_34,30-34歳,30,34,False,False,2017,237.0,3.4,7158.0
heart_disease,Hi05,Hi05_心疾患（高血圧性を除く）,total,a30_34,30-34歳,30,34,False,False,2018,228.0,3.4,7008.0
heart_disease,Hi05,Hi05_心疾患（高血圧性を除く）,total,a30_34,30-34歳,30,34,False,False,2019,208.0,3.2,6852.0
heart_disease,Hi05,Hi05_心疾患（高血圧性を除く）,total,a30_34,30-34歳,30,34,False,False,2020,206.0,3.2,6714.0
heart_disease,Hi05,Hi05_心疾患（高血圧性を除く）,total,a30_34,30-34歳,30,34,False,False,2021,197.0,3.2,6556.0
heart_disease,Hi05,Hi05_心疾患（高血圧性を除く）,total,a30_34,30-34歳,30,34,False,False,2022,211.0,3.5,6446.0
heart_disease,Hi05,Hi05_心疾患（高血圧性を除く）,total,a30_34,30-34歳,30,34,False,False,2023,208.0,3.5,6380.0
heart_disease,Hi05,Hi05_心疾患（高血圧性を除く）,total,a30_34,30-34歳,30,34,False,False,2024,213.0,3.6,6395.0
heart_disease,Hi05,Hi05_心疾患（高血圧性を除く）,total,a35_39,35-39歳,35,39,False,False,1950,2023.0,40.1,
heart_disease,Hi05,Hi05_心疾患（高血圧性を除く）,total,a35_39,35-39歳,35,39,False,False,1955,1464.0,28.6,
heart_disease,Hi05,Hi05_心疾患（高血圧性を除く）,total,a35_39,35-39歳,35,39,False,False,1960,1316.0,21.8,
heart_disease,Hi05,Hi05_心疾患（高血圧性を除く）,total,a35_39,35-39歳,35,39,False,False,1965,1403.0,18.7,
heart_disease,Hi05,Hi05_心疾患（高血圧性を除く）,total,a35_39,35-39歳,35,39,False,False,1970,1454.0,17.8,
heart_disease,Hi05,Hi05_心疾患（高血圧性を除く）,total,a35_39,35-39歳,35,39,False,False,1975,1274.0,15.2,
heart_disease,Hi05,Hi05_心疾患（高血圧性を除く）,total,a35_39,35-39歳,35,39,False,False,1980,1281.0,14.0,9202.0
heart_disease,Hi05,Hi05_心疾患（高血圧性を除く）,total,a35_39,35-39歳,35,39,False,False,1985,1274.0,11.9,10738.0
heart_disease,Hi05,Hi05_心疾患（高血圧性を除く）,total,a35_39,35-39歳,35,39,False,False,1990,1079.0,12.1,9004.0
heart_disease,Hi05,Hi05_心疾患（高血圧性を除く）,total,a35_39,35-39歳,35,39,False,False,1995,712.0,9.2,7822.0
heart_disease,Hi05,Hi05_心疾患（高血圧性を除く）,total,a35_39,35-39歳,35,39,False,False,2000,724.0,9.1,8130.0
heart_disease,Hi05,Hi05_心疾患（高血圧性を除く）,total,a35_39,35-39歳,35,39,False,False,2005,822.0,9.6,8772.0
heart_disease,Hi05,Hi05_心疾患（高血圧性を除く）,total,a35_39,35-39歳,35,39,False,False,2010,756.0,7.8,9864.0
heart_disease,Hi05,Hi05_心疾患（高血圧性を除く）,total,a35_39,35-39歳,35,39,False,False,2013,635.0,7.1,9060.0
heart_disease,Hi05,Hi05_心疾患（高血圧性を除く）,total,a35_39,35-39歳,35,39,False,False,2014,551.0,6.5,8670.0
heart_disease,Hi05,Hi05_心疾患（高血圧性を除く）,total,a35_39,35-39歳,35,39,False,False,2015,514.0,6.2,8417.0
heart_disease,Hi05,Hi05_心疾患（高血圧性を除く）,total,a35_39,35-39歳,35,39,False,False,2016,496.0,6.3,8134.0
heart_disease,Hi05,Hi05_心疾患（高血圧性を除く）,total,a35_39,35-39歳,35,39,False,False,2017,429.0,5.6,7919.0
heart_disease,Hi05,Hi05_心疾患（高血圧性を除く）,total,a35_39,35-39歳,35,39,False,False,2018,420.0,5.6,7750.0
heart_disease,Hi05,Hi05_心疾患（高血圧性を除く）,total,a35_39,35-39歳,35,39,False,False,2019,409.0,5.6,7631.0
heart_disease,Hi05,Hi05_心疾患（高血圧性を除く）,total,a35_39,35-39歳,35,39,False,False,2020,368.0,5.1,7498.0
heart_disease,Hi05,Hi05_心疾患（高血圧性を除く）,total,a35_39,35-39歳,35,39,False,False,2021,377.0,5.3,7354.0
heart_disease,Hi05,Hi05_心疾患（高血圧性を除く）,total,a35_39,35-39歳,35,39,False,False,2022,386.0,5.6,7212.0
heart_disease,Hi05,Hi05_心疾患（高血圧性を除く）,total,a35_39,35-39歳,35,39,False,False,2023,396.0,5.9,7047.0
heart_disease,Hi05,Hi05_心疾患（高血圧性を除く）,total,a35_39,35-39歳,35,39,False,False,2024,374.0,5.7,6871.0
heart_disease,Hi05,Hi05_心疾患（高血圧性を除く）,total,a40_44,40-44歳,40,44,False,False,1950,2417.0,53.9,
heart_disease,Hi05,Hi05_心疾患（高血圧性を除く）,total,a40_44,40-44歳,40,44,False,False,1955,1876.0,37.9,
heart_disease,Hi05,Hi05_心疾患（高血圧性を除く）,total,a40_44,40-44歳,40,44,False,False,1960,1616.0,32.2,
heart_disease,Hi05,Hi05_心疾患（高血圧性を除く）,total,a40_44,40-44歳,40,44,False,False,1965,1623.0,27.2,
heart_disease,Hi05,Hi05_心疾患（高血圧性を除く）,total,a40_44,40-44歳,40,44,False,False,1970,1997.0,27.3,
heart_disease,Hi05,Hi05_心疾患（高血圧性を除く）,total,a40_44,40-44歳,40,44,False,False,1975,2030.0,24.8,
heart_disease,Hi05,Hi05_心疾患（高血圧性を除く）,total,a40_44,40-44歳,40,44,False,False,1980,2019.0,24.3,8338.0
heart_disease,Hi05,Hi05_心疾患（高血圧性を除く）,total,a40_44,40-44歳,40,44,False,False,1985,1910.0,21.1,9135.0
heart_disease,Hi05,Hi05_心疾患（高血圧性を除く）,total,a40_44,40-44歳,40,44,False,False,1990,1986.0,18.7,10658.0
heart_disease,Hi05,Hi05_心疾患（高血圧性を除く）,total,a40_44,40-44歳,40,44,False,False,1995,1334.0,15.0,9006.0
heart_disease,Hi05,Hi05_心疾患（高血圧性を除く）,total,a40_44,40-44歳,40,44,False,False,2000,1137.0,14.8,7814.0
heart_disease,Hi05,Hi05_心疾患（高血圧性を除く）,total,a40_44,40-44歳,40,44,False,False,2005,1230.0,15.4,8113.0
heart_disease,Hi05,Hi05_心疾患（高血圧性を除く）,total,a40_44,40-44歳,40,44,False,False,2010,1106.0,12.8,8809.0
heart_disease,Hi05,Hi05_心疾患（高血圧性を除く）,total,a40_44,40-44歳,40,44,False,False,2013,1193.0,12.5,9667.0
heart_disease,Hi05,Hi05_心疾患（高血圧性を除く）,total,a40_44,40-44歳,40,44,False,False,2014,1219.0,12.6,9793.0
heart_disease,Hi05,Hi05_心疾患（高血圧性を除く）,total,a40_44,40-44歳,40,44,False,False,2015,1142.0,11.8,9847.0
heart_disease,Hi05,Hi05_心疾患（高血圧性を除く）,total,a40_44,40-44歳,40,44,False,False,2016,1095.0,11.5,9727.0
heart_disease,Hi05,Hi05_心疾患（高血圧性を除く）,total,a40_44,40-44歳,40,44,False,False,2017,991.0,10.7,9470.0
heart_disease,Hi05,Hi05_心疾患（高血圧性を除く）,total,a40_44,40-44歳,40,44,False,False,2018,911.0,10.2,9134.0
heart_disease,Hi05,Hi05_心疾患（高血圧性を除く）,total,a40_44,40-44歳,40,44,False,False,2019,846.0,9.9,8774.0
heart_disease,Hi05,Hi05_心疾患（高血圧性を除く）,total,a40_44,40-44歳,40,44,False,False,2020,859.0,10.4,8476.0
heart_disease,Hi05,Hi05_心疾患（高血圧性を除く）,total,a40_44,40-44歳,40,44,False,False,2021,757.0,9.5,8173.0
heart_disease,Hi05,Hi05_心疾患（高血圧性を除く）,total,a40_44,40-44歳,40,44,False,False,2022,747.0,9.7,7946.0
heart_disease,Hi05,Hi05_心疾患（高血圧性を除く）,total,a40_44,40-44歳,40,44,False,False,2023,694.0,9.2,7765.0
heart_disease,Hi05,Hi05_心疾患（高血圧性を除く）,total,a40_44,40-44歳,40,44,False,False,2024,690.0,9.4,7631.0
heart_disease,Hi05,Hi05_心疾患（高血圧性を除く）,total,a45_49,45-49歳,45,49,False,False,1950,2985.0,74.5,
heart_disease,Hi05,Hi05_心疾患（高血圧性を除く）,total,a45_49,45-49歳,45,49,False,False,1955,2378.0,54.5,
heart_disease,Hi05,Hi05_心疾患（高血圧性を除く）,total,a45_49,45-49歳,45,49,False,False,1960,2312.0,48.0,
heart_disease,Hi05,Hi05_心疾患（高血圧性を除く）,total,a45_49,45-49歳,45,49,False,False,1965,2129.0,43.3,
heart_disease,Hi05,Hi05_心疾患（高血圧性を除く）,total,a45_49,45-49歳,45,49,False,False,1970,2374.0,40.7,
heart_disease,Hi05,Hi05_心疾患（高血圧性を除く）,total,a45_49,45-49歳,45,49,False,False,1975,2618.0,35.7,
heart_disease,Hi05,Hi05_心疾患（高血圧性を除く）,total,a45_49,45-49歳,45,49,False,False,1980,3212.0,39.9,8090.0
heart_disease,Hi05,Hi05_心疾患（高血圧性を除く）,total,a45_49,45-49歳,45,49,False,False,1985,2832.0,34.6,8237.0
heart_disease,Hi05,Hi05_心疾患（高血圧性を除く）,total,a45_49,45-49歳,45,49,False,False,1990,2923.0,32.5,9018.0
heart_disease,Hi05,Hi05_心疾患（高血圧性を除く）,total,a45_49,45-49歳,45,49,False,False,1995,2627.0,24.9,10618.0
heart_disease,Hi05,Hi05_心疾患（高血圧性を除く）,total,a45_49,45-49歳,45,49,False,False,2000,2138.0,24.2,8932.0
heart_disease,Hi05,Hi05_心疾患（高血圧性を除く）,total,a45_49,45-49歳,45,49,False,False,2005,1902.0,24.9,7755.0
heart_disease,Hi05,Hi05_心疾患（高血圧性を除く）,total,a45_49,45-49歳,45,49,False,False,2010,1735.0,21.8,8093.0
heart_disease,Hi05,Hi05_心疾患（高血圧性を除く）,total,a45_49,45-49歳,45,49,False,False,2013,1761.0,21.3,8406.0
heart_disease,Hi05,Hi05_心疾患（高血圧性を除く）,total,a45_49,45-49歳,45,49,False,False,2014,1719.0,20.3,8608.0
heart_disease,Hi05,Hi05_心疾患（高血圧性を除く）,total,a45_49,45-49歳,45,49,False,False,2015,1750.0,20.3,8766.0
heart_disease,Hi05,Hi05_心疾患（高血圧性を除く）,total,a45_49,45-49歳,45,49,False,False,2016,1819.0,19.9,9294.0
heart_disease,Hi05,Hi05_心疾患（高血圧性を除く）,total,a45_49,45-49歳,45,49,False,False,2017,1769.0,19.0,9484.0
heart_disease,Hi05,Hi05_心疾患（高血圧性を除く）,total,a45_49,45-49歳,45,49,False,False,2018,1719.0,18.1,9711.0
heart_disease,Hi05,Hi05_心疾患（高血圧性を除く）,total,a45_49,45-49歳,45,49,False,False,2019,1699.0,17.6,9862.0
heart_disease,Hi05,Hi05_心疾患（高血圧性を除く）,total,a45_49,45-49歳,45,49,False,False,2020,1729.0,17.9,9868.0
heart_disease,Hi05,Hi05_心疾患（高血圧性を除く）,total,a45_49,45-49歳,45,49,False,False,2021,1693.0,17.7,9732.0
heart_disease,Hi05,Hi05_心疾患（高血圧性を除く）,total,a45_49,45-49歳,45,49,False,False,2022,1680.0,18.1,9462.0
heart_disease,Hi05,Hi05_心疾患（高血圧性を除く）,total,a45_49,45-49歳,45,49,False,False,2023,1594.0,17.9,9115.0
heart_disease,Hi05,Hi05_心疾患（高血圧性を除く）,total,a45_49,45-49歳,45,49,False,False,2024,1434.0,16.8,8745.0
heart_disease,Hi05,Hi05_心疾患（高血圧性を除く）,total,a50_54,50-54歳,50,54,False,False,1950,3636.0,107.3,
heart_disease,Hi05,Hi05_心疾患（高血圧性を除く）,total,a50_54,50-54歳,50,54,False,False,1955,3329.0,86.5,
heart_disease,Hi05,Hi05_心疾患（高血圧性を除く）,total,a50_54,50-54歳,50,54,False,False,1960,3331.0,79.3,
heart_disease,Hi05,Hi05_心疾患（高血圧性を除く）,total,a50_54,50-54歳,50,54,False,False,1965,3188.0,68.4,
heart_disease,Hi05,Hi05_心疾患（高血圧性を除く）,total,a50_54,50-54歳,50,54,False,False,1970,3137.0,65.7,
heart_disease,Hi05,Hi05_心疾患（高血圧性を除く）,total,a50_54,50-54歳,50,54,False,False,1975,3264.0,56.8,
heart_disease,Hi05,Hi05_心疾患（高血圧性を除く）,total,a50_54,50-54歳,50,54,False,False,1980,4376.0,61.0,7200.0
heart_disease,Hi05,Hi05_心疾患（高血圧性を除く）,total,a50_54,50-54歳,50,54,False,False,1985,4510.0,57.3,7933.0
heart_disease,Hi05,Hi05_心疾患（高血圧性を除く）,total,a50_54,50-54歳,50,54,False,False,1990,4156.0,51.5,8088.0
heart_disease,Hi05,Hi05_心疾患（高血圧性を除く）,total,a50_54,50-54歳,50,54,False,False,1995,3453.0,38.9,8922.0
heart_disease,Hi05,Hi05_心疾患（高血圧性を除く）,total,a50_54,50-54歳,50,54,False,False,2000,3929.0,37.8,10461.0
heart_disease,Hi05,Hi05_心疾患（高血圧性を除く）,total,a50_54,50-54歳,50,54,False,False,2005,3527.0,40.3,8828.0
heart_disease,Hi05,Hi05_心疾患（高血圧性を除く）,total,a50_54,50-54歳,50,54,False,False,2010,2636.0,34.6,7700.0
heart_disease,Hi05,Hi05_心疾患（高血圧性を除く）,total,a50_54,50-54歳,50,54,False,False,2013,2558.0,33.5,7734.0
heart_disease,Hi05,Hi05_心疾患（高血圧性を除く）,total,a50_54,50-54歳,50,54,False,False,2014,2562.0,33.3,7791.0
heart_disease,Hi05,Hi05_心疾患（高血圧性を除く）,total,a50_54,50-54歳,50,54,False,False,2015,2550.0,32.2,8024.0
heart_disease,Hi05,Hi05_心疾患（高血圧性を除く）,total,a50_54,50-54歳,50,54,False,False,2016,2478.0,31.8,7912.0
heart_disease,Hi05,Hi05_心疾患（高血圧性を除く）,total,a50_54,50-54歳,50,54,False,False,2017,2393.0,29.8,8173.0
heart_disease,Hi05,Hi05_心疾患（高血圧性を除く）,total,a50_54,50-54歳,50,54,False,False,2018,2436.0,29.6,8386.0
heart_disease,Hi05,Hi05_心疾患（高血圧性を除く）,total,a50_54,50-54歳,50,54,False,False,2019,2572.0,30.5,8606.0
heart_disease,Hi05,Hi05_心疾患（高血圧性を除く）,total,a50_54,50-54歳,50,54,False,False,2020,2578.0,30.1,8738.0
heart_disease,Hi05,Hi05_心疾患（高血圧性を除く）,total,a50_54,50-54歳,50,54,False,False,2021,2797.0,30.8,9252.0
heart_disease,Hi05,Hi05_心疾患（高血圧性を除く）,total,a50_54,50-54歳,50,54,False,False,2022,2840.0,30.7,9435.0
heart_disease,Hi05,Hi05_心疾患（高血圧性を除く）,total,a50_54,50-54歳,50,54,False,False,2023,2923.0,30.9,9650.0
heart_disease,Hi05,Hi05_心疾患（高血圧性を除く）,total,a50_54,50-54歳,50,54,False,False,2024,2823.0,29.4,9788.0
heart_disease,Hi05,Hi05_心疾患（高血圧性を除く）,total,a55_59,55-59歳,55,59,False,False,1950,4678.0,170.2,
heart_disease,Hi05,Hi05_心疾患（高血圧性を除く）,total,a55_59,55-59歳,55,59,False,False,1955,4392.0,137.0,
heart_disease,Hi05,Hi05_心疾患（高血圧性を除く）,total,a55_59,55-59歳,55,59,False,False,1960,4909.0,134.8,
heart_disease,Hi05,Hi05_心疾患（高血圧性を除く）,total,a55_59,55-59歳,55,59,False,False,1965,4806.0,120.1,
heart_disease,Hi05,Hi05_心疾患（高血圧性を除く）,total,a55_59,55-59歳,55,59,False,False,1970,5123.0,116.4,
heart_disease,Hi05,Hi05_心疾患（高血圧性を除く）,total,a55_59,55-59歳,55,59,False,False,1975,4426.0,95.2,
heart_disease,Hi05,Hi05_心疾患（高血圧性を除く）,total,a55_59,55-59歳,55,59,False,False,1980,5368.0,96.2,5614.0
heart_disease,Hi05,Hi05_心疾患（高血圧性を除く）,total,a55_59,55-59歳,55,59,False,False,1985,6147.0,88.3,7000.0
heart_disease,Hi05,Hi05_心疾患（高血圧性を除く）,total,a55_59,55-59歳,55,59,False,False,1990,6570.0,85.2,7725.0
heart_disease,Hi05,Hi05_心疾患（高血圧性を除く）,total,a55_59,55-59歳,55,59,False,False,1995,5173.0,65.4,7953.0
heart_disease,Hi05,Hi05_心疾患（高血圧性を除く）,total,a55_59,55-59歳,55,59,False,False,2000,5094.0,58.6,8750.0
heart_disease,Hi05,Hi05_心疾患（高血圧性を除く）,total,a55_59,55-59歳,55,59,False,False,2005,6145.0,60.1,10294.0
heart_disease,Hi05,Hi05_心疾患（高血圧性を除く）,total,a55_59,55-59歳,55,59,False,False,2010,4674.0,54.0,8728.0
heart_disease,Hi05,Hi05_心疾患（高血圧性を除く）,total,a55_59,55-59歳,55,59,False,False,2013,3822.0,49.9,7731.0
heart_disease,Hi05,Hi05_心疾患（高血圧性を除く）,total,a55_59,55-59歳,55,59,False,False,2014,3689.0,48.7,7654.0
heart_disease,Hi05,Hi05_心疾患（高血圧性を除く）,total,a55_59,55-59歳,55,59,False,False,2015,3426.0,45.6,7601.0
heart_disease,Hi05,Hi05_心疾患（高血圧性を除く）,total,a55_59,55-59歳,55,59,False,False,2016,3490.0,46.8,7550.0
heart_disease,Hi05,Hi05_心疾患（高血圧性を除く）,total,a55_59,55-59歳,55,59,False,False,2017,3377.0,45.0,7603.0
heart_disease,Hi05,Hi05_心疾患（高血圧性を除く）,total,a55_59,55-59歳,55,59,False,False,2018,3348.0,44.3,7670.0
heart_disease,Hi05,Hi05_心疾患（高血圧性を除く）,total,a55_59,55-59歳,55,59,False,False,2019,3461.0,45.5,7740.0
heart_disease,Hi05,Hi05_心疾患（高血圧性を除く）,total,a55_59,55-59歳,55,59,False,False,2020,3594.0,46.0,7940.0
heart_disease,Hi05,Hi05_心疾患（高血圧性を除く）,total,a55_59,55-59歳,55,59,False,False,2021,3544.0,46.1,7824.0
heart_disease,Hi05,Hi05_心疾患（高血圧性を除く）,total,a55_59,55-59歳,55,59,False,False,2022,3777.0,47.6,8075.0
heart_disease,Hi05,Hi05_心疾患（高血圧性を除く）,total,a55_59,55-59歳,55,59,False,False,2023,3978.0,48.9,8279.0
heart_disease,Hi05,Hi05_心疾患（高血圧性を除く）,total,a55_59,55-59歳,55,59,False,False,2024,3980.0,47.7,8490.0
heart_disease,Hi05,Hi05_心疾患（高血圧性を除く）,total,a60_64,60-64歳,60,64,False,False,1950,6289.0,273.0,
heart_disease,Hi05,Hi05_心疾患（高血圧性を除く）,total,a60_64,60-64歳,60,64,False,False,1955,5646.0,226.1,
heart_disease,Hi05,Hi05_心疾患（高血圧性を除く）,total,a60_64,60-64歳,60,64,False,False,1960,6727.0,229.5,
heart_disease,Hi05,Hi05_心疾患（高血圧性を除く）,total,a60_64,60-64歳,60,64,False,False,1965,7082.0,211.8,
heart_disease,Hi05,Hi05_心疾患（高血圧性を除く）,total,a60_64,60-64歳,60,64,False,False,1970,7623.0,205.5,
heart_disease,Hi05,Hi05_心疾患（高血圧性を除く）,total,a60_64,60-64歳,60,64,False,False,1975,7063.0,165.7,
heart_disease,Hi05,Hi05_心疾患（高血圧性を除く）,total,a60_64,60-64歳,60,64,False,False,1980,7498.0,168.8,4465.0
heart_disease,Hi05,Hi05_心疾患（高血圧性を除く）,total,a60_64,60-64歳,60,64,False,False,1985,7783.0,145.2,5406.0
heart_disease,Hi05,Hi05_心疾患（高血圧性を除く）,total,a60_64,60-64歳,60,64,False,False,1990,9461.0,140.5,6745.0
heart_disease,Hi05,Hi05_心疾患（高血圧性を除く）,total,a60_64,60-64歳,60,64,False,False,1995,8141.0,109.3,7475.0
heart_disease,Hi05,Hi05_心疾患（高血圧性を除く）,total,a60_64,60-64歳,60,64,False,False,2000,7383.0,95.7,7750.0
heart_disease,Hi05,Hi05_心疾患（高血圧性を除く）,total,a60_64,60-64歳,60,64,False,False,2005,7950.0,93.2,8577.0
heart_disease,Hi05,Hi05_心疾患（高血圧性を除く）,total,a60_64,60-64歳,60,64,False,False,2010,8069.0,80.3,10112.0
heart_disease,Hi05,Hi05_心疾患（高血圧性を除く）,total,a60_64,60-64歳,60,64,False,False,2013,7667.0,79.8,9666.0
heart_disease,Hi05,Hi05_心疾患（高血圧性を除く）,total,a60_64,60-64歳,60,64,False,False,2014,7133.0,80.0,8980.0
heart_disease,Hi05,Hi05_心疾患（高血圧性を除く）,total,a60_64,60-64歳,60,64,False,False,2015,6406.0,75.5,8552.0
heart_disease,Hi05,Hi05_心疾患（高血圧性を除く）,total,a60_64,60-64歳,60,64,False,False,2016,5825.0,72.0,8160.0
heart_disease,Hi05,Hi05_心疾患（高血圧性を除く）,total,a60_64,60-64歳,60,64,False,False,2017,5425.0,70.1,7807.0
heart_disease,Hi05,Hi05_心疾患（高血圧性を除く）,total,a60_64,60-64歳,60,64,False,False,2018,5328.0,70.8,7597.0
heart_disease,Hi05,Hi05_心疾患（高血圧性を除く）,total,a60_64,60-64歳,60,64,False,False,2019,5329.0,71.5,7533.0
heart_disease,Hi05,Hi05_心疾患（高血圧性を除く）,total,a60_64,60-64歳,60,64,False,False,2020,4985.0,67.8,7442.0
heart_disease,Hi05,Hi05_心疾患（高血圧性を除く）,total,a60_64,60-64歳,60,64,False,False,2021,5122.0,70.2,7391.0
heart_disease,Hi05,Hi05_心疾患（高血圧性を除く）,total,a60_64,60-64歳,60,64,False,False,2022,5502.0,74.9,7445.0
heart_disease,Hi05,Hi05_心疾患（高血圧性を除く）,total,a60_64,60-64歳,60,64,False,False,2023,5646.0,76.3,7507.0
heart_disease,Hi05,Hi05_心疾患（高血圧性を除く）,total,a60_64,60-64歳,60,64,False,False,2024,5432.0,72.8,7571.0
heart_disease,Hi05,Hi05_心疾患（高血圧性を除く）,total,a65_69,65-69歳,65,69,False,False,1950,7772.0,438.9,
heart_disease,Hi05,Hi05_心疾患（高血圧性を除く）,total,a65_69,65-69歳,65,69,False,False,1955,7443.0,378.4,
heart_disease,Hi05,Hi05_心疾患（高血圧性を除く）,total,a65_69,65-69歳,65,69,False,False,1960,8460.0,391.6,
heart_disease,Hi05,Hi05_心疾患（高血圧性を除く）,total,a65_69,65-69歳,65,69,False,False,1965,9524.0,371.7,
heart_disease,Hi05,Hi05_心疾患（高血圧性を除く）,total,a65_69,65-69歳,65,69,False,False,1970,11036.0,371.1,
heart_disease,Hi05,Hi05_心疾患（高血圧性を除く）,total,a65_69,65-69歳,65,69,False,False,1975,10564.0,307.5,
heart_disease,Hi05,Hi05_心疾患（高血圧性を除く）,total,a65_69,65-69歳,65,69,False,False,1980,12149.0,307.8,3965.0
heart_disease,Hi05,Hi05_心疾患（高血圧性を除く）,total,a65_69,65-69歳,65,69,False,False,1985,11132.0,267.3,4193.0
heart_disease,Hi05,Hi05_心疾患（高血圧性を除く）,total,a65_69,65-69歳,65,69,False,False,1990,11813.0,232.0,5104.0
heart_disease,Hi05,Hi05_心疾患（高血圧性を除く）,total,a65_69,65-69歳,65,69,False,False,1995,11437.0,179.5,6396.0
heart_disease,Hi05,Hi05_心疾患（高血圧性を除く）,total,a65_69,65-69歳,65,69,False,False,2000,11133.0,157.0,7118.0
heart_disease,Hi05,Hi05_心疾患（高血圧性を除く）,total,a65_69,65-69歳,65,69,False,False,2005,10739.0,144.7,7460.0
heart_disease,Hi05,Hi05_心疾患（高血圧性を除く）,total,a65_69,65-69歳,65,69,False,False,2010,10232.0,124.3,8272.0
heart_disease,Hi05,Hi05_心疾患（高血圧性を除く）,total,a65_69,65-69歳,65,69,False,False,2013,10026.0,115.9,8699.0
heart_disease,Hi05,Hi05_心疾患（高血圧性を除く）,total,a65_69,65-69歳,65,69,False,False,2014,10190.0,111.9,9154.0
heart_disease,Hi05,Hi05_心疾患（高血圧性を除く）,total,a65_69,65-69歳,65,69,False,False,2015,10564.0,108.8,9759.0
heart_disease,Hi05,Hi05_心疾患（高血圧性を除く）,total,a65_69,65-69歳,65,69,False,False,2016,11296.0,110.5,10269.0
heart_disease,Hi05,Hi05_心疾患（高血圧性を除く）,total,a65_69,65-69歳,65,69,False,False,2017,11050.0,112.0,9910.0
heart_disease,Hi05,Hi05_心疾患（高血圧性を除く）,total,a65_69,65-69歳,65,69,False,False,2018,10602.0,113.8,9356.0
heart_disease,Hi05,Hi05_心疾患（高血圧性を除く）,total,a65_69,65-69歳,65,69,False,False,2019,9641.0,111.4,8698.0
heart_disease,Hi05,Hi05_心疾患（高血圧性を除く）,total,a65_69,65-69歳,65,69,False,False,2020,8809.0,107.8,8236.0
heart_disease,Hi05,Hi05_心疾患（高血圧性を除く）,total,a65_69,65-69歳,65,69,False,False,2021,8412.0,107.8,7869.0
heart_disease,Hi05,Hi05_心疾患（高血圧性を除く）,total,a65_69,65-69歳,65,69,False,False,2022,8422.0,112.8,7535.0
heart_disease,Hi05,Hi05_心疾患（高血圧性を除く）,total,a65_69,65-69歳,65,69,False,False,2023,8188.0,112.8,7332.0
heart_disease,Hi05,Hi05_心疾患（高血圧性を除く）,total,a65_69,65-69歳,65,69,False,False,2024,8034.0,111.7,7268.0
heart_disease,Hi05,Hi05_心疾患（高血圧性を除く）,total,a70_74,70-74歳,70,74,False,False,1950,7526.0,587.2,
heart_disease,Hi05,Hi05_心疾患（高血圧性を除く）,total,a70_74,70-74歳,70,74,False,False,1955,8557.0,614.4,
heart_disease,Hi05,Hi05_心疾患（高血圧性を除く）,total,a70_74,70-74歳,70,74,False,False,1960,10788.0,689.9,
heart_disease,Hi05,Hi05_心疾患（高血圧性を除く）,total,a70_74,70-74歳,70,74,False,False,1965,11409.0,654.0,
heart_disease,Hi05,Hi05_心疾患（高血圧性を除く）,total,a70_74,70-74歳,70,74,False,False,1970,14012.0,658.5,
heart_disease,Hi05,Hi05_心疾患（高血圧性を除く）,total,a70_74,70-74歳,70,74,False,False,1975,15073.0,587.1,
heart_disease,Hi05,Hi05_心疾患（高血圧性を除く）,total,a70_74,70-74歳,70,74,False,False,1980,17741.0,589.0,3023.0
heart_disease,Hi05,Hi05_心疾患（高血圧性を除く）,total,a70_74,70-74歳,70,74,False,False,1985,18388.0,520.6,3563.0
heart_disease,Hi05,Hi05_心疾患（高血圧性を除く）,total,a70_74,70-74歳,70,74,False,False,1990,17204.0,451.6,3818.0
heart_disease,Hi05,Hi05_心疾患（高血圧性を除く）,total,a70_74,70-74歳,70,74,False,False,1995,14861.0,317.9,4695.0
heart_disease,Hi05,Hi05_心疾患（高血圧性を除く）,total,a70_74,70-74歳,70,74,False,False,2000,15768.0,267.7,5910.0
heart_disease,Hi05,Hi05_心疾患（高血圧性を除く）,total,a70_74,70-74歳,70,74,False,False,2005,16612.0,250.4,6661.0
heart_disease,Hi05,Hi05_心疾患（高血圧性を除く）,total,a70_74,70-74歳,70,74,False,False,2010,14244.0,203.9,7018.0
heart_disease,Hi05,Hi05_心疾患（高血圧性を除く）,total,a70_74,70-74歳,70,74,False,False,2013,14148.0,187.1,7596.0
heart_disease,Hi05,Hi05_心疾患（高血圧性を除く）,total,a70_74,70-74歳,70,74,False,False,2014,14492.0,183.6,7928.0
heart_disease,Hi05,Hi05_心疾患（高血圧性を除く）,total,a70_74,70-74歳,70,74,False,False,2015,13960.0,180.1,7787.0
heart_disease,Hi05,Hi05_心疾患（高血圧性を除く）,total,a70_74,70-74歳,70,74,False,False,2016,13355.0,181.1,7400.0
heart_disease,Hi05,Hi05_心疾患（高血圧性を除く）,total,a70_74,70-74歳,70,74,False,False,2017,13251.0,171.8,7733.0
heart_disease,Hi05,Hi05_心疾患（高血圧性を除く）,total,a70_74,70-74歳,70,74,False,False,2018,14080.0,171.8,8210.0
heart_disease,Hi05,Hi05_心疾患（高血圧性を除く）,total,a70_74,70-74歳,70,74,False,False,2019,14456.0,167.2,8655.0
heart_disease,Hi05,Hi05_心疾患（高血圧性を除く）,total,a70_74,70-74歳,70,74,False,False,2020,15182.0,166.1,9189.0
heart_disease,Hi05,Hi05_心疾患（高血圧性を除く）,total,a70_74,70-74歳,70,74,False,False,2021,16323.0,169.7,9672.0
heart_disease,Hi05,Hi05_心疾患（高血圧性を除く）,total,a70_74,70-74歳,70,74,False,False,2022,17639.0,190.0,9337.0
heart_disease,Hi05,Hi05_心疾患（高血圧性を除く）,total,a70_74,70-74歳,70,74,False,False,2023,16516.0,188.5,8817.0
heart_disease,Hi05,Hi05_心疾患（高血圧性を除く）,total,a70_74,70-74歳,70,74,False,False,2024,15138.0,185.9,8198.0
heart_disease,Hi05,Hi05_心疾患（高血圧性を除く）,total,a75_79,75-79歳,75,79,False,False,1950,4948.0,721.6,
heart_disease,Hi05,Hi05_心疾患（高血圧性を除く）,total,a75_79,75-79歳,75,79,False,False,1955,7603.0,868.2,
heart_disease,Hi05,Hi05_心疾患（高血圧性を除く）,total,a75_79,75-79歳,75,79,False,False,1960,11160.0,1169.0,
heart_disease,Hi05,Hi05_心疾患（高血圧性を除く）,total,a75_79,75-79歳,75,79,False,False,1965,12998.0,1186.0,
heart_disease,Hi05,Hi05_心疾患（高血圧性を除く）,total,a75_79,75-79歳,75,79,False,False,1970,14977.0,1183.1,
heart_disease,Hi05,Hi05_心疾患（高血圧性を除く）,total,a75_79,75-79歳,75,79,False,False,1975,17712.0,1082.1,
heart_disease,Hi05,Hi05_心疾患（高血圧性を除く）,total,a75_79,75-79歳,75,79,False,False,1980,23025.0,1133.8,2037.0
heart_disease,Hi05,Hi05_心疾患（高血圧性を除く）,total,a75_79,75-79歳,75,79,False,False,1985,25290.0,1038.8,2493.0
heart_disease,Hi05,Hi05_心疾患（高血圧性を除く）,total,a75_79,75-79歳,75,79,False,False,1990,27937.0,926.8,3018.0
heart_disease,Hi05,Hi05_心疾患（高血圧性を除く）,total,a75_79,75-79歳,75,79,False,False,1995,20317.0,620.0,3289.0
heart_disease,Hi05,Hi05_心疾患（高血圧性を除く）,total,a75_79,75-79歳,75,79,False,False,2000,20260.0,489.4,4157.0
heart_disease,Hi05,Hi05_心疾患（高血圧性を除く）,total,a75_79,75-79歳,75,79,False,False,2005,24014.0,456.4,5280.0
heart_disease,Hi05,Hi05_心疾患（高血圧性を除く）,total,a75_79,75-79歳,75,79,False,False,2010,23433.0,392.4,5992.0
heart_disease,Hi05,Hi05_心疾患（高血圧性を除く）,total,a75_79,75-79歳,75,79,False,False,2013,21997.0,350.4,6302.0
heart_disease,Hi05,Hi05_心疾患（高血圧性を除く）,total,a75_79,75-79歳,75,79,False,False,2014,21573.0,345.5,6269.0
heart_disease,Hi05,Hi05_心疾患（高血圧性を除く）,total,a75_79,75-79歳,75,79,False,False,2015,20721.0,327.4,6354.0
heart_disease,Hi05,Hi05_心疾患（高血圧性を除く）,total,a75_79,75-79歳,75,79,False,False,2016,20443.0,314.5,6521.0
heart_disease,Hi05,Hi05_心疾患（高血圧性を除く）,total,a75_79,75-79歳,75,79,False,False,2017,20823.0,310.3,6728.0
heart_disease,Hi05,Hi05_心疾患（高血圧性を除く）,total,a75_79,75-79歳,75,79,False,False,2018,21030.0,304.6,6913.0
heart_disease,Hi05,Hi05_心疾患（高血圧性を除く）,total,a75_79,75-79歳,75,79,False,False,2019,21046.0,291.8,7214.0
heart_disease,Hi05,Hi05_心疾患（高血圧性を除く）,total,a75_79,75-79歳,75,79,False,False,2020,20995.0,298.6,7065.0
heart_disease,Hi05,Hi05_心疾患（高血圧性を除く）,total,a75_79,75-79歳,75,79,False,False,2021,20267.0,303.5,6712.0
heart_disease,Hi05,Hi05_心疾患（高血圧性を除く）,total,a75_79,75-79歳,75,79,False,False,2022,21891.0,313.0,7030.0
heart_disease,Hi05,Hi05_心疾患（高血圧性を除く）,total,a75_79,75-79歳,75,79,False,False,2023,22923.0,308.3,7474.0
heart_disease,Hi05,Hi05_心疾患（高血圧性を除く）,total,a75_79,75-79歳,75,79,False,False,2024,23033.0,293.6,7886.0
heart_disease,Hi05,Hi05_心疾患（高血圧性を除く）,total,a80_84,80-84歳,80,84,False,False,1950,2413.0,875.0,
heart_disease,Hi05,Hi05_心疾患（高血圧性を除く）,total,a80_84,80-84歳,80,84,False,False,1955,4069.0,1077.1,
heart_disease,Hi05,Hi05_心疾患（高血圧性を除く）,total,a80_84,80-84歳,80,84,False,False,1960,8387.0,1736.7,
heart_disease,Hi05,Hi05_心疾患（高血圧性を除く）,total,a80_84,80-84歳,80,84,False,False,1965,10662.0,2018.9,
heart_disease,Hi05,Hi05_心疾患（高血圧性を除く）,total,a80_84,80-84歳,80,84,False,False,1970,13378.0,2063.0,
heart_disease,Hi05,Hi05_心疾患（高血圧性を除く）,total,a80_84,80-84歳,80,84,False,False,1975,16656.0,2063.2,
heart_disease,Hi05,Hi05_心疾患（高血圧性を除く）,total,a80_84,80-84歳,80,84,False,False,1980,22560.0,2067.6,1094.0
heart_disease,Hi05,Hi05_心疾患（高血圧性を除く）,total,a80_84,80-84歳,80,84,False,False,1985,28078.0,1940.6,1433.0
heart_disease,Hi05,Hi05_心疾患（高血圧性を除く）,total,a80_84,80-84歳,80,84,False,False,1990,33607.0,1834.7,1833.0
heart_disease,Hi05,Hi05_心疾患（高血圧性を除く）,total,a80_84,80-84歳,80,84,False,False,1995,27716.0,1208.3,2301.0
heart_disease,Hi05,Hi05_心疾患（高血圧性を除く）,total,a80_84,80-84歳,80,84,False,False,2000,25043.0,959.7,2619.0
heart_disease,Hi05,Hi05_心疾患（高血圧性を除く）,total,a80_84,80-84歳,80,84,False,False,2005,29569.0,867.3,3423.0
heart_disease,Hi05,Hi05_心疾患（高血圧性を除く）,total,a80_84,80-84歳,80,84,False,False,2010,33939.0,777.8,4376.0
heart_disease,Hi05,Hi05_心疾患（高血圧性を除く）,total,a80_84,80-84歳,80,84,False,False,2013,34861.0,734.2,4762.0
heart_disease,Hi05,Hi05_心疾患（高血圧性を除く）,total,a80_84,80-84歳,80,84,False,False,2014,33766.0,695.5,4869.0
heart_disease,Hi05,Hi05_心疾患（高血圧性を除く）,total,a80_84,80-84歳,80,84,False,False,2015,33454.0,667.5,5026.0
heart_disease,Hi05,Hi05_心疾患（高血圧性を除く）,total,a80_84,80-84歳,80,84,False,False,2016,33039.0,639.6,5179.0
heart_disease,Hi05,Hi05_心疾患（高血圧性を除く）,total,a80_84,80-84歳,80,84,False,False,2017,33443.0,633.7,5288.0
heart_disease,Hi05,Hi05_心疾患（高血圧性を除く）,total,a80_84,80-84歳,80,84,False,False,2018,33192.0,622.7,5338.0
heart_disease,Hi05,Hi05_心疾患（高血圧性を除く）,total,a80_84,80-84歳,80,84,False,False,2019,32199.0,606.3,5314.0
heart_disease,Hi05,Hi05_心疾患（高血圧性を除く）,total,a80_84,80-84歳,80,84,False,False,2020,30761.0,571.5,5404.0
heart_disease,Hi05,Hi05_心疾患（高血圧性を除く）,total,a80_84,80-84歳,80,84,False,False,2021,31445.0,567.6,5563.0
heart_disease,Hi05,Hi05_心疾患（高血圧性を除く）,total,a80_84,80-84歳,80,84,False,False,2022,35048.0,612.8,5743.0
heart_disease,Hi05,Hi05_心疾患（高血圧性を除く）,total,a80_84,80-84歳,80,84,False,False,2023,34240.0,583.3,5895.0
heart_disease,Hi05,Hi05_心疾患（高血圧性を除く）,total,a80_84,80-84歳,80,84,False,False,2024,35058.0,573.6,6138.0
heart_disease,Hi05,Hi05_心疾患（高血圧性を除く）,total,a85_89,85-89歳,85,89,False,False,1950,772.0,976.6,
heart_disease,Hi05,Hi05_心疾患（高血圧性を除く）,total,a85_89,85-89歳,85,89,False,False,1955,1498.0,1345.2,
heart_disease,Hi05,Hi05_心疾患（高血圧性を除く）,total,a85_89,85-89歳,85,89,False,False,1960,3602.0,2311.7,
heart_disease,Hi05,Hi05_心疾患（高血圧性を除く）,total,a85_89,85-89歳,85,89,False,False,1965,5700.0,2862.0,
heart_disease,Hi05,Hi05_心疾患（高血圧性を除く）,total,a85_89,85-89歳,85,89,False,False,1970,7944.0,3464.1,
heart_disease,Hi05,Hi05_心疾患（高血圧性を除く）,total,a85_89,85-89歳,85,89,False,False,1975,10926.0,3541.4,
heart_disease,Hi05,Hi05_心疾患（高血圧性を除く）,total,a85_89,85-89歳,85,89,False,False,1980,14527.0,3549.2,410.0
heart_disease,Hi05,Hi05_心疾患（高血圧性を除く）,total,a85_89,85-89歳,85,89,False,False,1985,20766.0,3541.3,604.0
heart_disease,Hi05,Hi05_心疾患（高血圧性を除く）,total,a85_89,85-89歳,85,89,False,False,1990,28575.0,3430.8,833.0
heart_disease,Hi05,Hi05_心疾患（高血圧性を除く）,total,a85_89,85-89歳,85,89,False,False,1995,24564.0,2165.9,1137.0
heart_disease,Hi05,Hi05_心疾患（高血圧性を除く）,total,a85_89,85-89歳,85,89,False,False,2000,28155.0,1839.8,1535.0
heart_disease,Hi05,Hi05_心疾患（高血圧性を除く）,total,a85_89,85-89歳,85,89,False,False,2005,31159.0,1685.6,1855.0
heart_disease,Hi05,Hi05_心疾患（高血圧性を除く）,total,a85_89,85-89歳,85,89,False,False,2010,37908.0,1549.7,2454.0
heart_disease,Hi05,Hi05_心疾患（高血圧性を除く）,total,a85_89,85-89歳,85,89,False,False,2013,42501.0,1456.5,2926.0
heart_disease,Hi05,Hi05_心疾患（高血圧性を除く）,total,a85_89,85-89歳,85,89,False,False,2014,43278.0,1417.1,3063.0
heart_disease,Hi05,Hi05_心疾患（高血圧性を除く）,total,a85_89,85-89歳,85,89,False,False,2015,43230.0,1372.9,3156.0
heart_disease,Hi05,Hi05_心疾患（高血圧性を除く）,total,a85_89,85-89歳,85,89,False,False,2016,43260.0,1324.1,3272.0
heart_disease,Hi05,Hi05_心疾患（高血圧性を除く）,total,a85_89,85-89歳,85,89,False,False,2017,45382.0,1339.5,3398.0
heart_disease,Hi05,Hi05_心疾患（高血圧性を除く）,total,a85_89,85-89歳,85,89,False,False,2018,45586.0,1300.4,3516.0
heart_disease,Hi05,Hi05_心疾患（高血圧性を除く）,total,a85_89,85-89歳,85,89,False,False,2019,45210.0,1254.8,3611.0
heart_disease,Hi05,Hi05_心疾患（高血圧性を除く）,total,a85_89,85-89歳,85,89,False,False,2020,44484.0,1192.3,3742.0
heart_disease,Hi05,Hi05_心疾患（高血圧性を除く）,total,a85_89,85-89歳,85,89,False,False,2021,46478.0,1204.1,3872.0
heart_disease,Hi05,Hi05_心疾患（高血圧性を除く）,total,a85_89,85-89歳,85,89,False,False,2022,50334.0,1276.8,3955.0
heart_disease,Hi05,Hi05_心疾患（高血圧性を除く）,total,a85_89,85-89歳,85,89,False,False,2023,49430.0,1246.6,3979.0
heart_disease,Hi05,Hi05_心疾患（高血圧性を除く）,total,a85_89,85-89歳,85,89,False,False,2024,47262.0,1202.5,3944.0
heart_disease,Hi05,Hi05_心疾患（高血圧性を除く）,total,a90_94,90-94歳,90,94,False,False,1950,167.0,1174.0,
heart_disease,Hi05,Hi05_心疾患（高血圧性を除く）,total,a90_94,90-94歳,90,94,False,False,1955,287.0,1423.1,
heart_disease,Hi05,Hi05_心疾患（高血圧性を除く）,total,a90_94,90-94歳,90,94,False,False,1960,815.0,2849.0,
heart_disease,Hi05,Hi05_心疾患（高血圧性を除く）,total,a90_94,90-94歳,90,94,False,False,1965,1530.0,3423.6,
heart_disease,Hi05,Hi05_心疾患（高血圧性を除く）,total,a90_94,90-94歳,90,94,False,False,1970,2786.0,4929.4,
heart_disease,Hi05,Hi05_心疾患（高血圧性を除く）,total,a90_94,90-94歳,90,94,False,False,1975,3985.0,5911.1,
heart_disease,Hi05,Hi05_心疾患（高血圧性を除く）,total,a90_94,90-94歳,90,94,False,False,1980,5759.0,5829.8,
heart_disease,Hi05,Hi05_心疾患（高血圧性を除く）,total,a90_94,90-94歳,90,94,False,False,1985,8454.0,5651.4,
heart_disease,Hi05,Hi05_心疾患（高血圧性を除く）,total,a90_94,90-94歳,90,94,False,False,1990,14142.0,6175.5,248.0
heart_disease,Hi05,Hi05_心疾患（高血圧性を除く）,total,a90_94,90-94歳,90,94,False,False,1995,13167.0,3891.0,368.0
heart_disease,Hi05,Hi05_心疾患（高血圧性を除く）,total,a90_94,90-94歳,90,94,False,False,2000,17763.0,3474.3,571.0
heart_disease,Hi05,Hi05_心疾患（高血圧性を除く）,total,a90_94,90-94歳,90,94,False,False,2005,25933.0,3083.3,843.0
heart_disease,Hi05,Hi05_心疾患（高血圧性を除く）,total,a90_94,90-94歳,90,94,False,False,2010,30749.0,2996.1,1029.0
heart_disease,Hi05,Hi05_心疾患（高血圧性を除く）,total,a90_94,90-94歳,90,94,False,False,2013,34026.0,2805.1,1216.0
heart_disease,Hi05,Hi05_心疾患（高血圧性を除く）,total,a90_94,90-94歳,90,94,False,False,2014,35377.0,2717.1,1305.0
heart_disease,Hi05,Hi05_心疾患（高血圧性を除く）,total,a90_94,90-94歳,90,94,False,False,2015,36334.0,2672.4,1363.0
heart_disease,Hi05,Hi05_心疾患（高血圧性を除く）,total,a90_94,90-94歳,90,94,False,False,2016,38386.0,2602.4,1469.0
heart_disease,Hi05,Hi05_心疾患（高血圧性を除く）,total,a90_94,90-94歳,90,94,False,False,2017,41281.0,2614.4,1556.0
heart_disease,Hi05,Hi05_心疾患（高血圧性を除く）,total,a90_94,90-94歳,90,94,False,False,2018,43343.0,2593.8,1639.0
heart_disease,Hi05,Hi05_心疾患（高血圧性を除く）,total,a90_94,90-94歳,90,94,False,False,2019,44007.0,2503.2,1724.0
heart_disease,Hi05,Hi05_心疾患（高血圧性を除く）,total,a90_94,90-94歳,90,94,False,False,2020,43768.0,2422.9,1811.0
heart_disease,Hi05,Hi05_心疾患（高血圧性を除く）,total,a90_94,90-94歳,90,94,False,False,2021,46981.0,2472.7,1904.0
heart_disease,Hi05,Hi05_心疾患（高血圧性を除く）,total,a90_94,90-94歳,90,94,False,False,2022,50921.0,2566.6,1989.0
heart_disease,Hi05,Hi05_心疾患（高血圧性を除く）,total,a90_94,90-94歳,90,94,False,False,2023,50793.0,2488.6,2045.0
heart_disease,Hi05,Hi05_心疾患（高血圧性を除く）,total,a90_94,90-94歳,90,94,False,False,2024,49366.0,2369.9,2088.0
heart_disease,Hi05,Hi05_心疾患（高血圧性を除く）,total,a95_99,95-99歳,95,99,False,False,1950,23.0,,
heart_disease,Hi05,Hi05_心疾患（高血圧性を除く）,total,a95_99,95-99歳,95,99,False,False,1955,33.0,,
heart_disease,Hi05,Hi05_心疾患（高血圧性を除く）,total,a95_99,95-99歳,95,99,False,False,1960,92.0,,
heart_disease,Hi05,Hi05_心疾患（高血圧性を除く）,total,a95_99,95-99歳,95,99,False,False,1965,201.0,,
heart_disease,Hi05,Hi05_心疾患（高血圧性を除く）,total,a95_99,95-99歳,95,99,False,False,1970,428.0,,
heart_disease,Hi05,Hi05_心疾患（高血圧性を除く）,total,a95_99,95-99歳,95,99,False,False,1975,771.0,,
heart_disease,Hi05,Hi05_心疾患（高血圧性を除く）,total,a95_99,95-99歳,95,99,False,False,1980,1095.0,,
heart_disease,Hi05,Hi05_心疾患（高血圧性を除く）,total,a95_99,95-99歳,95,99,False,False,1985,1839.0,,
heart_disease,Hi05,Hi05_心疾患（高血圧性を除く）,total,a95_99,95-99歳,95,99,False,False,1990,3307.0,,38.0
heart_disease,Hi05,Hi05_心疾患（高血圧性を除く）,total,a95_99,95-99歳,95,99,False,False,1995,3581.0,,69.0
heart_disease,Hi05,Hi05_心疾患（高血圧性を除く）,total,a95_99,95-99歳,95,99,False,False,2000,5711.0,,119.0
heart_disease,Hi05,Hi05_心疾患（高血圧性を除く）,total,a95_99,95-99歳,95,99,False,False,2005,10256.0,4852.5,212.0
heart_disease,Hi05,Hi05_心疾患（高血圧性を除く）,total,a95_99,95-99歳,95,99,False,False,2010,15541.0,5221.5,298.0
heart_disease,Hi05,Hi05_心疾患（高血圧性を除く）,total,a95_99,95-99歳,95,99,False,False,2013,16768.0,4902.9,343.0
heart_disease,Hi05,Hi05_心疾患（高血圧性を除く）,total,a95_99,95-99歳,95,99,False,False,2014,16545.0,4713.7,352.0
heart_disease,Hi05,Hi05_心疾患（高血圧性を除く）,total,a95_99,95-99歳,95,99,False,False,2015,17218.0,4772.7,362.0
heart_disease,Hi05,Hi05_心疾患（高血圧性を除く）,total,a95_99,95-99歳,95,99,False,False,2016,17900.0,4685.9,384.0
heart_disease,Hi05,Hi05_心疾患（高血圧性を除く）,total,a95_99,95-99歳,95,99,False,False,2017,19768.0,4893.1,407.0
heart_disease,Hi05,Hi05_心疾患（高血圧性を除く）,total,a95_99,95-99歳,95,99,False,False,2018,20794.0,4736.7,437.0
heart_disease,Hi05,Hi05_心疾患（高血圧性を除く）,total,a95_99,95-99歳,95,99,False,False,2019,21508.0,4499.6,468.0
heart_disease,Hi05,Hi05_心疾患（高血圧性を除く）,total,a95_99,95-99歳,95,99,False,False,2020,21976.0,4402.7,500.0
heart_disease,Hi05,Hi05_心疾患（高血圧性を除く）,total,a95_99,95-99歳,95,99,False,False,2021,24580.0,4585.8,537.0
heart_disease,Hi05,Hi05_心疾患（高血圧性を除く）,total,a95_99,95-99歳,95,99,False,False,2022,27273.0,4870.2,561.0
heart_disease,Hi05,Hi05_心疾患（高血圧性を除く）,total,a95_99,95-99歳,95,99,False,False,2023,27391.0,4595.8,597.0
heart_disease,Hi05,Hi05_心疾患（高血圧性を除く）,total,a95_99,95-99歳,95,99,False,False,2024,27354.0,4321.3,635.0
heart_disease,Hi05,Hi05_心疾患（高血圧性を除く）,total,a100p,100歳以上,100,,False,False,1950,2.0,,
heart_disease,Hi05,Hi05_心疾患（高血圧性を除く）,total,a100p,100歳以上,100,,False,False,1955,4.0,,
heart_disease,Hi05,Hi05_心疾患（高血圧性を除く）,total,a100p,100歳以上,100,,False,False,1960,10.0,,
heart_disease,Hi05,Hi05_心疾患（高血圧性を除く）,total,a100p,100歳以上,100,,False,False,1965,7.0,,
heart_disease,Hi05,Hi05_心疾患（高血圧性を除く）,total,a100p,100歳以上,100,,False,False,1970,28.0,,
heart_disease,Hi05,Hi05_心疾患（高血圧性を除く）,total,a100p,100歳以上,100,,False,False,1975,66.0,,
heart_disease,Hi05,Hi05_心疾患（高血圧性を除く）,total,a100p,100歳以上,100,,False,False,1980,90.0,,
heart_disease,Hi05,Hi05_心疾患（高血圧性を除く）,total,a100p,100歳以上,100,,False,False,1985,196.0,,
heart_disease,Hi05,Hi05_心疾患（高血圧性を除く）,total,a100p,100歳以上,100,,False,False,1990,418.0,,3.0
heart_disease,Hi05,Hi05_心疾患（高血圧性を除く）,total,a100p,100歳以上,100,,False,False,1995,453.0,,6.0
heart_disease,Hi05,Hi05_心疾患（高血圧性を除く）,total,a100p,100歳以上,100,,False,False,2000,861.0,,12.0
heart_disease,Hi05,Hi05_心疾患（高血圧性を除く）,total,a100p,100歳以上,100,,False,False,2005,1807.0,7126.0,25.0
heart_disease,Hi05,Hi05_心疾患（高血圧性を除く）,total,a100p,100歳以上,100,,False,False,2010,3353.0,7637.6,44.0
heart_disease,Hi05,Hi05_心疾患（高血圧性を除く）,total,a100p,100歳以上,100,,False,False,2013,3894.0,7080.0,55.0
heart_disease,Hi05,Hi05_心疾患（高血圧性を除く）,total,a100p,100歳以上,100,,False,False,2014,4009.0,6681.7,60.0
heart_disease,Hi05,Hi05_心疾患（高血圧性を除く）,total,a100p,100歳以上,100,,False,False,2015,4165.0,6745.3,62.0
heart_disease,Hi05,Hi05_心疾患（高血圧性を除く）,total,a100p,100歳以上,100,,False,False,2016,4476.0,6886.2,66.0
heart_disease,Hi05,Hi05_心疾患（高血圧性を除く）,total,a100p,100歳以上,100,,False,False,2017,4838.0,7220.9,68.0
heart_disease,Hi05,Hi05_心疾患（高血圧性を除く）,total,a100p,100歳以上,100,,False,False,2018,4841.0,7015.9,70.0
heart_disease,Hi05,Hi05_心疾患（高血圧性を除く）,total,a100p,100歳以上,100,,False,False,2019,4719.0,6839.1,71.0
heart_disease,Hi05,Hi05_心疾患（高血圧性を除く）,total,a100p,100歳以上,100,,False,False,2020,4893.0,6104.5,80.0
heart_disease,Hi05,Hi05_心疾患（高血圧性を除く）,total,a100p,100歳以上,100,,False,False,2021,5352.0,6296.5,85.0
heart_disease,Hi05,Hi05_心疾患（高血圧性を除く）,total,a100p,100歳以上,100,,False,False,2022,5926.0,6811.5,87.0
heart_disease,Hi05,Hi05_心疾患（高血圧性を除く）,total,a100p,100歳以上,100,,False,False,2023,5844.0,6717.2,87.0
heart_disease,Hi05,Hi05_心疾患（高血圧性を除く）,total,a100p,100歳以上,100,,False,False,2024,5848.0,6721.8,87.0
heart_disease,Hi05,Hi05_心疾患（高血圧性を除く）,total,total,総数,,,False,True,1950,53377.0,64.2,
heart_disease,Hi05,Hi05_心疾患（高血圧性を除く）,total,total,総数,,,False,True,1955,54351.0,60.9,
heart_disease,Hi05,Hi05_心疾患（高血圧性を除く）,total,total,総数,,,False,True,1960,68400.0,73.2,
heart_disease,Hi05,Hi05_心疾患（高血圧性を除く）,total,total,総数,,,False,True,1965,75672.0,77.0,
heart_disease,Hi05,Hi05_心疾患（高血圧性を除く）,total,total,総数,,,False,True,1970,89411.0,86.7,
heart_disease,Hi05,Hi05_心疾患（高血圧性を除く）,total,total,総数,,,False,True,1975,99226.0,89.2,
heart_disease,Hi05,Hi05_心疾患（高血圧性を除く）,total,total,総数,,,False,True,1980,123505.0,106.2,117060.0
heart_disease,Hi05,Hi05_心疾患（高血圧性を除く）,total,total,総数,,,False,True,1985,141097.0,117.3,121049.0
heart_disease,Hi05,Hi05_心疾患（高血圧性を除く）,total,total,総数,,,False,True,1990,165478.0,134.8,123611.0
heart_disease,Hi05,Hi05_心疾患（高血圧性を除く）,total,total,総数,,,False,True,1995,139206.0,112.0,125570.0
heart_disease,Hi05,Hi05_心疾患（高血圧性を除く）,total,total,総数,,,False,True,2000,146741.0,116.8,126926.0
heart_disease,Hi05,Hi05_心疾患（高血圧性を除く）,total,total,総数,,,False,True,2005,173125.0,137.2,127768.0
heart_disease,Hi05,Hi05_心疾患（高血圧性を除く）,total,total,総数,,,False,True,2010,189361.0,149.8,128057.0
heart_disease,Hi05,Hi05_心疾患（高血圧性を除く）,total,total,総数,,,False,True,2013,196723.0,156.5,127298.0
heart_disease,Hi05,Hi05_心疾患（高血圧性を除く）,total,total,総数,,,False,True,2014,196931.0,157.0,127083.0
heart_disease,Hi05,Hi05_心疾患（高血圧性を除く）,total,total,総数,,,False,True,2015,196127.0,156.5,127095.0
heart_disease,Hi05,Hi05_心疾患（高血圧性を除く）,total,total,総数,,,False,True,2016,198070.0,158.4,127042.0
heart_disease,Hi05,Hi05_心疾患（高血圧性を除く）,total,total,総数,,,False,True,2017,204868.0,164.4,126919.0
heart_disease,Hi05,Hi05_心疾患（高血圧性を除く）,total,total,総数,,,False,True,2018,208221.0,167.6,126749.0
heart_disease,Hi05,Hi05_心疾患（高血圧性を除く）,total,total,総数,,,False,True,2019,207714.0,167.9,126555.0
heart_disease,Hi05,Hi05_心疾患（高血圧性を除く）,total,total,総数,,,False,True,2020,205596.0,166.6,126146.0
heart_disease,Hi05,Hi05_心疾患（高血圧性を除く）,total,total,総数,,,False,True,2021,214710.0,174.9,125502.0
heart_disease,Hi05,Hi05_心疾患（高血圧性を除く）,total,total,総数,,,False,True,2022,232964.0,190.9,124947.0
heart_disease,Hi05,Hi05_心疾患（高血圧性を除く）,total,total,総数,,,False,True,2023,231148.0,190.7,124352.0
heart_disease,Hi05,Hi05_心疾患（高血圧性を除く）,total,total,総数,,,False,True,2024,226388.0,188.2,123802.0
hypertensive,Hi042017,Hi04_高血圧性疾患,female,a00_04,0-4歳,0,4,False,False,1950,2.0,0.0,
hypertensive,Hi042017,Hi04_高血圧性疾患,female,a00_04,0-4歳,0,4,False,False,1980,1.0,0.0,
hypertensive,Hi042017,Hi04_高血圧性疾患,female,a00_04,0-4歳,0,4,False,False,2019,1.0,0.0,2306.0
hypertensive,Hi042017,Hi04_高血圧性疾患,female,a00_04,0-4歳,0,4,False,False,2022,1.0,0.0,
hypertensive,Hi042017,Hi04_高血圧性疾患,female,a05_09,5-9歳,5,9,False,False,1950,1.0,0.0,
hypertensive,Hi042017,Hi04_高血圧性疾患,female,a10_14,10-14歳,10,14,False,False,1950,4.0,0.1,
hypertensive,Hi042017,Hi04_高血圧性疾患,female,a10_14,10-14歳,10,14,False,False,1955,4.0,0.1,
hypertensive,Hi042017,Hi04_高血圧性疾患,female,a10_14,10-14歳,10,14,False,False,1960,4.0,0.1,
hypertensive,Hi042017,Hi04_高血圧性疾患,female,a10_14,10-14歳,10,14,False,False,1965,2.0,0.0,
hypertensive,Hi042017,Hi04_高血圧性疾患,female,a15_19,15-19歳,15,19,False,False,1950,3.0,0.1,
hypertensive,Hi042017,Hi04_高血圧性疾患,female,a15_19,15-19歳,15,19,False,False,1955,6.0,0.1,
hypertensive,Hi042017,Hi04_高血圧性疾患,female,a15_19,15-19歳,15,19,False,False,1960,3.0,0.1,
hypertensive,Hi042017,Hi04_高血圧性疾患,female,a15_19,15-19歳,15,19,False,False,1965,2.0,0.0,
hypertensive,Hi042017,Hi04_高血圧性疾患,female,a15_19,15-19歳,15,19,False,False,1975,1.0,0.0,
hypertensive,Hi042017,Hi04_高血圧性疾患,female,a15_19,15-19歳,15,19,False,False,2010,1.0,0.0,
hypertensive,Hi042017,Hi04_高血圧性疾患,female,a20_24,20-24歳,20,24,False,False,1950,6.0,0.2,
hypertensive,Hi042017,Hi04_高血圧性疾患,female,a20_24,20-24歳,20,24,False,False,1955,4.0,0.1,
hypertensive,Hi042017,Hi04_高血圧性疾患,female,a20_24,20-24歳,20,24,False,False,1960,9.0,0.2,
hypertensive,Hi042017,Hi04_高血圧性疾患,female,a20_24,20-24歳,20,24,False,False,1965,15.0,0.3,
hypertensive,Hi042017,Hi04_高血圧性疾患,female,a20_24,20-24歳,20,24,False,False,1970,17.0,0.3,
hypertensive,Hi042017,Hi04_高血圧性疾患,female,a20_24,20-24歳,20,24,False,False,1975,4.0,0.1,
hypertensive,Hi042017,Hi04_高血圧性疾患,female,a20_24,20-24歳,20,24,False,False,1980,1.0,0.0,
hypertensive,Hi042017,Hi04_高血圧性疾患,female,a20_24,20-24歳,20,24,False,False,1985,6.0,0.1,
hypertensive,Hi042017,Hi04_高血圧性疾患,female,a20_24,20-24歳,20,24,False,False,2005,1.0,0.0,
hypertensive,Hi042017,Hi04_高血圧性疾患,female,a20_24,20-24歳,20,24,False,False,2024,1.0,0.0,
hypertensive,Hi042017,Hi04_高血圧性疾患,female,a25_29,25-29歳,25,29,False,False,1950,8.0,0.2,
hypertensive,Hi042017,Hi04_高血圧性疾患,female,a25_29,25-29歳,25,29,False,False,1955,12.0,0.3,
hypertensive,Hi042017,Hi04_高血圧性疾患,female,a25_29,25-29歳,25,29,False,False,1960,13.0,0.3,
hypertensive,Hi042017,Hi04_高血圧性疾患,female,a25_29,25-29歳,25,29,False,False,1965,15.0,0.4,
hypertensive,Hi042017,Hi04_高血圧性疾患,female,a25_29,25-29歳,25,29,False,False,1970,15.0,0.3,
hypertensive,Hi042017,Hi04_高血圧性疾患,female,a25_29,25-29歳,25,29,False,False,1975,9.0,0.2,
hypertensive,Hi042017,Hi04_高血圧性疾患,female,a25_29,25-29歳,25,29,False,False,1980,5.0,0.1,
hypertensive,Hi042017,Hi04_高血圧性疾患,female,a25_29,25-29歳,25,29,False,False,1985,4.0,0.1,
hypertensive,Hi042017,Hi04_高血圧性疾患,female,a25_29,25-29歳,25,29,False,False,2005,1.0,0.0,
hypertensive,Hi042017,Hi04_高血圧性疾患,female,a25_29,25-29歳,25,29,False,False,2010,1.0,0.0,
hypertensive,Hi042017,Hi04_高血圧性疾患,female,a25_29,25-29歳,25,29,False,False,2015,1.0,0.0,
hypertensive,Hi042017,Hi04_高血圧性疾患,female,a30_34,30-34歳,30,34,False,False,1950,14.0,0.5,
hypertensive,Hi042017,Hi04_高血圧性疾患,female,a30_34,30-34歳,30,34,False,False,1955,16.0,0.5,
hypertensive,Hi042017,Hi04_高血圧性疾患,female,a30_34,30-34歳,30,34,False,False,1960,29.0,0.8,
hypertensive,Hi042017,Hi04_高血圧性疾患,female,a30_34,30-34歳,30,34,False,False,1965,24.0,0.6,
hypertensive,Hi042017,Hi04_高血圧性疾患,female,a30_34,30-34歳,30,34,False,False,1970,21.0,0.5,
hypertensive,Hi042017,Hi04_高血圧性疾患,female,a30_34,30-34歳,30,34,False,False,1975,15.0,0.3,
hypertensive,Hi042017,Hi04_高血圧性疾患,female,a30_34,30-34歳,30,34,False,False,1980,11.0,0.2,
hypertensive,Hi042017,Hi04_高血圧性疾患,female,a30_34,30-34歳,30,34,False,False,1985,11.0,0.2,
hypertensive,Hi042017,Hi04_高血圧性疾患,female,a30_34,30-34歳,30,34,False,False,1990,2.0,0.1,
hypertensive,Hi042017,Hi04_高血圧性疾患,female,a30_34,30-34歳,30,34,False,False,1995,2.0,0.1,
hypertensive,Hi042017,Hi04_高血圧性疾患,female,a30_34,30-34歳,30,34,False,False,2005,2.0,0.0,
hypertensive,Hi042017,Hi04_高血圧性疾患,female,a30_34,30-34歳,30,34,False,False,2010,2.0,0.0,
hypertensive,Hi042017,Hi04_高血圧性疾患,female,a30_34,30-34歳,30,34,False,False,2013,2.0,0.1,3757.0
hypertensive,Hi042017,Hi04_高血圧性疾患,female,a30_34,30-34歳,30,34,False,False,2016,1.0,0.0,3582.0
hypertensive,Hi042017,Hi04_高血圧性疾患,female,a30_34,30-34歳,30,34,False,False,2017,1.0,0.0,3517.0
hypertensive,Hi042017,Hi04_高血圧性疾患,female,a30_34,30-34歳,30,34,False,False,2018,1.0,0.0,3437.0
hypertensive,Hi042017,Hi04_高血圧性疾患,female,a30_34,30-34歳,30,34,False,False,2021,1.0,0.0,
hypertensive,Hi042017,Hi04_高血圧性疾患,female,a30_34,30-34歳,30,34,False,False,2023,1.0,0.0,
hypertensive,Hi042017,Hi04_高血圧性疾患,female,a35_39,35-39歳,35,39,False,False,1950,23.0,0.9,
hypertensive,Hi042017,Hi04_高血圧性疾患,female,a35_39,35-39歳,35,39,False,False,1955,25.0,0.9,
hypertensive,Hi042017,Hi04_高血圧性疾患,female,a35_39,35-39歳,35,39,False,False,1960,36.0,1.1,
hypertensive,Hi042017,Hi04_高血圧性疾患,female,a35_39,35-39歳,35,39,False,False,1965,45.0,1.2,
hypertensive,Hi042017,Hi04_高血圧性疾患,female,a35_39,35-39歳,35,39,False,False,1970,33.0,0.8,
hypertensive,Hi042017,Hi04_高血圧性疾患,female,a35_39,35-39歳,35,39,False,False,1975,21.0,0.5,
hypertensive,Hi042017,Hi04_高血圧性疾患,female,a35_39,35-39歳,35,39,False,False,1980,10.0,0.2,
hypertensive,Hi042017,Hi04_高血圧性疾患,female,a35_39,35-39歳,35,39,False,False,1985,6.0,0.1,
hypertensive,Hi042017,Hi04_高血圧性疾患,female,a35_39,35-39歳,35,39,False,False,1990,6.0,0.1,
hypertensive,Hi042017,Hi04_高血圧性疾患,female,a35_39,35-39歳,35,39,False,False,1995,5.0,0.1,
hypertensive,Hi042017,Hi04_高血圧性疾患,female,a35_39,35-39歳,35,39,False,False,2000,2.0,0.1,4024.0
hypertensive,Hi042017,Hi04_高血圧性疾患,female,a35_39,35-39歳,35,39,False,False,2005,1.0,0.0,
hypertensive,Hi042017,Hi04_高血圧性疾患,female,a35_39,35-39歳,35,39,False,False,2010,1.0,0.0,
hypertensive,Hi042017,Hi04_高血圧性疾患,female,a35_39,35-39歳,35,39,False,False,2013,3.0,0.1,4467.0
hypertensive,Hi042017,Hi04_高血圧性疾患,female,a35_39,35-39歳,35,39,False,False,2014,2.0,0.0,4277.0
hypertensive,Hi042017,Hi04_高血圧性疾患,female,a35_39,35-39歳,35,39,False,False,2016,2.0,0.1,4008.0
hypertensive,Hi042017,Hi04_高血圧性疾患,female,a35_39,35-39歳,35,39,False,False,2017,3.0,0.1,3902.0
hypertensive,Hi042017,Hi04_高血圧性疾患,female,a35_39,35-39歳,35,39,False,False,2018,1.0,0.0,3818.0
hypertensive,Hi042017,Hi04_高血圧性疾患,female,a35_39,35-39歳,35,39,False,False,2019,1.0,0.0,3758.0
hypertensive,Hi042017,Hi04_高血圧性疾患,female,a35_39,35-39歳,35,39,False,False,2020,1.0,0.0,
hypertensive,Hi042017,Hi04_高血圧性疾患,female,a35_39,35-39歳,35,39,False,False,2021,2.0,0.1,
hypertensive,Hi042017,Hi04_高血圧性疾患,female,a40_44,40-44歳,40,44,False,False,1950,40.0,1.8,
hypertensive,Hi042017,Hi04_高血圧性疾患,female,a40_44,40-44歳,40,44,False,False,1955,56.0,2.1,
hypertensive,Hi042017,Hi04_高血圧性疾患,female,a40_44,40-44歳,40,44,False,False,1960,68.0,2.5,
hypertensive,Hi042017,Hi04_高血圧性疾患,female,a40_44,40-44歳,40,44,False,False,1965,77.0,2.4,
hypertensive,Hi042017,Hi04_高血圧性疾患,female,a40_44,40-44歳,40,44,False,False,1970,71.0,1.9,
hypertensive,Hi042017,Hi04_高血圧性疾患,female,a40_44,40-44歳,40,44,False,False,1975,58.0,1.4,
hypertensive,Hi042017,Hi04_高血圧性疾患,female,a40_44,40-44歳,40,44,False,False,1980,30.0,0.7,
hypertensive,Hi042017,Hi04_高血圧性疾患,female,a40_44,40-44歳,40,44,False,False,1985,22.0,0.5,
hypertensive,Hi042017,Hi04_高血圧性疾患,female,a40_44,40-44歳,40,44,False,False,1990,11.0,0.2,
hypertensive,Hi042017,Hi04_高血圧性疾患,female,a40_44,40-44歳,40,44,False,False,1995,9.0,0.2,
hypertensive,Hi042017,Hi04_高血圧性疾患,female,a40_44,40-44歳,40,44,False,False,2000,5.0,0.1,3881.0
hypertensive,Hi042017,Hi04_高血圧性疾患,female,a40_44,40-44歳,40,44,False,False,2005,2.0,0.1,
hypertensive,Hi042017,Hi04_高血圧性疾患,female,a40_44,40-44歳,40,44,False,False,2010,6.0,0.1,
hypertensive,Hi042017,Hi04_高血圧性疾患,female,a40_44,40-44歳,40,44,False,False,2013,5.0,0.1,4779.0
hypertensive,Hi042017,Hi04_高血圧性疾患,female,a40_44,40-44歳,40,44,False,False,2014,1.0,0.0,4837.0
hypertensive,Hi042017,Hi04_高血圧性疾患,female,a40_44,40-44歳,40,44,False,False,2015,2.0,0.0,
hypertensive,Hi042017,Hi04_高血圧性疾患,female,a40_44,40-44歳,40,44,False,False,2016,4.0,0.1,4797.0
hypertensive,Hi042017,Hi04_高血圧性疾患,female,a40_44,40-44歳,40,44,False,False,2017,8.0,0.2,4669.0
hypertensive,Hi042017,Hi04_高血圧性疾患,female,a40_44,40-44歳,40,44,False,False,2018,3.0,0.1,4500.0
hypertensive,Hi042017,Hi04_高血圧性疾患,female,a40_44,40-44歳,40,44,False,False,2019,4.0,0.1,4322.0
hypertensive,Hi042017,Hi04_高血圧性疾患,female,a40_44,40-44歳,40,44,False,False,2020,6.0,0.1,
hypertensive,Hi042017,Hi04_高血圧性疾患,female,a40_44,40-44歳,40,44,False,False,2021,1.0,0.0,
hypertensive,Hi042017,Hi04_高血圧性疾患,female,a40_44,40-44歳,40,44,False,False,2022,1.0,0.0,
hypertensive,Hi042017,Hi04_高血圧性疾患,female,a40_44,40-44歳,40,44,False,False,2023,3.0,0.1,
hypertensive,Hi042017,Hi04_高血圧性疾患,female,a40_44,40-44歳,40,44,False,False,2024,1.0,0.0,
hypertensive,Hi042017,Hi04_高血圧性疾患,female,a45_49,45-49歳,45,49,False,False,1950,84.0,4.2,
hypertensive,Hi042017,Hi04_高血圧性疾患,female,a45_49,45-49歳,45,49,False,False,1955,114.0,5.1,
hypertensive,Hi042017,Hi04_高血圧性疾患,female,a45_49,45-49歳,45,49,False,False,1960,156.0,6.1,
hypertensive,Hi042017,Hi04_高血圧性疾患,female,a45_49,45-49歳,45,49,False,False,1965,159.0,5.9,
hypertensive,Hi042017,Hi04_高血圧性疾患,female,a45_49,45-49歳,45,49,False,False,1970,102.0,3.2,
hypertensive,Hi042017,Hi04_高血圧性疾患,female,a45_49,45-49歳,45,49,False,False,1975,62.0,1.7,
hypertensive,Hi042017,Hi04_高血圧性疾患,female,a45_49,45-49歳,45,49,False,False,1980,47.0,1.2,
hypertensive,Hi042017,Hi04_高血圧性疾患,female,a45_49,45-49歳,45,49,False,False,1985,32.0,0.8,
hypertensive,Hi042017,Hi04_高血圧性疾患,female,a45_49,45-49歳,45,49,False,False,1990,24.0,0.5,
hypertensive,Hi042017,Hi04_高血圧性疾患,female,a45_49,45-49歳,45,49,False,False,1995,22.0,0.4,
hypertensive,Hi042017,Hi04_高血圧性疾患,female,a45_49,45-49歳,45,49,False,False,2000,8.0,0.2,4454.0
hypertensive,Hi042017,Hi04_高血圧性疾患,female,a45_49,45-49歳,45,49,False,False,2005,5.0,0.1,
hypertensive,Hi042017,Hi04_高血圧性疾患,female,a45_49,45-49歳,45,49,False,False,2010,4.0,0.1,
hypertensive,Hi042017,Hi04_高血圧性疾患,female,a45_49,45-49歳,45,49,False,False,2013,4.0,0.1,4178.0
hypertensive,Hi042017,Hi04_高血圧性疾患,female,a45_49,45-49歳,45,49,False,False,2014,8.0,0.2,4279.0
hypertensive,Hi042017,Hi04_高血圧性疾患,female,a45_49,45-49歳,45,49,False,False,2015,4.0,0.1,
hypertensive,Hi042017,Hi04_高血圧性疾患,female,a45_49,45-49歳,45,49,False,False,2016,6.0,0.1,4602.0
hypertensive,Hi042017,Hi04_高血圧性疾患,female,a45_49,45-49歳,45,49,False,False,2017,10.0,0.2,4692.0
hypertensive,Hi042017,Hi04_高血圧性疾患,female,a45_49,45-49歳,45,49,False,False,2018,8.0,0.2,4802.0
hypertensive,Hi042017,Hi04_高血圧性疾患,female,a45_49,45-49歳,45,49,False,False,2019,10.0,0.2,4871.0
hypertensive,Hi042017,Hi04_高血圧性疾患,female,a45_49,45-49歳,45,49,False,False,2020,10.0,0.2,
hypertensive,Hi042017,Hi04_高血圧性疾患,female,a45_49,45-49歳,45,49,False,False,2021,13.0,0.3,
hypertensive,Hi042017,Hi04_高血圧性疾患,female,a45_49,45-49歳,45,49,False,False,2022,14.0,0.3,
hypertensive,Hi042017,Hi04_高血圧性疾患,female,a45_49,45-49歳,45,49,False,False,2023,8.0,0.2,
hypertensive,Hi042017,Hi04_高血圧性疾患,female,a45_49,45-49歳,45,49,False,False,2024,5.0,0.1,
hypertensive,Hi042017,Hi04_高血圧性疾患,female,a50_54,50-54歳,50,54,False,False,1950,149.0,8.9,
hypertensive,Hi042017,Hi04_高血圧性疾患,female,a50_54,50-54歳,50,54,False,False,1955,140.0,7.3,
hypertensive,Hi042017,Hi04_高血圧性疾患,female,a50_54,50-54歳,50,54,False,False,1960,219.0,10.1,
hypertensive,Hi042017,Hi04_高血圧性疾患,female,a50_54,50-54歳,50,54,False,False,1965,232.0,9.3,
hypertensive,Hi042017,Hi04_高血圧性疾患,female,a50_54,50-54歳,50,54,False,False,1970,178.0,6.7,
hypertensive,Hi042017,Hi04_高血圧性疾患,female,a50_54,50-54歳,50,54,False,False,1975,125.0,4.0,
hypertensive,Hi042017,Hi04_高血圧性疾患,female,a50_54,50-54歳,50,54,False,False,1980,78.0,2.1,
hypertensive,Hi042017,Hi04_高血圧性疾患,female,a50_54,50-54歳,50,54,False,False,1985,55.0,1.4,
hypertensive,Hi042017,Hi04_高血圧性疾患,female,a50_54,50-54歳,50,54,False,False,1990,25.0,0.6,
hypertensive,Hi042017,Hi04_高血圧性疾患,female,a50_54,50-54歳,50,54,False,False,1995,24.0,0.5,
hypertensive,Hi042017,Hi04_高血圧性疾患,female,a50_54,50-54歳,50,54,False,False,2000,18.0,0.3,5238.0
hypertensive,Hi042017,Hi04_高血圧性疾患,female,a50_54,50-54歳,50,54,False,False,2005,8.0,0.2,
hypertensive,Hi042017,Hi04_高血圧性疾患,female,a50_54,50-54歳,50,54,False,False,2010,13.0,0.3,
hypertensive,Hi042017,Hi04_高血圧性疾患,female,a50_54,50-54歳,50,54,False,False,2013,9.0,0.2,3863.0
hypertensive,Hi042017,Hi04_高血圧性疾患,female,a50_54,50-54歳,50,54,False,False,2014,13.0,0.3,3888.0
hypertensive,Hi042017,Hi04_高血圧性疾患,female,a50_54,50-54歳,50,54,False,False,2015,6.0,0.2,
hypertensive,Hi042017,Hi04_高血圧性疾患,female,a50_54,50-54歳,50,54,False,False,2016,1.0,0.0,3939.0
hypertensive,Hi042017,Hi04_高血圧性疾患,female,a50_54,50-54歳,50,54,False,False,2017,18.0,0.5,4066.0
hypertensive,Hi042017,Hi04_高血圧性疾患,female,a50_54,50-54歳,50,54,False,False,2018,12.0,0.3,4170.0
hypertensive,Hi042017,Hi04_高血圧性疾患,female,a50_54,50-54歳,50,54,False,False,2019,14.0,0.3,4277.0
hypertensive,Hi042017,Hi04_高血圧性疾患,female,a50_54,50-54歳,50,54,False,False,2020,11.0,0.3,
hypertensive,Hi042017,Hi04_高血圧性疾患,female,a50_54,50-54歳,50,54,False,False,2021,15.0,0.3,
hypertensive,Hi042017,Hi04_高血圧性疾患,female,a50_54,50-54歳,50,54,False,False,2022,15.0,0.3,
hypertensive,Hi042017,Hi04_高血圧性疾患,female,a50_54,50-54歳,50,54,False,False,2023,21.0,0.4,
hypertensive,Hi042017,Hi04_高血圧性疾患,female,a50_54,50-54歳,50,54,False,False,2024,27.0,0.6,
hypertensive,Hi042017,Hi04_高血圧性疾患,female,a55_59,55-59歳,55,59,False,False,1950,216.0,15.8,
hypertensive,Hi042017,Hi04_高血圧性疾患,female,a55_59,55-59歳,55,59,False,False,1955,217.0,13.6,
hypertensive,Hi042017,Hi04_高血圧性疾患,female,a55_59,55-59歳,55,59,False,False,1960,372.0,20.2,
hypertensive,Hi042017,Hi04_高血圧性疾患,female,a55_59,55-59歳,55,59,False,False,1965,369.0,17.8,
hypertensive,Hi042017,Hi04_高血圧性疾患,female,a55_59,55-59歳,55,59,False,False,1970,258.0,10.9,
hypertensive,Hi042017,Hi04_高血圧性疾患,female,a55_59,55-59歳,55,59,False,False,1975,194.0,7.5,
hypertensive,Hi042017,Hi04_高血圧性疾患,female,a55_59,55-59歳,55,59,False,False,1980,116.0,3.8,
hypertensive,Hi042017,Hi04_高血圧性疾患,female,a55_59,55-59歳,55,59,False,False,1985,82.0,2.3,
hypertensive,Hi042017,Hi04_高血圧性疾患,female,a55_59,55-59歳,55,59,False,False,1990,71.0,1.8,
hypertensive,Hi042017,Hi04_高血圧性疾患,female,a55_59,55-59歳,55,59,False,False,1995,38.0,0.9,
hypertensive,Hi042017,Hi04_高血圧性疾患,female,a55_59,55-59歳,55,59,False,False,2000,26.0,0.6,4449.0
hypertensive,Hi042017,Hi04_高血圧性疾患,female,a55_59,55-59歳,55,59,False,False,2005,20.0,0.4,
hypertensive,Hi042017,Hi04_高血圧性疾患,female,a55_59,55-59歳,55,59,False,False,2010,14.0,0.3,
hypertensive,Hi042017,Hi04_高血圧性疾患,female,a55_59,55-59歳,55,59,False,False,2013,19.0,0.5,3892.0
hypertensive,Hi042017,Hi04_高血圧性疾患,female,a55_59,55-59歳,55,59,False,False,2014,11.0,0.3,3853.0
hypertensive,Hi042017,Hi04_高血圧性疾患,female,a55_59,55-59歳,55,59,False,False,2015,10.0,0.3,
hypertensive,Hi042017,Hi04_高血圧性疾患,female,a55_59,55-59歳,55,59,False,False,2016,8.0,0.2,3788.0
hypertensive,Hi042017,Hi04_高血圧性疾患,female,a55_59,55-59歳,55,59,False,False,2017,10.0,0.3,3810.0
hypertensive,Hi042017,Hi04_高血圧性疾患,female,a55_59,55-59歳,55,59,False,False,2018,26.0,0.7,3840.0
hypertensive,Hi042017,Hi04_高血圧性疾患,female,a55_59,55-59歳,55,59,False,False,2019,21.0,0.6,3872.0
hypertensive,Hi042017,Hi04_高血圧性疾患,female,a55_59,55-59歳,55,59,False,False,2020,22.0,0.6,
hypertensive,Hi042017,Hi04_高血圧性疾患,female,a55_59,55-59歳,55,59,False,False,2021,19.0,0.5,
hypertensive,Hi042017,Hi04_高血圧性疾患,female,a55_59,55-59歳,55,59,False,False,2022,27.0,0.7,
hypertensive,Hi042017,Hi04_高血圧性疾患,female,a55_59,55-59歳,55,59,False,False,2023,31.0,0.8,
hypertensive,Hi042017,Hi04_高血圧性疾患,female,a55_59,55-59歳,55,59,False,False,2024,32.0,0.8,
hypertensive,Hi042017,Hi04_高血圧性疾患,female,a60_64,60-64歳,60,64,False,False,1950,391.0,32.7,
hypertensive,Hi042017,Hi04_高血圧性疾患,female,a60_64,60-64歳,60,64,False,False,1955,322.0,25.4,
hypertensive,Hi042017,Hi04_高血圧性疾患,female,a60_64,60-64歳,60,64,False,False,1960,544.0,36.4,
hypertensive,Hi042017,Hi04_高血圧性疾患,female,a60_64,60-64歳,60,64,False,False,1965,623.0,36.2,
hypertensive,Hi042017,Hi04_高血圧性疾患,female,a60_64,60-64歳,60,64,False,False,1970,563.0,28.7,
hypertensive,Hi042017,Hi04_高血圧性疾患,female,a60_64,60-64歳,60,64,False,False,1975,365.0,15.6,
hypertensive,Hi042017,Hi04_高血圧性疾患,female,a60_64,60-64歳,60,64,False,False,1980,212.0,8.4,
hypertensive,Hi042017,Hi04_高血圧性疾患,female,a60_64,60-64歳,60,64,False,False,1985,129.0,4.3,
hypertensive,Hi042017,Hi04_高血圧性疾患,female,a60_64,60-64歳,60,64,False,False,1990,97.0,2.8,
hypertensive,Hi042017,Hi04_高血圧性疾患,female,a60_64,60-64歳,60,64,False,False,1995,82.0,2.1,
hypertensive,Hi042017,Hi04_高血圧性疾患,female,a60_64,60-64歳,60,64,False,False,2000,46.0,1.2,3991.0
hypertensive,Hi042017,Hi04_高血圧性疾患,female,a60_64,60-64歳,60,64,False,False,2005,45.0,1.0,
hypertensive,Hi042017,Hi04_高血圧性疾患,female,a60_64,60-64歳,60,64,False,False,2010,35.0,0.7,
hypertensive,Hi042017,Hi04_高血圧性疾患,female,a60_64,60-64歳,60,64,False,False,2013,36.0,0.7,4926.0
hypertensive,Hi042017,Hi04_高血圧性疾患,female,a60_64,60-64歳,60,64,False,False,2014,29.0,0.6,4574.0
hypertensive,Hi042017,Hi04_高血圧性疾患,female,a60_64,60-64歳,60,64,False,False,2015,25.0,0.6,
hypertensive,Hi042017,Hi04_高血圧性疾患,female,a60_64,60-64歳,60,64,False,False,2016,26.0,0.6,4140.0
hypertensive,Hi042017,Hi04_高血圧性疾患,female,a60_64,60-64歳,60,64,False,False,2017,55.0,1.4,3957.0
hypertensive,Hi042017,Hi04_高血圧性疾患,female,a60_64,60-64歳,60,64,False,False,2018,29.0,0.8,3847.0
hypertensive,Hi042017,Hi04_高血圧性疾患,female,a60_64,60-64歳,60,64,False,False,2019,37.0,1.0,3811.0
hypertensive,Hi042017,Hi04_高血圧性疾患,female,a60_64,60-64歳,60,64,False,False,2020,37.0,1.0,
hypertensive,Hi042017,Hi04_高血圧性疾患,female,a60_64,60-64歳,60,64,False,False,2021,40.0,1.1,
hypertensive,Hi042017,Hi04_高血圧性疾患,female,a60_64,60-64歳,60,64,False,False,2022,34.0,0.9,
hypertensive,Hi042017,Hi04_高血圧性疾患,female,a60_64,60-64歳,60,64,False,False,2023,52.0,1.4,
hypertensive,Hi042017,Hi04_高血圧性疾患,female,a60_64,60-64歳,60,64,False,False,2024,52.0,1.4,
hypertensive,Hi042017,Hi04_高血圧性疾患,female,a65_69,65-69歳,65,69,False,False,1950,752.0,77.1,
hypertensive,Hi042017,Hi04_高血圧性疾患,female,a65_69,65-69歳,65,69,False,False,1955,604.0,57.6,
hypertensive,Hi042017,Hi04_高血圧性疾患,female,a65_69,65-69歳,65,69,False,False,1960,943.0,83.2,
hypertensive,Hi042017,Hi04_高血圧性疾患,female,a65_69,65-69歳,65,69,False,False,1965,1024.0,76.2,
hypertensive,Hi042017,Hi04_高血圧性疾患,female,a65_69,65-69歳,65,69,False,False,1970,933.0,59.0,
hypertensive,Hi042017,Hi04_高血圧性疾患,female,a65_69,65-69歳,65,69,False,False,1975,765.0,40.9,
hypertensive,Hi042017,Hi04_高血圧性疾患,female,a65_69,65-69歳,65,69,False,False,1980,465.0,21.0,
hypertensive,Hi042017,Hi04_高血圧性疾患,female,a65_69,65-69歳,65,69,False,False,1985,250.0,10.4,
hypertensive,Hi042017,Hi04_高血圧性疾患,female,a65_69,65-69歳,65,69,False,False,1990,196.0,6.8,
hypertensive,Hi042017,Hi04_高血圧性疾患,female,a65_69,65-69歳,65,69,False,False,1995,137.0,4.0,
hypertensive,Hi042017,Hi04_高血圧性疾患,female,a65_69,65-69歳,65,69,False,False,2000,111.0,3.0,3753.0
hypertensive,Hi042017,Hi04_高血圧性疾患,female,a65_69,65-69歳,65,69,False,False,2005,67.0,1.7,
hypertensive,Hi042017,Hi04_高血圧性疾患,female,a65_69,65-69歳,65,69,False,False,2010,67.0,1.6,
hypertensive,Hi042017,Hi04_高血圧性疾患,female,a65_69,65-69歳,65,69,False,False,2013,81.0,1.8,4516.0
hypertensive,Hi042017,Hi04_高血圧性疾患,female,a65_69,65-69歳,65,69,False,False,2014,46.0,1.0,4741.0
hypertensive,Hi042017,Hi04_高血圧性疾患,female,a65_69,65-69歳,65,69,False,False,2015,55.0,1.1,
hypertensive,Hi042017,Hi04_高血圧性疾患,female,a65_69,65-69歳,65,69,False,False,2016,68.0,1.3,5300.0
hypertensive,Hi042017,Hi04_高血圧性疾患,female,a65_69,65-69歳,65,69,False,False,2017,109.0,2.1,5116.0
hypertensive,Hi042017,Hi04_高血圧性疾患,female,a65_69,65-69歳,65,69,False,False,2018,100.0,2.1,4827.0
hypertensive,Hi042017,Hi04_高血圧性疾患,female,a65_69,65-69歳,65,69,False,False,2019,97.0,2.2,4482.0
hypertensive,Hi042017,Hi04_高血圧性疾患,female,a65_69,65-69歳,65,69,False,False,2020,93.0,2.2,
hypertensive,Hi042017,Hi04_高血圧性疾患,female,a65_69,65-69歳,65,69,False,False,2021,70.0,1.7,
hypertensive,Hi042017,Hi04_高血圧性疾患,female,a65_69,65-69歳,65,69,False,False,2022,94.0,2.5,
hypertensive,Hi042017,Hi04_高血圧性疾患,female,a65_69,65-69歳,65,69,False,False,2023,68.0,1.8,
hypertensive,Hi042017,Hi04_高血圧性疾患,female,a65_69,65-69歳,65,69,False,False,2024,102.0,2.8,
hypertensive,Hi042017,Hi04_高血圧性疾患,female,a70_74,70-74歳,70,74,False,False,1950,1133.0,152.8,
hypertensive,Hi042017,Hi04_高血圧性疾患,female,a70_74,70-74歳,70,74,False,False,1955,894.0,111.9,
hypertensive,Hi042017,Hi04_高血圧性疾患,female,a70_74,70-74歳,70,74,False,False,1960,1465.0,168.3,
hypertensive,Hi042017,Hi04_高血圧性疾患,female,a70_74,70-74歳,70,74,False,False,1965,1620.0,169.5,
hypertensive,Hi042017,Hi04_高血圧性疾患,female,a70_74,70-74歳,70,74,False,False,1970,1588.0,135.8,
hypertensive,Hi042017,Hi04_高血圧性疾患,female,a70_74,70-74歳,70,74,False,False,1975,1537.0,107.9,
hypertensive,Hi042017,Hi04_高血圧性疾患,female,a70_74,70-74歳,70,74,False,False,1980,925.0,54.4,
hypertensive,Hi042017,Hi04_高血圧性疾患,female,a70_74,70-74歳,70,74,False,False,1985,642.0,31.4,
hypertensive,Hi042017,Hi04_高血圧性疾患,female,a70_74,70-74歳,70,74,False,False,1990,347.0,15.4,
hypertensive,Hi042017,Hi04_高血圧性疾患,female,a70_74,70-74歳,70,74,False,False,1995,286.0,10.4,
hypertensive,Hi042017,Hi04_高血圧性疾患,female,a70_74,70-74歳,70,74,False,False,2000,157.0,4.9,3234.0
hypertensive,Hi042017,Hi04_高血圧性疾患,female,a70_74,70-74歳,70,74,False,False,2005,133.0,3.7,
hypertensive,Hi042017,Hi04_高血圧性疾患,female,a70_74,70-74歳,70,74,False,False,2010,116.0,3.1,
hypertensive,Hi042017,Hi04_高血圧性疾患,female,a70_74,70-74歳,70,74,False,False,2013,119.0,2.9,4060.0
hypertensive,Hi042017,Hi04_高血圧性疾患,female,a70_74,70-74歳,70,74,False,False,2014,113.0,2.7,4239.0
hypertensive,Hi042017,Hi04_高血圧性疾患,female,a70_74,70-74歳,70,74,False,False,2015,107.0,2.6,
hypertensive,Hi042017,Hi04_高血圧性疾患,female,a70_74,70-74歳,70,74,False,False,2016,104.0,2.6,3953.0
hypertensive,Hi042017,Hi04_高血圧性疾患,female,a70_74,70-74歳,70,74,False,False,2017,156.0,3.8,4115.0
hypertensive,Hi042017,Hi04_高血圧性疾患,female,a70_74,70-74歳,70,74,False,False,2018,145.0,3.3,4356.0
hypertensive,Hi042017,Hi04_高血圧性疾患,female,a70_74,70-74歳,70,74,False,False,2019,187.0,4.1,4576.0
hypertensive,Hi042017,Hi04_高血圧性疾患,female,a70_74,70-74歳,70,74,False,False,2020,203.0,4.2,
hypertensive,Hi042017,Hi04_高血圧性疾患,female,a70_74,70-74歳,70,74,False,False,2021,224.0,4.4,
hypertensive,Hi042017,Hi04_高血圧性疾患,female,a70_74,70-74歳,70,74,False,False,2022,194.0,4.0,
hypertensive,Hi042017,Hi04_高血圧性疾患,female,a70_74,70-74歳,70,74,False,False,2023,191.0,4.1,
hypertensive,Hi042017,Hi04_高血圧性疾患,female,a70_74,70-74歳,70,74,False,False,2024,199.0,4.6,
hypertensive,Hi042017,Hi04_高血圧性疾患,female,a75_79,75-79歳,75,79,False,False,1950,1147.0,274.4,
hypertensive,Hi042017,Hi04_高血圧性疾患,female,a75_79,75-79歳,75,79,False,False,1955,1117.0,209.3,
hypertensive,Hi042017,Hi04_高血圧性疾患,female,a75_79,75-79歳,75,79,False,False,1960,1780.0,308.0,
hypertensive,Hi042017,Hi04_高血圧性疾患,female,a75_79,75-79歳,75,79,False,False,1965,2267.0,352.0,
hypertensive,Hi042017,Hi04_高血圧性疾患,female,a75_79,75-79歳,75,79,False,False,1970,2124.0,288.9,
hypertensive,Hi042017,Hi04_高血圧性疾患,female,a75_79,75-79歳,75,79,False,False,1975,2404.0,252.9,
hypertensive,Hi042017,Hi04_高血圧性疾患,female,a75_79,75-79歳,75,79,False,False,1980,1888.0,159.3,
hypertensive,Hi042017,Hi04_高血圧性疾患,female,a75_79,75-79歳,75,79,False,False,1985,1236.0,86.0,
hypertensive,Hi042017,Hi04_高血圧性疾患,female,a75_79,75-79歳,75,79,False,False,1990,786.0,43.2,
hypertensive,Hi042017,Hi04_高血圧性疾患,female,a75_79,75-79歳,75,79,False,False,1995,560.0,27.7,
hypertensive,Hi042017,Hi04_高血圧性疾患,female,a75_79,75-79歳,75,79,False,False,2000,318.0,12.6,2528.0
hypertensive,Hi042017,Hi04_高血圧性疾患,female,a75_79,75-79歳,75,79,False,False,2005,307.0,10.2,
hypertensive,Hi042017,Hi04_高血圧性疾患,female,a75_79,75-79歳,75,79,False,False,2010,253.0,7.5,
hypertensive,Hi042017,Hi04_高血圧性疾患,female,a75_79,75-79歳,75,79,False,False,2013,286.0,8.1,3529.0
hypertensive,Hi042017,Hi04_高血圧性疾患,female,a75_79,75-79歳,75,79,False,False,2014,269.0,7.7,3501.0
hypertensive,Hi042017,Hi04_高血圧性疾患,female,a75_79,75-79歳,75,79,False,False,2015,227.0,6.4,
hypertensive,Hi042017,Hi04_高血圧性疾患,female,a75_79,75-79歳,75,79,False,False,2016,196.0,5.4,3620.0
hypertensive,Hi042017,Hi04_高血圧性疾患,female,a75_79,75-79歳,75,79,False,False,2017,332.0,8.9,3728.0
hypertensive,Hi042017,Hi04_高血圧性疾患,female,a75_79,75-79歳,75,79,False,False,2018,347.0,9.1,3827.0
hypertensive,Hi042017,Hi04_高血圧性疾患,female,a75_79,75-79歳,75,79,False,False,2019,334.0,8.4,3997.0
hypertensive,Hi042017,Hi04_高血圧性疾患,female,a75_79,75-79歳,75,79,False,False,2020,333.0,8.5,
hypertensive,Hi042017,Hi04_高血圧性疾患,female,a75_79,75-79歳,75,79,False,False,2021,350.0,9.5,
hypertensive,Hi042017,Hi04_高血圧性疾患,female,a75_79,75-79歳,75,79,False,False,2022,371.0,9.6,
hypertensive,Hi042017,Hi04_高血圧性疾患,female,a75_79,75-79歳,75,79,False,False,2023,396.0,9.7,
hypertensive,Hi042017,Hi04_高血圧性疾患,female,a75_79,75-79歳,75,79,False,False,2024,456.0,10.6,
hypertensive,Hi042017,Hi04_高血圧性疾患,female,a80_84,80-84歳,80,84,False,False,1950,826.0,458.4,
hypertensive,Hi042017,Hi04_高血圧性疾患,female,a80_84,80-84歳,80,84,False,False,1955,733.0,299.7,
hypertensive,Hi042017,Hi04_高血圧性疾患,female,a80_84,80-84歳,80,84,False,False,1960,1390.0,443.0,
hypertensive,Hi042017,Hi04_高血圧性疾患,female,a80_84,80-84歳,80,84,False,False,1965,2042.0,598.5,
hypertensive,Hi042017,Hi04_高血圧性疾患,female,a80_84,80-84歳,80,84,False,False,1970,2255.0,553.3,
hypertensive,Hi042017,Hi04_高血圧性疾患,female,a80_84,80-84歳,80,84,False,False,1975,2858.0,571.5,
hypertensive,Hi042017,Hi04_高血圧性疾患,female,a80_84,80-84歳,80,84,False,False,1980,2493.0,369.6,
hypertensive,Hi042017,Hi04_高血圧性疾患,female,a80_84,80-84歳,80,84,False,False,1985,2037.0,226.5,
hypertensive,Hi042017,Hi04_高血圧性疾患,female,a80_84,80-84歳,80,84,False,False,1990,1322.0,114.6,
hypertensive,Hi042017,Hi04_高血圧性疾患,female,a80_84,80-84歳,80,84,False,False,1995,1071.0,72.7,
hypertensive,Hi042017,Hi04_高血圧性疾患,female,a80_84,80-84歳,80,84,False,False,2000,663.0,39.1,1701.0
hypertensive,Hi042017,Hi04_高血圧性疾患,female,a80_84,80-84歳,80,84,False,False,2005,562.0,25.7,
hypertensive,Hi042017,Hi04_高血圧性疾患,female,a80_84,80-84歳,80,84,False,False,2010,600.0,22.5,
hypertensive,Hi042017,Hi04_高血圧性疾患,female,a80_84,80-84歳,80,84,False,False,2013,586.0,20.5,2874.0
hypertensive,Hi042017,Hi04_高血圧性疾患,female,a80_84,80-84歳,80,84,False,False,2014,527.0,18.1,2925.0
hypertensive,Hi042017,Hi04_高血圧性疾患,female,a80_84,80-84歳,80,84,False,False,2015,491.0,16.4,
hypertensive,Hi042017,Hi04_高血圧性疾患,female,a80_84,80-84歳,80,84,False,False,2016,505.0,16.4,3086.0
hypertensive,Hi042017,Hi04_高血圧性疾患,female,a80_84,80-84歳,80,84,False,False,2017,723.0,23.1,3138.0
hypertensive,Hi042017,Hi04_高血圧性疾患,female,a80_84,80-84歳,80,84,False,False,2018,710.0,22.6,3155.0
hypertensive,Hi042017,Hi04_高血圧性疾患,female,a80_84,80-84歳,80,84,False,False,2019,658.0,21.1,3131.0
hypertensive,Hi042017,Hi04_高血圧性疾患,female,a80_84,80-84歳,80,84,False,False,2020,673.0,21.3,
hypertensive,Hi042017,Hi04_高血圧性疾患,female,a80_84,80-84歳,80,84,False,False,2021,675.0,20.8,
hypertensive,Hi042017,Hi04_高血圧性疾患,female,a80_84,80-84歳,80,84,False,False,2022,751.0,22.5,
hypertensive,Hi042017,Hi04_高血圧性疾患,female,a80_84,80-84歳,80,84,False,False,2023,731.0,21.4,
hypertensive,Hi042017,Hi04_高血圧性疾患,female,a80_84,80-84歳,80,84,False,False,2024,806.0,22.6,
hypertensive,Hi042017,Hi04_高血圧性疾患,female,a85_89,85-89歳,85,89,False,False,1950,387.0,709.5,
hypertensive,Hi042017,Hi04_高血圧性疾患,female,a85_89,85-89歳,85,89,False,False,1955,343.0,442.6,
hypertensive,Hi042017,Hi04_高血圧性疾患,female,a85_89,85-89歳,85,89,False,False,1960,586.0,544.5,
hypertensive,Hi042017,Hi04_高血圧性疾患,female,a85_89,85-89歳,85,89,False,False,1965,1028.0,739.4,
hypertensive,Hi042017,Hi04_高血圧性疾患,female,a85_89,85-89歳,85,89,False,False,1970,1303.0,825.3,
hypertensive,Hi042017,Hi04_高血圧性疾患,female,a85_89,85-89歳,85,89,False,False,1975,1935.0,931.3,
hypertensive,Hi042017,Hi04_高血圧性疾患,female,a85_89,85-89歳,85,89,False,False,1980,1971.0,727.8,
hypertensive,Hi042017,Hi04_高血圧性疾患,female,a85_89,85-89歳,85,89,False,False,1985,2003.0,507.2,
hypertensive,Hi042017,Hi04_高血圧性疾患,female,a85_89,85-89歳,85,89,False,False,1990,1647.0,295.7,
hypertensive,Hi042017,Hi04_高血圧性疾患,female,a85_89,85-89歳,85,89,False,False,1995,1459.0,188.7,
hypertensive,Hi042017,Hi04_高血圧性疾患,female,a85_89,85-89歳,85,89,False,False,2000,1048.0,99.4,1056.0
hypertensive,Hi042017,Hi04_高血圧性疾患,female,a85_89,85-89歳,85,89,False,False,2005,810.0,62.6,
hypertensive,Hi042017,Hi04_高血圧性疾患,female,a85_89,85-89歳,85,89,False,False,2010,959.0,56.4,
hypertensive,Hi042017,Hi04_高血圧性疾患,female,a85_89,85-89歳,85,89,False,False,2013,987.0,50.6,1956.0
hypertensive,Hi042017,Hi04_高血圧性疾患,female,a85_89,85-89歳,85,89,False,False,2014,983.0,48.5,2033.0
hypertensive,Hi042017,Hi04_高血圧性疾患,female,a85_89,85-89歳,85,89,False,False,2015,909.0,43.6,
hypertensive,Hi042017,Hi04_高血圧性疾患,female,a85_89,85-89歳,85,89,False,False,2016,865.0,40.2,2155.0
hypertensive,Hi042017,Hi04_高血圧性疾患,female,a85_89,85-89歳,85,89,False,False,2017,1269.0,57.2,2228.0
hypertensive,Hi042017,Hi04_高血圧性疾患,female,a85_89,85-89歳,85,89,False,False,2018,1270.0,55.6,2296.0
hypertensive,Hi042017,Hi04_高血圧性疾患,female,a85_89,85-89歳,85,89,False,False,2019,1181.0,50.6,2346.0
hypertensive,Hi042017,Hi04_高血圧性疾患,female,a85_89,85-89歳,85,89,False,False,2020,1189.0,49.3,
hypertensive,Hi042017,Hi04_高血圧性疾患,female,a85_89,85-89歳,85,89,False,False,2021,1272.0,51.4,
hypertensive,Hi042017,Hi04_高血圧性疾患,female,a85_89,85-89歳,85,89,False,False,2022,1396.0,55.5,
hypertensive,Hi042017,Hi04_高血圧性疾患,female,a85_89,85-89歳,85,89,False,False,2023,1330.0,52.7,
hypertensive,Hi042017,Hi04_高血圧性疾患,female,a85_89,85-89歳,85,89,False,False,2024,1330.0,53.4,
hypertensive,Hi042017,Hi04_高血圧性疾患,female,a90_94,90-94歳,90,94,False,False,1950,101.0,908.7,
hypertensive,Hi042017,Hi04_高血圧性疾患,female,a90_94,90-94歳,90,94,False,False,1955,71.0,478.2,
hypertensive,Hi042017,Hi04_高血圧性疾患,female,a90_94,90-94歳,90,94,False,False,1960,124.0,576.8,
hypertensive,Hi042017,Hi04_高血圧性疾患,female,a90_94,90-94歳,90,94,False,False,1965,242.0,720.9,
hypertensive,Hi042017,Hi04_高血圧性疾患,female,a90_94,90-94歳,90,94,False,False,1970,375.0,867.5,
hypertensive,Hi042017,Hi04_高血圧性疾患,female,a90_94,90-94歳,90,94,False,False,1975,689.0,1327.0,
hypertensive,Hi042017,Hi04_高血圧性疾患,female,a90_94,90-94歳,90,94,False,False,1980,856.0,1168.1,
hypertensive,Hi042017,Hi04_高血圧性疾患,female,a90_94,90-94歳,90,94,False,False,1985,952.0,915.6,
hypertensive,Hi042017,Hi04_高血圧性疾患,female,a90_94,90-94歳,90,94,False,False,1990,1034.0,631.7,177.0
hypertensive,Hi042017,Hi04_高血圧性疾患,female,a90_94,90-94歳,90,94,False,False,1995,1093.0,461.0,268.0
hypertensive,Hi042017,Hi04_高血圧性疾患,female,a90_94,90-94歳,90,94,False,False,2000,1031.0,285.8,421.0
hypertensive,Hi042017,Hi04_高血圧性疾患,female,a90_94,90-94歳,90,94,False,False,2005,1048.0,166.2,
hypertensive,Hi042017,Hi04_高血圧性疾患,female,a90_94,90-94歳,90,94,False,False,2010,1144.0,146.0,
hypertensive,Hi042017,Hi04_高血圧性疾患,female,a90_94,90-94歳,90,94,False,False,2013,1260.0,135.5,932.0
hypertensive,Hi042017,Hi04_高血圧性疾患,female,a90_94,90-94歳,90,94,False,False,2014,1243.0,125.6,993.0
hypertensive,Hi042017,Hi04_高血圧性疾患,female,a90_94,90-94歳,90,94,False,False,2015,1209.0,118.1,
hypertensive,Hi042017,Hi04_高血圧性疾患,female,a90_94,90-94歳,90,94,False,False,2016,1238.0,112.8,1093.0
hypertensive,Hi042017,Hi04_高血圧性疾患,female,a90_94,90-94歳,90,94,False,False,2017,1564.0,134.5,1146.0
hypertensive,Hi042017,Hi04_高血圧性疾患,female,a90_94,90-94歳,90,94,False,False,2018,1528.0,125.1,1198.0
hypertensive,Hi042017,Hi04_高血圧性疾患,female,a90_94,90-94歳,90,94,False,False,2019,1581.0,123.8,1255.0
hypertensive,Hi042017,Hi04_高血圧性疾患,female,a90_94,90-94歳,90,94,False,False,2020,1617.0,123.6,
hypertensive,Hi042017,Hi04_高血圧性疾患,female,a90_94,90-94歳,90,94,False,False,2021,1614.0,117.8,
hypertensive,Hi042017,Hi04_高血圧性疾患,female,a90_94,90-94歳,90,94,False,False,2022,1858.0,130.4,
hypertensive,Hi042017,Hi04_高血圧性疾患,female,a90_94,90-94歳,90,94,False,False,2023,1757.0,120.4,
hypertensive,Hi042017,Hi04_高血圧性疾患,female,a90_94,90-94歳,90,94,False,False,2024,1833.0,123.6,
hypertensive,Hi042017,Hi04_高血圧性疾患,female,a95_99,95-99歳,95,99,False,False,1950,8.0,,
hypertensive,Hi042017,Hi04_高血圧性疾患,female,a95_99,95-99歳,95,99,False,False,1955,7.0,,
hypertensive,Hi042017,Hi04_高血圧性疾患,female,a95_99,95-99歳,95,99,False,False,1960,14.0,,
hypertensive,Hi042017,Hi04_高血圧性疾患,female,a95_99,95-99歳,95,99,False,False,1965,24.0,,
hypertensive,Hi042017,Hi04_高血圧性疾患,female,a95_99,95-99歳,95,99,False,False,1970,40.0,,
hypertensive,Hi042017,Hi04_高血圧性疾患,female,a95_99,95-99歳,95,99,False,False,1975,100.0,,
hypertensive,Hi042017,Hi04_高血圧性疾患,female,a95_99,95-99歳,95,99,False,False,1980,137.0,,
hypertensive,Hi042017,Hi04_高血圧性疾患,female,a95_99,95-99歳,95,99,False,False,1985,229.0,,
hypertensive,Hi042017,Hi04_高血圧性疾患,female,a95_99,95-99歳,95,99,False,False,1990,254.0,,29.0
hypertensive,Hi042017,Hi04_高血圧性疾患,female,a95_99,95-99歳,95,99,False,False,1995,352.0,,53.0
hypertensive,Hi042017,Hi04_高血圧性疾患,female,a95_99,95-99歳,95,99,False,False,2000,401.0,,94.0
hypertensive,Hi042017,Hi04_高血圧性疾患,female,a95_99,95-99歳,95,99,False,False,2005,560.0,329.6,
hypertensive,Hi042017,Hi04_高血圧性疾患,female,a95_99,95-99歳,95,99,False,False,2010,801.0,331.5,
hypertensive,Hi042017,Hi04_高血圧性疾患,female,a95_99,95-99歳,95,99,False,False,2013,841.0,300.4,281.0
hypertensive,Hi042017,Hi04_高血圧性疾患,female,a95_99,95-99歳,95,99,False,False,2014,770.0,266.4,289.0
hypertensive,Hi042017,Hi04_高血圧性疾患,female,a95_99,95-99歳,95,99,False,False,2015,780.0,262.4,
hypertensive,Hi042017,Hi04_高血圧性疾患,female,a95_99,95-99歳,95,99,False,False,2016,820.0,259.5,317.0
hypertensive,Hi042017,Hi04_高血圧性疾患,female,a95_99,95-99歳,95,99,False,False,2017,1057.0,316.5,337.0
hypertensive,Hi042017,Hi04_高血圧性疾患,female,a95_99,95-99歳,95,99,False,False,2018,1095.0,302.5,362.0
hypertensive,Hi042017,Hi04_高血圧性疾患,female,a95_99,95-99歳,95,99,False,False,2019,1077.0,274.7,384.0
hypertensive,Hi042017,Hi04_高血圧性疾患,female,a95_99,95-99歳,95,99,False,False,2020,1197.0,294.8,
hypertensive,Hi042017,Hi04_高血圧性疾患,female,a95_99,95-99歳,95,99,False,False,2021,1231.0,285.0,
hypertensive,Hi042017,Hi04_高血圧性疾患,female,a95_99,95-99歳,95,99,False,False,2022,1397.0,311.1,
hypertensive,Hi042017,Hi04_高血圧性疾患,female,a95_99,95-99歳,95,99,False,False,2023,1340.0,281.5,
hypertensive,Hi042017,Hi04_高血圧性疾患,female,a95_99,95-99歳,95,99,False,False,2024,1324.0,263.2,
hypertensive,Hi042017,Hi04_高血圧性疾患,female,a100p,100歳以上,100,,False,False,1950,1.0,,
hypertensive,Hi042017,Hi04_高血圧性疾患,female,a100p,100歳以上,100,,False,False,1955,3.0,,
hypertensive,Hi042017,Hi04_高血圧性疾患,female,a100p,100歳以上,100,,False,False,1965,1.0,,
hypertensive,Hi042017,Hi04_高血圧性疾患,female,a100p,100歳以上,100,,False,False,1970,4.0,,
hypertensive,Hi042017,Hi04_高血圧性疾患,female,a100p,100歳以上,100,,False,False,1975,6.0,,
hypertensive,Hi042017,Hi04_高血圧性疾患,female,a100p,100歳以上,100,,False,False,1980,11.0,,
hypertensive,Hi042017,Hi04_高血圧性疾患,female,a100p,100歳以上,100,,False,False,1985,13.0,,
hypertensive,Hi042017,Hi04_高血圧性疾患,female,a100p,100歳以上,100,,False,False,1990,25.0,,3.0
hypertensive,Hi042017,Hi04_高血圧性疾患,female,a100p,100歳以上,100,,False,False,1995,54.0,,5.0
hypertensive,Hi042017,Hi04_高血圧性疾患,female,a100p,100歳以上,100,,False,False,2000,66.0,,10.0
hypertensive,Hi042017,Hi04_高血圧性疾患,female,a100p,100歳以上,100,,False,False,2005,118.0,546.4,
hypertensive,Hi042017,Hi04_高血圧性疾患,female,a100p,100歳以上,100,,False,False,2010,226.0,594.1,
hypertensive,Hi042017,Hi04_高血圧性疾患,female,a100p,100歳以上,100,,False,False,2013,270.0,562.5,48.0
hypertensive,Hi042017,Hi04_高血圧性疾患,female,a100p,100歳以上,100,,False,False,2014,280.0,549.0,52.0
hypertensive,Hi042017,Hi04_高血圧性疾患,female,a100p,100歳以上,100,,False,False,2015,295.0,552.6,
hypertensive,Hi042017,Hi04_高血圧性疾患,female,a100p,100歳以上,100,,False,False,2016,278.0,487.7,57.0
hypertensive,Hi042017,Hi04_高血圧性疾患,female,a100p,100歳以上,100,,False,False,2017,337.0,571.2,59.0
hypertensive,Hi042017,Hi04_高血圧性疾患,female,a100p,100歳以上,100,,False,False,2018,359.0,598.3,61.0
hypertensive,Hi042017,Hi04_高血圧性疾患,female,a100p,100歳以上,100,,False,False,2019,374.0,623.3,62.0
hypertensive,Hi042017,Hi04_高血圧性疾患,female,a100p,100歳以上,100,,False,False,2020,408.0,579.8,
hypertensive,Hi042017,Hi04_高血圧性疾患,female,a100p,100歳以上,100,,False,False,2021,424.0,565.3,
hypertensive,Hi042017,Hi04_高血圧性疾患,female,a100p,100歳以上,100,,False,False,2022,468.0,607.8,
hypertensive,Hi042017,Hi04_高血圧性疾患,female,a100p,100歳以上,100,,False,False,2023,492.0,639.0,
hypertensive,Hi042017,Hi04_高血圧性疾患,female,a100p,100歳以上,100,,False,False,2024,426.0,553.2,
hypertensive,Hi042017,Hi04_高血圧性疾患,female,total,総数,,,False,True,1950,5296.0,12.5,
hypertensive,Hi042017,Hi04_高血圧性疾患,female,total,総数,,,False,True,1955,4688.0,10.3,
hypertensive,Hi042017,Hi04_高血圧性疾患,female,total,総数,,,False,True,1960,7755.0,16.3,
hypertensive,Hi042017,Hi04_高血圧性疾患,female,total,総数,,,False,True,1965,9811.0,19.6,
hypertensive,Hi042017,Hi04_高血圧性疾患,female,total,総数,,,False,True,1970,9880.0,18.8,
hypertensive,Hi042017,Hi04_高血圧性疾患,female,total,総数,,,False,True,1975,11148.0,19.7,
hypertensive,Hi042017,Hi04_高血圧性疾患,female,total,総数,,,False,True,1980,9257.0,15.7,
hypertensive,Hi042017,Hi04_高血圧性疾患,female,total,総数,,,False,True,1985,7709.0,12.6,
hypertensive,Hi042017,Hi04_高血圧性疾患,female,total,総数,,,False,True,1990,5847.0,9.4,
hypertensive,Hi042017,Hi04_高血圧性疾患,female,total,総数,,,False,True,1995,5195.0,8.2,
hypertensive,Hi042017,Hi04_高血圧性疾患,female,total,総数,,,False,True,2000,3900.0,6.1,64815.0
hypertensive,Hi042017,Hi04_高血圧性疾患,female,total,総数,,,False,True,2005,3690.0,5.7,
hypertensive,Hi042017,Hi04_高血圧性疾患,female,total,総数,,,False,True,2010,4243.0,6.5,
hypertensive,Hi042017,Hi04_高血圧性疾患,female,total,総数,,,False,True,2013,4508.0,7.0,65388.0
hypertensive,Hi042017,Hi04_高血圧性疾患,female,total,総数,,,False,True,2014,4295.0,6.7,65282.0
hypertensive,Hi042017,Hi04_高血圧性疾患,female,total,総数,,,False,True,2015,4121.0,6.4,
hypertensive,Hi042017,Hi04_高血圧性疾患,female,total,総数,,,False,True,2016,4123.0,6.4,65226.0
hypertensive,Hi042017,Hi04_高血圧性疾患,female,total,総数,,,False,True,2017,5654.0,8.8,65165.0
hypertensive,Hi042017,Hi04_高血圧性疾患,female,total,総数,,,False,True,2018,5634.0,8.8,65076.0
hypertensive,Hi042017,Hi04_高血圧性疾患,female,total,総数,,,False,True,2019,5578.0,8.8,64967.0
hypertensive,Hi042017,Hi04_高血圧性疾患,female,total,総数,,,False,True,2020,5801.0,9.2,
hypertensive,Hi042017,Hi04_高血圧性疾患,female,total,総数,,,False,True,2021,5952.0,9.4,
hypertensive,Hi042017,Hi04_高血圧性疾患,female,total,総数,,,False,True,2022,6621.0,10.6,
hypertensive,Hi042017,Hi04_高血圧性疾患,female,total,総数,,,False,True,2023,6421.0,10.3,
hypertensive,Hi042017,Hi04_高血圧性疾患,female,total,総数,,,False,True,2024,6595.0,10.7,
hypertensive,Hi042017,Hi04_高血圧性疾患,male,a00_04,0-4歳,0,4,False,False,1950,2.0,0.0,
hypertensive,Hi042017,Hi04_高血圧性疾患,male,a05_09,5-9歳,5,9,False,False,1950,1.0,0.0,
hypertensive,Hi042017,Hi04_高血圧性疾患,male,a10_14,10-14歳,10,14,False,False,1950,3.0,0.1,
hypertensive,Hi042017,Hi04_高血圧性疾患,male,a10_14,10-14歳,10,14,False,False,1955,2.0,0.0,
hypertensive,Hi042017,Hi04_高血圧性疾患,male,a10_14,10-14歳,10,14,False,False,1960,2.0,0.0,
hypertensive,Hi042017,Hi04_高血圧性疾患,male,a10_14,10-14歳,10,14,False,False,1965,1.0,0.0,
hypertensive,Hi042017,Hi04_高血圧性疾患,male,a10_14,10-14歳,10,14,False,False,1970,1.0,0.0,
hypertensive,Hi042017,Hi04_高血圧性疾患,male,a10_14,10-14歳,10,14,False,False,1975,2.0,0.0,
hypertensive,Hi042017,Hi04_高血圧性疾患,male,a15_19,15-19歳,15,19,False,False,1950,5.0,0.1,
hypertensive,Hi042017,Hi04_高血圧性疾患,male,a15_19,15-19歳,15,19,False,False,1955,8.0,0.2,
hypertensive,Hi042017,Hi04_高血圧性疾患,male,a15_19,15-19歳,15,19,False,False,1960,9.0,0.2,
hypertensive,Hi042017,Hi04_高血圧性疾患,male,a15_19,15-19歳,15,19,False,False,1965,7.0,0.1,
hypertensive,Hi042017,Hi04_高血圧性疾患,male,a15_19,15-19歳,15,19,False,False,1970,8.0,0.2,
hypertensive,Hi042017,Hi04_高血圧性疾患,male,a15_19,15-19歳,15,19,False,False,1975,1.0,0.0,
hypertensive,Hi042017,Hi04_高血圧性疾患,male,a15_19,15-19歳,15,19,False,False,1990,1.0,0.0,5122.0
hypertensive,Hi042017,Hi04_高血圧性疾患,male,a15_19,15-19歳,15,19,False,False,2017,1.0,0.0,3067.0
hypertensive,Hi042017,Hi04_高血圧性疾患,male,a15_19,15-19歳,15,19,False,False,2021,1.0,0.0,2864.0
hypertensive,Hi042017,Hi04_高血圧性疾患,male,a15_19,15-19歳,15,19,False,False,2023,1.0,0.0,2818.0
hypertensive,Hi042017,Hi04_高血圧性疾患,male,a20_24,20-24歳,20,24,False,False,1950,6.0,0.2,
hypertensive,Hi042017,Hi04_高血圧性疾患,male,a20_24,20-24歳,20,24,False,False,1955,8.0,0.2,
hypertensive,Hi042017,Hi04_高血圧性疾患,male,a20_24,20-24歳,20,24,False,False,1960,16.0,0.4,
hypertensive,Hi042017,Hi04_高血圧性疾患,male,a20_24,20-24歳,20,24,False,False,1965,19.0,0.4,
hypertensive,Hi042017,Hi04_高血圧性疾患,male,a20_24,20-24歳,20,24,False,False,1970,10.0,0.2,
hypertensive,Hi042017,Hi04_高血圧性疾患,male,a20_24,20-24歳,20,24,False,False,1975,9.0,0.2,
hypertensive,Hi042017,Hi04_高血圧性疾患,male,a20_24,20-24歳,20,24,False,False,1980,1.0,0.0,3960.0
hypertensive,Hi042017,Hi04_高血圧性疾患,male,a20_24,20-24歳,20,24,False,False,1995,1.0,0.0,5041.0
hypertensive,Hi042017,Hi04_高血圧性疾患,male,a20_24,20-24歳,20,24,False,False,2010,1.0,0.0,3327.0
hypertensive,Hi042017,Hi04_高血圧性疾患,male,a25_29,25-29歳,25,29,False,False,1950,10.0,0.4,
hypertensive,Hi042017,Hi04_高血圧性疾患,male,a25_29,25-29歳,25,29,False,False,1955,16.0,0.4,
hypertensive,Hi042017,Hi04_高血圧性疾患,male,a25_29,25-29歳,25,29,False,False,1960,34.0,0.8,
hypertensive,Hi042017,Hi04_高血圧性疾患,male,a25_29,25-29歳,25,29,False,False,1965,18.0,0.4,
hypertensive,Hi042017,Hi04_高血圧性疾患,male,a25_29,25-29歳,25,29,False,False,1970,31.0,0.7,
hypertensive,Hi042017,Hi04_高血圧性疾患,male,a25_29,25-29歳,25,29,False,False,1975,15.0,0.3,
hypertensive,Hi042017,Hi04_高血圧性疾患,male,a25_29,25-29歳,25,29,False,False,1980,8.0,0.2,4545.0
hypertensive,Hi042017,Hi04_高血圧性疾患,male,a25_29,25-29歳,25,29,False,False,1985,3.0,0.1,3948.0
hypertensive,Hi042017,Hi04_高血圧性疾患,male,a25_29,25-29歳,25,29,False,False,1990,2.0,0.0,4078.0
hypertensive,Hi042017,Hi04_高血圧性疾患,male,a25_29,25-29歳,25,29,False,False,2000,3.0,0.1,4978.0
hypertensive,Hi042017,Hi04_高血圧性疾患,male,a25_29,25-29歳,25,29,False,False,2005,3.0,0.1,4220.0
hypertensive,Hi042017,Hi04_高血圧性疾患,male,a25_29,25-29歳,25,29,False,False,2010,1.0,0.0,3755.0
hypertensive,Hi042017,Hi04_高血圧性疾患,male,a25_29,25-29歳,25,29,False,False,2013,1.0,0.0,3505.0
hypertensive,Hi042017,Hi04_高血圧性疾患,male,a25_29,25-29歳,25,29,False,False,2015,1.0,0.0,3333.0
hypertensive,Hi042017,Hi04_高血圧性疾患,male,a25_29,25-29歳,25,29,False,False,2020,1.0,0.0,3279.0
hypertensive,Hi042017,Hi04_高血圧性疾患,male,a25_29,25-29歳,25,29,False,False,2022,1.0,0.0,3295.0
hypertensive,Hi042017,Hi04_高血圧性疾患,male,a25_29,25-29歳,25,29,False,False,2023,1.0,0.0,3333.0
hypertensive,Hi042017,Hi04_高血圧性疾患,male,a25_29,25-29歳,25,29,False,False,2024,1.0,0.0,3356.0
hypertensive,Hi042017,Hi04_高血圧性疾患,male,a30_34,30-34歳,30,34,False,False,1950,12.0,0.5,
hypertensive,Hi042017,Hi04_高血圧性疾患,male,a30_34,30-34歳,30,34,False,False,1955,21.0,0.8,
hypertensive,Hi042017,Hi04_高血圧性疾患,male,a30_34,30-34歳,30,34,False,False,1960,51.0,1.4,
hypertensive,Hi042017,Hi04_高血圧性疾患,male,a30_34,30-34歳,30,34,False,False,1965,51.0,1.2,
hypertensive,Hi042017,Hi04_高血圧性疾患,male,a30_34,30-34歳,30,34,False,False,1970,32.0,0.8,
hypertensive,Hi042017,Hi04_高血圧性疾患,male,a30_34,30-34歳,30,34,False,False,1975,29.0,0.6,
hypertensive,Hi042017,Hi04_高血圧性疾患,male,a30_34,30-34歳,30,34,False,False,1980,17.0,0.3,5422.0
hypertensive,Hi042017,Hi04_高血圧性疾患,male,a30_34,30-34歳,30,34,False,False,1985,6.0,0.1,4558.0
hypertensive,Hi042017,Hi04_高血圧性疾患,male,a30_34,30-34歳,30,34,False,False,1990,4.0,0.1,3925.0
hypertensive,Hi042017,Hi04_高血圧性疾患,male,a30_34,30-34歳,30,34,False,False,1995,6.0,0.1,4114.0
hypertensive,Hi042017,Hi04_高血圧性疾患,male,a30_34,30-34歳,30,34,False,False,2000,3.0,0.1,4448.0
hypertensive,Hi042017,Hi04_高血圧性疾患,male,a30_34,30-34歳,30,34,False,False,2005,5.0,0.1,4958.0
hypertensive,Hi042017,Hi04_高血圧性疾患,male,a30_34,30-34歳,30,34,False,False,2013,2.0,0.1,3866.0
hypertensive,Hi042017,Hi04_高血圧性疾患,male,a30_34,30-34歳,30,34,False,False,2014,3.0,0.1,3788.0
hypertensive,Hi042017,Hi04_高血圧性疾患,male,a30_34,30-34歳,30,34,False,False,2015,5.0,0.1,3751.0
hypertensive,Hi042017,Hi04_高血圧性疾患,male,a30_34,30-34歳,30,34,False,False,2016,8.0,0.2,3697.0
hypertensive,Hi042017,Hi04_高血圧性疾患,male,a30_34,30-34歳,30,34,False,False,2017,5.0,0.1,3641.0
hypertensive,Hi042017,Hi04_高血圧性疾患,male,a30_34,30-34歳,30,34,False,False,2018,3.0,0.1,3571.0
hypertensive,Hi042017,Hi04_高血圧性疾患,male,a30_34,30-34歳,30,34,False,False,2019,3.0,0.1,3499.0
hypertensive,Hi042017,Hi04_高血圧性疾患,male,a30_34,30-34歳,30,34,False,False,2020,7.0,0.2,3431.0
hypertensive,Hi042017,Hi04_高血圧性疾患,male,a30_34,30-34歳,30,34,False,False,2021,1.0,0.0,3352.0
hypertensive,Hi042017,Hi04_高血圧性疾患,male,a30_34,30-34歳,30,34,False,False,2022,2.0,0.1,3300.0
hypertensive,Hi042017,Hi04_高血圧性疾患,male,a30_34,30-34歳,30,34,False,False,2023,2.0,0.1,3273.0
hypertensive,Hi042017,Hi04_高血圧性疾患,male,a30_34,30-34歳,30,34,False,False,2024,1.0,0.0,3289.0
hypertensive,Hi042017,Hi04_高血圧性疾患,male,a35_39,35-39歳,35,39,False,False,1950,18.0,0.8,
hypertensive,Hi042017,Hi04_高血圧性疾患,male,a35_39,35-39歳,35,39,False,False,1955,19.0,0.8,
hypertensive,Hi042017,Hi04_高血圧性疾患,male,a35_39,35-39歳,35,39,False,False,1960,58.0,2.1,
hypertensive,Hi042017,Hi04_高血圧性疾患,male,a35_39,35-39歳,35,39,False,False,1965,83.0,2.2,
hypertensive,Hi042017,Hi04_高血圧性疾患,male,a35_39,35-39歳,35,39,False,False,1970,91.0,2.2,
hypertensive,Hi042017,Hi04_高血圧性疾患,male,a35_39,35-39歳,35,39,False,False,1975,58.0,1.4,
hypertensive,Hi042017,Hi04_高血圧性疾患,male,a35_39,35-39歳,35,39,False,False,1980,19.0,0.4,4595.0
hypertensive,Hi042017,Hi04_高血圧性疾患,male,a35_39,35-39歳,35,39,False,False,1985,21.0,0.4,5398.0
hypertensive,Hi042017,Hi04_高血圧性疾患,male,a35_39,35-39歳,35,39,False,False,1990,11.0,0.2,4525.0
hypertensive,Hi042017,Hi04_高血圧性疾患,male,a35_39,35-39歳,35,39,False,False,1995,9.0,0.2,3946.0
hypertensive,Hi042017,Hi04_高血圧性疾患,male,a35_39,35-39歳,35,39,False,False,2000,7.0,0.2,4106.0
hypertensive,Hi042017,Hi04_高血圧性疾患,male,a35_39,35-39歳,35,39,False,False,2005,13.0,0.3,4425.0
hypertensive,Hi042017,Hi04_高血圧性疾患,male,a35_39,35-39歳,35,39,False,False,2010,7.0,0.1,5002.0
hypertensive,Hi042017,Hi04_高血圧性疾患,male,a35_39,35-39歳,35,39,False,False,2013,5.0,0.1,4593.0
hypertensive,Hi042017,Hi04_高血圧性疾患,male,a35_39,35-39歳,35,39,False,False,2014,11.0,0.3,4394.0
hypertensive,Hi042017,Hi04_高血圧性疾患,male,a35_39,35-39歳,35,39,False,False,2015,11.0,0.3,4268.0
hypertensive,Hi042017,Hi04_高血圧性疾患,male,a35_39,35-39歳,35,39,False,False,2016,5.0,0.1,4126.0
hypertensive,Hi042017,Hi04_高血圧性疾患,male,a35_39,35-39歳,35,39,False,False,2017,9.0,0.2,4017.0
hypertensive,Hi042017,Hi04_高血圧性疾患,male,a35_39,35-39歳,35,39,False,False,2018,13.0,0.3,3933.0
hypertensive,Hi042017,Hi04_高血圧性疾患,male,a35_39,35-39歳,35,39,False,False,2019,11.0,0.3,3874.0
hypertensive,Hi042017,Hi04_高血圧性疾患,male,a35_39,35-39歳,35,39,False,False,2020,15.0,0.4,3806.0
hypertensive,Hi042017,Hi04_高血圧性疾患,male,a35_39,35-39歳,35,39,False,False,2021,5.0,0.1,3736.0
hypertensive,Hi042017,Hi04_高血圧性疾患,male,a35_39,35-39歳,35,39,False,False,2022,8.0,0.2,3668.0
hypertensive,Hi042017,Hi04_高血圧性疾患,male,a35_39,35-39歳,35,39,False,False,2023,4.0,0.1,3593.0
hypertensive,Hi042017,Hi04_高血圧性疾患,male,a35_39,35-39歳,35,39,False,False,2024,9.0,0.3,3509.0
hypertensive,Hi042017,Hi04_高血圧性疾患,male,a40_44,40-44歳,40,44,False,False,1950,40.0,1.8,
hypertensive,Hi042017,Hi04_高血圧性疾患,male,a40_44,40-44歳,40,44,False,False,1955,67.0,2.9,
hypertensive,Hi042017,Hi04_高血圧性疾患,male,a40_44,40-44歳,40,44,False,False,1960,72.0,3.2,
hypertensive,Hi042017,Hi04_高血圧性疾患,male,a40_44,40-44歳,40,44,False,False,1965,93.0,3.4,
hypertensive,Hi042017,Hi04_高血圧性疾患,male,a40_44,40-44歳,40,44,False,False,1970,119.0,3.3,
hypertensive,Hi042017,Hi04_高血圧性疾患,male,a40_44,40-44歳,40,44,False,False,1975,101.0,2.5,
hypertensive,Hi042017,Hi04_高血圧性疾患,male,a40_44,40-44歳,40,44,False,False,1980,50.0,1.2,
hypertensive,Hi042017,Hi04_高血圧性疾患,male,a40_44,40-44歳,40,44,False,False,1985,30.0,0.7,
hypertensive,Hi042017,Hi04_高血圧性疾患,male,a40_44,40-44歳,40,44,False,False,1990,14.0,0.3,
hypertensive,Hi042017,Hi04_高血圧性疾患,male,a40_44,40-44歳,40,44,False,False,1995,18.0,0.4,
hypertensive,Hi042017,Hi04_高血圧性疾患,male,a40_44,40-44歳,40,44,False,False,2000,11.0,0.3,3933.0
hypertensive,Hi042017,Hi04_高血圧性疾患,male,a40_44,40-44歳,40,44,False,False,2005,6.0,0.1,4085.0
hypertensive,Hi042017,Hi04_高血圧性疾患,male,a40_44,40-44歳,40,44,False,False,2010,17.0,0.4,4446.0
hypertensive,Hi042017,Hi04_高血圧性疾患,male,a40_44,40-44歳,40,44,False,False,2013,16.0,0.3,4889.0
hypertensive,Hi042017,Hi04_高血圧性疾患,male,a40_44,40-44歳,40,44,False,False,2014,12.0,0.2,4956.0
hypertensive,Hi042017,Hi04_高血圧性疾患,male,a40_44,40-44歳,40,44,False,False,2015,23.0,0.5,4988.0
hypertensive,Hi042017,Hi04_高血圧性疾患,male,a40_44,40-44歳,40,44,False,False,2016,12.0,0.2,4930.0
hypertensive,Hi042017,Hi04_高血圧性疾患,male,a40_44,40-44歳,40,44,False,False,2017,27.0,0.6,4801.0
hypertensive,Hi042017,Hi04_高血圧性疾患,male,a40_44,40-44歳,40,44,False,False,2018,27.0,0.6,4634.0
hypertensive,Hi042017,Hi04_高血圧性疾患,male,a40_44,40-44歳,40,44,False,False,2019,20.0,0.5,4452.0
hypertensive,Hi042017,Hi04_高血圧性疾患,male,a40_44,40-44歳,40,44,False,False,2020,19.0,0.5,4299.0
hypertensive,Hi042017,Hi04_高血圧性疾患,male,a40_44,40-44歳,40,44,False,False,2021,22.0,0.5,4144.0
hypertensive,Hi042017,Hi04_高血圧性疾患,male,a40_44,40-44歳,40,44,False,False,2022,15.0,0.4,4028.0
hypertensive,Hi042017,Hi04_高血圧性疾患,male,a40_44,40-44歳,40,44,False,False,2023,21.0,0.5,3938.0
hypertensive,Hi042017,Hi04_高血圧性疾患,male,a40_44,40-44歳,40,44,False,False,2024,13.0,0.3,3871.0
hypertensive,Hi042017,Hi04_高血圧性疾患,male,a45_49,45-49歳,45,49,False,False,1950,87.0,4.3,
hypertensive,Hi042017,Hi04_高血圧性疾患,male,a45_49,45-49歳,45,49,False,False,1955,114.0,5.3,
hypertensive,Hi042017,Hi04_高血圧性疾患,male,a45_49,45-49歳,45,49,False,False,1960,208.0,9.2,
hypertensive,Hi042017,Hi04_高血圧性疾患,male,a45_49,45-49歳,45,49,False,False,1965,172.0,7.7,
hypertensive,Hi042017,Hi04_高血圧性疾患,male,a45_49,45-49歳,45,49,False,False,1970,128.0,4.8,
hypertensive,Hi042017,Hi04_高血圧性疾患,male,a45_49,45-49歳,45,49,False,False,1975,160.0,4.4,
hypertensive,Hi042017,Hi04_高血圧性疾患,male,a45_49,45-49歳,45,49,False,False,1980,85.0,2.1,
hypertensive,Hi042017,Hi04_高血圧性疾患,male,a45_49,45-49歳,45,49,False,False,1985,44.0,1.1,
hypertensive,Hi042017,Hi04_高血圧性疾患,male,a45_49,45-49歳,45,49,False,False,1990,41.0,0.9,4482.0
hypertensive,Hi042017,Hi04_高血圧性疾患,male,a45_49,45-49歳,45,49,False,False,1995,41.0,0.8,5328.0
hypertensive,Hi042017,Hi04_高血圧性疾患,male,a45_49,45-49歳,45,49,False,False,2000,28.0,0.6,4478.0
hypertensive,Hi042017,Hi04_高血圧性疾患,male,a45_49,45-49歳,45,49,False,False,2005,26.0,0.7,3885.0
hypertensive,Hi042017,Hi04_高血圧性疾患,male,a45_49,45-49歳,45,49,False,False,2010,25.0,0.6,4069.0
hypertensive,Hi042017,Hi04_高血圧性疾患,male,a45_49,45-49歳,45,49,False,False,2013,32.0,0.8,4228.0
hypertensive,Hi042017,Hi04_高血圧性疾患,male,a45_49,45-49歳,45,49,False,False,2014,27.0,0.6,4329.0
hypertensive,Hi042017,Hi04_高血圧性疾患,male,a45_49,45-49歳,45,49,False,False,2015,19.0,0.4,4422.0
hypertensive,Hi042017,Hi04_高血圧性疾患,male,a45_49,45-49歳,45,49,False,False,2016,35.0,0.8,4692.0
hypertensive,Hi042017,Hi04_高血圧性疾患,male,a45_49,45-49歳,45,49,False,False,2017,50.0,1.1,4792.0
hypertensive,Hi042017,Hi04_高血圧性疾患,male,a45_49,45-49歳,45,49,False,False,2018,39.0,0.8,4909.0
hypertensive,Hi042017,Hi04_高血圧性疾患,male,a45_49,45-49歳,45,49,False,False,2019,58.0,1.2,4991.0
hypertensive,Hi042017,Hi04_高血圧性疾患,male,a45_49,45-49歳,45,49,False,False,2020,60.0,1.2,4994.0
hypertensive,Hi042017,Hi04_高血圧性疾患,male,a45_49,45-49歳,45,49,False,False,2021,54.0,1.1,4927.0
hypertensive,Hi042017,Hi04_高血圧性疾患,male,a45_49,45-49歳,45,49,False,False,2022,57.0,1.2,4792.0
hypertensive,Hi042017,Hi04_高血圧性疾患,male,a45_49,45-49歳,45,49,False,False,2023,45.0,1.0,4620.0
hypertensive,Hi042017,Hi04_高血圧性疾患,male,a45_49,45-49歳,45,49,False,False,2024,37.0,0.9,4432.0
hypertensive,Hi042017,Hi04_高血圧性疾患,male,a50_54,50-54歳,50,54,False,False,1950,151.0,8.8,
hypertensive,Hi042017,Hi04_高血圧性疾患,male,a50_54,50-54歳,50,54,False,False,1955,231.0,12.0,
hypertensive,Hi042017,Hi04_高血圧性疾患,male,a50_54,50-54歳,50,54,False,False,1960,339.0,16.6,
hypertensive,Hi042017,Hi04_高血圧性疾患,male,a50_54,50-54歳,50,54,False,False,1965,303.0,13.9,
hypertensive,Hi042017,Hi04_高血圧性疾患,male,a50_54,50-54歳,50,54,False,False,1970,231.0,10.8,
hypertensive,Hi042017,Hi04_高血圧性疾患,male,a50_54,50-54歳,50,54,False,False,1975,169.0,6.5,
hypertensive,Hi042017,Hi04_高血圧性疾患,male,a50_54,50-54歳,50,54,False,False,1980,126.0,3.6,
hypertensive,Hi042017,Hi04_高血圧性疾患,male,a50_54,50-54歳,50,54,False,False,1985,94.0,2.4,
hypertensive,Hi042017,Hi04_高血圧性疾患,male,a50_54,50-54歳,50,54,False,False,1990,57.0,1.4,
hypertensive,Hi042017,Hi04_高血圧性疾患,male,a50_54,50-54歳,50,54,False,False,1995,79.0,1.8,
hypertensive,Hi042017,Hi04_高血圧性疾患,male,a50_54,50-54歳,50,54,False,False,2000,67.0,1.3,5222.0
hypertensive,Hi042017,Hi04_高血圧性疾患,male,a50_54,50-54歳,50,54,False,False,2005,49.0,1.1,4403.0
hypertensive,Hi042017,Hi04_高血圧性疾患,male,a50_54,50-54歳,50,54,False,False,2010,39.0,1.0,3847.0
hypertensive,Hi042017,Hi04_高血圧性疾患,male,a50_54,50-54歳,50,54,False,False,2013,43.0,1.1,3870.0
hypertensive,Hi042017,Hi04_高血圧性疾患,male,a50_54,50-54歳,50,54,False,False,2014,48.0,1.2,3903.0
hypertensive,Hi042017,Hi04_高血圧性疾患,male,a50_54,50-54歳,50,54,False,False,2015,45.0,1.1,4029.0
hypertensive,Hi042017,Hi04_高血圧性疾患,male,a50_54,50-54歳,50,54,False,False,2016,49.0,1.3,3972.0
hypertensive,Hi042017,Hi04_高血圧性疾患,male,a50_54,50-54歳,50,54,False,False,2017,78.0,1.9,4106.0
hypertensive,Hi042017,Hi04_高血圧性疾患,male,a50_54,50-54歳,50,54,False,False,2018,88.0,2.1,4216.0
hypertensive,Hi042017,Hi04_高血圧性疾患,male,a50_54,50-54歳,50,54,False,False,2019,80.0,1.9,4329.0
hypertensive,Hi042017,Hi04_高血圧性疾患,male,a50_54,50-54歳,50,54,False,False,2020,92.0,2.1,4394.0
hypertensive,Hi042017,Hi04_高血圧性疾患,male,a50_54,50-54歳,50,54,False,False,2021,97.0,2.1,4658.0
hypertensive,Hi042017,Hi04_高血圧性疾患,male,a50_54,50-54歳,50,54,False,False,2022,99.0,2.1,4756.0
hypertensive,Hi042017,Hi04_高血圧性疾患,male,a50_54,50-54歳,50,54,False,False,2023,85.0,1.8,4868.0
hypertensive,Hi042017,Hi04_高血圧性疾患,male,a50_54,50-54歳,50,54,False,False,2024,118.0,2.4,4943.0
hypertensive,Hi042017,Hi04_高血圧性疾患,male,a55_59,55-59歳,55,59,False,False,1950,289.0,21.0,
hypertensive,Hi042017,Hi04_高血圧性疾患,male,a55_59,55-59歳,55,59,False,False,1955,285.0,17.7,
hypertensive,Hi042017,Hi04_高血圧性疾患,male,a55_59,55-59歳,55,59,False,False,1960,532.0,29.5,
hypertensive,Hi042017,Hi04_高血圧性疾患,male,a55_59,55-59歳,55,59,False,False,1965,525.0,27.2,
hypertensive,Hi042017,Hi04_高血圧性疾患,male,a55_59,55-59歳,55,59,False,False,1970,420.0,20.7,
hypertensive,Hi042017,Hi04_高血圧性疾患,male,a55_59,55-59歳,55,59,False,False,1975,271.0,13.2,
hypertensive,Hi042017,Hi04_高血圧性疾患,male,a55_59,55-59歳,55,59,False,False,1980,157.0,6.3,
hypertensive,Hi042017,Hi04_高血圧性疾患,male,a55_59,55-59歳,55,59,False,False,1985,141.0,4.2,
hypertensive,Hi042017,Hi04_高血圧性疾患,male,a55_59,55-59歳,55,59,False,False,1990,97.0,2.6,
hypertensive,Hi042017,Hi04_高血圧性疾患,male,a55_59,55-59歳,55,59,False,False,1995,119.0,3.1,
hypertensive,Hi042017,Hi04_高血圧性疾患,male,a55_59,55-59歳,55,59,False,False,2000,67.0,1.6,4301.0
hypertensive,Hi042017,Hi04_高血圧性疾患,male,a55_59,55-59歳,55,59,False,False,2005,79.0,1.6,5101.0
hypertensive,Hi042017,Hi04_高血圧性疾患,male,a55_59,55-59歳,55,59,False,False,2010,101.0,2.4,4330.0
hypertensive,Hi042017,Hi04_高血圧性疾患,male,a55_59,55-59歳,55,59,False,False,2013,85.0,2.2,3839.0
hypertensive,Hi042017,Hi04_高血圧性疾患,male,a55_59,55-59歳,55,59,False,False,2014,64.0,1.7,3801.0
hypertensive,Hi042017,Hi04_高血圧性疾患,male,a55_59,55-59歳,55,59,False,False,2015,62.0,1.7,3784.0
hypertensive,Hi042017,Hi04_高血圧性疾患,male,a55_59,55-59歳,55,59,False,False,2016,83.0,2.2,3762.0
hypertensive,Hi042017,Hi04_高血圧性疾患,male,a55_59,55-59歳,55,59,False,False,2017,119.0,3.2,3792.0
hypertensive,Hi042017,Hi04_高血圧性疾患,male,a55_59,55-59歳,55,59,False,False,2018,128.0,3.4,3830.0
hypertensive,Hi042017,Hi04_高血圧性疾患,male,a55_59,55-59歳,55,59,False,False,2019,139.0,3.6,3867.0
hypertensive,Hi042017,Hi04_高血圧性疾患,male,a55_59,55-59歳,55,59,False,False,2020,131.0,3.3,3967.0
hypertensive,Hi042017,Hi04_高血圧性疾患,male,a55_59,55-59歳,55,59,False,False,2021,145.0,3.8,3908.0
hypertensive,Hi042017,Hi04_高血圧性疾患,male,a55_59,55-59歳,55,59,False,False,2022,152.0,3.8,4036.0
hypertensive,Hi042017,Hi04_高血圧性疾患,male,a55_59,55-59歳,55,59,False,False,2023,170.0,4.2,4143.0
hypertensive,Hi042017,Hi04_高血圧性疾患,male,a55_59,55-59歳,55,59,False,False,2024,150.0,3.6,4251.0
hypertensive,Hi042017,Hi04_高血圧性疾患,male,a60_64,60-64歳,60,64,False,False,1950,471.0,42.4,
hypertensive,Hi042017,Hi04_高血圧性疾患,male,a60_64,60-64歳,60,64,False,False,1955,469.0,38.2,
hypertensive,Hi042017,Hi04_高血圧性疾患,male,a60_64,60-64歳,60,64,False,False,1960,832.0,57.9,
hypertensive,Hi042017,Hi04_高血圧性疾患,male,a60_64,60-64歳,60,64,False,False,1965,934.0,57.5,
hypertensive,Hi042017,Hi04_高血圧性疾患,male,a60_64,60-64歳,60,64,False,False,1970,660.0,37.8,
hypertensive,Hi042017,Hi04_高血圧性疾患,male,a60_64,60-64歳,60,64,False,False,1975,506.0,26.3,
hypertensive,Hi042017,Hi04_高血圧性疾患,male,a60_64,60-64歳,60,64,False,False,1980,263.0,13.6,
hypertensive,Hi042017,Hi04_高血圧性疾患,male,a60_64,60-64歳,60,64,False,False,1985,156.0,6.6,
hypertensive,Hi042017,Hi04_高血圧性疾患,male,a60_64,60-64歳,60,64,False,False,1990,159.0,4.9,
hypertensive,Hi042017,Hi04_高血圧性疾患,male,a60_64,60-64歳,60,64,False,False,1995,158.0,4.4,
hypertensive,Hi042017,Hi04_高血圧性疾患,male,a60_64,60-64歳,60,64,False,False,2000,97.0,2.6,3758.0
hypertensive,Hi042017,Hi04_高血圧性疾患,male,a60_64,60-64歳,60,64,False,False,2005,122.0,2.9,4174.0
hypertensive,Hi042017,Hi04_高血圧性疾患,male,a60_64,60-64歳,60,64,False,False,2010,167.0,3.4,4965.0
hypertensive,Hi042017,Hi04_高血圧性疾患,male,a60_64,60-64歳,60,64,False,False,2013,139.0,2.9,4740.0
hypertensive,Hi042017,Hi04_高血圧性疾患,male,a60_64,60-64歳,60,64,False,False,2014,141.0,3.2,4406.0
hypertensive,Hi042017,Hi04_高血圧性疾患,male,a60_64,60-64歳,60,64,False,False,2015,121.0,2.9,4210.0
hypertensive,Hi042017,Hi04_高血圧性疾患,male,a60_64,60-64歳,60,64,False,False,2016,123.0,3.1,4020.0
hypertensive,Hi042017,Hi04_高血圧性疾患,male,a60_64,60-64歳,60,64,False,False,2017,171.0,4.5,3850.0
hypertensive,Hi042017,Hi04_高血圧性疾患,male,a60_64,60-64歳,60,64,False,False,2018,184.0,5.0,3750.0
hypertensive,Hi042017,Hi04_高血圧性疾患,male,a60_64,60-64歳,60,64,False,False,2019,194.0,5.3,3722.0
hypertensive,Hi042017,Hi04_高血圧性疾患,male,a60_64,60-64歳,60,64,False,False,2020,225.0,6.2,3677.0
hypertensive,Hi042017,Hi04_高血圧性疾患,male,a60_64,60-64歳,60,64,False,False,2021,187.0,5.2,3654.0
hypertensive,Hi042017,Hi04_高血圧性疾患,male,a60_64,60-64歳,60,64,False,False,2022,234.0,6.4,3684.0
hypertensive,Hi042017,Hi04_高血圧性疾患,male,a60_64,60-64歳,60,64,False,False,2023,220.0,6.0,3719.0
hypertensive,Hi042017,Hi04_高血圧性疾患,male,a60_64,60-64歳,60,64,False,False,2024,247.0,6.7,3753.0
hypertensive,Hi042017,Hi04_高血圧性疾患,male,a65_69,65-69歳,65,69,False,False,1950,805.0,101.1,
hypertensive,Hi042017,Hi04_高血圧性疾患,male,a65_69,65-69歳,65,69,False,False,1955,719.0,78.2,
hypertensive,Hi042017,Hi04_高血圧性疾患,male,a65_69,65-69歳,65,69,False,False,1960,1111.0,108.2,
hypertensive,Hi042017,Hi04_高血圧性疾患,male,a65_69,65-69歳,65,69,False,False,1965,1382.0,113.4,
hypertensive,Hi042017,Hi04_高血圧性疾患,male,a65_69,65-69歳,65,69,False,False,1970,1178.0,84.5,
hypertensive,Hi042017,Hi04_高血圧性疾患,male,a65_69,65-69歳,65,69,False,False,1975,858.0,54.9,
hypertensive,Hi042017,Hi04_高血圧性疾患,male,a65_69,65-69歳,65,69,False,False,1980,543.0,31.3,
hypertensive,Hi042017,Hi04_高血圧性疾患,male,a65_69,65-69歳,65,69,False,False,1985,271.0,15.3,
hypertensive,Hi042017,Hi04_高血圧性疾患,male,a65_69,65-69歳,65,69,False,False,1990,197.0,9.0,
hypertensive,Hi042017,Hi04_高血圧性疾患,male,a65_69,65-69歳,65,69,False,False,1995,247.0,8.3,
hypertensive,Hi042017,Hi04_高血圧性疾患,male,a65_69,65-69歳,65,69,False,False,2000,151.0,4.5,3365.0
hypertensive,Hi042017,Hi04_高血圧性疾患,male,a65_69,65-69歳,65,69,False,False,2005,133.0,3.8,3561.0
hypertensive,Hi042017,Hi04_高血圧性疾患,male,a65_69,65-69歳,65,69,False,False,2010,187.0,4.8,3953.0
hypertensive,Hi042017,Hi04_高血圧性疾患,male,a65_69,65-69歳,65,69,False,False,2013,210.0,5.0,4183.0
hypertensive,Hi042017,Hi04_高血圧性疾患,male,a65_69,65-69歳,65,69,False,False,2014,203.0,4.6,4414.0
hypertensive,Hi042017,Hi04_高血圧性疾患,male,a65_69,65-69歳,65,69,False,False,2015,223.0,4.7,4723.0
hypertensive,Hi042017,Hi04_高血圧性疾患,male,a65_69,65-69歳,65,69,False,False,2016,222.0,4.5,4969.0
hypertensive,Hi042017,Hi04_高血圧性疾患,male,a65_69,65-69歳,65,69,False,False,2017,363.0,7.6,4795.0
hypertensive,Hi042017,Hi04_高血圧性疾患,male,a65_69,65-69歳,65,69,False,False,2018,304.0,6.7,4530.0
hypertensive,Hi042017,Hi04_高血圧性疾患,male,a65_69,65-69歳,65,69,False,False,2019,328.0,7.8,4216.0
hypertensive,Hi042017,Hi04_高血圧性疾患,male,a65_69,65-69歳,65,69,False,False,2020,333.0,8.4,3999.0
hypertensive,Hi042017,Hi04_高血圧性疾患,male,a65_69,65-69歳,65,69,False,False,2021,318.0,8.4,3824.0
hypertensive,Hi042017,Hi04_高血圧性疾患,male,a65_69,65-69歳,65,69,False,False,2022,349.0,9.6,3665.0
hypertensive,Hi042017,Hi04_高血圧性疾患,male,a65_69,65-69歳,65,69,False,False,2023,375.0,10.6,3569.0
hypertensive,Hi042017,Hi04_高血圧性疾患,male,a65_69,65-69歳,65,69,False,False,2024,360.0,10.3,3539.0
hypertensive,Hi042017,Hi04_高血圧性疾患,male,a70_74,70-74歳,70,74,False,False,1950,1084.0,200.6,
hypertensive,Hi042017,Hi04_高血圧性疾患,male,a70_74,70-74歳,70,74,False,False,1955,858.0,144.5,
hypertensive,Hi042017,Hi04_高血圧性疾患,male,a70_74,70-74歳,70,74,False,False,1960,1453.0,209.5,
hypertensive,Hi042017,Hi04_高血圧性疾患,male,a70_74,70-74歳,70,74,False,False,1965,1778.0,225.4,
hypertensive,Hi042017,Hi04_高血圧性疾患,male,a70_74,70-74歳,70,74,False,False,1970,1589.0,165.8,
hypertensive,Hi042017,Hi04_高血圧性疾患,male,a70_74,70-74歳,70,74,False,False,1975,1504.0,131.5,
hypertensive,Hi042017,Hi04_高血圧性疾患,male,a70_74,70-74歳,70,74,False,False,1980,902.0,68.7,
hypertensive,Hi042017,Hi04_高血圧性疾患,male,a70_74,70-74歳,70,74,False,False,1985,589.0,39.6,
hypertensive,Hi042017,Hi04_高血圧性疾患,male,a70_74,70-74歳,70,74,False,False,1990,302.0,19.4,
hypertensive,Hi042017,Hi04_高血圧性疾患,male,a70_74,70-74歳,70,74,False,False,1995,262.0,13.6,
hypertensive,Hi042017,Hi04_高血圧性疾患,male,a70_74,70-74歳,70,74,False,False,2000,225.0,8.4,2676.0
hypertensive,Hi042017,Hi04_高血圧性疾患,male,a70_74,70-74歳,70,74,False,False,2005,206.0,6.8,3053.0
hypertensive,Hi042017,Hi04_高血圧性疾患,male,a70_74,70-74歳,70,74,False,False,2010,208.0,6.4,3249.0
hypertensive,Hi042017,Hi04_高血圧性疾患,male,a70_74,70-74歳,70,74,False,False,2013,241.0,6.8,3537.0
hypertensive,Hi042017,Hi04_高血圧性疾患,male,a70_74,70-74歳,70,74,False,False,2014,226.0,6.2,3689.0
hypertensive,Hi042017,Hi04_高血圧性疾患,male,a70_74,70-74歳,70,74,False,False,2015,219.0,6.1,3625.0
hypertensive,Hi042017,Hi04_高血圧性疾患,male,a70_74,70-74歳,70,74,False,False,2016,229.0,6.7,3446.0
hypertensive,Hi042017,Hi04_高血圧性疾患,male,a70_74,70-74歳,70,74,False,False,2017,369.0,10.2,3618.0
hypertensive,Hi042017,Hi04_高血圧性疾患,male,a70_74,70-74歳,70,74,False,False,2018,427.0,11.1,3854.0
hypertensive,Hi042017,Hi04_高血圧性疾患,male,a70_74,70-74歳,70,74,False,False,2019,409.0,10.0,4079.0
hypertensive,Hi042017,Hi04_高血圧性疾患,male,a70_74,70-74歳,70,74,False,False,2020,470.0,10.9,4337.0
hypertensive,Hi042017,Hi04_高血圧性疾患,male,a70_74,70-74歳,70,74,False,False,2021,489.0,10.8,4565.0
hypertensive,Hi042017,Hi04_高血圧性疾患,male,a70_74,70-74歳,70,74,False,False,2022,615.0,14.0,4405.0
hypertensive,Hi042017,Hi04_高血圧性疾患,male,a70_74,70-74歳,70,74,False,False,2023,587.0,14.2,4161.0
hypertensive,Hi042017,Hi04_高血圧性疾患,male,a70_74,70-74歳,70,74,False,False,2024,577.0,15.0,3872.0
hypertensive,Hi042017,Hi04_高血圧性疾患,male,a75_79,75-79歳,75,79,False,False,1950,903.0,337.3,
hypertensive,Hi042017,Hi04_高血圧性疾患,male,a75_79,75-79歳,75,79,False,False,1955,875.0,255.8,
hypertensive,Hi042017,Hi04_高血圧性疾患,male,a75_79,75-79歳,75,79,False,False,1960,1386.0,367.9,
hypertensive,Hi042017,Hi04_高血圧性疾患,male,a75_79,75-79歳,75,79,False,False,1965,1938.0,428.9,
hypertensive,Hi042017,Hi04_高血圧性疾患,male,a75_79,75-79歳,75,79,False,False,1970,1730.0,325.9,
hypertensive,Hi042017,Hi04_高血圧性疾患,male,a75_79,75-79歳,75,79,False,False,1975,1958.0,285.3,
hypertensive,Hi042017,Hi04_高血圧性疾患,male,a75_79,75-79歳,75,79,False,False,1980,1485.0,175.6,
hypertensive,Hi042017,Hi04_高血圧性疾患,male,a75_79,75-79歳,75,79,False,False,1985,980.0,98.3,
hypertensive,Hi042017,Hi04_高血圧性疾患,male,a75_79,75-79歳,75,79,False,False,1990,582.0,48.6,
hypertensive,Hi042017,Hi04_高血圧性疾患,male,a75_79,75-79歳,75,79,False,False,1995,409.0,32.6,
hypertensive,Hi042017,Hi04_高血圧性疾患,male,a75_79,75-79歳,75,79,False,False,2000,246.0,15.2,1629.0
hypertensive,Hi042017,Hi04_高血圧性疾患,male,a75_79,75-79歳,75,79,False,False,2005,326.0,14.4,2266.0
hypertensive,Hi042017,Hi04_高血圧性疾患,male,a75_79,75-79歳,75,79,False,False,2010,342.0,13.2,2601.0
hypertensive,Hi042017,Hi04_高血圧性疾患,male,a75_79,75-79歳,75,79,False,False,2013,303.0,11.0,2772.0
hypertensive,Hi042017,Hi04_高血圧性疾患,male,a75_79,75-79歳,75,79,False,False,2014,304.0,11.0,2768.0
hypertensive,Hi042017,Hi04_高血圧性疾患,male,a75_79,75-79歳,75,79,False,False,2015,299.0,10.7,2817.0
hypertensive,Hi042017,Hi04_高血圧性疾患,male,a75_79,75-79歳,75,79,False,False,2016,290.0,10.0,2901.0
hypertensive,Hi042017,Hi04_高血圧性疾患,male,a75_79,75-79歳,75,79,False,False,2017,480.0,16.0,3000.0
hypertensive,Hi042017,Hi04_高血圧性疾患,male,a75_79,75-79歳,75,79,False,False,2018,437.0,14.1,3086.0
hypertensive,Hi042017,Hi04_高血圧性疾患,male,a75_79,75-79歳,75,79,False,False,2019,516.0,16.0,3217.0
hypertensive,Hi042017,Hi04_高血圧性疾患,male,a75_79,75-79歳,75,79,False,False,2020,541.0,17.3,3146.0
hypertensive,Hi042017,Hi04_高血圧性疾患,male,a75_79,75-79歳,75,79,False,False,2021,519.0,17.4,2991.0
hypertensive,Hi042017,Hi04_高血圧性疾患,male,a75_79,75-79歳,75,79,False,False,2022,604.0,19.3,3151.0
hypertensive,Hi042017,Hi04_高血圧性疾患,male,a75_79,75-79歳,75,79,False,False,2023,627.0,18.7,3365.0
hypertensive,Hi042017,Hi04_高血圧性疾患,male,a75_79,75-79歳,75,79,False,False,2024,699.0,19.7,3566.0
hypertensive,Hi042017,Hi04_高血圧性疾患,male,a80_84,80-84歳,80,84,False,False,1950,502.0,525.2,
hypertensive,Hi042017,Hi04_高血圧性疾患,male,a80_84,80-84歳,80,84,False,False,1955,476.0,357.4,
hypertensive,Hi042017,Hi04_高血圧性疾患,male,a80_84,80-84歳,80,84,False,False,1960,897.0,530.3,
hypertensive,Hi042017,Hi04_高血圧性疾患,male,a80_84,80-84歳,80,84,False,False,1965,1246.0,666.5,
hypertensive,Hi042017,Hi04_高血圧性疾患,male,a80_84,80-84歳,80,84,False,False,1970,1366.0,567.0,
hypertensive,Hi042017,Hi04_高血圧性疾患,male,a80_84,80-84歳,80,84,False,False,1975,1796.0,584.7,
hypertensive,Hi042017,Hi04_高血圧性疾患,male,a80_84,80-84歳,80,84,False,False,1980,1642.0,394.1,
hypertensive,Hi042017,Hi04_高血圧性疾患,male,a80_84,80-84歳,80,84,False,False,1985,1266.0,231.2,
hypertensive,Hi042017,Hi04_高血圧性疾患,male,a80_84,80-84歳,80,84,False,False,1990,791.0,116.6,
hypertensive,Hi042017,Hi04_高血圧性疾患,male,a80_84,80-84歳,80,84,False,False,1995,632.0,76.9,
hypertensive,Hi042017,Hi04_高血圧性疾患,male,a80_84,80-84歳,80,84,False,False,2000,368.0,40.3,917.0
hypertensive,Hi042017,Hi04_高血圧性疾患,male,a80_84,80-84歳,80,84,False,False,2005,351.0,28.7,1228.0
hypertensive,Hi042017,Hi04_高血圧性疾患,male,a80_84,80-84歳,80,84,False,False,2010,445.0,26.2,1705.0
hypertensive,Hi042017,Hi04_高血圧性疾患,male,a80_84,80-84歳,80,84,False,False,2013,496.0,26.3,1888.0
hypertensive,Hi042017,Hi04_高血圧性疾患,male,a80_84,80-84歳,80,84,False,False,2014,471.0,24.3,1944.0
hypertensive,Hi042017,Hi04_高血圧性疾患,male,a80_84,80-84歳,80,84,False,False,2015,477.0,23.7,2015.0
hypertensive,Hi042017,Hi04_高血圧性疾患,male,a80_84,80-84歳,80,84,False,False,2016,484.0,23.2,2093.0
hypertensive,Hi042017,Hi04_高血圧性疾患,male,a80_84,80-84歳,80,84,False,False,2017,660.0,30.7,2150.0
hypertensive,Hi042017,Hi04_高血圧性疾患,male,a80_84,80-84歳,80,84,False,False,2018,690.0,31.5,2183.0
hypertensive,Hi042017,Hi04_高血圧性疾患,male,a80_84,80-84歳,80,84,False,False,2019,600.0,27.4,2183.0
hypertensive,Hi042017,Hi04_高血圧性疾患,male,a80_84,80-84歳,80,84,False,False,2020,637.0,28.6,2232.0
hypertensive,Hi042017,Hi04_高血圧性疾患,male,a80_84,80-84歳,80,84,False,False,2021,704.0,30.6,2310.0
hypertensive,Hi042017,Hi04_高血圧性疾患,male,a80_84,80-84歳,80,84,False,False,2022,787.0,33.0,2392.0
hypertensive,Hi042017,Hi04_高血圧性疾患,male,a80_84,80-84歳,80,84,False,False,2023,767.0,31.3,2458.0
hypertensive,Hi042017,Hi04_高血圧性疾患,male,a80_84,80-84歳,80,84,False,False,2024,850.0,33.4,2553.0
hypertensive,Hi042017,Hi04_高血圧性疾患,male,a85_89,85-89歳,85,89,False,False,1950,200.0,816.1,
hypertensive,Hi042017,Hi04_高血圧性疾患,male,a85_89,85-89歳,85,89,False,False,1955,183.0,540.6,
hypertensive,Hi042017,Hi04_高血圧性疾患,male,a85_89,85-89歳,85,89,False,False,1960,307.0,637.0,
hypertensive,Hi042017,Hi04_高血圧性疾患,male,a85_89,85-89歳,85,89,False,False,1965,516.0,858.2,
hypertensive,Hi042017,Hi04_高血圧性疾患,male,a85_89,85-89歳,85,89,False,False,1970,666.0,932.3,
hypertensive,Hi042017,Hi04_高血圧性疾患,male,a85_89,85-89歳,85,89,False,False,1975,962.0,954.9,
hypertensive,Hi042017,Hi04_高血圧性疾患,male,a85_89,85-89歳,85,89,False,False,1980,999.0,721.3,
hypertensive,Hi042017,Hi04_高血圧性疾患,male,a85_89,85-89歳,85,89,False,False,1985,966.0,504.2,
hypertensive,Hi042017,Hi04_高血圧性疾患,male,a85_89,85-89歳,85,89,False,False,1990,735.0,266.4,
hypertensive,Hi042017,Hi04_高血圧性疾患,male,a85_89,85-89歳,85,89,False,False,1995,579.0,160.4,
hypertensive,Hi042017,Hi04_高血圧性疾患,male,a85_89,85-89歳,85,89,False,False,2000,463.0,97.2,478.0
hypertensive,Hi042017,Hi04_高血圧性疾患,male,a85_89,85-89歳,85,89,False,False,2005,380.0,68.5,557.0
hypertensive,Hi042017,Hi04_高血圧性疾患,male,a85_89,85-89歳,85,89,False,False,2010,470.0,62.9,750.0
hypertensive,Hi042017,Hi04_高血圧性疾患,male,a85_89,85-89歳,85,89,False,False,2013,573.0,59.3,970.0
hypertensive,Hi042017,Hi04_高血圧性疾患,male,a85_89,85-89歳,85,89,False,False,2014,585.0,57.0,1029.0
hypertensive,Hi042017,Hi04_高血圧性疾患,male,a85_89,85-89歳,85,89,False,False,2015,554.0,52.0,1068.0
hypertensive,Hi042017,Hi04_高血圧性疾患,male,a85_89,85-89歳,85,89,False,False,2016,555.0,49.7,1118.0
hypertensive,Hi042017,Hi04_高血圧性疾患,male,a85_89,85-89歳,85,89,False,False,2017,796.0,68.0,1170.0
hypertensive,Hi042017,Hi04_高血圧性疾患,male,a85_89,85-89歳,85,89,False,False,2018,770.0,63.0,1220.0
hypertensive,Hi042017,Hi04_高血圧性疾患,male,a85_89,85-89歳,85,89,False,False,2019,750.0,59.0,1265.0
hypertensive,Hi042017,Hi04_高血圧性疾患,male,a85_89,85-89歳,85,89,False,False,2020,735.0,55.7,1324.0
hypertensive,Hi042017,Hi04_高血圧性疾患,male,a85_89,85-89歳,85,89,False,False,2021,799.0,57.8,1387.0
hypertensive,Hi042017,Hi04_高血圧性疾患,male,a85_89,85-89歳,85,89,False,False,2022,957.0,67.2,1429.0
hypertensive,Hi042017,Hi04_高血圧性疾患,male,a85_89,85-89歳,85,89,False,False,2023,926.0,64.2,1448.0
hypertensive,Hi042017,Hi04_高血圧性疾患,male,a85_89,85-89歳,85,89,False,False,2024,971.0,67.6,1442.0
hypertensive,Hi042017,Hi04_高血圧性疾患,male,a90_94,90-94歳,90,94,False,False,1950,42.0,1176.5,
hypertensive,Hi042017,Hi04_高血圧性疾患,male,a90_94,90-94歳,90,94,False,False,1955,29.0,583.3,
hypertensive,Hi042017,Hi04_高血圧性疾患,male,a90_94,90-94歳,90,94,False,False,1960,52.0,641.6,
hypertensive,Hi042017,Hi04_高血圧性疾患,male,a90_94,90-94歳,90,94,False,False,1965,102.0,801.3,
hypertensive,Hi042017,Hi04_高血圧性疾患,male,a90_94,90-94歳,90,94,False,False,1970,149.0,927.2,
hypertensive,Hi042017,Hi04_高血圧性疾患,male,a90_94,90-94歳,90,94,False,False,1975,244.0,1310.7,
hypertensive,Hi042017,Hi04_高血圧性疾患,male,a90_94,90-94歳,90,94,False,False,1980,317.0,1073.5,
hypertensive,Hi042017,Hi04_高血圧性疾患,male,a90_94,90-94歳,90,94,False,False,1985,372.0,766.3,
hypertensive,Hi042017,Hi04_高血圧性疾患,male,a90_94,90-94歳,90,94,False,False,1990,330.0,497.2,71.0
hypertensive,Hi042017,Hi04_高血圧性疾患,male,a90_94,90-94歳,90,94,False,False,1995,366.0,398.6,100.0
hypertensive,Hi042017,Hi04_高血圧性疾患,male,a90_94,90-94歳,90,94,False,False,2000,305.0,242.2,150.0
hypertensive,Hi042017,Hi04_高血圧性疾患,male,a90_94,90-94歳,90,94,False,False,2005,300.0,142.4,211.0
hypertensive,Hi042017,Hi04_高血圧性疾患,male,a90_94,90-94歳,90,94,False,False,2010,322.0,132.5,244.0
hypertensive,Hi042017,Hi04_高血圧性疾患,male,a90_94,90-94歳,90,94,False,False,2013,339.0,120.2,283.0
hypertensive,Hi042017,Hi04_高血圧性疾患,male,a90_94,90-94歳,90,94,False,False,2014,364.0,117.0,312.0
hypertensive,Hi042017,Hi04_高血圧性疾患,male,a90_94,90-94歳,90,94,False,False,2015,380.0,113.2,337.0
hypertensive,Hi042017,Hi04_高血圧性疾患,male,a90_94,90-94歳,90,94,False,False,2016,406.0,107.7,376.0
hypertensive,Hi042017,Hi04_高血圧性疾患,male,a90_94,90-94歳,90,94,False,False,2017,553.0,132.9,410.0
hypertensive,Hi042017,Hi04_高血圧性疾患,male,a90_94,90-94歳,90,94,False,False,2018,578.0,128.2,441.0
hypertensive,Hi042017,Hi04_高血圧性疾患,male,a90_94,90-94歳,90,94,False,False,2019,608.0,126.4,469.0
hypertensive,Hi042017,Hi04_高血圧性疾患,male,a90_94,90-94歳,90,94,False,False,2020,637.0,128.0,499.0
hypertensive,Hi042017,Hi04_高血圧性疾患,male,a90_94,90-94歳,90,94,False,False,2021,630.0,119.1,531.0
hypertensive,Hi042017,Hi04_高血圧性疾患,male,a90_94,90-94歳,90,94,False,False,2022,748.0,133.8,560.0
hypertensive,Hi042017,Hi04_高血圧性疾患,male,a90_94,90-94歳,90,94,False,False,2023,770.0,132.5,583.0
hypertensive,Hi042017,Hi04_高血圧性疾患,male,a90_94,90-94歳,90,94,False,False,2024,770.0,128.5,601.0
hypertensive,Hi042017,Hi04_高血圧性疾患,male,a95_99,95-99歳,95,99,False,False,1950,8.0,,
hypertensive,Hi042017,Hi04_高血圧性疾患,male,a95_99,95-99歳,95,99,False,False,1955,5.0,,
hypertensive,Hi042017,Hi04_高血圧性疾患,male,a95_99,95-99歳,95,99,False,False,1960,1.0,,
hypertensive,Hi042017,Hi04_高血圧性疾患,male,a95_99,95-99歳,95,99,False,False,1965,8.0,,
hypertensive,Hi042017,Hi04_高血圧性疾患,male,a95_99,95-99歳,95,99,False,False,1970,13.0,,
hypertensive,Hi042017,Hi04_高血圧性疾患,male,a95_99,95-99歳,95,99,False,False,1975,37.0,,
hypertensive,Hi042017,Hi04_高血圧性疾患,male,a95_99,95-99歳,95,99,False,False,1980,38.0,,
hypertensive,Hi042017,Hi04_高血圧性疾患,male,a95_99,95-99歳,95,99,False,False,1985,47.0,,
hypertensive,Hi042017,Hi04_高血圧性疾患,male,a95_99,95-99歳,95,99,False,False,1990,70.0,,10.0
hypertensive,Hi042017,Hi04_高血圧性疾患,male,a95_99,95-99歳,95,99,False,False,1995,97.0,,16.0
hypertensive,Hi042017,Hi04_高血圧性疾患,male,a95_99,95-99歳,95,99,False,False,2000,110.0,,25.0
hypertensive,Hi042017,Hi04_高血圧性疾患,male,a95_99,95-99歳,95,99,False,False,2005,129.0,311.2,42.0
hypertensive,Hi042017,Hi04_高血圧性疾患,male,a95_99,95-99歳,95,99,False,False,2010,159.0,284.0,56.0
hypertensive,Hi042017,Hi04_高血圧性疾患,male,a95_99,95-99歳,95,99,False,False,2013,143.0,230.6,62.0
hypertensive,Hi042017,Hi04_高血圧性疾患,male,a95_99,95-99歳,95,99,False,False,2014,145.0,233.9,63.0
hypertensive,Hi042017,Hi04_高血圧性疾患,male,a95_99,95-99歳,95,99,False,False,2015,135.0,212.7,
hypertensive,Hi042017,Hi04_高血圧性疾患,male,a95_99,95-99歳,95,99,False,False,2016,178.0,265.7,67.0
hypertensive,Hi042017,Hi04_高血圧性疾患,male,a95_99,95-99歳,95,99,False,False,2017,185.0,264.3,70.0
hypertensive,Hi042017,Hi04_高血圧性疾患,male,a95_99,95-99歳,95,99,False,False,2018,206.0,271.1,76.0
hypertensive,Hi042017,Hi04_高血圧性疾患,male,a95_99,95-99歳,95,99,False,False,2019,207.0,237.9,84.0
hypertensive,Hi042017,Hi04_高血圧性疾患,male,a95_99,95-99歳,95,99,False,False,2020,245.0,263.0,
hypertensive,Hi042017,Hi04_高血圧性疾患,male,a95_99,95-99歳,95,99,False,False,2021,242.0,232.7,
hypertensive,Hi042017,Hi04_高血圧性疾患,male,a95_99,95-99歳,95,99,False,False,2022,345.0,310.8,
hypertensive,Hi042017,Hi04_高血圧性疾患,male,a95_99,95-99歳,95,99,False,False,2023,306.0,255.0,
hypertensive,Hi042017,Hi04_高血圧性疾患,male,a95_99,95-99歳,95,99,False,False,2024,336.0,258.5,
hypertensive,Hi042017,Hi04_高血圧性疾患,male,a100p,100歳以上,100,,False,False,1975,3.0,,
hypertensive,Hi042017,Hi04_高血圧性疾患,male,a100p,100歳以上,100,,False,False,1980,1.0,,
hypertensive,Hi042017,Hi04_高血圧性疾患,male,a100p,100歳以上,100,,False,False,1985,4.0,,
hypertensive,Hi042017,Hi04_高血圧性疾患,male,a100p,100歳以上,100,,False,False,1990,5.0,,1.0
hypertensive,Hi042017,Hi04_高血圧性疾患,male,a100p,100歳以上,100,,False,False,1995,3.0,,1.0
hypertensive,Hi042017,Hi04_高血圧性疾患,male,a100p,100歳以上,100,,False,False,2000,12.0,,2.0
hypertensive,Hi042017,Hi04_高血圧性疾患,male,a100p,100歳以上,100,,False,False,2005,17.0,452.0,
hypertensive,Hi042017,Hi04_高血圧性疾患,male,a100p,100歳以上,100,,False,False,2010,24.0,409.6,
hypertensive,Hi042017,Hi04_高血圧性疾患,male,a100p,100歳以上,100,,False,False,2013,26.0,371.4,7.0
hypertensive,Hi042017,Hi04_高血圧性疾患,male,a100p,100歳以上,100,,False,False,2014,33.0,412.5,8.0
hypertensive,Hi042017,Hi04_高血圧性疾患,male,a100p,100歳以上,100,,False,False,2015,30.0,358.8,
hypertensive,Hi042017,Hi04_高血圧性疾患,male,a100p,100歳以上,100,,False,False,2016,39.0,433.3,9.0
hypertensive,Hi042017,Hi04_高血圧性疾患,male,a100p,100歳以上,100,,False,False,2017,48.0,533.3,9.0
hypertensive,Hi042017,Hi04_高血圧性疾患,male,a100p,100歳以上,100,,False,False,2018,53.0,588.9,9.0
hypertensive,Hi042017,Hi04_高血圧性疾患,male,a100p,100歳以上,100,,False,False,2019,46.0,511.1,9.0
hypertensive,Hi042017,Hi04_高血圧性疾患,male,a100p,100歳以上,100,,False,False,2020,51.0,521.0,
hypertensive,Hi042017,Hi04_高血圧性疾患,male,a100p,100歳以上,100,,False,False,2021,56.0,560.0,10.0
hypertensive,Hi042017,Hi04_高血圧性疾患,male,a100p,100歳以上,100,,False,False,2022,66.0,660.0,10.0
hypertensive,Hi042017,Hi04_高血圧性疾患,male,a100p,100歳以上,100,,False,False,2023,66.0,600.0,11.0
hypertensive,Hi042017,Hi04_高血圧性疾患,male,a100p,100歳以上,100,,False,False,2024,58.0,527.3,11.0
hypertensive,Hi042017,Hi04_高血圧性疾患,male,total,総数,,,False,True,1950,4639.0,11.4,
hypertensive,Hi042017,Hi04_高血圧性疾患,male,total,総数,,,False,True,1955,4385.0,10.0,
hypertensive,Hi042017,Hi04_高血圧性疾患,male,total,総数,,,False,True,1960,7360.0,16.0,
hypertensive,Hi042017,Hi04_高血圧性疾患,male,total,総数,,,False,True,1965,9176.0,19.0,
hypertensive,Hi042017,Hi04_高血圧性疾患,male,total,総数,,,False,True,1970,8423.0,16.6,
hypertensive,Hi042017,Hi04_高血圧性疾患,male,total,総数,,,False,True,1975,8683.0,15.9,
hypertensive,Hi042017,Hi04_高血圧性疾患,male,total,総数,,,False,True,1980,6654.0,11.6,57594.0
hypertensive,Hi042017,Hi04_高血圧性疾患,male,total,総数,,,False,True,1985,4991.0,8.5,59497.0
hypertensive,Hi042017,Hi04_高血圧性疾患,male,total,総数,,,False,True,1990,3399.0,5.6,60697.0
hypertensive,Hi042017,Hi04_高血圧性疾患,male,total,総数,,,False,True,1995,3027.0,5.0,61574.0
hypertensive,Hi042017,Hi04_高血圧性疾患,male,total,総数,,,False,True,2000,2163.0,3.5,62111.0
hypertensive,Hi042017,Hi04_高血圧性疾患,male,total,総数,,,False,True,2005,2145.0,3.5,62349.0
hypertensive,Hi042017,Hi04_高血圧性疾患,male,total,総数,,,False,True,2010,2517.0,4.1,62328.0
hypertensive,Hi042017,Hi04_高血圧性疾患,male,total,総数,,,False,True,2013,2657.0,4.3,61909.0
hypertensive,Hi042017,Hi04_高血圧性疾患,male,total,総数,,,False,True,2014,2637.0,4.3,61801.0
hypertensive,Hi042017,Hi04_高血圧性疾患,male,total,総数,,,False,True,2015,2605.0,4.3,61842.0
hypertensive,Hi042017,Hi04_高血圧性疾患,male,total,総数,,,False,True,2016,2720.0,4.5,61816.0
hypertensive,Hi042017,Hi04_高血圧性疾患,male,total,総数,,,False,True,2017,3916.0,6.5,61753.0
hypertensive,Hi042017,Hi04_高血圧性疾患,male,total,総数,,,False,True,2018,3947.0,6.5,61673.0
hypertensive,Hi042017,Hi04_高血圧性疾患,male,total,総数,,,False,True,2019,3971.0,6.6,61588.0
hypertensive,Hi042017,Hi04_高血圧性疾患,male,total,総数,,,False,True,2020,4202.0,7.0,61350.0
hypertensive,Hi042017,Hi04_高血圧性疾患,male,total,総数,,,False,True,2021,4271.0,7.2,61019.0
hypertensive,Hi042017,Hi04_高血圧性疾患,male,total,総数,,,False,True,2022,5044.0,8.5,60758.0
hypertensive,Hi042017,Hi04_高血圧性疾患,male,total,総数,,,False,True,2023,4975.0,8.4,60492.0
hypertensive,Hi042017,Hi04_高血圧性疾患,male,total,総数,,,False,True,2024,5204.0,8.9,60233.0
hypertensive,Hi042017,Hi04_高血圧性疾患,total,a00_04,0-4歳,0,4,False,False,1950,4.0,0.0,
hypertensive,Hi042017,Hi04_高血圧性疾患,total,a00_04,0-4歳,0,4,False,False,1980,1.0,0.0,8515.0
hypertensive,Hi042017,Hi04_高血圧性疾患,total,a00_04,0-4歳,0,4,False,False,2019,1.0,0.0,4727.0
hypertensive,Hi042017,Hi04_高血圧性疾患,total,a00_04,0-4歳,0,4,False,False,2022,1.0,0.0,4247.0
hypertensive,Hi042017,Hi04_高血圧性疾患,total,a05_09,5-9歳,5,9,False,False,1950,2.0,0.0,
hypertensive,Hi042017,Hi04_高血圧性疾患,total,a10_14,10-14歳,10,14,False,False,1950,7.0,0.1,
hypertensive,Hi042017,Hi04_高血圧性疾患,total,a10_14,10-14歳,10,14,False,False,1955,6.0,0.1,
hypertensive,Hi042017,Hi04_高血圧性疾患,total,a10_14,10-14歳,10,14,False,False,1960,6.0,0.1,
hypertensive,Hi042017,Hi04_高血圧性疾患,total,a10_14,10-14歳,10,14,False,False,1965,3.0,0.0,
hypertensive,Hi042017,Hi04_高血圧性疾患,total,a10_14,10-14歳,10,14,False,False,1970,1.0,0.0,
hypertensive,Hi042017,Hi04_高血圧性疾患,total,a10_14,10-14歳,10,14,False,False,1975,2.0,0.0,
hypertensive,Hi042017,Hi04_高血圧性疾患,total,a15_19,15-19歳,15,19,False,False,1950,8.0,0.1,
hypertensive,Hi042017,Hi04_高血圧性疾患,total,a15_19,15-19歳,15,19,False,False,1955,14.0,0.2,
hypertensive,Hi042017,Hi04_高血圧性疾患,total,a15_19,15-19歳,15,19,False,False,1960,12.0,0.1,
hypertensive,Hi042017,Hi04_高血圧性疾患,total,a15_19,15-19歳,15,19,False,False,1965,9.0,0.1,
hypertensive,Hi042017,Hi04_高血圧性疾患,total,a15_19,15-19歳,15,19,False,False,1970,8.0,0.1,
hypertensive,Hi042017,Hi04_高血圧性疾患,total,a15_19,15-19歳,15,19,False,False,1975,2.0,0.0,
hypertensive,Hi042017,Hi04_高血圧性疾患,total,a15_19,15-19歳,15,19,False,False,1990,1.0,0.0,10007.0
hypertensive,Hi042017,Hi04_高血圧性疾患,total,a15_19,15-19歳,15,19,False,False,2010,1.0,0.0,6093.0
hypertensive,Hi042017,Hi04_高血圧性疾患,total,a15_19,15-19歳,15,19,False,False,2017,1.0,0.0,5983.0
hypertensive,Hi042017,Hi04_高血圧性疾患,total,a15_19,15-19歳,15,19,False,False,2021,1.0,0.0,5580.0
hypertensive,Hi042017,Hi04_高血圧性疾患,total,a15_19,15-19歳,15,19,False,False,2023,1.0,0.0,5494.0
hypertensive,Hi042017,Hi04_高血圧性疾患,total,a20_24,20-24歳,20,24,False,False,1950,12.0,0.2,
hypertensive,Hi042017,Hi04_高血圧性疾患,total,a20_24,20-24歳,20,24,False,False,1955,12.0,0.1,
hypertensive,Hi042017,Hi04_高血圧性疾患,total,a20_24,20-24歳,20,24,False,False,1960,25.0,0.3,
hypertensive,Hi042017,Hi04_高血圧性疾患,total,a20_24,20-24歳,20,24,False,False,1965,34.0,0.4,
hypertensive,Hi042017,Hi04_高血圧性疾患,total,a20_24,20-24歳,20,24,False,False,1970,27.0,0.3,
hypertensive,Hi042017,Hi04_高血圧性疾患,total,a20_24,20-24歳,20,24,False,False,1975,13.0,0.1,
hypertensive,Hi042017,Hi04_高血圧性疾患,total,a20_24,20-24歳,20,24,False,False,1980,2.0,0.0,7841.0
hypertensive,Hi042017,Hi04_高血圧性疾患,total,a20_24,20-24歳,20,24,False,False,1985,6.0,0.1,8201.0
hypertensive,Hi042017,Hi04_高血圧性疾患,total,a20_24,20-24歳,20,24,False,False,1995,1.0,0.0,9895.0
hypertensive,Hi042017,Hi04_高血圧性疾患,total,a20_24,20-24歳,20,24,False,False,2005,1.0,0.0,7381.0
hypertensive,Hi042017,Hi04_高血圧性疾患,total,a20_24,20-24歳,20,24,False,False,2010,1.0,0.0,6525.0
hypertensive,Hi042017,Hi04_高血圧性疾患,total,a20_24,20-24歳,20,24,False,False,2024,1.0,0.0,6260.0
hypertensive,Hi042017,Hi04_高血圧性疾患,total,a25_29,25-29歳,25,29,False,False,1950,18.0,0.3,
hypertensive,Hi042017,Hi04_高血圧性疾患,total,a25_29,25-29歳,25,29,False,False,1955,28.0,0.4,
hypertensive,Hi042017,Hi04_高血圧性疾患,total,a25_29,25-29歳,25,29,False,False,1960,47.0,0.6,
hypertensive,Hi042017,Hi04_高血圧性疾患,total,a25_29,25-29歳,25,29,False,False,1965,33.0,0.4,
hypertensive,Hi042017,Hi04_高血圧性疾患,total,a25_29,25-29歳,25,29,False,False,1970,46.0,0.5,
hypertensive,Hi042017,Hi04_高血圧性疾患,total,a25_29,25-29歳,25,29,False,False,1975,24.0,0.2,
hypertensive,Hi042017,Hi04_高血圧性疾患,total,a25_29,25-29歳,25,29,False,False,1980,13.0,0.1,9041.0
hypertensive,Hi042017,Hi04_高血圧性疾患,total,a25_29,25-29歳,25,29,False,False,1985,7.0,0.1,7823.0
hypertensive,Hi042017,Hi04_高血圧性疾患,total,a25_29,25-29歳,25,29,False,False,1990,2.0,0.0,8071.0
hypertensive,Hi042017,Hi04_高血圧性疾患,total,a25_29,25-29歳,25,29,False,False,2000,3.0,0.0,9809.0
hypertensive,Hi042017,Hi04_高血圧性疾患,total,a25_29,25-29歳,25,29,False,False,2005,4.0,0.0,8314.0
hypertensive,Hi042017,Hi04_高血圧性疾患,total,a25_29,25-29歳,25,29,False,False,2010,2.0,0.0,7391.0
hypertensive,Hi042017,Hi04_高血圧性疾患,total,a25_29,25-29歳,25,29,False,False,2013,1.0,0.0,6869.0
hypertensive,Hi042017,Hi04_高血圧性疾患,total,a25_29,25-29歳,25,29,False,False,2015,2.0,0.0,6532.0
hypertensive,Hi042017,Hi04_高血圧性疾患,total,a25_29,25-29歳,25,29,False,False,2020,1.0,0.0,6384.0
hypertensive,Hi042017,Hi04_高血圧性疾患,total,a25_29,25-29歳,25,29,False,False,2022,1.0,0.0,6412.0
hypertensive,Hi042017,Hi04_高血圧性疾患,total,a25_29,25-29歳,25,29,False,False,2023,1.0,0.0,6479.0
hypertensive,Hi042017,Hi04_高血圧性疾患,total,a25_29,25-29歳,25,29,False,False,2024,1.0,0.0,6519.0
hypertensive,Hi042017,Hi04_高血圧性疾患,total,a30_34,30-34歳,30,34,False,False,1950,26.0,0.5,
hypertensive,Hi042017,Hi04_高血圧性疾患,total,a30_34,30-34歳,30,34,False,False,1955,37.0,0.6,
hypertensive,Hi042017,Hi04_高血圧性疾患,total,a30_34,30-34歳,30,34,False,False,1960,80.0,1.1,
hypertensive,Hi042017,Hi04_高血圧性疾患,total,a30_34,30-34歳,30,34,False,False,1965,75.0,0.9,
hypertensive,Hi042017,Hi04_高血圧性疾患,total,a30_34,30-34歳,30,34,False,False,1970,53.0,0.6,
hypertensive,Hi042017,Hi04_高血圧性疾患,total,a30_34,30-34歳,30,34,False,False,1975,44.0,0.5,
hypertensive,Hi042017,Hi04_高血圧性疾患,total,a30_34,30-34歳,30,34,False,False,1980,28.0,0.3,10772.0
hypertensive,Hi042017,Hi04_高血圧性疾患,total,a30_34,30-34歳,30,34,False,False,1985,17.0,0.2,9054.0
hypertensive,Hi042017,Hi04_高血圧性疾患,total,a30_34,30-34歳,30,34,False,False,1990,6.0,0.1,7788.0
hypertensive,Hi042017,Hi04_高血圧性疾患,total,a30_34,30-34歳,30,34,False,False,1995,8.0,0.1,8126.0
hypertensive,Hi042017,Hi04_高血圧性疾患,total,a30_34,30-34歳,30,34,False,False,2000,3.0,0.0,8794.0
hypertensive,Hi042017,Hi04_高血圧性疾患,total,a30_34,30-34歳,30,34,False,False,2005,7.0,0.1,9795.0
hypertensive,Hi042017,Hi04_高血圧性疾患,total,a30_34,30-34歳,30,34,False,False,2010,2.0,0.0,8421.0
hypertensive,Hi042017,Hi04_高血圧性疾患,total,a30_34,30-34歳,30,34,False,False,2013,4.0,0.1,7623.0
hypertensive,Hi042017,Hi04_高血圧性疾患,total,a30_34,30-34歳,30,34,False,False,2014,3.0,0.0,7466.0
hypertensive,Hi042017,Hi04_高血圧性疾患,total,a30_34,30-34歳,30,34,False,False,2015,5.0,0.1,7396.0
hypertensive,Hi042017,Hi04_高血圧性疾患,total,a30_34,30-34歳,30,34,False,False,2016,9.0,0.1,7279.0
hypertensive,Hi042017,Hi04_高血圧性疾患,total,a30_34,30-34歳,30,34,False,False,2017,6.0,0.1,7158.0
hypertensive,Hi042017,Hi04_高血圧性疾患,total,a30_34,30-34歳,30,34,False,False,2018,4.0,0.1,7008.0
hypertensive,Hi042017,Hi04_高血圧性疾患,total,a30_34,30-34歳,30,34,False,False,2019,3.0,0.0,6852.0
hypertensive,Hi042017,Hi04_高血圧性疾患,total,a30_34,30-34歳,30,34,False,False,2020,7.0,0.1,6714.0
hypertensive,Hi042017,Hi04_高血圧性疾患,total,a30_34,30-34歳,30,34,False,False,2021,2.0,0.0,6556.0
hypertensive,Hi042017,Hi04_高血圧性疾患,total,a30_34,30-34歳,30,34,False,False,2022,2.0,0.0,6446.0
hypertensive,Hi042017,Hi04_高血圧性疾患,total,a30_34,30-34歳,30,34,False,False,2023,3.0,0.1,6380.0
hypertensive,Hi042017,Hi04_高血圧性疾患,total,a30_34,30-34歳,30,34,False,False,2024,1.0,0.0,6395.0
hypertensive,Hi042017,Hi04_高血圧性疾患,total,a35_39,35-39歳,35,39,False,False,1950,41.0,0.8,
hypertensive,Hi042017,Hi04_高血圧性疾患,total,a35_39,35-39歳,35,39,False,False,1955,44.0,0.9,
hypertensive,Hi042017,Hi04_高血圧性疾患,total,a35_39,35-39歳,35,39,False,False,1960,94.0,1.6,
hypertensive,Hi042017,Hi04_高血圧性疾患,total,a35_39,35-39歳,35,39,False,False,1965,128.0,1.7,
hypertensive,Hi042017,Hi04_高血圧性疾患,total,a35_39,35-39歳,35,39,False,False,1970,124.0,1.5,
hypertensive,Hi042017,Hi04_高血圧性疾患,total,a35_39,35-39歳,35,39,False,False,1975,79.0,0.9,
hypertensive,Hi042017,Hi04_高血圧性疾患,total,a35_39,35-39歳,35,39,False,False,1980,29.0,0.3,9202.0
hypertensive,Hi042017,Hi04_高血圧性疾患,total,a35_39,35-39歳,35,39,False,False,1985,27.0,0.3,10738.0
hypertensive,Hi042017,Hi04_高血圧性疾患,total,a35_39,35-39歳,35,39,False,False,1990,17.0,0.2,9004.0
hypertensive,Hi042017,Hi04_高血圧性疾患,total,a35_39,35-39歳,35,39,False,False,1995,14.0,0.2,7822.0
hypertensive,Hi042017,Hi04_高血圧性疾患,total,a35_39,35-39歳,35,39,False,False,2000,9.0,0.1,8130.0
hypertensive,Hi042017,Hi04_高血圧性疾患,total,a35_39,35-39歳,35,39,False,False,2005,14.0,0.2,8772.0
hypertensive,Hi042017,Hi04_高血圧性疾患,total,a35_39,35-39歳,35,39,False,False,2010,8.0,0.1,9864.0
hypertensive,Hi042017,Hi04_高血圧性疾患,total,a35_39,35-39歳,35,39,False,False,2013,8.0,0.1,9060.0
hypertensive,Hi042017,Hi04_高血圧性疾患,total,a35_39,35-39歳,35,39,False,False,2014,13.0,0.2,8670.0
hypertensive,Hi042017,Hi04_高血圧性疾患,total,a35_39,35-39歳,35,39,False,False,2015,11.0,0.1,8417.0
hypertensive,Hi042017,Hi04_高血圧性疾患,total,a35_39,35-39歳,35,39,False,False,2016,7.0,0.1,8134.0
hypertensive,Hi042017,Hi04_高血圧性疾患,total,a35_39,35-39歳,35,39,False,False,2017,12.0,0.2,7919.0
hypertensive,Hi042017,Hi04_高血圧性疾患,total,a35_39,35-39歳,35,39,False,False,2018,14.0,0.2,7750.0
hypertensive,Hi042017,Hi04_高血圧性疾患,total,a35_39,35-39歳,35,39,False,False,2019,12.0,0.2,7631.0
hypertensive,Hi042017,Hi04_高血圧性疾患,total,a35_39,35-39歳,35,39,False,False,2020,16.0,0.2,7498.0
hypertensive,Hi042017,Hi04_高血圧性疾患,total,a35_39,35-39歳,35,39,False,False,2021,7.0,0.1,7354.0
hypertensive,Hi042017,Hi04_高血圧性疾患,total,a35_39,35-39歳,35,39,False,False,2022,8.0,0.1,7212.0
hypertensive,Hi042017,Hi04_高血圧性疾患,total,a35_39,35-39歳,35,39,False,False,2023,4.0,0.1,7047.0
hypertensive,Hi042017,Hi04_高血圧性疾患,total,a35_39,35-39歳,35,39,False,False,2024,9.0,0.1,6871.0
hypertensive,Hi042017,Hi04_高血圧性疾患,total,a40_44,40-44歳,40,44,False,False,1950,80.0,1.8,
hypertensive,Hi042017,Hi04_高血圧性疾患,total,a40_44,40-44歳,40,44,False,False,1955,123.0,2.5,
hypertensive,Hi042017,Hi04_高血圧性疾患,total,a40_44,40-44歳,40,44,False,False,1960,140.0,2.8,
hypertensive,Hi042017,Hi04_高血圧性疾患,total,a40_44,40-44歳,40,44,False,False,1965,170.0,2.9,
hypertensive,Hi042017,Hi04_高血圧性疾患,total,a40_44,40-44歳,40,44,False,False,1970,190.0,2.6,
hypertensive,Hi042017,Hi04_高血圧性疾患,total,a40_44,40-44歳,40,44,False,False,1975,159.0,1.9,
hypertensive,Hi042017,Hi04_高血圧性疾患,total,a40_44,40-44歳,40,44,False,False,1980,80.0,1.0,8338.0
hypertensive,Hi042017,Hi04_高血圧性疾患,total,a40_44,40-44歳,40,44,False,False,1985,52.0,0.6,9135.0
hypertensive,Hi042017,Hi04_高血圧性疾患,total,a40_44,40-44歳,40,44,False,False,1990,25.0,0.2,10658.0
hypertensive,Hi042017,Hi04_高血圧性疾患,total,a40_44,40-44歳,40,44,False,False,1995,27.0,0.3,9006.0
hypertensive,Hi042017,Hi04_高血圧性疾患,total,a40_44,40-44歳,40,44,False,False,2000,16.0,0.2,7814.0
hypertensive,Hi042017,Hi04_高血圧性疾患,total,a40_44,40-44歳,40,44,False,False,2005,8.0,0.1,8113.0
hypertensive,Hi042017,Hi04_高血圧性疾患,total,a40_44,40-44歳,40,44,False,False,2010,23.0,0.3,8809.0
hypertensive,Hi042017,Hi04_高血圧性疾患,total,a40_44,40-44歳,40,44,False,False,2013,21.0,0.2,9667.0
hypertensive,Hi042017,Hi04_高血圧性疾患,total,a40_44,40-44歳,40,44,False,False,2014,13.0,0.1,9793.0
hypertensive,Hi042017,Hi04_高血圧性疾患,total,a40_44,40-44歳,40,44,False,False,2015,25.0,0.3,9847.0
hypertensive,Hi042017,Hi04_高血圧性疾患,total,a40_44,40-44歳,40,44,False,False,2016,16.0,0.2,9727.0
hypertensive,Hi042017,Hi04_高血圧性疾患,total,a40_44,40-44歳,40,44,False,False,2017,35.0,0.4,9470.0
hypertensive,Hi042017,Hi04_高血圧性疾患,total,a40_44,40-44歳,40,44,False,False,2018,30.0,0.3,9134.0
hypertensive,Hi042017,Hi04_高血圧性疾患,total,a40_44,40-44歳,40,44,False,False,2019,24.0,0.3,8774.0
hypertensive,Hi042017,Hi04_高血圧性疾患,total,a40_44,40-44歳,40,44,False,False,2020,25.0,0.3,8476.0
hypertensive,Hi042017,Hi04_高血圧性疾患,total,a40_44,40-44歳,40,44,False,False,2021,23.0,0.3,8173.0
hypertensive,Hi042017,Hi04_高血圧性疾患,total,a40_44,40-44歳,40,44,False,False,2022,16.0,0.2,7946.0
hypertensive,Hi042017,Hi04_高血圧性疾患,total,a40_44,40-44歳,40,44,False,False,2023,24.0,0.3,7765.0
hypertensive,Hi042017,Hi04_高血圧性疾患,total,a40_44,40-44歳,40,44,False,False,2024,14.0,0.2,7631.0
hypertensive,Hi042017,Hi04_高血圧性疾患,total,a45_49,45-49歳,45,49,False,False,1950,171.0,4.3,
hypertensive,Hi042017,Hi04_高血圧性疾患,total,a45_49,45-49歳,45,49,False,False,1955,228.0,5.2,
hypertensive,Hi042017,Hi04_高血圧性疾患,total,a45_49,45-49歳,45,49,False,False,1960,364.0,7.6,
hypertensive,Hi042017,Hi04_高血圧性疾患,total,a45_49,45-49歳,45,49,False,False,1965,331.0,6.7,
hypertensive,Hi042017,Hi04_高血圧性疾患,total,a45_49,45-49歳,45,49,False,False,1970,230.0,3.9,
hypertensive,Hi042017,Hi04_高血圧性疾患,total,a45_49,45-49歳,45,49,False,False,1975,222.0,3.0,
hypertensive,Hi042017,Hi04_高血圧性疾患,total,a45_49,45-49歳,45,49,False,False,1980,132.0,1.6,8090.0
hypertensive,Hi042017,Hi04_高血圧性疾患,total,a45_49,45-49歳,45,49,False,False,1985,76.0,0.9,8237.0
hypertensive,Hi042017,Hi04_高血圧性疾患,total,a45_49,45-49歳,45,49,False,False,1990,65.0,0.7,9018.0
hypertensive,Hi042017,Hi04_高血圧性疾患,total,a45_49,45-49歳,45,49,False,False,1995,63.0,0.6,10618.0
hypertensive,Hi042017,Hi04_高血圧性疾患,total,a45_49,45-49歳,45,49,False,False,2000,36.0,0.4,8932.0
hypertensive,Hi042017,Hi04_高血圧性疾患,total,a45_49,45-49歳,45,49,False,False,2005,31.0,0.4,7755.0
hypertensive,Hi042017,Hi04_高血圧性疾患,total,a45_49,45-49歳,45,49,False,False,2010,29.0,0.4,8093.0
hypertensive,Hi042017,Hi04_高血圧性疾患,total,a45_49,45-49歳,45,49,False,False,2013,36.0,0.4,8406.0
hypertensive,Hi042017,Hi04_高血圧性疾患,total,a45_49,45-49歳,45,49,False,False,2014,35.0,0.4,8608.0
hypertensive,Hi042017,Hi04_高血圧性疾患,total,a45_49,45-49歳,45,49,False,False,2015,23.0,0.3,8766.0
hypertensive,Hi042017,Hi04_高血圧性疾患,total,a45_49,45-49歳,45,49,False,False,2016,41.0,0.4,9294.0
hypertensive,Hi042017,Hi04_高血圧性疾患,total,a45_49,45-49歳,45,49,False,False,2017,60.0,0.6,9484.0
hypertensive,Hi042017,Hi04_高血圧性疾患,total,a45_49,45-49歳,45,49,False,False,2018,47.0,0.5,9711.0
hypertensive,Hi042017,Hi04_高血圧性疾患,total,a45_49,45-49歳,45,49,False,False,2019,68.0,0.7,9862.0
hypertensive,Hi042017,Hi04_高血圧性疾患,total,a45_49,45-49歳,45,49,False,False,2020,70.0,0.7,9868.0
hypertensive,Hi042017,Hi04_高血圧性疾患,total,a45_49,45-49歳,45,49,False,False,2021,67.0,0.7,9732.0
hypertensive,Hi042017,Hi04_高血圧性疾患,total,a45_49,45-49歳,45,49,False,False,2022,71.0,0.8,9462.0
hypertensive,Hi042017,Hi04_高血圧性疾患,total,a45_49,45-49歳,45,49,False,False,2023,53.0,0.6,9115.0
hypertensive,Hi042017,Hi04_高血圧性疾患,total,a45_49,45-49歳,45,49,False,False,2024,42.0,0.5,8745.0
hypertensive,Hi042017,Hi04_高血圧性疾患,total,a50_54,50-54歳,50,54,False,False,1950,300.0,8.9,
hypertensive,Hi042017,Hi04_高血圧性疾患,total,a50_54,50-54歳,50,54,False,False,1955,371.0,9.6,
hypertensive,Hi042017,Hi04_高血圧性疾患,total,a50_54,50-54歳,50,54,False,False,1960,558.0,13.3,
hypertensive,Hi042017,Hi04_高血圧性疾患,total,a50_54,50-54歳,50,54,False,False,1965,535.0,11.5,
hypertensive,Hi042017,Hi04_高血圧性疾患,total,a50_54,50-54歳,50,54,False,False,1970,409.0,8.6,
hypertensive,Hi042017,Hi04_高血圧性疾患,total,a50_54,50-54歳,50,54,False,False,1975,294.0,5.1,
hypertensive,Hi042017,Hi04_高血圧性疾患,total,a50_54,50-54歳,50,54,False,False,1980,204.0,2.8,7200.0
hypertensive,Hi042017,Hi04_高血圧性疾患,total,a50_54,50-54歳,50,54,False,False,1985,149.0,1.9,7933.0
hypertensive,Hi042017,Hi04_高血圧性疾患,total,a50_54,50-54歳,50,54,False,False,1990,82.0,1.0,8088.0
hypertensive,Hi042017,Hi04_高血圧性疾患,total,a50_54,50-54歳,50,54,False,False,1995,103.0,1.2,8922.0
hypertensive,Hi042017,Hi04_高血圧性疾患,total,a50_54,50-54歳,50,54,False,False,2000,85.0,0.8,10461.0
hypertensive,Hi042017,Hi04_高血圧性疾患,total,a50_54,50-54歳,50,54,False,False,2005,57.0,0.7,8828.0
hypertensive,Hi042017,Hi04_高血圧性疾患,total,a50_54,50-54歳,50,54,False,False,2010,52.0,0.7,7700.0
hypertensive,Hi042017,Hi04_高血圧性疾患,total,a50_54,50-54歳,50,54,False,False,2013,52.0,0.7,7734.0
hypertensive,Hi042017,Hi04_高血圧性疾患,total,a50_54,50-54歳,50,54,False,False,2014,61.0,0.8,7791.0
hypertensive,Hi042017,Hi04_高血圧性疾患,total,a50_54,50-54歳,50,54,False,False,2015,51.0,0.6,8024.0
hypertensive,Hi042017,Hi04_高血圧性疾患,total,a50_54,50-54歳,50,54,False,False,2016,50.0,0.6,7912.0
hypertensive,Hi042017,Hi04_高血圧性疾患,total,a50_54,50-54歳,50,54,False,False,2017,96.0,1.2,8173.0
hypertensive,Hi042017,Hi04_高血圧性疾患,total,a50_54,50-54歳,50,54,False,False,2018,100.0,1.2,8386.0
hypertensive,Hi042017,Hi04_高血圧性疾患,total,a50_54,50-54歳,50,54,False,False,2019,94.0,1.1,8606.0
hypertensive,Hi042017,Hi04_高血圧性疾患,total,a50_54,50-54歳,50,54,False,False,2020,103.0,1.2,8738.0
hypertensive,Hi042017,Hi04_高血圧性疾患,total,a50_54,50-54歳,50,54,False,False,2021,112.0,1.2,9252.0
hypertensive,Hi042017,Hi04_高血圧性疾患,total,a50_54,50-54歳,50,54,False,False,2022,114.0,1.2,9435.0
hypertensive,Hi042017,Hi04_高血圧性疾患,total,a50_54,50-54歳,50,54,False,False,2023,106.0,1.1,9650.0
hypertensive,Hi042017,Hi04_高血圧性疾患,total,a50_54,50-54歳,50,54,False,False,2024,145.0,1.5,9788.0
hypertensive,Hi042017,Hi04_高血圧性疾患,total,a55_59,55-59歳,55,59,False,False,1950,505.0,18.4,
hypertensive,Hi042017,Hi04_高血圧性疾患,total,a55_59,55-59歳,55,59,False,False,1955,502.0,15.7,
hypertensive,Hi042017,Hi04_高血圧性疾患,total,a55_59,55-59歳,55,59,False,False,1960,904.0,24.8,
hypertensive,Hi042017,Hi04_高血圧性疾患,total,a55_59,55-59歳,55,59,False,False,1965,894.0,22.3,
hypertensive,Hi042017,Hi04_高血圧性疾患,total,a55_59,55-59歳,55,59,False,False,1970,678.0,15.4,
hypertensive,Hi042017,Hi04_高血圧性疾患,total,a55_59,55-59歳,55,59,False,False,1975,465.0,10.0,
hypertensive,Hi042017,Hi04_高血圧性疾患,total,a55_59,55-59歳,55,59,False,False,1980,273.0,4.9,5614.0
hypertensive,Hi042017,Hi04_高血圧性疾患,total,a55_59,55-59歳,55,59,False,False,1985,223.0,3.2,7000.0
hypertensive,Hi042017,Hi04_高血圧性疾患,total,a55_59,55-59歳,55,59,False,False,1990,168.0,2.2,7725.0
hypertensive,Hi042017,Hi04_高血圧性疾患,total,a55_59,55-59歳,55,59,False,False,1995,157.0,2.0,7953.0
hypertensive,Hi042017,Hi04_高血圧性疾患,total,a55_59,55-59歳,55,59,False,False,2000,93.0,1.1,8750.0
hypertensive,Hi042017,Hi04_高血圧性疾患,total,a55_59,55-59歳,55,59,False,False,2005,99.0,1.0,10294.0
hypertensive,Hi042017,Hi04_高血圧性疾患,total,a55_59,55-59歳,55,59,False,False,2010,115.0,1.3,8728.0
hypertensive,Hi042017,Hi04_高血圧性疾患,total,a55_59,55-59歳,55,59,False,False,2013,104.0,1.4,7731.0
hypertensive,Hi042017,Hi04_高血圧性疾患,total,a55_59,55-59歳,55,59,False,False,2014,75.0,1.0,7654.0
hypertensive,Hi042017,Hi04_高血圧性疾患,total,a55_59,55-59歳,55,59,False,False,2015,72.0,1.0,7601.0
hypertensive,Hi042017,Hi04_高血圧性疾患,total,a55_59,55-59歳,55,59,False,False,2016,91.0,1.2,7550.0
hypertensive,Hi042017,Hi04_高血圧性疾患,total,a55_59,55-59歳,55,59,False,False,2017,129.0,1.7,7603.0
hypertensive,Hi042017,Hi04_高血圧性疾患,total,a55_59,55-59歳,55,59,False,False,2018,154.0,2.0,7670.0
hypertensive,Hi042017,Hi04_高血圧性疾患,total,a55_59,55-59歳,55,59,False,False,2019,160.0,2.1,7740.0
hypertensive,Hi042017,Hi04_高血圧性疾患,total,a55_59,55-59歳,55,59,False,False,2020,153.0,2.0,7940.0
hypertensive,Hi042017,Hi04_高血圧性疾患,total,a55_59,55-59歳,55,59,False,False,2021,164.0,2.1,7824.0
hypertensive,Hi042017,Hi04_高血圧性疾患,total,a55_59,55-59歳,55,59,False,False,2022,179.0,2.3,8075.0
hypertensive,Hi042017,Hi04_高血圧性疾患,total,a55_59,55-59歳,55,59,False,False,2023,201.0,2.5,8279.0
hypertensive,Hi042017,Hi04_高血圧性疾患,total,a55_59,55-59歳,55,59,False,False,2024,182.0,2.2,8490.0
hypertensive,Hi042017,Hi04_高血圧性疾患,total,a60_64,60-64歳,60,64,False,False,1950,862.0,37.4,
hypertensive,Hi042017,Hi04_高血圧性疾患,total,a60_64,60-64歳,60,64,False,False,1955,791.0,31.7,
hypertensive,Hi042017,Hi04_高血圧性疾患,total,a60_64,60-64歳,60,64,False,False,1960,1376.0,46.9,
hypertensive,Hi042017,Hi04_高血圧性疾患,total,a60_64,60-64歳,60,64,False,False,1965,1557.0,46.6,
hypertensive,Hi042017,Hi04_高血圧性疾患,total,a60_64,60-64歳,60,64,False,False,1970,1223.0,33.0,
hypertensive,Hi042017,Hi04_高血圧性疾患,total,a60_64,60-64歳,60,64,False,False,1975,871.0,20.4,
hypertensive,Hi042017,Hi04_高血圧性疾患,total,a60_64,60-64歳,60,64,False,False,1980,475.0,10.7,4465.0
hypertensive,Hi042017,Hi04_高血圧性疾患,total,a60_64,60-64歳,60,64,False,False,1985,285.0,5.3,5406.0
hypertensive,Hi042017,Hi04_高血圧性疾患,total,a60_64,60-64歳,60,64,False,False,1990,256.0,3.8,6745.0
hypertensive,Hi042017,Hi04_高血圧性疾患,total,a60_64,60-64歳,60,64,False,False,1995,240.0,3.2,7475.0
hypertensive,Hi042017,Hi04_高血圧性疾患,total,a60_64,60-64歳,60,64,False,False,2000,143.0,1.9,7750.0
hypertensive,Hi042017,Hi04_高血圧性疾患,total,a60_64,60-64歳,60,64,False,False,2005,167.0,2.0,8577.0
hypertensive,Hi042017,Hi04_高血圧性疾患,total,a60_64,60-64歳,60,64,False,False,2010,202.0,2.0,10112.0
hypertensive,Hi042017,Hi04_高血圧性疾患,total,a60_64,60-64歳,60,64,False,False,2013,175.0,1.8,9666.0
hypertensive,Hi042017,Hi04_高血圧性疾患,total,a60_64,60-64歳,60,64,False,False,2014,170.0,1.9,8980.0
hypertensive,Hi042017,Hi04_高血圧性疾患,total,a60_64,60-64歳,60,64,False,False,2015,146.0,1.7,8552.0
hypertensive,Hi042017,Hi04_高血圧性疾患,total,a60_64,60-64歳,60,64,False,False,2016,149.0,1.8,8160.0
hypertensive,Hi042017,Hi04_高血圧性疾患,total,a60_64,60-64歳,60,64,False,False,2017,226.0,2.9,7807.0
hypertensive,Hi042017,Hi04_高血圧性疾患,total,a60_64,60-64歳,60,64,False,False,2018,213.0,2.8,7597.0
hypertensive,Hi042017,Hi04_高血圧性疾患,total,a60_64,60-64歳,60,64,False,False,2019,231.0,3.1,7533.0
hypertensive,Hi042017,Hi04_高血圧性疾患,total,a60_64,60-64歳,60,64,False,False,2020,262.0,3.6,7442.0
hypertensive,Hi042017,Hi04_高血圧性疾患,total,a60_64,60-64歳,60,64,False,False,2021,227.0,3.1,7391.0
hypertensive,Hi042017,Hi04_高血圧性疾患,total,a60_64,60-64歳,60,64,False,False,2022,268.0,3.6,7445.0
hypertensive,Hi042017,Hi04_高血圧性疾患,total,a60_64,60-64歳,60,64,False,False,2023,272.0,3.7,7507.0
hypertensive,Hi042017,Hi04_高血圧性疾患,total,a60_64,60-64歳,60,64,False,False,2024,299.0,4.0,7571.0
hypertensive,Hi042017,Hi04_高血圧性疾患,total,a65_69,65-69歳,65,69,False,False,1950,1557.0,87.9,
hypertensive,Hi042017,Hi04_高血圧性疾患,total,a65_69,65-69歳,65,69,False,False,1955,1323.0,67.3,
hypertensive,Hi042017,Hi04_高血圧性疾患,total,a65_69,65-69歳,65,69,False,False,1960,2054.0,95.1,
hypertensive,Hi042017,Hi04_高血圧性疾患,total,a65_69,65-69歳,65,69,False,False,1965,2406.0,93.9,
hypertensive,Hi042017,Hi04_高血圧性疾患,total,a65_69,65-69歳,65,69,False,False,1970,2111.0,71.0,
hypertensive,Hi042017,Hi04_高血圧性疾患,total,a65_69,65-69歳,65,69,False,False,1975,1623.0,47.2,
hypertensive,Hi042017,Hi04_高血圧性疾患,total,a65_69,65-69歳,65,69,False,False,1980,1008.0,25.5,3965.0
hypertensive,Hi042017,Hi04_高血圧性疾患,total,a65_69,65-69歳,65,69,False,False,1985,521.0,12.5,4193.0
hypertensive,Hi042017,Hi04_高血圧性疾患,total,a65_69,65-69歳,65,69,False,False,1990,393.0,7.7,5104.0
hypertensive,Hi042017,Hi04_高血圧性疾患,total,a65_69,65-69歳,65,69,False,False,1995,384.0,6.0,6396.0
hypertensive,Hi042017,Hi04_高血圧性疾患,total,a65_69,65-69歳,65,69,False,False,2000,262.0,3.7,7118.0
hypertensive,Hi042017,Hi04_高血圧性疾患,total,a65_69,65-69歳,65,69,False,False,2005,200.0,2.7,7460.0
hypertensive,Hi042017,Hi04_高血圧性疾患,total,a65_69,65-69歳,65,69,False,False,2010,254.0,3.1,8272.0
hypertensive,Hi042017,Hi04_高血圧性疾患,total,a65_69,65-69歳,65,69,False,False,2013,291.0,3.4,8699.0
hypertensive,Hi042017,Hi04_高血圧性疾患,total,a65_69,65-69歳,65,69,False,False,2014,249.0,2.7,9154.0
hypertensive,Hi042017,Hi04_高血圧性疾患,total,a65_69,65-69歳,65,69,False,False,2015,278.0,2.9,9759.0
hypertensive,Hi042017,Hi04_高血圧性疾患,total,a65_69,65-69歳,65,69,False,False,2016,290.0,2.8,10269.0
hypertensive,Hi042017,Hi04_高血圧性疾患,total,a65_69,65-69歳,65,69,False,False,2017,472.0,4.8,9910.0
hypertensive,Hi042017,Hi04_高血圧性疾患,total,a65_69,65-69歳,65,69,False,False,2018,404.0,4.3,9356.0
hypertensive,Hi042017,Hi04_高血圧性疾患,total,a65_69,65-69歳,65,69,False,False,2019,425.0,4.9,8698.0
hypertensive,Hi042017,Hi04_高血圧性疾患,total,a65_69,65-69歳,65,69,False,False,2020,426.0,5.2,8236.0
hypertensive,Hi042017,Hi04_高血圧性疾患,total,a65_69,65-69歳,65,69,False,False,2021,388.0,5.0,7869.0
hypertensive,Hi042017,Hi04_高血圧性疾患,total,a65_69,65-69歳,65,69,False,False,2022,443.0,5.9,7535.0
hypertensive,Hi042017,Hi04_高血圧性疾患,total,a65_69,65-69歳,65,69,False,False,2023,443.0,6.1,7332.0
hypertensive,Hi042017,Hi04_高血圧性疾患,total,a65_69,65-69歳,65,69,False,False,2024,462.0,6.4,7268.0
hypertensive,Hi042017,Hi04_高血圧性疾患,total,a70_74,70-74歳,70,74,False,False,1950,2217.0,173.0,
hypertensive,Hi042017,Hi04_高血圧性疾患,total,a70_74,70-74歳,70,74,False,False,1955,1752.0,125.8,
hypertensive,Hi042017,Hi04_高血圧性疾患,total,a70_74,70-74歳,70,74,False,False,1960,2918.0,186.6,
hypertensive,Hi042017,Hi04_高血圧性疾患,total,a70_74,70-74歳,70,74,False,False,1965,3398.0,194.8,
hypertensive,Hi042017,Hi04_高血圧性疾患,total,a70_74,70-74歳,70,74,False,False,1970,3177.0,149.3,
hypertensive,Hi042017,Hi04_高血圧性疾患,total,a70_74,70-74歳,70,74,False,False,1975,3041.0,118.4,
hypertensive,Hi042017,Hi04_高血圧性疾患,total,a70_74,70-74歳,70,74,False,False,1980,1827.0,60.7,3023.0
hypertensive,Hi042017,Hi04_高血圧性疾患,total,a70_74,70-74歳,70,74,False,False,1985,1231.0,34.8,3563.0
hypertensive,Hi042017,Hi04_高血圧性疾患,total,a70_74,70-74歳,70,74,False,False,1990,649.0,17.0,3818.0
hypertensive,Hi042017,Hi04_高血圧性疾患,total,a70_74,70-74歳,70,74,False,False,1995,548.0,11.7,4695.0
hypertensive,Hi042017,Hi04_高血圧性疾患,total,a70_74,70-74歳,70,74,False,False,2000,382.0,6.5,5910.0
hypertensive,Hi042017,Hi04_高血圧性疾患,total,a70_74,70-74歳,70,74,False,False,2005,339.0,5.1,6661.0
hypertensive,Hi042017,Hi04_高血圧性疾患,total,a70_74,70-74歳,70,74,False,False,2010,324.0,4.6,7018.0
hypertensive,Hi042017,Hi04_高血圧性疾患,total,a70_74,70-74歳,70,74,False,False,2013,360.0,4.8,7596.0
hypertensive,Hi042017,Hi04_高血圧性疾患,total,a70_74,70-74歳,70,74,False,False,2014,339.0,4.3,7928.0
hypertensive,Hi042017,Hi04_高血圧性疾患,total,a70_74,70-74歳,70,74,False,False,2015,326.0,4.2,7787.0
hypertensive,Hi042017,Hi04_高血圧性疾患,total,a70_74,70-74歳,70,74,False,False,2016,333.0,4.5,7400.0
hypertensive,Hi042017,Hi04_高血圧性疾患,total,a70_74,70-74歳,70,74,False,False,2017,525.0,6.8,7733.0
hypertensive,Hi042017,Hi04_高血圧性疾患,total,a70_74,70-74歳,70,74,False,False,2018,572.0,7.0,8210.0
hypertensive,Hi042017,Hi04_高血圧性疾患,total,a70_74,70-74歳,70,74,False,False,2019,596.0,6.9,8655.0
hypertensive,Hi042017,Hi04_高血圧性疾患,total,a70_74,70-74歳,70,74,False,False,2020,673.0,7.4,9189.0
hypertensive,Hi042017,Hi04_高血圧性疾患,total,a70_74,70-74歳,70,74,False,False,2021,713.0,7.4,9672.0
hypertensive,Hi042017,Hi04_高血圧性疾患,total,a70_74,70-74歳,70,74,False,False,2022,809.0,8.7,9337.0
hypertensive,Hi042017,Hi04_高血圧性疾患,total,a70_74,70-74歳,70,74,False,False,2023,778.0,8.9,8817.0
hypertensive,Hi042017,Hi04_高血圧性疾患,total,a70_74,70-74歳,70,74,False,False,2024,776.0,9.5,8198.0
hypertensive,Hi042017,Hi04_高血圧性疾患,total,a75_79,75-79歳,75,79,False,False,1950,2050.0,299.0,
hypertensive,Hi042017,Hi04_高血圧性疾患,total,a75_79,75-79歳,75,79,False,False,1955,1992.0,227.5,
hypertensive,Hi042017,Hi04_高血圧性疾患,total,a75_79,75-79歳,75,79,False,False,1960,3166.0,331.6,
hypertensive,Hi042017,Hi04_高血圧性疾患,total,a75_79,75-79歳,75,79,False,False,1965,4205.0,383.7,
hypertensive,Hi042017,Hi04_高血圧性疾患,total,a75_79,75-79歳,75,79,False,False,1970,3854.0,304.4,
hypertensive,Hi042017,Hi04_高血圧性疾患,total,a75_79,75-79歳,75,79,False,False,1975,4362.0,266.5,
hypertensive,Hi042017,Hi04_高血圧性疾患,total,a75_79,75-79歳,75,79,False,False,1980,3373.0,166.1,2037.0
hypertensive,Hi042017,Hi04_高血圧性疾患,total,a75_79,75-79歳,75,79,False,False,1985,2216.0,91.0,2493.0
hypertensive,Hi042017,Hi04_高血圧性疾患,total,a75_79,75-79歳,75,79,False,False,1990,1368.0,45.4,3018.0
hypertensive,Hi042017,Hi04_高血圧性疾患,total,a75_79,75-79歳,75,79,False,False,1995,969.0,29.6,3289.0
hypertensive,Hi042017,Hi04_高血圧性疾患,total,a75_79,75-79歳,75,79,False,False,2000,564.0,13.6,4157.0
hypertensive,Hi042017,Hi04_高血圧性疾患,total,a75_79,75-79歳,75,79,False,False,2005,633.0,12.0,5280.0
hypertensive,Hi042017,Hi04_高血圧性疾患,total,a75_79,75-79歳,75,79,False,False,2010,595.0,10.0,5992.0
hypertensive,Hi042017,Hi04_高血圧性疾患,total,a75_79,75-79歳,75,79,False,False,2013,589.0,9.4,6302.0
hypertensive,Hi042017,Hi04_高血圧性疾患,total,a75_79,75-79歳,75,79,False,False,2014,573.0,9.2,6269.0
hypertensive,Hi042017,Hi04_高血圧性疾患,total,a75_79,75-79歳,75,79,False,False,2015,526.0,8.3,6354.0
hypertensive,Hi042017,Hi04_高血圧性疾患,total,a75_79,75-79歳,75,79,False,False,2016,486.0,7.5,6521.0
hypertensive,Hi042017,Hi04_高血圧性疾患,total,a75_79,75-79歳,75,79,False,False,2017,812.0,12.1,6728.0
hypertensive,Hi042017,Hi04_高血圧性疾患,total,a75_79,75-79歳,75,79,False,False,2018,784.0,11.4,6913.0
hypertensive,Hi042017,Hi04_高血圧性疾患,total,a75_79,75-79歳,75,79,False,False,2019,850.0,11.8,7214.0
hypertensive,Hi042017,Hi04_高血圧性疾患,total,a75_79,75-79歳,75,79,False,False,2020,874.0,12.4,7065.0
hypertensive,Hi042017,Hi04_高血圧性疾患,total,a75_79,75-79歳,75,79,False,False,2021,869.0,13.0,6712.0
hypertensive,Hi042017,Hi04_高血圧性疾患,total,a75_79,75-79歳,75,79,False,False,2022,975.0,13.9,7030.0
hypertensive,Hi042017,Hi04_高血圧性疾患,total,a75_79,75-79歳,75,79,False,False,2023,1023.0,13.8,7474.0
hypertensive,Hi042017,Hi04_高血圧性疾患,total,a75_79,75-79歳,75,79,False,False,2024,1155.0,14.7,7886.0
hypertensive,Hi042017,Hi04_高血圧性疾患,total,a80_84,80-84歳,80,84,False,False,1950,1328.0,481.5,
hypertensive,Hi042017,Hi04_高血圧性疾患,total,a80_84,80-84歳,80,84,False,False,1955,1209.0,320.0,
hypertensive,Hi042017,Hi04_高血圧性疾患,total,a80_84,80-84歳,80,84,False,False,1960,2287.0,473.6,
hypertensive,Hi042017,Hi04_高血圧性疾患,total,a80_84,80-84歳,80,84,False,False,1965,3288.0,622.6,
hypertensive,Hi042017,Hi04_高血圧性疾患,total,a80_84,80-84歳,80,84,False,False,1970,3621.0,558.4,
hypertensive,Hi042017,Hi04_高血圧性疾患,total,a80_84,80-84歳,80,84,False,False,1975,4654.0,576.5,
hypertensive,Hi042017,Hi04_高血圧性疾患,total,a80_84,80-84歳,80,84,False,False,1980,4135.0,379.0,1094.0
hypertensive,Hi042017,Hi04_高血圧性疾患,total,a80_84,80-84歳,80,84,False,False,1985,3303.0,228.3,1433.0
hypertensive,Hi042017,Hi04_高血圧性疾患,total,a80_84,80-84歳,80,84,False,False,1990,2113.0,115.4,1833.0
hypertensive,Hi042017,Hi04_高血圧性疾患,total,a80_84,80-84歳,80,84,False,False,1995,1703.0,74.2,2301.0
hypertensive,Hi042017,Hi04_高血圧性疾患,total,a80_84,80-84歳,80,84,False,False,2000,1031.0,39.5,2619.0
hypertensive,Hi042017,Hi04_高血圧性疾患,total,a80_84,80-84歳,80,84,False,False,2005,913.0,26.8,3423.0
hypertensive,Hi042017,Hi04_高血圧性疾患,total,a80_84,80-84歳,80,84,False,False,2010,1045.0,23.9,4376.0
hypertensive,Hi042017,Hi04_高血圧性疾患,total,a80_84,80-84歳,80,84,False,False,2013,1082.0,22.8,4762.0
hypertensive,Hi042017,Hi04_高血圧性疾患,total,a80_84,80-84歳,80,84,False,False,2014,998.0,20.6,4869.0
hypertensive,Hi042017,Hi04_高血圧性疾患,total,a80_84,80-84歳,80,84,False,False,2015,968.0,19.3,5026.0
hypertensive,Hi042017,Hi04_高血圧性疾患,total,a80_84,80-84歳,80,84,False,False,2016,989.0,19.1,5179.0
hypertensive,Hi042017,Hi04_高血圧性疾患,total,a80_84,80-84歳,80,84,False,False,2017,1383.0,26.2,5288.0
hypertensive,Hi042017,Hi04_高血圧性疾患,total,a80_84,80-84歳,80,84,False,False,2018,1400.0,26.3,5338.0
hypertensive,Hi042017,Hi04_高血圧性疾患,total,a80_84,80-84歳,80,84,False,False,2019,1258.0,23.7,5314.0
hypertensive,Hi042017,Hi04_高血圧性疾患,total,a80_84,80-84歳,80,84,False,False,2020,1310.0,24.3,5404.0
hypertensive,Hi042017,Hi04_高血圧性疾患,total,a80_84,80-84歳,80,84,False,False,2021,1379.0,24.9,5563.0
hypertensive,Hi042017,Hi04_高血圧性疾患,total,a80_84,80-84歳,80,84,False,False,2022,1538.0,26.9,5743.0
hypertensive,Hi042017,Hi04_高血圧性疾患,total,a80_84,80-84歳,80,84,False,False,2023,1498.0,25.5,5895.0
hypertensive,Hi042017,Hi04_高血圧性疾患,total,a80_84,80-84歳,80,84,False,False,2024,1656.0,27.1,6138.0
hypertensive,Hi042017,Hi04_高血圧性疾患,total,a85_89,85-89歳,85,89,False,False,1950,587.0,742.5,
hypertensive,Hi042017,Hi04_高血圧性疾患,total,a85_89,85-89歳,85,89,False,False,1955,526.0,472.4,
hypertensive,Hi042017,Hi04_高血圧性疾患,total,a85_89,85-89歳,85,89,False,False,1960,893.0,573.1,
hypertensive,Hi042017,Hi04_高血圧性疾患,total,a85_89,85-89歳,85,89,False,False,1965,1544.0,775.3,
hypertensive,Hi042017,Hi04_高血圧性疾患,total,a85_89,85-89歳,85,89,False,False,1970,1969.0,858.6,
hypertensive,Hi042017,Hi04_高血圧性疾患,total,a85_89,85-89歳,85,89,False,False,1975,2897.0,939.0,
hypertensive,Hi042017,Hi04_高血圧性疾患,total,a85_89,85-89歳,85,89,False,False,1980,2970.0,725.6,410.0
hypertensive,Hi042017,Hi04_高血圧性疾患,total,a85_89,85-89歳,85,89,False,False,1985,2969.0,506.3,604.0
hypertensive,Hi042017,Hi04_高血圧性疾患,total,a85_89,85-89歳,85,89,False,False,1990,2382.0,286.0,833.0
hypertensive,Hi042017,Hi04_高血圧性疾患,total,a85_89,85-89歳,85,89,False,False,1995,2038.0,179.7,1137.0
hypertensive,Hi042017,Hi04_高血圧性疾患,total,a85_89,85-89歳,85,89,False,False,2000,1511.0,98.7,1535.0
hypertensive,Hi042017,Hi04_高血圧性疾患,total,a85_89,85-89歳,85,89,False,False,2005,1190.0,64.4,1855.0
hypertensive,Hi042017,Hi04_高血圧性疾患,total,a85_89,85-89歳,85,89,False,False,2010,1429.0,58.4,2454.0
hypertensive,Hi042017,Hi04_高血圧性疾患,total,a85_89,85-89歳,85,89,False,False,2013,1560.0,53.5,2926.0
hypertensive,Hi042017,Hi04_高血圧性疾患,total,a85_89,85-89歳,85,89,False,False,2014,1568.0,51.3,3063.0
hypertensive,Hi042017,Hi04_高血圧性疾患,total,a85_89,85-89歳,85,89,False,False,2015,1463.0,46.5,3156.0
hypertensive,Hi042017,Hi04_高血圧性疾患,total,a85_89,85-89歳,85,89,False,False,2016,1420.0,43.5,3272.0
hypertensive,Hi042017,Hi04_高血圧性疾患,total,a85_89,85-89歳,85,89,False,False,2017,2065.0,61.0,3398.0
hypertensive,Hi042017,Hi04_高血圧性疾患,total,a85_89,85-89歳,85,89,False,False,2018,2040.0,58.2,3516.0
hypertensive,Hi042017,Hi04_高血圧性疾患,total,a85_89,85-89歳,85,89,False,False,2019,1931.0,53.6,3611.0
hypertensive,Hi042017,Hi04_高血圧性疾患,total,a85_89,85-89歳,85,89,False,False,2020,1924.0,51.6,3742.0
hypertensive,Hi042017,Hi04_高血圧性疾患,total,a85_89,85-89歳,85,89,False,False,2021,2071.0,53.7,3872.0
hypertensive,Hi042017,Hi04_高血圧性疾患,total,a85_89,85-89歳,85,89,False,False,2022,2353.0,59.7,3955.0
hypertensive,Hi042017,Hi04_高血圧性疾患,total,a85_89,85-89歳,85,89,False,False,2023,2256.0,56.9,3979.0
hypertensive,Hi042017,Hi04_高血圧性疾患,total,a85_89,85-89歳,85,89,False,False,2024,2301.0,58.5,3944.0
hypertensive,Hi042017,Hi04_高血圧性疾患,total,a90_94,90-94歳,90,94,False,False,1950,143.0,978.3,
hypertensive,Hi042017,Hi04_高血圧性疾患,total,a90_94,90-94歳,90,94,False,False,1955,100.0,505.1,
hypertensive,Hi042017,Hi04_高血圧性疾患,total,a90_94,90-94歳,90,94,False,False,1960,176.0,593.4,
hypertensive,Hi042017,Hi04_高血圧性疾患,total,a90_94,90-94歳,90,94,False,False,1965,344.0,742.6,
hypertensive,Hi042017,Hi04_高血圧性疾患,total,a90_94,90-94歳,90,94,False,False,1970,524.0,883.4,
hypertensive,Hi042017,Hi04_高血圧性疾患,total,a90_94,90-94歳,90,94,False,False,1975,933.0,1322.7,
hypertensive,Hi042017,Hi04_高血圧性疾患,total,a90_94,90-94歳,90,94,False,False,1980,1173.0,1141.8,
hypertensive,Hi042017,Hi04_高血圧性疾患,total,a90_94,90-94歳,90,94,False,False,1985,1324.0,871.2,
hypertensive,Hi042017,Hi04_高血圧性疾患,total,a90_94,90-94歳,90,94,False,False,1990,1364.0,593.8,248.0
hypertensive,Hi042017,Hi04_高血圧性疾患,total,a90_94,90-94歳,90,94,False,False,1995,1459.0,444.5,368.0
hypertensive,Hi042017,Hi04_高血圧性疾患,total,a90_94,90-94歳,90,94,False,False,2000,1336.0,274.8,571.0
hypertensive,Hi042017,Hi04_高血圧性疾患,total,a90_94,90-94歳,90,94,False,False,2005,1348.0,160.3,843.0
hypertensive,Hi042017,Hi04_高血圧性疾患,total,a90_94,90-94歳,90,94,False,False,2010,1466.0,142.8,1029.0
hypertensive,Hi042017,Hi04_高血圧性疾患,total,a90_94,90-94歳,90,94,False,False,2013,1599.0,131.8,1216.0
hypertensive,Hi042017,Hi04_高血圧性疾患,total,a90_94,90-94歳,90,94,False,False,2014,1607.0,123.4,1305.0
hypertensive,Hi042017,Hi04_高血圧性疾患,total,a90_94,90-94歳,90,94,False,False,2015,1589.0,116.9,1363.0
hypertensive,Hi042017,Hi04_高血圧性疾患,total,a90_94,90-94歳,90,94,False,False,2016,1644.0,111.5,1469.0
hypertensive,Hi042017,Hi04_高血圧性疾患,total,a90_94,90-94歳,90,94,False,False,2017,2117.0,134.1,1556.0
hypertensive,Hi042017,Hi04_高血圧性疾患,total,a90_94,90-94歳,90,94,False,False,2018,2106.0,126.0,1639.0
hypertensive,Hi042017,Hi04_高血圧性疾患,total,a90_94,90-94歳,90,94,False,False,2019,2189.0,124.5,1724.0
hypertensive,Hi042017,Hi04_高血圧性疾患,total,a90_94,90-94歳,90,94,False,False,2020,2254.0,124.8,1811.0
hypertensive,Hi042017,Hi04_高血圧性疾患,total,a90_94,90-94歳,90,94,False,False,2021,2244.0,118.1,1904.0
hypertensive,Hi042017,Hi04_高血圧性疾患,total,a90_94,90-94歳,90,94,False,False,2022,2606.0,131.4,1989.0
hypertensive,Hi042017,Hi04_高血圧性疾患,total,a90_94,90-94歳,90,94,False,False,2023,2527.0,123.8,2045.0
hypertensive,Hi042017,Hi04_高血圧性疾患,total,a90_94,90-94歳,90,94,False,False,2024,2603.0,125.0,2088.0
hypertensive,Hi042017,Hi04_高血圧性疾患,total,a95_99,95-99歳,95,99,False,False,1950,16.0,,
hypertensive,Hi042017,Hi04_高血圧性疾患,total,a95_99,95-99歳,95,99,False,False,1955,12.0,,
hypertensive,Hi042017,Hi04_高血圧性疾患,total,a95_99,95-99歳,95,99,False,False,1960,15.0,,
hypertensive,Hi042017,Hi04_高血圧性疾患,total,a95_99,95-99歳,95,99,False,False,1965,32.0,,
hypertensive,Hi042017,Hi04_高血圧性疾患,total,a95_99,95-99歳,95,99,False,False,1970,53.0,,
hypertensive,Hi042017,Hi04_高血圧性疾患,total,a95_99,95-99歳,95,99,False,False,1975,137.0,,
hypertensive,Hi042017,Hi04_高血圧性疾患,total,a95_99,95-99歳,95,99,False,False,1980,175.0,,
hypertensive,Hi042017,Hi04_高血圧性疾患,total,a95_99,95-99歳,95,99,False,False,1985,276.0,,
hypertensive,Hi042017,Hi04_高血圧性疾患,total,a95_99,95-99歳,95,99,False,False,1990,324.0,,38.0
hypertensive,Hi042017,Hi04_高血圧性疾患,total,a95_99,95-99歳,95,99,False,False,1995,449.0,,69.0
hypertensive,Hi042017,Hi04_高血圧性疾患,total,a95_99,95-99歳,95,99,False,False,2000,511.0,,119.0
hypertensive,Hi042017,Hi04_高血圧性疾患,total,a95_99,95-99歳,95,99,False,False,2005,689.0,326.0,212.0
hypertensive,Hi042017,Hi04_高血圧性疾患,total,a95_99,95-99歳,95,99,False,False,2010,960.0,322.5,298.0
hypertensive,Hi042017,Hi04_高血圧性疾患,total,a95_99,95-99歳,95,99,False,False,2013,984.0,287.7,343.0
hypertensive,Hi042017,Hi04_高血圧性疾患,total,a95_99,95-99歳,95,99,False,False,2014,915.0,260.7,352.0
hypertensive,Hi042017,Hi04_高血圧性疾患,total,a95_99,95-99歳,95,99,False,False,2015,915.0,253.6,362.0
hypertensive,Hi042017,Hi04_高血圧性疾患,total,a95_99,95-99歳,95,99,False,False,2016,998.0,261.3,384.0
hypertensive,Hi042017,Hi04_高血圧性疾患,total,a95_99,95-99歳,95,99,False,False,2017,1242.0,307.4,407.0
hypertensive,Hi042017,Hi04_高血圧性疾患,total,a95_99,95-99歳,95,99,False,False,2018,1301.0,296.4,437.0
hypertensive,Hi042017,Hi04_高血圧性疾患,total,a95_99,95-99歳,95,99,False,False,2019,1284.0,268.6,468.0
hypertensive,Hi042017,Hi04_高血圧性疾患,total,a95_99,95-99歳,95,99,False,False,2020,1442.0,288.9,500.0
hypertensive,Hi042017,Hi04_高血圧性疾患,total,a95_99,95-99歳,95,99,False,False,2021,1473.0,274.8,537.0
hypertensive,Hi042017,Hi04_高血圧性疾患,total,a95_99,95-99歳,95,99,False,False,2022,1742.0,311.1,561.0
hypertensive,Hi042017,Hi04_高血圧性疾患,total,a95_99,95-99歳,95,99,False,False,2023,1646.0,276.2,597.0
hypertensive,Hi042017,Hi04_高血圧性疾患,total,a95_99,95-99歳,95,99,False,False,2024,1660.0,262.2,635.0
hypertensive,Hi042017,Hi04_高血圧性疾患,total,a100p,100歳以上,100,,False,False,1950,1.0,,
hypertensive,Hi042017,Hi04_高血圧性疾患,total,a100p,100歳以上,100,,False,False,1955,3.0,,
hypertensive,Hi042017,Hi04_高血圧性疾患,total,a100p,100歳以上,100,,False,False,1965,1.0,,
hypertensive,Hi042017,Hi04_高血圧性疾患,total,a100p,100歳以上,100,,False,False,1970,4.0,,
hypertensive,Hi042017,Hi04_高血圧性疾患,total,a100p,100歳以上,100,,False,False,1975,9.0,,
hypertensive,Hi042017,Hi04_高血圧性疾患,total,a100p,100歳以上,100,,False,False,1980,12.0,,
hypertensive,Hi042017,Hi04_高血圧性疾患,total,a100p,100歳以上,100,,False,False,1985,17.0,,
hypertensive,Hi042017,Hi04_高血圧性疾患,total,a100p,100歳以上,100,,False,False,1990,30.0,,3.0
hypertensive,Hi042017,Hi04_高血圧性疾患,total,a100p,100歳以上,100,,False,False,1995,57.0,,6.0
hypertensive,Hi042017,Hi04_高血圧性疾患,total,a100p,100歳以上,100,,False,False,2000,78.0,,12.0
hypertensive,Hi042017,Hi04_高血圧性疾患,total,a100p,100歳以上,100,,False,False,2005,135.0,532.4,25.0
hypertensive,Hi042017,Hi04_高血圧性疾患,total,a100p,100歳以上,100,,False,False,2010,250.0,569.5,44.0
hypertensive,Hi042017,Hi04_高血圧性疾患,total,a100p,100歳以上,100,,False,False,2013,296.0,538.2,55.0
hypertensive,Hi042017,Hi04_高血圧性疾患,total,a100p,100歳以上,100,,False,False,2014,313.0,521.7,60.0
hypertensive,Hi042017,Hi04_高血圧性疾患,total,a100p,100歳以上,100,,False,False,2015,325.0,526.3,62.0
hypertensive,Hi042017,Hi04_高血圧性疾患,total,a100p,100歳以上,100,,False,False,2016,317.0,487.7,66.0
hypertensive,Hi042017,Hi04_高血圧性疾患,total,a100p,100歳以上,100,,False,False,2017,385.0,574.6,68.0
hypertensive,Hi042017,Hi04_高血圧性疾患,total,a100p,100歳以上,100,,False,False,2018,412.0,597.1,70.0
hypertensive,Hi042017,Hi04_高血圧性疾患,total,a100p,100歳以上,100,,False,False,2019,420.0,608.7,71.0
hypertensive,Hi042017,Hi04_高血圧性疾患,total,a100p,100歳以上,100,,False,False,2020,459.0,572.6,80.0
hypertensive,Hi042017,Hi04_高血圧性疾患,total,a100p,100歳以上,100,,False,False,2021,480.0,564.7,85.0
hypertensive,Hi042017,Hi04_高血圧性疾患,total,a100p,100歳以上,100,,False,False,2022,534.0,613.8,87.0
hypertensive,Hi042017,Hi04_高血圧性疾患,total,a100p,100歳以上,100,,False,False,2023,558.0,641.4,87.0
hypertensive,Hi042017,Hi04_高血圧性疾患,total,a100p,100歳以上,100,,False,False,2024,484.0,556.3,87.0
hypertensive,Hi042017,Hi04_高血圧性疾患,total,total,総数,,,False,True,1950,9935.0,11.9,
hypertensive,Hi042017,Hi04_高血圧性疾患,total,total,総数,,,False,True,1955,9073.0,10.2,
hypertensive,Hi042017,Hi04_高血圧性疾患,total,total,総数,,,False,True,1960,15115.0,16.2,
hypertensive,Hi042017,Hi04_高血圧性疾患,total,total,総数,,,False,True,1965,18987.0,19.3,
hypertensive,Hi042017,Hi04_高血圧性疾患,total,total,総数,,,False,True,1970,18303.0,17.7,
hypertensive,Hi042017,Hi04_高血圧性疾患,total,total,総数,,,False,True,1975,19831.0,17.8,
hypertensive,Hi042017,Hi04_高血圧性疾患,total,total,総数,,,False,True,1980,15911.0,13.7,117060.0
hypertensive,Hi042017,Hi04_高血圧性疾患,total,total,総数,,,False,True,1985,12700.0,10.6,121049.0
hypertensive,Hi042017,Hi04_高血圧性疾患,total,total,総数,,,False,True,1990,9246.0,7.5,123611.0
hypertensive,Hi042017,Hi04_高血圧性疾患,total,total,総数,,,False,True,1995,8222.0,6.6,125570.0
hypertensive,Hi042017,Hi04_高血圧性疾患,total,total,総数,,,False,True,2000,6063.0,4.8,126926.0
hypertensive,Hi042017,Hi04_高血圧性疾患,total,total,総数,,,False,True,2005,5835.0,4.6,127768.0
hypertensive,Hi042017,Hi04_高血圧性疾患,total,total,総数,,,False,True,2010,6760.0,5.3,128057.0
hypertensive,Hi042017,Hi04_高血圧性疾患,total,total,総数,,,False,True,2013,7165.0,5.7,127298.0
hypertensive,Hi042017,Hi04_高血圧性疾患,total,total,総数,,,False,True,2014,6932.0,5.5,127083.0
hypertensive,Hi042017,Hi04_高血圧性疾患,total,total,総数,,,False,True,2015,6726.0,5.4,127095.0
hypertensive,Hi042017,Hi04_高血圧性疾患,total,total,総数,,,False,True,2016,6843.0,5.5,127042.0
hypertensive,Hi042017,Hi04_高血圧性疾患,total,total,総数,,,False,True,2017,9570.0,7.7,126919.0
hypertensive,Hi042017,Hi04_高血圧性疾患,total,total,総数,,,False,True,2018,9581.0,7.7,126749.0
hypertensive,Hi042017,Hi04_高血圧性疾患,total,total,総数,,,False,True,2019,9549.0,7.7,126555.0
hypertensive,Hi042017,Hi04_高血圧性疾患,total,total,総数,,,False,True,2020,10003.0,8.1,126146.0
hypertensive,Hi042017,Hi04_高血圧性疾患,total,total,総数,,,False,True,2021,10223.0,8.3,125502.0
hypertensive,Hi042017,Hi04_高血圧性疾患,total,total,総数,,,False,True,2022,11665.0,9.6,124947.0
hypertensive,Hi042017,Hi04_高血圧性疾患,total,total,総数,,,False,True,2023,11396.0,9.4,124352.0
hypertensive,Hi042017,Hi04_高血圧性疾患,total,total,総数,,,False,True,2024,11799.0,9.8,123802.0
total,Hi00,総数,female,a00_04,0-4歳,0,4,False,False,1950,104614.0,1906.6,
total,Hi00,総数,female,a00_04,0-4歳,0,4,False,False,1955,45700.0,1010.7,
total,Hi00,総数,female,a00_04,0-4歳,0,4,False,False,1960,28465.0,742.8,
total,Hi00,総数,female,a00_04,0-4歳,0,4,False,False,1965,18189.0,456.6,
total,Hi00,総数,female,a00_04,0-4歳,0,4,False,False,1970,13794.0,323.5,
total,Hi00,総数,female,a00_04,0-4歳,0,4,False,False,1975,10980.0,226.8,
total,Hi00,総数,female,a00_04,0-4歳,0,4,False,False,1980,6946.0,168.5,
total,Hi00,総数,female,a00_04,0-4歳,0,4,False,False,1985,4792.0,131.2,
total,Hi00,総数,female,a00_04,0-4歳,0,4,False,False,1990,3451.0,109.5,
total,Hi00,総数,female,a00_04,0-4歳,0,4,False,False,1995,3111.0,107.2,
total,Hi00,総数,female,a00_04,0-4歳,0,4,False,False,2000,2336.0,81.7,2885.0
total,Hi00,総数,female,a00_04,0-4歳,0,4,False,False,2005,1811.0,66.9,
total,Hi00,総数,female,a00_04,0-4歳,0,4,False,False,2010,1509.0,58.8,
total,Hi00,総数,female,a00_04,0-4歳,0,4,False,False,2013,1340.0,53.0,2555.0
total,Hi00,総数,female,a00_04,0-4歳,0,4,False,False,2014,1341.0,53.4,2540.0
total,Hi00,総数,female,a00_04,0-4歳,0,4,False,False,2015,1219.0,50.5,
total,Hi00,総数,female,a00_04,0-4歳,0,4,False,False,2016,1268.0,53.1,2429.0
total,Hi00,総数,female,a00_04,0-4歳,0,4,False,False,2017,1158.0,49.1,2404.0
total,Hi00,総数,female,a00_04,0-4歳,0,4,False,False,2018,1127.0,48.5,2362.0
total,Hi00,総数,female,a00_04,0-4歳,0,4,False,False,2019,1090.0,47.8,2306.0
total,Hi00,総数,female,a00_04,0-4歳,0,4,False,False,2020,904.0,41.5,
total,Hi00,総数,female,a00_04,0-4歳,0,4,False,False,2021,865.0,41.1,
total,Hi00,総数,female,a00_04,0-4歳,0,4,False,False,2022,856.0,42.1,
total,Hi00,総数,female,a00_04,0-4歳,0,4,False,False,2023,888.0,45.5,
total,Hi00,総数,female,a00_04,0-4歳,0,4,False,False,2024,881.0,47.0,
total,Hi00,総数,female,a05_09,5-9歳,5,9,False,False,1950,9187.0,195.6,
total,Hi00,総数,female,a05_09,5-9歳,5,9,False,False,1955,6068.0,112.2,
total,Hi00,総数,female,a05_09,5-9歳,5,9,False,False,1960,3422.0,76.0,
total,Hi00,総数,female,a05_09,5-9歳,5,9,False,False,1965,1708.0,44.3,
total,Hi00,総数,female,a05_09,5-9歳,5,9,False,False,1970,1425.0,36.0,
total,Hi00,総数,female,a05_09,5-9歳,5,9,False,False,1975,1170.0,27.1,
total,Hi00,総数,female,a05_09,5-9歳,5,9,False,False,1980,1025.0,21.1,
total,Hi00,総数,female,a05_09,5-9歳,5,9,False,False,1985,636.0,15.3,
total,Hi00,総数,female,a05_09,5-9歳,5,9,False,False,1990,533.0,14.7,
total,Hi00,総数,female,a05_09,5-9歳,5,9,False,False,1995,483.0,15.2,
total,Hi00,総数,female,a05_09,5-9歳,5,9,False,False,2000,300.0,10.3,2942.0
total,Hi00,総数,female,a05_09,5-9歳,5,9,False,False,2005,246.0,8.6,
total,Hi00,総数,female,a05_09,5-9歳,5,9,False,False,2010,219.0,8.1,
total,Hi00,総数,female,a05_09,5-9歳,5,9,False,False,2013,184.0,7.1,2618.0
total,Hi00,総数,female,a05_09,5-9歳,5,9,False,False,2014,184.0,7.2,2591.0
total,Hi00,総数,female,a05_09,5-9歳,5,9,False,False,2015,199.0,7.7,
total,Hi00,総数,female,a05_09,5-9歳,5,9,False,False,2016,162.0,6.3,2589.0
total,Hi00,総数,female,a05_09,5-9歳,5,9,False,False,2017,142.0,5.6,2569.0
total,Hi00,総数,female,a05_09,5-9歳,5,9,False,False,2018,157.0,6.3,2543.0
total,Hi00,総数,female,a05_09,5-9歳,5,9,False,False,2019,170.0,6.9,2513.0
total,Hi00,総数,female,a05_09,5-9歳,5,9,False,False,2020,155.0,6.3,
total,Hi00,総数,female,a05_09,5-9歳,5,9,False,False,2021,136.0,5.6,
total,Hi00,総数,female,a05_09,5-9歳,5,9,False,False,2022,144.0,6.1,
total,Hi00,総数,female,a05_09,5-9歳,5,9,False,False,2023,152.0,6.6,
total,Hi00,総数,female,a05_09,5-9歳,5,9,False,False,2024,158.0,7.0,
total,Hi00,総数,female,a10_14,10-14歳,10,14,False,False,1950,5164.0,120.1,
total,Hi00,総数,female,a10_14,10-14歳,10,14,False,False,1955,2938.0,62.6,
total,Hi00,総数,female,a10_14,10-14歳,10,14,False,False,1960,2282.0,42.3,
total,Hi00,総数,female,a10_14,10-14歳,10,14,False,False,1965,1361.0,30.2,
total,Hi00,総数,female,a10_14,10-14歳,10,14,False,False,1970,973.0,25.4,
total,Hi00,総数,female,a10_14,10-14歳,10,14,False,False,1975,783.0,19.5,
total,Hi00,総数,female,a10_14,10-14歳,10,14,False,False,1980,597.0,13.8,
total,Hi00,総数,female,a10_14,10-14歳,10,14,False,False,1985,638.0,13.1,
total,Hi00,総数,female,a10_14,10-14歳,10,14,False,False,1990,482.0,11.6,
total,Hi00,総数,female,a10_14,10-14歳,10,14,False,False,1995,468.0,12.9,
total,Hi00,総数,female,a10_14,10-14歳,10,14,False,False,2000,251.0,7.9,3197.0
total,Hi00,総数,female,a10_14,10-14歳,10,14,False,False,2005,229.0,7.8,
total,Hi00,総数,female,a10_14,10-14歳,10,14,False,False,2010,203.0,7.1,
total,Hi00,総数,female,a10_14,10-14歳,10,14,False,False,2013,183.0,6.5,2823.0
total,Hi00,総数,female,a10_14,10-14歳,10,14,False,False,2014,183.0,6.6,2786.0
total,Hi00,総数,female,a10_14,10-14歳,10,14,False,False,2015,203.0,7.5,
total,Hi00,総数,female,a10_14,10-14歳,10,14,False,False,2016,187.0,7.0,2693.0
total,Hi00,総数,female,a10_14,10-14歳,10,14,False,False,2017,161.0,6.1,2656.0
total,Hi00,総数,female,a10_14,10-14歳,10,14,False,False,2018,197.0,7.6,2641.0
total,Hi00,総数,female,a10_14,10-14歳,10,14,False,False,2019,190.0,7.4,2622.0
total,Hi00,総数,female,a10_14,10-14歳,10,14,False,False,2020,180.0,6.9,
total,Hi00,総数,female,a10_14,10-14歳,10,14,False,False,2021,197.0,7.6,
total,Hi00,総数,female,a10_14,10-14歳,10,14,False,False,2022,189.0,7.4,
total,Hi00,総数,female,a10_14,10-14歳,10,14,False,False,2023,211.0,8.4,
total,Hi00,総数,female,a10_14,10-14歳,10,14,False,False,2024,238.0,9.6,
total,Hi00,総数,female,a15_19,15-19歳,15,19,False,False,1950,10567.0,248.6,
total,Hi00,総数,female,a15_19,15-19歳,15,19,False,False,1955,4593.0,107.2,
total,Hi00,総数,female,a15_19,15-19歳,15,19,False,False,1960,3661.0,79.1,
total,Hi00,総数,female,a15_19,15-19歳,15,19,False,False,1965,2348.0,43.7,
total,Hi00,総数,female,a15_19,15-19歳,15,19,False,False,1970,1963.0,44.0,
total,Hi00,総数,female,a15_19,15-19歳,15,19,False,False,1975,1280.0,33.0,
total,Hi00,総数,female,a15_19,15-19歳,15,19,False,False,1980,1076.0,26.8,
total,Hi00,総数,female,a15_19,15-19歳,15,19,False,False,1985,1033.0,23.7,
total,Hi00,総数,female,a15_19,15-19歳,15,19,False,False,1990,1149.0,23.6,
total,Hi00,総数,female,a15_19,15-19歳,15,19,False,False,1995,949.0,22.9,
total,Hi00,総数,female,a15_19,15-19歳,15,19,False,False,2000,676.0,18.7,3659.0
total,Hi00,総数,female,a15_19,15-19歳,15,19,False,False,2005,582.0,18.4,
total,Hi00,総数,female,a15_19,15-19歳,15,19,False,False,2010,481.0,16.4,
total,Hi00,総数,female,a15_19,15-19歳,15,19,False,False,2013,392.0,13.5,2949.0
total,Hi00,総数,female,a15_19,15-19歳,15,19,False,False,2014,365.0,12.6,2930.0
total,Hi00,総数,female,a15_19,15-19歳,15,19,False,False,2015,384.0,13.2,
total,Hi00,総数,female,a15_19,15-19歳,15,19,False,False,2016,350.0,12.1,2936.0
total,Hi00,総数,female,a15_19,15-19歳,15,19,False,False,2017,351.0,12.2,2916.0
total,Hi00,総数,female,a15_19,15-19歳,15,19,False,False,2018,396.0,14.0,2876.0
total,Hi00,総数,female,a15_19,15-19歳,15,19,False,False,2019,406.0,14.6,2843.0
total,Hi00,総数,female,a15_19,15-19歳,15,19,False,False,2020,446.0,16.3,
total,Hi00,総数,female,a15_19,15-19歳,15,19,False,False,2021,448.0,16.7,
total,Hi00,総数,female,a15_19,15-19歳,15,19,False,False,2022,488.0,18.5,
total,Hi00,総数,female,a15_19,15-19歳,15,19,False,False,2023,536.0,20.5,
total,Hi00,総数,female,a15_19,15-19歳,15,19,False,False,2024,570.0,22.0,
total,Hi00,総数,female,a20_24,20-24歳,20,24,False,False,1950,17219.0,442.7,
total,Hi00,総数,female,a20_24,20-24歳,20,24,False,False,1955,8048.0,191.3,
total,Hi00,総数,female,a20_24,20-24歳,20,24,False,False,1960,5709.0,136.1,
total,Hi00,総数,female,a20_24,20-24歳,20,24,False,False,1965,3693.0,80.8,
total,Hi00,総数,female,a20_24,20-24歳,20,24,False,False,1970,3567.0,67.1,
total,Hi00,総数,female,a20_24,20-24歳,20,24,False,False,1975,2486.0,55.5,
total,Hi00,総数,female,a20_24,20-24歳,20,24,False,False,1980,1430.0,37.1,
total,Hi00,総数,female,a20_24,20-24歳,20,24,False,False,1985,1272.0,31.8,
total,Hi00,総数,female,a20_24,20-24歳,20,24,False,False,1990,1329.0,31.0,
total,Hi00,総数,female,a20_24,20-24歳,20,24,False,False,1995,1447.0,30.2,
total,Hi00,総数,female,a20_24,20-24歳,20,24,False,False,2000,1160.0,28.7,4120.0
total,Hi00,総数,female,a20_24,20-24歳,20,24,False,False,2005,1067.0,30.5,
total,Hi00,総数,female,a20_24,20-24歳,20,24,False,False,2010,791.0,25.7,
total,Hi00,総数,female,a20_24,20-24歳,20,24,False,False,2013,697.0,23.8,3022.0
total,Hi00,総数,female,a20_24,20-24歳,20,24,False,False,2014,655.0,22.5,3013.0
total,Hi00,総数,female,a20_24,20-24歳,20,24,False,False,2015,586.0,20.4,
total,Hi00,総数,female,a20_24,20-24歳,20,24,False,False,2016,612.0,21.3,3001.0
total,Hi00,総数,female,a20_24,20-24歳,20,24,False,False,2017,556.0,19.3,3042.0
total,Hi00,総数,female,a20_24,20-24歳,20,24,False,False,2018,600.0,20.7,3085.0
total,Hi00,総数,female,a20_24,20-24歳,20,24,False,False,2019,612.0,21.1,3101.0
total,Hi00,総数,female,a20_24,20-24歳,20,24,False,False,2020,695.0,24.0,
total,Hi00,総数,female,a20_24,20-24歳,20,24,False,False,2021,743.0,25.8,
total,Hi00,総数,female,a20_24,20-24歳,20,24,False,False,2022,745.0,26.1,
total,Hi00,総数,female,a20_24,20-24歳,20,24,False,False,2023,802.0,28.6,
total,Hi00,総数,female,a20_24,20-24歳,20,24,False,False,2024,794.0,28.7,
total,Hi00,総数,female,a25_29,25-29歳,25,29,False,False,1950,17015.0,505.9,
total,Hi00,総数,female,a25_29,25-29歳,25,29,False,False,1955,8622.0,225.2,
total,Hi00,総数,female,a25_29,25-29歳,25,29,False,False,1960,6379.0,155.0,
total,Hi00,総数,female,a25_29,25-29歳,25,29,False,False,1965,4424.0,105.2,
total,Hi00,総数,female,a25_29,25-29歳,25,29,False,False,1970,3868.0,85.1,
total,Hi00,総数,female,a25_29,25-29歳,25,29,False,False,1975,3284.0,61.5,
total,Hi00,総数,female,a25_29,25-29歳,25,29,False,False,1980,2178.0,48.8,
total,Hi00,総数,female,a25_29,25-29歳,25,29,False,False,1985,1558.0,40.7,
total,Hi00,総数,female,a25_29,25-29歳,25,29,False,False,1990,1361.0,34.5,
total,Hi00,総数,female,a25_29,25-29歳,25,29,False,False,1995,1393.0,32.8,
total,Hi00,総数,female,a25_29,25-29歳,25,29,False,False,2000,1546.0,32.7,4831.0
total,Hi00,総数,female,a25_29,25-29歳,25,29,False,False,2005,1283.0,32.2,
total,Hi00,総数,female,a25_29,25-29歳,25,29,False,False,2010,1025.0,29.2,
total,Hi00,総数,female,a25_29,25-29歳,25,29,False,False,2013,884.0,27.1,3364.0
total,Hi00,総数,female,a25_29,25-29歳,25,29,False,False,2014,912.0,28.9,3264.0
total,Hi00,総数,female,a25_29,25-29歳,25,29,False,False,2015,830.0,26.9,
total,Hi00,総数,female,a25_29,25-29歳,25,29,False,False,2016,766.0,25.5,3140.0
total,Hi00,総数,female,a25_29,25-29歳,25,29,False,False,2017,729.0,24.8,3100.0
total,Hi00,総数,female,a25_29,25-29歳,25,29,False,False,2018,698.0,24.2,3074.0
total,Hi00,総数,female,a25_29,25-29歳,25,29,False,False,2019,683.0,23.9,3085.0
total,Hi00,総数,female,a25_29,25-29歳,25,29,False,False,2020,757.0,26.0,
total,Hi00,総数,female,a25_29,25-29歳,25,29,False,False,2021,795.0,27.3,
total,Hi00,総数,female,a25_29,25-29歳,25,29,False,False,2022,806.0,27.7,
total,Hi00,総数,female,a25_29,25-29歳,25,29,False,False,2023,784.0,26.9,
total,Hi00,総数,female,a25_29,25-29歳,25,29,False,False,2024,877.0,30.3,
total,Hi00,総数,female,a30_34,30-34歳,30,34,False,False,1950,13875.0,488.2,
total,Hi00,総数,female,a30_34,30-34歳,30,34,False,False,1955,8457.0,254.8,
total,Hi00,総数,female,a30_34,30-34歳,30,34,False,False,1960,6755.0,179.1,
total,Hi00,総数,female,a30_34,30-34歳,30,34,False,False,1965,5162.0,125.6,
total,Hi00,総数,female,a30_34,30-34歳,30,34,False,False,1970,4293.0,103.0,
total,Hi00,総数,female,a30_34,30-34歳,30,34,False,False,1975,3704.0,80.6,
total,Hi00,総数,female,a30_34,30-34歳,30,34,False,False,1980,3226.0,60.6,
total,Hi00,総数,female,a30_34,30-34歳,30,34,False,False,1985,2496.0,55.6,
total,Hi00,総数,female,a30_34,30-34歳,30,34,False,False,1990,1774.0,46.4,
total,Hi00,総数,female,a30_34,30-34歳,30,34,False,False,1995,1832.0,46.6,
total,Hi00,総数,female,a30_34,30-34歳,30,34,False,False,2000,1847.0,43.5,4346.0
total,Hi00,総数,female,a30_34,30-34歳,30,34,False,False,2005,2037.0,43.1,
total,Hi00,総数,female,a30_34,30-34歳,30,34,False,False,2010,1660.0,41.2,
total,Hi00,総数,female,a30_34,30-34歳,30,34,False,False,2013,1376.0,37.7,3757.0
total,Hi00,総数,female,a30_34,30-34歳,30,34,False,False,2014,1322.0,37.0,3678.0
total,Hi00,総数,female,a30_34,30-34歳,30,34,False,False,2015,1225.0,34.7,
total,Hi00,総数,female,a30_34,30-34歳,30,34,False,False,2016,1128.0,32.6,3582.0
total,Hi00,総数,female,a30_34,30-34歳,30,34,False,False,2017,1100.0,32.6,3517.0
total,Hi00,総数,female,a30_34,30-34歳,30,34,False,False,2018,1049.0,32.0,3437.0
total,Hi00,総数,female,a30_34,30-34歳,30,34,False,False,2019,1017.0,32.0,3353.0
total,Hi00,総数,female,a30_34,30-34歳,30,34,False,False,2020,941.0,30.2,
total,Hi00,総数,female,a30_34,30-34歳,30,34,False,False,2021,1025.0,33.7,
total,Hi00,総数,female,a30_34,30-34歳,30,34,False,False,2022,1022.0,34.3,
total,Hi00,総数,female,a30_34,30-34歳,30,34,False,False,2023,962.0,32.9,
total,Hi00,総数,female,a30_34,30-34歳,30,34,False,False,2024,957.0,33.0,
total,Hi00,総数,female,a35_39,35-39歳,35,39,False,False,1950,14043.0,525.6,
total,Hi00,総数,female,a35_39,35-39歳,35,39,False,False,1955,8435.0,301.7,
total,Hi00,総数,female,a35_39,35-39歳,35,39,False,False,1960,7369.0,225.0,
total,Hi00,総数,female,a35_39,35-39歳,35,39,False,False,1965,6352.0,169.3,
total,Hi00,総数,female,a35_39,35-39歳,35,39,False,False,1970,5772.0,141.9,
total,Hi00,総数,female,a35_39,35-39歳,35,39,False,False,1975,4673.0,111.6,
total,Hi00,総数,female,a35_39,35-39歳,35,39,False,False,1980,4160.0,90.8,
total,Hi00,総数,female,a35_39,35-39歳,35,39,False,False,1985,4017.0,76.0,
total,Hi00,総数,female,a35_39,35-39歳,35,39,False,False,1990,3102.0,69.8,
total,Hi00,総数,female,a35_39,35-39歳,35,39,False,False,1995,2426.0,63.5,
total,Hi00,総数,female,a35_39,35-39歳,35,39,False,False,2000,2425.0,61.5,4024.0
total,Hi00,総数,female,a35_39,35-39歳,35,39,False,False,2005,2554.0,60.2,
total,Hi00,総数,female,a35_39,35-39歳,35,39,False,False,2010,2688.0,56.5,
total,Hi00,総数,female,a35_39,35-39歳,35,39,False,False,2013,2275.0,52.0,4467.0
total,Hi00,総数,female,a35_39,35-39歳,35,39,False,False,2014,2164.0,51.7,4277.0
total,Hi00,総数,female,a35_39,35-39歳,35,39,False,False,2015,1947.0,48.1,
total,Hi00,総数,female,a35_39,35-39歳,35,39,False,False,2016,1913.0,49.1,4008.0
total,Hi00,総数,female,a35_39,35-39歳,35,39,False,False,2017,1675.0,44.4,3902.0
total,Hi00,総数,female,a35_39,35-39歳,35,39,False,False,2018,1655.0,45.0,3818.0
total,Hi00,総数,female,a35_39,35-39歳,35,39,False,False,2019,1626.0,45.1,3758.0
total,Hi00,総数,female,a35_39,35-39歳,35,39,False,False,2020,1633.0,46.0,
total,Hi00,総数,female,a35_39,35-39歳,35,39,False,False,2021,1521.0,43.7,
total,Hi00,総数,female,a35_39,35-39歳,35,39,False,False,2022,1660.0,48.7,
total,Hi00,総数,female,a35_39,35-39歳,35,39,False,False,2023,1546.0,46.7,
total,Hi00,総数,female,a35_39,35-39歳,35,39,False,False,2024,1541.0,48.1,
total,Hi00,総数,female,a40_44,40-44歳,40,44,False,False,1950,13655.0,597.8,
total,Hi00,総数,female,a40_44,40-44歳,40,44,False,False,1955,9895.0,377.6,
total,Hi00,総数,female,a40_44,40-44歳,40,44,False,False,1960,8129.0,296.2,
total,Hi00,総数,female,a40_44,40-44歳,40,44,False,False,1965,7628.0,236.0,
total,Hi00,総数,female,a40_44,40-44歳,40,44,False,False,1970,7622.0,208.3,
total,Hi00,総数,female,a40_44,40-44歳,40,44,False,False,1975,6816.0,167.0,
total,Hi00,総数,female,a40_44,40-44歳,40,44,False,False,1980,5612.0,135.0,
total,Hi00,総数,female,a40_44,40-44歳,40,44,False,False,1985,5650.0,124.1,
total,Hi00,総数,female,a40_44,40-44歳,40,44,False,False,1990,5542.0,104.9,
total,Hi00,総数,female,a40_44,40-44歳,40,44,False,False,1995,4578.0,103.2,
total,Hi00,総数,female,a40_44,40-44歳,40,44,False,False,2000,3639.0,95.2,3881.0
total,Hi00,総数,female,a40_44,40-44歳,40,44,False,False,2005,3432.0,86.9,
total,Hi00,総数,female,a40_44,40-44歳,40,44,False,False,2010,3533.0,82.8,
total,Hi00,総数,female,a40_44,40-44歳,40,44,False,False,2013,3609.0,77.0,4779.0
total,Hi00,総数,female,a40_44,40-44歳,40,44,False,False,2014,3616.0,76.2,4837.0
total,Hi00,総数,female,a40_44,40-44歳,40,44,False,False,2015,3556.0,74.6,
total,Hi00,総数,female,a40_44,40-44歳,40,44,False,False,2016,3430.0,73.0,4797.0
total,Hi00,総数,female,a40_44,40-44歳,40,44,False,False,2017,3314.0,72.6,4669.0
total,Hi00,総数,female,a40_44,40-44歳,40,44,False,False,2018,3095.0,70.5,4500.0
total,Hi00,総数,female,a40_44,40-44歳,40,44,False,False,2019,2924.0,69.6,4322.0
total,Hi00,総数,female,a40_44,40-44歳,40,44,False,False,2020,2858.0,70.5,
total,Hi00,総数,female,a40_44,40-44歳,40,44,False,False,2021,2711.0,69.4,
total,Hi00,総数,female,a40_44,40-44歳,40,44,False,False,2022,2721.0,71.8,
total,Hi00,総数,female,a40_44,40-44歳,40,44,False,False,2023,2610.0,70.7,
total,Hi00,総数,female,a40_44,40-44歳,40,44,False,False,2024,2447.0,67.6,
total,Hi00,総数,female,a45_49,45-49歳,45,49,False,False,1950,14775.0,744.1,
total,Hi00,総数,female,a45_49,45-49歳,45,49,False,False,1955,11717.0,525.0,
total,Hi00,総数,female,a45_49,45-49歳,45,49,False,False,1960,11511.0,449.7,
total,Hi00,総数,female,a45_49,45-49歳,45,49,False,False,1965,9932.0,368.2,
total,Hi00,総数,female,a45_49,45-49歳,45,49,False,False,1970,9887.0,310.6,
total,Hi00,総数,female,a45_49,45-49歳,45,49,False,False,1975,9306.0,252.2,
total,Hi00,総数,female,a45_49,45-49歳,45,49,False,False,1980,8525.0,211.0,
total,Hi00,総数,female,a45_49,45-49歳,45,49,False,False,1985,7644.0,184.6,
total,Hi00,総数,female,a45_49,45-49歳,45,49,False,False,1990,7510.0,166.2,
total,Hi00,総数,female,a45_49,45-49歳,45,49,False,False,1995,8520.0,162.1,
total,Hi00,総数,female,a45_49,45-49歳,45,49,False,False,2000,6595.0,149.6,4454.0
total,Hi00,総数,female,a45_49,45-49歳,45,49,False,False,2005,5177.0,135.8,
total,Hi00,総数,female,a45_49,45-49歳,45,49,False,False,2010,4966.0,125.7,
total,Hi00,総数,female,a45_49,45-49歳,45,49,False,False,2013,5008.0,122.1,4178.0
total,Hi00,総数,female,a45_49,45-49歳,45,49,False,False,2014,4976.0,118.5,4279.0
total,Hi00,総数,female,a45_49,45-49歳,45,49,False,False,2015,4884.0,114.8,
total,Hi00,総数,female,a45_49,45-49歳,45,49,False,False,2016,5037.0,111.9,4602.0
total,Hi00,総数,female,a45_49,45-49歳,45,49,False,False,2017,5077.0,110.8,4692.0
total,Hi00,総数,female,a45_49,45-49歳,45,49,False,False,2018,5244.0,111.9,4802.0
total,Hi00,総数,female,a45_49,45-49歳,45,49,False,False,2019,5222.0,110.0,4871.0
total,Hi00,総数,female,a45_49,45-49歳,45,49,False,False,2020,5217.0,109.5,
total,Hi00,総数,female,a45_49,45-49歳,45,49,False,False,2021,4965.0,105.7,
total,Hi00,総数,female,a45_49,45-49歳,45,49,False,False,2022,5172.0,113.3,
total,Hi00,総数,female,a45_49,45-49歳,45,49,False,False,2023,4779.0,108.9,
total,Hi00,総数,female,a45_49,45-49歳,45,49,False,False,2024,4555.0,108.5,
total,Hi00,総数,female,a50_54,50-54歳,50,54,False,False,1950,17072.0,1022.6,
total,Hi00,総数,female,a50_54,50-54歳,50,54,False,False,1955,14773.0,769.3,
total,Hi00,総数,female,a50_54,50-54歳,50,54,False,False,1960,14327.0,663.1,
total,Hi00,総数,female,a50_54,50-54歳,50,54,False,False,1965,13839.0,556.9,
total,Hi00,総数,female,a50_54,50-54歳,50,54,False,False,1970,12567.0,476.5,
total,Hi00,総数,female,a50_54,50-54歳,50,54,False,False,1975,12367.0,392.6,
total,Hi00,総数,female,a50_54,50-54歳,50,54,False,False,1980,11832.0,325.1,
total,Hi00,総数,female,a50_54,50-54歳,50,54,False,False,1985,11504.0,289.7,
total,Hi00,総数,female,a50_54,50-54歳,50,54,False,False,1990,10097.0,247.6,
total,Hi00,総数,female,a50_54,50-54歳,50,54,False,False,1995,11041.0,246.8,
total,Hi00,総数,female,a50_54,50-54歳,50,54,False,False,2000,11740.0,225.6,5238.0
total,Hi00,総数,female,a50_54,50-54歳,50,54,False,False,2005,9418.0,214.9,
total,Hi00,総数,female,a50_54,50-54歳,50,54,False,False,2010,7376.0,194.1,
total,Hi00,総数,female,a50_54,50-54歳,50,54,False,False,2013,7072.0,185.8,3863.0
total,Hi00,総数,female,a50_54,50-54歳,50,54,False,False,2014,6887.0,179.9,3888.0
total,Hi00,総数,female,a50_54,50-54歳,50,54,False,False,2015,6879.0,175.2,
total,Hi00,総数,female,a50_54,50-54歳,50,54,False,False,2016,6956.0,180.1,3939.0
total,Hi00,総数,female,a50_54,50-54歳,50,54,False,False,2017,6716.0,168.6,4066.0
total,Hi00,総数,female,a50_54,50-54歳,50,54,False,False,2018,6909.0,169.4,4170.0
total,Hi00,総数,female,a50_54,50-54歳,50,54,False,False,2019,6899.0,165.3,4277.0
total,Hi00,総数,female,a50_54,50-54歳,50,54,False,False,2020,7125.0,168.0,
total,Hi00,総数,female,a50_54,50-54歳,50,54,False,False,2021,7448.0,165.9,
total,Hi00,総数,female,a50_54,50-54歳,50,54,False,False,2022,7732.0,169.1,
total,Hi00,総数,female,a50_54,50-54歳,50,54,False,False,2023,8078.0,172.8,
total,Hi00,総数,female,a50_54,50-54歳,50,54,False,False,2024,7954.0,167.9,
total,Hi00,総数,female,a55_59,55-59歳,55,59,False,False,1950,19730.0,1439.8,
total,Hi00,総数,female,a55_59,55-59歳,55,59,False,False,1955,17855.0,1117.5,
total,Hi00,総数,female,a55_59,55-59歳,55,59,False,False,1960,18466.0,1004.1,
total,Hi00,総数,female,a55_59,55-59歳,55,59,False,False,1965,17653.0,852.2,
total,Hi00,総数,female,a55_59,55-59歳,55,59,False,False,1970,17752.0,748.1,
total,Hi00,総数,female,a55_59,55-59歳,55,59,False,False,1975,15294.0,590.4,
total,Hi00,総数,female,a55_59,55-59歳,55,59,False,False,1980,15020.0,486.3,
total,Hi00,総数,female,a55_59,55-59歳,55,59,False,False,1985,14828.0,414.9,
total,Hi00,総数,female,a55_59,55-59歳,55,59,False,False,1990,14616.0,371.7,
total,Hi00,総数,female,a55_59,55-59歳,55,59,False,False,1995,14241.0,353.7,
total,Hi00,総数,female,a55_59,55-59歳,55,59,False,False,2000,14144.0,319.7,4449.0
total,Hi00,総数,female,a55_59,55-59歳,55,59,False,False,2005,15346.0,297.4,
total,Hi00,総数,female,a55_59,55-59歳,55,59,False,False,2010,12192.0,279.7,
total,Hi00,総数,female,a55_59,55-59歳,55,59,False,False,2013,10122.0,262.8,3892.0
total,Hi00,総数,female,a55_59,55-59歳,55,59,False,False,2014,10040.0,263.5,3853.0
total,Hi00,総数,female,a55_59,55-59歳,55,59,False,False,2015,9276.0,246.0,
total,Hi00,総数,female,a55_59,55-59歳,55,59,False,False,2016,9268.0,248.0,3788.0
total,Hi00,総数,female,a55_59,55-59歳,55,59,False,False,2017,9021.0,240.3,3810.0
total,Hi00,総数,female,a55_59,55-59歳,55,59,False,False,2018,9072.0,240.3,3840.0
total,Hi00,総数,female,a55_59,55-59歳,55,59,False,False,2019,9116.0,240.1,3872.0
total,Hi00,総数,female,a55_59,55-59歳,55,59,False,False,2020,9027.0,231.7,
total,Hi00,総数,female,a55_59,55-59歳,55,59,False,False,2021,9129.0,238.0,
total,Hi00,総数,female,a55_59,55-59歳,55,59,False,False,2022,9486.0,239.9,
total,Hi00,総数,female,a55_59,55-59歳,55,59,False,False,2023,9655.0,238.4,
total,Hi00,総数,female,a55_59,55-59歳,55,59,False,False,2024,9884.0,238.3,
total,Hi00,総数,female,a60_64,60-64歳,60,64,False,False,1950,26324.0,2204.1,
total,Hi00,総数,female,a60_64,60-64歳,60,64,False,False,1955,22238.0,1751.3,
total,Hi00,総数,female,a60_64,60-64歳,60,64,False,False,1960,23697.0,1586.1,
total,Hi00,総数,female,a60_64,60-64歳,60,64,False,False,1965,23945.0,1392.7,
total,Hi00,総数,female,a60_64,60-64歳,60,64,False,False,1970,23879.0,1215.9,
total,Hi00,総数,female,a60_64,60-64歳,60,64,False,False,1975,22188.0,948.6,
total,Hi00,総数,female,a60_64,60-64歳,60,64,False,False,1980,19673.0,783.9,
total,Hi00,総数,female,a60_64,60-64歳,60,64,False,False,1985,19961.0,663.0,
total,Hi00,総数,female,a60_64,60-64歳,60,64,False,False,1990,19986.0,570.8,
total,Hi00,総数,female,a60_64,60-64歳,60,64,False,False,1995,21122.0,548.9,
total,Hi00,総数,female,a60_64,60-64歳,60,64,False,False,2000,18466.0,464.9,3991.0
total,Hi00,総数,female,a60_64,60-64歳,60,64,False,False,2005,18855.0,430.7,
total,Hi00,総数,female,a60_64,60-64歳,60,64,False,False,2010,19941.0,389.6,
total,Hi00,総数,female,a60_64,60-64歳,60,64,False,False,2013,19307.0,394.4,4926.0
total,Hi00,総数,female,a60_64,60-64歳,60,64,False,False,2014,17741.0,390.6,4574.0
total,Hi00,総数,female,a60_64,60-64歳,60,64,False,False,2015,16078.0,373.2,
total,Hi00,総数,female,a60_64,60-64歳,60,64,False,False,2016,14763.0,359.6,4140.0
total,Hi00,総数,female,a60_64,60-64歳,60,64,False,False,2017,13802.0,352.1,3957.0
total,Hi00,総数,female,a60_64,60-64歳,60,64,False,False,2018,13345.0,350.6,3847.0
total,Hi00,総数,female,a60_64,60-64歳,60,64,False,False,2019,12934.0,343.2,3811.0
total,Hi00,総数,female,a60_64,60-64歳,60,64,False,False,2020,12468.0,335.7,
total,Hi00,総数,female,a60_64,60-64歳,60,64,False,False,2021,12372.0,335.9,
total,Hi00,総数,female,a60_64,60-64歳,60,64,False,False,2022,13104.0,353.8,
total,Hi00,総数,female,a60_64,60-64歳,60,64,False,False,2023,13004.0,348.9,
total,Hi00,総数,female,a60_64,60-64歳,60,64,False,False,2024,12999.0,346.5,
total,Hi00,総数,female,a65_69,65-69歳,65,69,False,False,1950,34783.0,3568.2,
total,Hi00,総数,female,a65_69,65-69歳,65,69,False,False,1955,30044.0,2866.9,
total,Hi00,総数,female,a65_69,65-69歳,65,69,False,False,1960,30218.0,2666.1,
total,Hi00,総数,female,a65_69,65-69歳,65,69,False,False,1965,31968.0,2379.6,
total,Hi00,総数,female,a65_69,65-69歳,65,69,False,False,1970,33104.0,2094.6,
total,Hi00,総数,female,a65_69,65-69歳,65,69,False,False,1975,30512.0,1630.1,
total,Hi00,総数,female,a65_69,65-69歳,65,69,False,False,1980,29753.0,1344.4,
total,Hi00,総数,female,a65_69,65-69歳,65,69,False,False,1985,26490.0,1106.4,
total,Hi00,総数,female,a65_69,65-69歳,65,69,False,False,1990,27267.0,939.7,
total,Hi00,総数,female,a65_69,65-69歳,65,69,False,False,1995,29261.0,864.2,
total,Hi00,総数,female,a65_69,65-69歳,65,69,False,False,2000,28096.0,751.5,3753.0
total,Hi00,総数,female,a65_69,65-69歳,65,69,False,False,2005,25568.0,659.0,
total,Hi00,総数,female,a65_69,65-69歳,65,69,False,False,2010,25619.0,596.3,
total,Hi00,総数,female,a65_69,65-69歳,65,69,False,False,2013,25414.0,565.8,4516.0
total,Hi00,総数,female,a65_69,65-69歳,65,69,False,False,2014,26125.0,554.0,4741.0
total,Hi00,総数,female,a65_69,65-69歳,65,69,False,False,2015,26864.0,536.1,
total,Hi00,総数,female,a65_69,65-69歳,65,69,False,False,2016,28433.0,538.9,5300.0
total,Hi00,総数,female,a65_69,65-69歳,65,69,False,False,2017,28190.0,553.3,5116.0
total,Hi00,総数,female,a65_69,65-69歳,65,69,False,False,2018,26437.0,549.9,4827.0
total,Hi00,総数,female,a65_69,65-69歳,65,69,False,False,2019,24250.0,543.5,4482.0
total,Hi00,総数,female,a65_69,65-69歳,65,69,False,False,2020,22001.0,523.8,
total,Hi00,総数,female,a65_69,65-69歳,65,69,False,False,2021,21169.0,528.4,
total,Hi00,総数,female,a65_69,65-69歳,65,69,False,False,2022,20868.0,544.9,
total,Hi00,総数,female,a65_69,65-69歳,65,69,False,False,2023,19851.0,533.4,
total,Hi00,総数,female,a65_69,65-69歳,65,69,False,False,2024,19757.0,536.3,
total,Hi00,総数,female,a70_74,70-74歳,70,74,False,False,1950,41670.0,5621.1,
total,Hi00,総数,female,a70_74,70-74歳,70,74,False,False,1955,38691.0,4843.1,
total,Hi00,総数,female,a70_74,70-74歳,70,74,False,False,1960,40877.0,4697.2,
total,Hi00,総数,female,a70_74,70-74歳,70,74,False,False,1965,40016.0,4187.7,
total,Hi00,総数,female,a70_74,70-74歳,70,74,False,False,1970,43854.0,3750.1,
total,Hi00,総数,female,a70_74,70-74歳,70,74,False,False,1975,43244.0,3036.7,
total,Hi00,総数,female,a70_74,70-74歳,70,74,False,False,1980,42170.0,2480.6,
total,Hi00,総数,female,a70_74,70-74歳,70,74,False,False,1985,40891.0,1998.4,
total,Hi00,総数,female,a70_74,70-74歳,70,74,False,False,1990,38076.0,1689.8,
total,Hi00,総数,female,a70_74,70-74歳,70,74,False,False,1995,41516.0,1513.4,
total,Hi00,総数,female,a70_74,70-74歳,70,74,False,False,2000,40115.0,1244.5,3234.0
total,Hi00,総数,female,a70_74,70-74歳,70,74,False,False,2005,40627.0,1130.4,
total,Hi00,総数,female,a70_74,70-74歳,70,74,False,False,2010,36778.0,980.2,
total,Hi00,総数,female,a70_74,70-74歳,70,74,False,False,2013,36606.0,905.9,4060.0
total,Hi00,総数,female,a70_74,70-74歳,70,74,False,False,2014,37566.0,890.2,4239.0
total,Hi00,総数,female,a70_74,70-74歳,70,74,False,False,2015,37413.0,903.1,
total,Hi00,総数,female,a70_74,70-74歳,70,74,False,False,2016,35301.0,896.7,3953.0
total,Hi00,総数,female,a70_74,70-74歳,70,74,False,False,2017,34873.0,850.5,4115.0
total,Hi00,総数,female,a70_74,70-74歳,70,74,False,False,2018,36723.0,845.3,4356.0
total,Hi00,総数,female,a70_74,70-74歳,70,74,False,False,2019,37386.0,818.3,4576.0
total,Hi00,総数,female,a70_74,70-74歳,70,74,False,False,2020,39211.0,812.5,
total,Hi00,総数,female,a70_74,70-74歳,70,74,False,False,2021,42763.0,841.9,
total,Hi00,総数,female,a70_74,70-74歳,70,74,False,False,2022,44324.0,904.0,
total,Hi00,総数,female,a70_74,70-74歳,70,74,False,False,2023,42193.0,911.9,
total,Hi00,総数,female,a70_74,70-74歳,70,74,False,False,2024,39471.0,918.9,
total,Hi00,総数,female,a75_79,75-79歳,75,79,False,False,1950,36421.0,8713.9,
total,Hi00,総数,female,a75_79,75-79歳,75,79,False,False,1955,41438.0,7765.1,
total,Hi00,総数,female,a75_79,75-79歳,75,79,False,False,1960,47574.0,8231.2,
total,Hi00,総数,female,a75_79,75-79歳,75,79,False,False,1965,49023.0,7611.8,
total,Hi00,総数,female,a75_79,75-79歳,75,79,False,False,1970,49431.0,6724.1,
total,Hi00,総数,female,a75_79,75-79歳,75,79,False,False,1975,53135.0,5590.0,
total,Hi00,総数,female,a75_79,75-79歳,75,79,False,False,1980,56151.0,4738.6,
total,Hi00,総数,female,a75_79,75-79歳,75,79,False,False,1985,55657.0,3871.3,
total,Hi00,総数,female,a75_79,75-79歳,75,79,False,False,1990,58203.0,3201.6,
total,Hi00,総数,female,a75_79,75-79歳,75,79,False,False,1995,56924.0,2814.8,
total,Hi00,総数,female,a75_79,75-79歳,75,79,False,False,2000,57053.0,2265.4,2528.0
total,Hi00,総数,female,a75_79,75-79歳,75,79,False,False,2005,60024.0,1998.0,
total,Hi00,総数,female,a75_79,75-79歳,75,79,False,False,2010,60415.0,1787.9,
total,Hi00,総数,female,a75_79,75-79歳,75,79,False,False,2013,59498.0,1692.7,3529.0
total,Hi00,総数,female,a75_79,75-79歳,75,79,False,False,2014,57722.0,1655.3,3501.0
total,Hi00,総数,female,a75_79,75-79歳,75,79,False,False,2015,56504.0,1604.0,
total,Hi00,総数,female,a75_79,75-79歳,75,79,False,False,2016,55920.0,1551.0,3620.0
total,Hi00,総数,female,a75_79,75-79歳,75,79,False,False,2017,56220.0,1513.6,3728.0
total,Hi00,総数,female,a75_79,75-79歳,75,79,False,False,2018,57120.0,1497.2,3827.0
total,Hi00,総数,female,a75_79,75-79歳,75,79,False,False,2019,58635.0,1470.9,3997.0
total,Hi00,総数,female,a75_79,75-79歳,75,79,False,False,2020,57758.0,1481.2,
total,Hi00,総数,female,a75_79,75-79歳,75,79,False,False,2021,56623.0,1529.3,
total,Hi00,総数,female,a75_79,75-79歳,75,79,False,False,2022,60237.0,1561.2,
total,Hi00,総数,female,a75_79,75-79歳,75,79,False,False,2023,62898.0,1538.8,
total,Hi00,総数,female,a75_79,75-79歳,75,79,False,False,2024,65106.0,1514.9,
total,Hi00,総数,female,a80_84,80-84歳,80,84,False,False,1950,25742.0,14285.7,
total,Hi00,総数,female,a80_84,80-84歳,80,84,False,False,1955,29308.0,11982.3,
total,Hi00,総数,female,a80_84,80-84歳,80,84,False,False,1960,41413.0,13198.1,
total,Hi00,総数,female,a80_84,80-84歳,80,84,False,False,1965,46037.0,13493.9,
total,Hi00,総数,female,a80_84,80-84歳,80,84,False,False,1970,47057.0,11546.0,
total,Hi00,総数,female,a80_84,80-84歳,80,84,False,False,1975,51149.0,10227.3,
total,Hi00,総数,female,a80_84,80-84歳,80,84,False,False,1980,59182.0,8774.7,
total,Hi00,総数,female,a80_84,80-84歳,80,84,False,False,1985,64448.0,7165.7,
total,Hi00,総数,female,a80_84,80-84歳,80,84,False,False,1990,71633.0,6211.4,
total,Hi00,総数,female,a80_84,80-84歳,80,84,False,False,1995,79939.0,5429.7,
total,Hi00,総数,female,a80_84,80-84歳,80,84,False,False,2000,73527.0,4334.5,1701.0
total,Hi00,総数,female,a80_84,80-84歳,80,84,False,False,2005,84683.0,3870.6,
total,Hi00,総数,female,a80_84,80-84歳,80,84,False,False,2010,91456.0,3434.2,
total,Hi00,総数,female,a80_84,80-84歳,80,84,False,False,2013,96884.0,3381.6,2874.0
total,Hi00,総数,female,a80_84,80-84歳,80,84,False,False,2014,95428.0,3272.6,2925.0
total,Hi00,総数,female,a80_84,80-84歳,80,84,False,False,2015,95701.0,3187.7,
total,Hi00,総数,female,a80_84,80-84歳,80,84,False,False,2016,95808.0,3115.1,3086.0
total,Hi00,総数,female,a80_84,80-84歳,80,84,False,False,2017,96280.0,3079.2,3138.0
total,Hi00,総数,female,a80_84,80-84歳,80,84,False,False,2018,95529.0,3039.3,3155.0
total,Hi00,総数,female,a80_84,80-84歳,80,84,False,False,2019,93825.0,3008.0,3131.0
total,Hi00,総数,female,a80_84,80-84歳,80,84,False,False,2020,90651.0,2869.9,
total,Hi00,総数,female,a80_84,80-84歳,80,84,False,False,2021,93092.0,2874.5,
total,Hi00,総数,female,a80_84,80-84歳,80,84,False,False,2022,102759.0,3080.6,
total,Hi00,総数,female,a80_84,80-84歳,80,84,False,False,2023,102297.0,2989.4,
total,Hi00,総数,female,a80_84,80-84歳,80,84,False,False,2024,108483.0,3040.0,
total,Hi00,総数,female,a85_89,85-89歳,85,89,False,False,1950,11858.0,21739.4,
total,Hi00,総数,female,a85_89,85-89歳,85,89,False,False,1955,14683.0,18945.1,
total,Hi00,総数,female,a85_89,85-89歳,85,89,False,False,1960,21208.0,19706.4,
total,Hi00,総数,female,a85_89,85-89歳,85,89,False,False,1965,28019.0,20153.1,
total,Hi00,総数,female,a85_89,85-89歳,85,89,False,False,1970,30406.0,19258.1,
total,Hi00,総数,female,a85_89,85-89歳,85,89,False,False,1975,34948.0,16820.0,
total,Hi00,総数,female,a85_89,85-89歳,85,89,False,False,1980,40930.0,15114.3,
total,Hi00,総数,female,a85_89,85-89歳,85,89,False,False,1985,51602.0,13067.1,
total,Hi00,総数,female,a85_89,85-89歳,85,89,False,False,1990,65497.0,11759.2,
total,Hi00,総数,female,a85_89,85-89歳,85,89,False,False,1995,77868.0,10072.4,
total,Hi00,総数,female,a85_89,85-89歳,85,89,False,False,2000,86250.0,8184.7,1056.0
total,Hi00,総数,female,a85_89,85-89歳,85,89,False,False,2005,95275.0,7364.1,
total,Hi00,総数,female,a85_89,85-89歳,85,89,False,False,2010,117382.0,6909.3,
total,Hi00,総数,female,a85_89,85-89歳,85,89,False,False,2013,131479.0,6742.5,1956.0
total,Hi00,総数,female,a85_89,85-89歳,85,89,False,False,2014,132772.0,6546.9,2033.0
total,Hi00,総数,female,a85_89,85-89歳,85,89,False,False,2015,135454.0,6501.1,
total,Hi00,総数,female,a85_89,85-89歳,85,89,False,False,2016,136057.0,6329.0,2155.0
total,Hi00,総数,female,a85_89,85-89歳,85,89,False,False,2017,140310.0,6328.2,2228.0
total,Hi00,総数,female,a85_89,85-89歳,85,89,False,False,2018,143303.0,6276.6,2296.0
total,Hi00,総数,female,a85_89,85-89歳,85,89,False,False,2019,143615.0,6158.1,2346.0
total,Hi00,総数,female,a85_89,85-89歳,85,89,False,False,2020,140648.0,5835.3,
total,Hi00,総数,female,a85_89,85-89歳,85,89,False,False,2021,147937.0,5973.6,
total,Hi00,総数,female,a85_89,85-89歳,85,89,False,False,2022,161043.0,6398.0,
total,Hi00,総数,female,a85_89,85-89歳,85,89,False,False,2023,161204.0,6391.8,
total,Hi00,総数,female,a85_89,85-89歳,85,89,False,False,2024,159707.0,6406.4,
total,Hi00,総数,female,a90_94,90-94歳,90,94,False,False,1950,3451.0,32928.5,
total,Hi00,総数,female,a90_94,90-94歳,90,94,False,False,1955,4062.0,28149.7,
total,Hi00,総数,female,a90_94,90-94歳,90,94,False,False,1960,6546.0,31788.4,
total,Hi00,総数,female,a90_94,90-94歳,90,94,False,False,1965,8980.0,28134.0,
total,Hi00,総数,female,a90_94,90-94歳,90,94,False,False,1970,11662.0,28546.3,
total,Hi00,総数,female,a90_94,90-94歳,90,94,False,False,1975,13987.0,28499.9,
total,Hi00,総数,female,a90_94,90-94歳,90,94,False,False,1980,18333.0,26316.5,
total,Hi00,総数,female,a90_94,90-94歳,90,94,False,False,1985,23050.0,22490.8,
total,Hi00,総数,female,a90_94,90-94歳,90,94,False,False,1990,34900.0,21606.0,177.0
total,Hi00,総数,female,a90_94,90-94歳,90,94,False,False,1995,47334.0,19574.7,268.0
total,Hi00,総数,female,a90_94,90-94歳,90,94,False,False,2000,60083.0,16310.0,421.0
total,Hi00,総数,female,a90_94,90-94歳,90,94,False,False,2005,84983.0,13480.3,
total,Hi00,総数,female,a90_94,90-94歳,90,94,False,False,2010,102760.0,13117.6,
total,Hi00,総数,female,a90_94,90-94歳,90,94,False,False,2013,122517.0,13173.9,932.0
total,Hi00,総数,female,a90_94,90-94歳,90,94,False,False,2014,127466.0,12875.4,993.0
total,Hi00,総数,female,a90_94,90-94歳,90,94,False,False,2015,132587.0,12949.9,
total,Hi00,総数,female,a90_94,90-94歳,90,94,False,False,2016,138661.0,12628.5,1093.0
total,Hi00,総数,female,a90_94,90-94歳,90,94,False,False,2017,145056.0,12472.6,1146.0
total,Hi00,総数,female,a90_94,90-94歳,90,94,False,False,2018,150857.0,12355.2,1198.0
total,Hi00,総数,female,a90_94,90-94歳,90,94,False,False,2019,157092.0,12301.6,1255.0
total,Hi00,総数,female,a90_94,90-94歳,90,94,False,False,2020,155304.0,11867.8,
total,Hi00,総数,female,a90_94,90-94歳,90,94,False,False,2021,166457.0,12150.1,
total,Hi00,総数,female,a90_94,90-94歳,90,94,False,False,2022,185138.0,12992.1,
total,Hi00,総数,female,a90_94,90-94歳,90,94,False,False,2023,187773.0,12870.0,
total,Hi00,総数,female,a90_94,90-94歳,90,94,False,False,2024,190136.0,12821.0,
total,Hi00,総数,female,a95_99,95-99歳,95,99,False,False,1950,496.0,,
total,Hi00,総数,female,a95_99,95-99歳,95,99,False,False,1955,648.0,,
total,Hi00,総数,female,a95_99,95-99歳,95,99,False,False,1960,984.0,,
total,Hi00,総数,female,a95_99,95-99歳,95,99,False,False,1965,1359.0,,
total,Hi00,総数,female,a95_99,95-99歳,95,99,False,False,1970,1961.0,,
total,Hi00,総数,female,a95_99,95-99歳,95,99,False,False,1975,2806.0,,
total,Hi00,総数,female,a95_99,95-99歳,95,99,False,False,1980,3889.0,,
total,Hi00,総数,female,a95_99,95-99歳,95,99,False,False,1985,5645.0,,
total,Hi00,総数,female,a95_99,95-99歳,95,99,False,False,1990,8808.0,,29.0
total,Hi00,総数,female,a95_99,95-99歳,95,99,False,False,1995,14176.0,,53.0
total,Hi00,総数,female,a95_99,95-99歳,95,99,False,False,2000,21588.0,,94.0
total,Hi00,総数,female,a95_99,95-99歳,95,99,False,False,2005,37678.0,22176.4,
total,Hi00,総数,female,a95_99,95-99歳,95,99,False,False,2010,57538.0,23811.6,
total,Hi00,総数,female,a95_99,95-99歳,95,99,False,False,2013,66075.0,23598.2,281.0
total,Hi00,総数,female,a95_99,95-99歳,95,99,False,False,2014,65097.0,22524.9,289.0
total,Hi00,総数,female,a95_99,95-99歳,95,99,False,False,2015,70814.0,23819.9,
total,Hi00,総数,female,a95_99,95-99歳,95,99,False,False,2016,74687.0,23635.1,317.0
total,Hi00,総数,female,a95_99,95-99歳,95,99,False,False,2017,81252.0,24326.9,337.0
total,Hi00,総数,female,a95_99,95-99歳,95,99,False,False,2018,85428.0,23598.9,362.0
total,Hi00,総数,female,a95_99,95-99歳,95,99,False,False,2019,90839.0,23173.2,384.0
total,Hi00,総数,female,a95_99,95-99歳,95,99,False,False,2020,91908.0,22638.6,
total,Hi00,総数,female,a95_99,95-99歳,95,99,False,False,2021,101742.0,23551.4,
total,Hi00,総数,female,a95_99,95-99歳,95,99,False,False,2022,116473.0,25940.5,
total,Hi00,総数,female,a95_99,95-99歳,95,99,False,False,2023,118523.0,24899.8,
total,Hi00,総数,female,a95_99,95-99歳,95,99,False,False,2024,123591.0,24570.8,
total,Hi00,総数,female,a100p,100歳以上,100,,False,False,1950,39.0,,
total,Hi00,総数,female,a100p,100歳以上,100,,False,False,1955,58.0,,
total,Hi00,総数,female,a100p,100歳以上,100,,False,False,1960,76.0,,
total,Hi00,総数,female,a100p,100歳以上,100,,False,False,1965,81.0,,
total,Hi00,総数,female,a100p,100歳以上,100,,False,False,1970,164.0,,
total,Hi00,総数,female,a100p,100歳以上,100,,False,False,1975,281.0,,
total,Hi00,総数,female,a100p,100歳以上,100,,False,False,1980,397.0,,
total,Hi00,総数,female,a100p,100歳以上,100,,False,False,1985,633.0,,
total,Hi00,総数,female,a100p,100歳以上,100,,False,False,1990,1202.0,,3.0
total,Hi00,総数,female,a100p,100歳以上,100,,False,False,1995,2141.0,,5.0
total,Hi00,総数,female,a100p,100歳以上,100,,False,False,2000,3814.0,,10.0
total,Hi00,総数,female,a100p,100歳以上,100,,False,False,2005,7842.0,36310.6,
total,Hi00,総数,female,a100p,100歳以上,100,,False,False,2010,14653.0,38518.0,
total,Hi00,総数,female,a100p,100歳以上,100,,False,False,2013,18730.0,39020.8,48.0
total,Hi00,総数,female,a100p,100歳以上,100,,False,False,2014,20022.0,39258.8,52.0
total,Hi00,総数,female,a100p,100歳以上,100,,False,False,2015,21082.0,39489.8,
total,Hi00,総数,female,a100p,100歳以上,100,,False,False,2016,22415.0,39324.6,57.0
total,Hi00,総数,female,a100p,100歳以上,100,,False,False,2017,23720.0,40203.4,59.0
total,Hi00,総数,female,a100p,100歳以上,100,,False,False,2018,24298.0,40496.7,61.0
total,Hi00,総数,female,a100p,100歳以上,100,,False,False,2019,25016.0,41693.3,62.0
total,Hi00,総数,female,a100p,100歳以上,100,,False,False,2020,25931.0,36851.6,
total,Hi00,総数,female,a100p,100歳以上,100,,False,False,2021,29475.0,39300.0,
total,Hi00,総数,female,a100p,100歳以上,100,,False,False,2022,34575.0,44902.6,
total,Hi00,総数,female,a100p,100歳以上,100,,False,False,2023,34618.0,44958.4,
total,Hi00,総数,female,a100p,100歳以上,100,,False,False,2024,35431.0,46014.3,
total,Hi00,総数,female,total,総数,,,False,True,1950,437803.0,1032.8,
total,Hi00,総数,female,total,総数,,,False,True,1955,328277.0,722.8,
total,Hi00,総数,female,total,総数,,,False,True,1960,329073.0,692.2,
total,Hi00,総数,female,total,総数,,,False,True,1965,321722.0,643.1,
total,Hi00,総数,female,total,総数,,,False,True,1970,325082.0,619.0,
total,Hi00,総数,female,total,総数,,,False,True,1975,324448.0,574.0,
total,Hi00,総数,female,total,総数,,,False,True,1980,332157.0,561.8,
total,Hi00,総数,female,total,総数,,,False,True,1985,344514.0,562.7,
total,Hi00,総数,female,total,総数,,,False,True,1990,376587.0,602.8,
total,Hi00,総数,female,total,総数,,,False,True,1995,420863.0,664.0,
total,Hi00,総数,female,total,総数,,,False,True,2000,435750.0,679.5,64815.0
total,Hi00,総数,female,total,総数,,,False,True,2005,498826.0,772.3,
total,Hi00,総数,female,total,総数,,,False,True,2010,563313.0,869.2,
total,Hi00,総数,female,total,総数,,,False,True,2013,609753.0,945.1,65388.0
total,Hi00,総数,female,total,総数,,,False,True,2014,612685.0,951.5,65282.0
total,Hi00,総数,female,total,総数,,,False,True,2015,623782.0,970.2,
total,Hi00,総数,female,total,総数,,,False,True,2016,633212.0,987.0,65226.0
total,Hi00,総数,female,total,総数,,,False,True,2017,649797.0,1015.7,65165.0
total,Hi00,総数,female,total,総数,,,False,True,2018,663332.0,1040.3,65076.0
total,Hi00,総数,female,total,総数,,,False,True,2019,673672.0,1060.5,64967.0
total,Hi00,総数,female,total,総数,,,False,True,2020,665921.0,1050.4,
total,Hi00,総数,female,total,総数,,,False,True,2021,701715.0,1112.2,
total,Hi00,総数,female,total,総数,,,False,True,2022,769630.0,1227.2,
total,Hi00,総数,female,total,総数,,,False,True,2023,773480.0,1241.7,
total,Hi00,総数,female,total,総数,,,False,True,2024,785669.0,1270.4,
total,Hi00,総数,male,a00_04,0-4歳,0,4,False,False,1950,118289.0,2068.5,
total,Hi00,総数,male,a00_04,0-4歳,0,4,False,False,1955,53699.0,1136.2,
total,Hi00,総数,male,a00_04,0-4歳,0,4,False,False,1960,36227.0,902.8,
total,Hi00,総数,male,a00_04,0-4歳,0,4,False,False,1965,24383.0,587.6,
total,Hi00,総数,male,a00_04,0-4歳,0,4,False,False,1970,19085.0,425.8,
total,Hi00,総数,male,a00_04,0-4歳,0,4,False,False,1975,14904.0,292.6,
total,Hi00,総数,male,a00_04,0-4歳,0,4,False,False,1980,9352.0,215.6,4366.0
total,Hi00,総数,male,a00_04,0-4歳,0,4,False,False,1985,6042.0,158.8,3819.0
total,Hi00,総数,male,a00_04,0-4歳,0,4,False,False,1990,4532.0,136.6,3326.0
total,Hi00,総数,male,a00_04,0-4歳,0,4,False,False,1995,3929.0,129.0,3070.0
total,Hi00,総数,male,a00_04,0-4歳,0,4,False,False,2000,2933.0,97.7,
total,Hi00,総数,male,a00_04,0-4歳,0,4,False,False,2005,2291.0,80.6,2867.0
total,Hi00,総数,male,a00_04,0-4歳,0,4,False,False,2010,1873.0,69.6,2717.0
total,Hi00,総数,male,a00_04,0-4歳,0,4,False,False,2013,1618.0,60.9,2684.0
total,Hi00,総数,male,a00_04,0-4歳,0,4,False,False,2014,1542.0,58.3,2673.0
total,Hi00,総数,male,a00_04,0-4歳,0,4,False,False,2015,1473.0,58.3,2561.0
total,Hi00,総数,male,a00_04,0-4歳,0,4,False,False,2016,1352.0,54.0,2547.0
total,Hi00,総数,male,a00_04,0-4歳,0,4,False,False,2017,1297.0,52.4,2522.0
total,Hi00,総数,male,a00_04,0-4歳,0,4,False,False,2018,1266.0,51.9,2482.0
total,Hi00,総数,male,a00_04,0-4歳,0,4,False,False,2019,1229.0,51.3,2421.0
total,Hi00,総数,male,a00_04,0-4歳,0,4,False,False,2020,1075.0,47.1,2325.0
total,Hi00,総数,male,a00_04,0-4歳,0,4,False,False,2021,1018.0,46.2,2246.0
total,Hi00,総数,male,a00_04,0-4歳,0,4,False,False,2022,995.0,46.7,2174.0
total,Hi00,総数,male,a00_04,0-4歳,0,4,False,False,2023,994.0,48.5,2093.0
total,Hi00,総数,male,a00_04,0-4歳,0,4,False,False,2024,904.0,46.0,2015.0
total,Hi00,総数,male,a05_09,5-9歳,5,9,False,False,1950,10587.0,219.4,
total,Hi00,総数,male,a05_09,5-9歳,5,9,False,False,1955,8172.0,145.0,
total,Hi00,総数,male,a05_09,5-9歳,5,9,False,False,1960,4787.0,101.8,
total,Hi00,総数,male,a05_09,5-9歳,5,9,False,False,1965,2825.0,70.7,
total,Hi00,総数,male,a05_09,5-9歳,5,9,False,False,1970,2384.0,57.6,
total,Hi00,総数,male,a05_09,5-9歳,5,9,False,False,1975,2035.0,44.7,
total,Hi00,総数,male,a05_09,5-9歳,5,9,False,False,1980,1748.0,34.2,5142.0
total,Hi00,総数,male,a05_09,5-9歳,5,9,False,False,1985,1155.0,26.6,4373.0
total,Hi00,総数,male,a05_09,5-9歳,5,9,False,False,1990,844.0,22.2,3822.0
total,Hi00,総数,male,a05_09,5-9歳,5,9,False,False,1995,752.0,22.6,3350.0
total,Hi00,総数,male,a05_09,5-9歳,5,9,False,False,2000,438.0,14.3,3091.0
total,Hi00,総数,male,a05_09,5-9歳,5,9,False,False,2005,409.0,13.5,3050.0
total,Hi00,総数,male,a05_09,5-9歳,5,9,False,False,2010,261.0,9.2,2866.0
total,Hi00,総数,male,a05_09,5-9歳,5,9,False,False,2013,269.0,9.9,2743.0
total,Hi00,総数,male,a05_09,5-9歳,5,9,False,False,2014,276.0,10.3,2716.0
total,Hi00,総数,male,a05_09,5-9歳,5,9,False,False,2015,253.0,9.4,2725.0
total,Hi00,総数,male,a05_09,5-9歳,5,9,False,False,2016,229.0,8.5,2722.0
total,Hi00,総数,male,a05_09,5-9歳,5,9,False,False,2017,209.0,7.9,2699.0
total,Hi00,総数,male,a05_09,5-9歳,5,9,False,False,2018,206.0,7.9,2670.0
total,Hi00,総数,male,a05_09,5-9歳,5,9,False,False,2019,209.0,8.1,2640.0
total,Hi00,総数,male,a05_09,5-9歳,5,9,False,False,2020,151.0,5.9,2620.0
total,Hi00,総数,male,a05_09,5-9歳,5,9,False,False,2021,194.0,7.6,2581.0
total,Hi00,総数,male,a05_09,5-9歳,5,9,False,False,2022,167.0,6.7,2535.0
total,Hi00,総数,male,a05_09,5-9歳,5,9,False,False,2023,188.0,7.7,2478.0
total,Hi00,総数,male,a05_09,5-9歳,5,9,False,False,2024,191.0,8.1,2412.0
total,Hi00,総数,male,a10_14,10-14歳,10,14,False,False,1950,5048.0,114.7,
total,Hi00,総数,male,a10_14,10-14歳,10,14,False,False,1955,3610.0,75.0,
total,Hi00,総数,male,a10_14,10-14歳,10,14,False,False,1960,3263.0,58.1,
total,Hi00,総数,male,a10_14,10-14歳,10,14,False,False,1965,2260.0,48.4,
total,Hi00,総数,male,a10_14,10-14歳,10,14,False,False,1970,1652.0,41.5,
total,Hi00,総数,male,a10_14,10-14歳,10,14,False,False,1975,1262.0,30.0,
total,Hi00,総数,male,a10_14,10-14歳,10,14,False,False,1980,1030.0,22.6,4595.0
total,Hi00,総数,male,a10_14,10-14歳,10,14,False,False,1985,1011.0,19.9,5147.0
total,Hi00,総数,male,a10_14,10-14歳,10,14,False,False,1990,760.0,17.4,4370.0
total,Hi00,総数,male,a10_14,10-14歳,10,14,False,False,1995,716.0,18.8,3827.0
total,Hi00,総数,male,a10_14,10-14歳,10,14,False,False,2000,493.0,14.8,3361.0
total,Hi00,総数,male,a10_14,10-14歳,10,14,False,False,2005,361.0,11.8,3094.0
total,Hi00,総数,male,a10_14,10-14歳,10,14,False,False,2010,350.0,11.6,3039.0
total,Hi00,総数,male,a10_14,10-14歳,10,14,False,False,2013,284.0,9.6,2967.0
total,Hi00,総数,male,a10_14,10-14歳,10,14,False,False,2014,318.0,11.0,2927.0
total,Hi00,総数,male,a10_14,10-14歳,10,14,False,False,2015,267.0,9.4,2879.0
total,Hi00,総数,male,a10_14,10-14歳,10,14,False,False,2016,254.0,9.1,2829.0
total,Hi00,総数,male,a10_14,10-14歳,10,14,False,False,2017,276.0,10.0,2792.0
total,Hi00,総数,male,a10_14,10-14歳,10,14,False,False,2018,266.0,9.7,2776.0
total,Hi00,総数,male,a10_14,10-14歳,10,14,False,False,2019,236.0,8.7,2757.0
total,Hi00,総数,male,a10_14,10-14歳,10,14,False,False,2020,246.0,9.0,2756.0
total,Hi00,総数,male,a10_14,10-14歳,10,14,False,False,2021,244.0,9.0,2746.0
total,Hi00,総数,male,a10_14,10-14歳,10,14,False,False,2022,233.0,8.7,2720.0
total,Hi00,総数,male,a10_14,10-14歳,10,14,False,False,2023,259.0,9.8,2689.0
total,Hi00,総数,male,a10_14,10-14歳,10,14,False,False,2024,275.0,10.5,2657.0
total,Hi00,総数,male,a15_19,15-19歳,15,19,False,False,1950,10655.0,246.8,
total,Hi00,総数,male,a15_19,15-19歳,15,19,False,False,1955,6399.0,147.4,
total,Hi00,総数,male,a15_19,15-19歳,15,19,False,False,1960,6168.0,131.9,
total,Hi00,総数,male,a15_19,15-19歳,15,19,False,False,1965,5026.0,91.7,
total,Hi00,総数,male,a15_19,15-19歳,15,19,False,False,1970,4963.0,109.4,
total,Hi00,総数,male,a15_19,15-19歳,15,19,False,False,1975,3470.0,86.5,
total,Hi00,総数,male,a15_19,15-19歳,15,19,False,False,1980,2967.0,70.7,4224.0
total,Hi00,総数,male,a15_19,15-19歳,15,19,False,False,1985,3179.0,69.8,4600.0
total,Hi00,総数,male,a15_19,15-19歳,15,19,False,False,1990,3204.0,62.7,5122.0
total,Hi00,総数,male,a15_19,15-19歳,15,19,False,False,1995,2413.0,55.4,4386.0
total,Hi00,総数,male,a15_19,15-19歳,15,19,False,False,2000,1721.0,45.2,3843.0
total,Hi00,総数,male,a15_19,15-19歳,15,19,False,False,2005,1220.0,36.4,3389.0
total,Hi00,総数,male,a15_19,15-19歳,15,19,False,False,2010,941.0,30.4,3127.0
total,Hi00,総数,male,a15_19,15-19歳,15,19,False,False,2013,876.0,28.6,3098.0
total,Hi00,総数,male,a15_19,15-19歳,15,19,False,False,2014,840.0,27.7,3075.0
total,Hi00,総数,male,a15_19,15-19歳,15,19,False,False,2015,836.0,27.2,3112.0
total,Hi00,総数,male,a15_19,15-19歳,15,19,False,False,2016,816.0,26.7,3093.0
total,Hi00,総数,male,a15_19,15-19歳,15,19,False,False,2017,810.0,26.7,3067.0
total,Hi00,総数,male,a15_19,15-19歳,15,19,False,False,2018,747.0,25.1,3025.0
total,Hi00,総数,male,a15_19,15-19歳,15,19,False,False,2019,771.0,26.3,2995.0
total,Hi00,総数,male,a15_19,15-19歳,15,19,False,False,2020,816.0,28.3,2928.0
total,Hi00,総数,male,a15_19,15-19歳,15,19,False,False,2021,756.0,26.7,2864.0
total,Hi00,総数,male,a15_19,15-19歳,15,19,False,False,2022,777.0,27.9,2830.0
total,Hi00,総数,male,a15_19,15-19歳,15,19,False,False,2023,759.0,27.5,2818.0
total,Hi00,総数,male,a15_19,15-19歳,15,19,False,False,2024,714.0,26.1,2799.0
total,Hi00,総数,male,a20_24,20-24歳,20,24,False,False,1950,18652.0,486.3,
total,Hi00,総数,male,a20_24,20-24歳,20,24,False,False,1955,11335.0,270.1,
total,Hi00,総数,male,a20_24,20-24歳,20,24,False,False,1960,8828.0,214.0,
total,Hi00,総数,male,a20_24,20-24歳,20,24,False,False,1965,6708.0,149.2,
total,Hi00,総数,male,a20_24,20-24歳,20,24,False,False,1970,6813.0,129.0,
total,Hi00,総数,male,a20_24,20-24歳,20,24,False,False,1975,4850.0,107.0,
total,Hi00,総数,male,a20_24,20-24歳,20,24,False,False,1980,3420.0,87.0,3960.0
total,Hi00,総数,male,a20_24,20-24歳,20,24,False,False,1985,3397.0,81.4,4166.0
total,Hi00,総数,male,a20_24,20-24歳,20,24,False,False,1990,3466.0,78.1,4468.0
total,Hi00,総数,male,a20_24,20-24歳,20,24,False,False,1995,3640.0,73.1,5041.0
total,Hi00,総数,male,a20_24,20-24歳,20,24,False,False,2000,2875.0,67.6,4318.0
total,Hi00,総数,male,a20_24,20-24歳,20,24,False,False,2005,2303.0,62.4,3774.0
total,Hi00,総数,male,a20_24,20-24歳,20,24,False,False,2010,1962.0,60.8,3327.0
total,Hi00,総数,male,a20_24,20-24歳,20,24,False,False,2013,1726.0,56.0,3182.0
total,Hi00,総数,male,a20_24,20-24歳,20,24,False,False,2014,1665.0,54.1,3190.0
total,Hi00,総数,male,a20_24,20-24歳,20,24,False,False,2015,1515.0,50.3,3122.0
total,Hi00,総数,male,a20_24,20-24歳,20,24,False,False,2016,1471.0,48.6,3165.0
total,Hi00,総数,male,a20_24,20-24歳,20,24,False,False,2017,1469.0,48.3,3203.0
total,Hi00,総数,male,a20_24,20-24歳,20,24,False,False,2018,1406.0,45.9,3246.0
total,Hi00,総数,male,a20_24,20-24歳,20,24,False,False,2019,1430.0,46.7,3259.0
total,Hi00,総数,male,a20_24,20-24歳,20,24,False,False,2020,1485.0,49.2,3234.0
total,Hi00,総数,male,a20_24,20-24歳,20,24,False,False,2021,1440.0,47.9,3205.0
total,Hi00,総数,male,a20_24,20-24歳,20,24,False,False,2022,1401.0,46.9,3216.0
total,Hi00,総数,male,a20_24,20-24歳,20,24,False,False,2023,1363.0,46.2,3212.0
total,Hi00,総数,male,a20_24,20-24歳,20,24,False,False,2024,1376.0,47.1,3231.0
total,Hi00,総数,male,a25_29,25-29歳,25,29,False,False,1950,15891.0,563.1,
total,Hi00,総数,male,a25_29,25-29歳,25,29,False,False,1955,10740.0,284.5,
total,Hi00,総数,male,a25_29,25-29歳,25,29,False,False,1960,9356.0,228.5,
total,Hi00,総数,male,a25_29,25-29歳,25,29,False,False,1965,6744.0,162.2,
total,Hi00,総数,male,a25_29,25-29歳,25,29,False,False,1970,6503.0,144.8,
total,Hi00,総数,male,a25_29,25-29歳,25,29,False,False,1975,5580.0,103.5,
total,Hi00,総数,male,a25_29,25-29歳,25,29,False,False,1980,4095.0,90.7,4545.0
total,Hi00,総数,male,a25_29,25-29歳,25,29,False,False,1985,3167.0,80.7,3948.0
total,Hi00,総数,male,a25_29,25-29歳,25,29,False,False,1990,2916.0,72.3,4078.0
total,Hi00,総数,male,a25_29,25-29歳,25,29,False,False,1995,3203.0,73.3,4452.0
total,Hi00,総数,male,a25_29,25-29歳,25,29,False,False,2000,3271.0,66.8,4978.0
total,Hi00,総数,male,a25_29,25-29歳,25,29,False,False,2005,2887.0,70.1,4220.0
total,Hi00,総数,male,a25_29,25-29歳,25,29,False,False,2010,2412.0,66.2,3755.0
total,Hi00,総数,male,a25_29,25-29歳,25,29,False,False,2013,2010.0,59.0,3505.0
total,Hi00,総数,male,a25_29,25-29歳,25,29,False,False,2014,1961.0,59.4,3414.0
total,Hi00,総数,male,a25_29,25-29歳,25,29,False,False,2015,1786.0,55.6,3333.0
total,Hi00,総数,male,a25_29,25-29歳,25,29,False,False,2016,1714.0,54.8,3282.0
total,Hi00,総数,male,a25_29,25-29歳,25,29,False,False,2017,1548.0,50.5,3250.0
total,Hi00,総数,male,a25_29,25-29歳,25,29,False,False,2018,1518.0,50.4,3233.0
total,Hi00,総数,male,a25_29,25-29歳,25,29,False,False,2019,1372.0,45.7,3260.0
total,Hi00,総数,male,a25_29,25-29歳,25,29,False,False,2020,1491.0,49.1,3279.0
total,Hi00,総数,male,a25_29,25-29歳,25,29,False,False,2021,1527.0,50.3,3276.0
total,Hi00,総数,male,a25_29,25-29歳,25,29,False,False,2022,1451.0,47.9,3295.0
total,Hi00,総数,male,a25_29,25-29歳,25,29,False,False,2023,1560.0,51.5,3333.0
total,Hi00,総数,male,a25_29,25-29歳,25,29,False,False,2024,1422.0,47.2,3356.0
total,Hi00,総数,male,a30_34,30-34歳,30,34,False,False,1950,12541.0,531.3,
total,Hi00,総数,male,a30_34,30-34歳,30,34,False,False,1955,8202.0,293.2,
total,Hi00,総数,male,a30_34,30-34歳,30,34,False,False,1960,8820.0,235.4,
total,Hi00,総数,male,a30_34,30-34歳,30,34,False,False,1965,8287.0,199.8,
total,Hi00,総数,male,a30_34,30-34歳,30,34,False,False,1970,7170.0,172.4,
total,Hi00,総数,male,a30_34,30-34歳,30,34,False,False,1975,6083.0,132.3,
total,Hi00,総数,male,a30_34,30-34歳,30,34,False,False,1980,5546.0,102.9,5422.0
total,Hi00,総数,male,a30_34,30-34歳,30,34,False,False,1985,4237.0,93.3,4558.0
total,Hi00,総数,male,a30_34,30-34歳,30,34,False,False,1990,3264.0,83.9,3925.0
total,Hi00,総数,male,a30_34,30-34歳,30,34,False,False,1995,3297.0,81.7,4114.0
total,Hi00,総数,male,a30_34,30-34歳,30,34,False,False,2000,3749.0,85.9,4448.0
total,Hi00,総数,male,a30_34,30-34歳,30,34,False,False,2005,3915.0,80.5,4958.0
total,Hi00,総数,male,a30_34,30-34歳,30,34,False,False,2010,3177.0,76.0,4273.0
total,Hi00,総数,male,a30_34,30-34歳,30,34,False,False,2013,2533.0,67.0,3866.0
total,Hi00,総数,male,a30_34,30-34歳,30,34,False,False,2014,2574.0,69.5,3788.0
total,Hi00,総数,male,a30_34,30-34歳,30,34,False,False,2015,2325.0,63.7,3751.0
total,Hi00,総数,male,a30_34,30-34歳,30,34,False,False,2016,2227.0,62.2,3697.0
total,Hi00,総数,male,a30_34,30-34歳,30,34,False,False,2017,2154.0,61.5,3641.0
total,Hi00,総数,male,a30_34,30-34歳,30,34,False,False,2018,2065.0,60.6,3571.0
total,Hi00,総数,male,a30_34,30-34歳,30,34,False,False,2019,1961.0,59.4,3499.0
total,Hi00,総数,male,a30_34,30-34歳,30,34,False,False,2020,1961.0,60.4,3431.0
total,Hi00,総数,male,a30_34,30-34歳,30,34,False,False,2021,1838.0,58.1,3352.0
total,Hi00,総数,male,a30_34,30-34歳,30,34,False,False,2022,1797.0,58.0,3300.0
total,Hi00,総数,male,a30_34,30-34歳,30,34,False,False,2023,1866.0,61.3,3273.0
total,Hi00,総数,male,a30_34,30-34歳,30,34,False,False,2024,1808.0,59.7,3289.0
total,Hi00,総数,male,a35_39,35-39歳,35,39,False,False,1950,14131.0,594.7,
total,Hi00,総数,male,a35_39,35-39歳,35,39,False,False,1955,8017.0,345.6,
total,Hi00,総数,male,a35_39,35-39歳,35,39,False,False,1960,8149.0,294.9,
total,Hi00,総数,male,a35_39,35-39歳,35,39,False,False,1965,9747.0,260.1,
total,Hi00,総数,male,a35_39,35-39歳,35,39,False,False,1970,10349.0,252.2,
total,Hi00,総数,male,a35_39,35-39歳,35,39,False,False,1975,8137.0,194.2,
total,Hi00,総数,male,a35_39,35-39歳,35,39,False,False,1980,7302.0,159.8,4595.0
total,Hi00,総数,male,a35_39,35-39歳,35,39,False,False,1985,7110.0,131.9,5398.0
total,Hi00,総数,male,a35_39,35-39歳,35,39,False,False,1990,5449.0,121.1,4525.0
total,Hi00,総数,male,a35_39,35-39歳,35,39,False,False,1995,4413.0,113.5,3946.0
total,Hi00,総数,male,a35_39,35-39歳,35,39,False,False,2000,4621.0,114.5,4106.0
total,Hi00,総数,male,a35_39,35-39歳,35,39,False,False,2005,4915.0,113.1,4425.0
total,Hi00,総数,male,a35_39,35-39歳,35,39,False,False,2010,4867.0,98.8,5002.0
total,Hi00,総数,male,a35_39,35-39歳,35,39,False,False,2013,4161.0,91.9,4593.0
total,Hi00,総数,male,a35_39,35-39歳,35,39,False,False,2014,3715.0,85.8,4394.0
total,Hi00,総数,male,a35_39,35-39歳,35,39,False,False,2015,3455.0,82.4,4268.0
total,Hi00,総数,male,a35_39,35-39歳,35,39,False,False,2016,3282.0,81.4,4126.0
total,Hi00,総数,male,a35_39,35-39歳,35,39,False,False,2017,3075.0,78.7,4017.0
total,Hi00,総数,male,a35_39,35-39歳,35,39,False,False,2018,2955.0,77.7,3933.0
total,Hi00,総数,male,a35_39,35-39歳,35,39,False,False,2019,2851.0,76.6,3874.0
total,Hi00,総数,male,a35_39,35-39歳,35,39,False,False,2020,2763.0,75.2,3806.0
total,Hi00,総数,male,a35_39,35-39歳,35,39,False,False,2021,2772.0,76.9,3736.0
total,Hi00,総数,male,a35_39,35-39歳,35,39,False,False,2022,2754.0,78.0,3668.0
total,Hi00,総数,male,a35_39,35-39歳,35,39,False,False,2023,2882.0,83.8,3593.0
total,Hi00,総数,male,a35_39,35-39歳,35,39,False,False,2024,2696.0,80.9,3509.0
total,Hi00,総数,male,a40_44,40-44歳,40,44,False,False,1950,15679.0,713.0,
total,Hi00,総数,male,a40_44,40-44歳,40,44,False,False,1955,10847.0,466.6,
total,Hi00,総数,male,a40_44,40-44歳,40,44,False,False,1960,9298.0,408.8,
total,Hi00,総数,male,a40_44,40-44歳,40,44,False,False,1965,9827.0,360.0,
total,Hi00,総数,male,a40_44,40-44歳,40,44,False,False,1970,12836.0,351.9,
total,Hi00,総数,male,a40_44,40-44歳,40,44,False,False,1975,12971.0,315.8,
total,Hi00,総数,male,a40_44,40-44歳,40,44,False,False,1980,10512.0,254.0,
total,Hi00,総数,male,a40_44,40-44歳,40,44,False,False,1985,10234.0,227.7,
total,Hi00,総数,male,a40_44,40-44歳,40,44,False,False,1990,9769.0,183.2,
total,Hi00,総数,male,a40_44,40-44歳,40,44,False,False,1995,8236.0,183.8,
total,Hi00,総数,male,a40_44,40-44歳,40,44,False,False,2000,6840.0,176.2,3933.0
total,Hi00,総数,male,a40_44,40-44歳,40,44,False,False,2005,6806.0,169.3,4085.0
total,Hi00,総数,male,a40_44,40-44歳,40,44,False,False,2010,6629.0,151.3,4446.0
total,Hi00,総数,male,a40_44,40-44歳,40,44,False,False,2013,6515.0,134.9,4889.0
total,Hi00,総数,male,a40_44,40-44歳,40,44,False,False,2014,6449.0,131.7,4956.0
total,Hi00,総数,male,a40_44,40-44歳,40,44,False,False,2015,6214.0,126.2,4988.0
total,Hi00,総数,male,a40_44,40-44歳,40,44,False,False,2016,5836.0,120.2,4930.0
total,Hi00,総数,male,a40_44,40-44歳,40,44,False,False,2017,5504.0,116.7,4801.0
total,Hi00,総数,male,a40_44,40-44歳,40,44,False,False,2018,5243.0,115.5,4634.0
total,Hi00,総数,male,a40_44,40-44歳,40,44,False,False,2019,4889.0,112.6,4452.0
total,Hi00,総数,male,a40_44,40-44歳,40,44,False,False,2020,4820.0,114.7,4299.0
total,Hi00,総数,male,a40_44,40-44歳,40,44,False,False,2021,4443.0,109.8,4144.0
total,Hi00,総数,male,a40_44,40-44歳,40,44,False,False,2022,4550.0,116.0,4028.0
total,Hi00,総数,male,a40_44,40-44歳,40,44,False,False,2023,4438.0,116.0,3938.0
total,Hi00,総数,male,a40_44,40-44歳,40,44,False,False,2024,4388.0,117.1,3871.0
total,Hi00,総数,male,a45_49,45-49歳,45,49,False,False,1950,19144.0,948.3,
total,Hi00,総数,male,a45_49,45-49歳,45,49,False,False,1955,15238.0,713.6,
total,Hi00,総数,male,a45_49,45-49歳,45,49,False,False,1960,14165.0,627.7,
total,Hi00,総数,male,a45_49,45-49歳,45,49,False,False,1965,12610.0,566.8,
total,Hi00,総数,male,a45_49,45-49歳,45,49,False,False,1970,13261.0,499.1,
total,Hi00,総数,male,a45_49,45-49歳,45,49,False,False,1975,16696.0,458.8,
total,Hi00,総数,male,a45_49,45-49歳,45,49,False,False,1980,17601.0,438.2,
total,Hi00,総数,male,a45_49,45-49歳,45,49,False,False,1985,15063.0,371.7,
total,Hi00,総数,male,a45_49,45-49歳,45,49,False,False,1990,14218.0,317.9,4482.0
total,Hi00,総数,male,a45_49,45-49歳,45,49,False,False,1995,15616.0,295.2,5328.0
total,Hi00,総数,male,a45_49,45-49歳,45,49,False,False,2000,13141.0,296.2,4478.0
total,Hi00,総数,male,a45_49,45-49歳,45,49,False,False,2005,10577.0,275.6,3885.0
total,Hi00,総数,male,a45_49,45-49歳,45,49,False,False,2010,9566.0,238.2,4069.0
total,Hi00,総数,male,a45_49,45-49歳,45,49,False,False,2013,9045.0,216.5,4228.0
total,Hi00,総数,male,a45_49,45-49歳,45,49,False,False,2014,8750.0,204.5,4329.0
total,Hi00,総数,male,a45_49,45-49歳,45,49,False,False,2015,8656.0,198.3,4422.0
total,Hi00,総数,male,a45_49,45-49歳,45,49,False,False,2016,8888.0,192.1,4692.0
total,Hi00,総数,male,a45_49,45-49歳,45,49,False,False,2017,8943.0,189.6,4792.0
total,Hi00,総数,male,a45_49,45-49歳,45,49,False,False,2018,8757.0,181.7,4909.0
total,Hi00,総数,male,a45_49,45-49歳,45,49,False,False,2019,8802.0,179.9,4991.0
total,Hi00,総数,male,a45_49,45-49歳,45,49,False,False,2020,8894.0,180.9,4994.0
total,Hi00,総数,male,a45_49,45-49歳,45,49,False,False,2021,8712.0,179.7,4927.0
total,Hi00,総数,male,a45_49,45-49歳,45,49,False,False,2022,8672.0,184.0,4792.0
total,Hi00,総数,male,a45_49,45-49歳,45,49,False,False,2023,8371.0,184.5,4620.0
total,Hi00,総数,male,a45_49,45-49歳,45,49,False,False,2024,7846.0,180.7,4432.0
total,Hi00,総数,male,a50_54,50-54歳,50,54,False,False,1950,23308.0,1355.7,
total,Hi00,総数,male,a50_54,50-54歳,50,54,False,False,1955,21269.0,1102.4,
total,Hi00,総数,male,a50_54,50-54歳,50,54,False,False,1960,20848.0,1021.6,
total,Hi00,総数,male,a50_54,50-54歳,50,54,False,False,1965,19393.0,892.5,
total,Hi00,総数,male,a50_54,50-54歳,50,54,False,False,1970,17013.0,795.0,
total,Hi00,総数,male,a50_54,50-54歳,50,54,False,False,1975,16991.0,654.2,
total,Hi00,総数,male,a50_54,50-54歳,50,54,False,False,1980,22341.0,632.7,
total,Hi00,総数,male,a50_54,50-54歳,50,54,False,False,1985,24347.0,624.6,
total,Hi00,総数,male,a50_54,50-54歳,50,54,False,False,1990,20161.0,505.2,
total,Hi00,総数,male,a50_54,50-54歳,50,54,False,False,1995,21905.0,498.6,
total,Hi00,総数,male,a50_54,50-54歳,50,54,False,False,2000,24103.0,464.7,5222.0
total,Hi00,総数,male,a50_54,50-54歳,50,54,False,False,2005,19546.0,448.1,4403.0
total,Hi00,総数,male,a50_54,50-54歳,50,54,False,False,2010,14638.0,384.5,3847.0
total,Hi00,総数,male,a50_54,50-54歳,50,54,False,False,2013,13509.0,352.7,3870.0
total,Hi00,総数,male,a50_54,50-54歳,50,54,False,False,2014,12954.0,335.6,3903.0
total,Hi00,総数,male,a50_54,50-54歳,50,54,False,False,2015,12838.0,322.4,4029.0
total,Hi00,総数,male,a50_54,50-54歳,50,54,False,False,2016,12531.0,319.7,3972.0
total,Hi00,総数,male,a50_54,50-54歳,50,54,False,False,2017,12347.0,305.0,4106.0
total,Hi00,総数,male,a50_54,50-54歳,50,54,False,False,2018,12582.0,303.1,4216.0
total,Hi00,総数,male,a50_54,50-54歳,50,54,False,False,2019,12646.0,297.2,4329.0
total,Hi00,総数,male,a50_54,50-54歳,50,54,False,False,2020,12687.0,293.1,4394.0
total,Hi00,総数,male,a50_54,50-54歳,50,54,False,False,2021,13500.0,294.1,4658.0
total,Hi00,総数,male,a50_54,50-54歳,50,54,False,False,2022,14069.0,300.3,4756.0
total,Hi00,総数,male,a50_54,50-54歳,50,54,False,False,2023,14365.0,299.5,4868.0
total,Hi00,総数,male,a50_54,50-54歳,50,54,False,False,2024,14180.0,291.2,4943.0
total,Hi00,総数,male,a55_59,55-59歳,55,59,False,False,1950,28706.0,2082.2,
total,Hi00,総数,male,a55_59,55-59歳,55,59,False,False,1955,27138.0,1688.0,
total,Hi00,総数,male,a55_59,55-59歳,55,59,False,False,1960,30157.0,1673.4,
total,Hi00,総数,male,a55_59,55-59歳,55,59,False,False,1965,28288.0,1465.3,
total,Hi00,総数,male,a55_59,55-59歳,55,59,False,False,1970,26712.0,1316.7,
total,Hi00,総数,male,a55_59,55-59歳,55,59,False,False,1975,22026.0,1070.5,
total,Hi00,総数,male,a55_59,55-59歳,55,59,False,False,1980,22980.0,921.4,
total,Hi00,総数,male,a55_59,55-59歳,55,59,False,False,1985,30747.0,906.7,
total,Hi00,総数,male,a55_59,55-59歳,55,59,False,False,1990,32925.0,870.7,
total,Hi00,総数,male,a55_59,55-59歳,55,59,False,False,1995,30491.0,784.7,
total,Hi00,総数,male,a55_59,55-59歳,55,59,False,False,2000,31848.0,745.0,4301.0
total,Hi00,総数,male,a55_59,55-59歳,55,59,False,False,2005,34233.0,675.9,5101.0
total,Hi00,総数,male,a55_59,55-59歳,55,59,False,False,2010,27134.0,631.5,4330.0
total,Hi00,総数,male,a55_59,55-59歳,55,59,False,False,2013,21243.0,558.0,3839.0
total,Hi00,総数,male,a55_59,55-59歳,55,59,False,False,2014,20277.0,538.0,3801.0
total,Hi00,総数,male,a55_59,55-59歳,55,59,False,False,2015,19461.0,519.0,3784.0
total,Hi00,総数,male,a55_59,55-59歳,55,59,False,False,2016,19071.0,512.1,3762.0
total,Hi00,総数,male,a55_59,55-59歳,55,59,False,False,2017,18507.0,493.7,3792.0
total,Hi00,総数,male,a55_59,55-59歳,55,59,False,False,2018,18310.0,484.5,3830.0
total,Hi00,総数,male,a55_59,55-59歳,55,59,False,False,2019,18274.0,479.7,3867.0
total,Hi00,総数,male,a55_59,55-59歳,55,59,False,False,2020,18494.0,472.6,3967.0
total,Hi00,総数,male,a55_59,55-59歳,55,59,False,False,2021,18666.0,484.4,3908.0
total,Hi00,総数,male,a55_59,55-59歳,55,59,False,False,2022,19156.0,481.3,4036.0
total,Hi00,総数,male,a55_59,55-59歳,55,59,False,False,2023,19682.0,481.7,4143.0
total,Hi00,総数,male,a55_59,55-59歳,55,59,False,False,2024,20095.0,479.4,4251.0
total,Hi00,総数,male,a60_64,60-64歳,60,64,False,False,1950,35028.0,3156.9,
total,Hi00,総数,male,a60_64,60-64歳,60,64,False,False,1955,33421.0,2724.3,
total,Hi00,総数,male,a60_64,60-64歳,60,64,False,False,1960,38199.0,2657.2,
total,Hi00,総数,male,a60_64,60-64歳,60,64,False,False,1965,40357.0,2483.4,
total,Hi00,総数,male,a60_64,60-64歳,60,64,False,False,1970,38080.0,2180.9,
total,Hi00,総数,male,a60_64,60-64歳,60,64,False,False,1975,33116.0,1720.9,
total,Hi00,総数,male,a60_64,60-64歳,60,64,False,False,1980,29212.0,1511.3,
total,Hi00,総数,male,a60_64,60-64歳,60,64,False,False,1985,30884.0,1314.9,
total,Hi00,総数,male,a60_64,60-64歳,60,64,False,False,1990,42742.0,1321.5,
total,Hi00,総数,male,a60_64,60-64歳,60,64,False,False,1995,47188.0,1311.6,
total,Hi00,総数,male,a60_64,60-64歳,60,64,False,False,2000,42214.0,1128.7,3758.0
total,Hi00,総数,male,a60_64,60-64歳,60,64,False,False,2005,43403.0,1046.2,4174.0
total,Hi00,総数,male,a60_64,60-64歳,60,64,False,False,2010,46155.0,934.9,4965.0
total,Hi00,総数,male,a60_64,60-64歳,60,64,False,False,2013,43625.0,925.8,4740.0
total,Hi00,総数,male,a60_64,60-64歳,60,64,False,False,2014,39571.0,903.7,4406.0
total,Hi00,総数,male,a60_64,60-64歳,60,64,False,False,2015,36142.0,864.4,4210.0
total,Hi00,総数,male,a60_64,60-64歳,60,64,False,False,2016,33474.0,838.9,4020.0
total,Hi00,総数,male,a60_64,60-64歳,60,64,False,False,2017,31111.0,814.9,3850.0
total,Hi00,総数,male,a60_64,60-64歳,60,64,False,False,2018,30002.0,807.7,3750.0
total,Hi00,総数,male,a60_64,60-64歳,60,64,False,False,2019,29211.0,793.3,3722.0
total,Hi00,総数,male,a60_64,60-64歳,60,64,False,False,2020,28046.0,770.7,3677.0
total,Hi00,総数,male,a60_64,60-64歳,60,64,False,False,2021,27722.0,766.7,3654.0
total,Hi00,総数,male,a60_64,60-64歳,60,64,False,False,2022,28869.0,792.3,3684.0
total,Hi00,総数,male,a60_64,60-64歳,60,64,False,False,2023,28963.0,787.8,3719.0
total,Hi00,総数,male,a60_64,60-64歳,60,64,False,False,2024,28887.0,779.2,3753.0
total,Hi00,総数,male,a65_69,65-69歳,65,69,False,False,1950,41034.0,5155.5,
total,Hi00,総数,male,a65_69,65-69歳,65,69,False,False,1955,39908.0,4342.3,
total,Hi00,総数,male,a65_69,65-69歳,65,69,False,False,1960,44071.0,4291.3,
total,Hi00,総数,male,a65_69,65-69歳,65,69,False,False,1965,49032.0,4022.8,
total,Hi00,総数,male,a65_69,65-69歳,65,69,False,False,1970,52135.0,3741.9,
total,Hi00,総数,male,a65_69,65-69歳,65,69,False,False,1975,46112.0,2949.0,
total,Hi00,総数,male,a65_69,65-69歳,65,69,False,False,1980,43901.0,2531.1,
total,Hi00,総数,male,a65_69,65-69歳,65,69,False,False,1985,38240.0,2159.4,
total,Hi00,総数,male,a65_69,65-69歳,65,69,False,False,1990,42664.0,1948.7,
total,Hi00,総数,male,a65_69,65-69歳,65,69,False,False,1995,59828.0,2002.8,
total,Hi00,総数,male,a65_69,65-69歳,65,69,False,False,2000,60962.0,1818.3,3365.0
total,Hi00,総数,male,a65_69,65-69歳,65,69,False,False,2005,55261.0,1559.7,3561.0
total,Hi00,総数,male,a65_69,65-69歳,65,69,False,False,2010,57468.0,1460.9,3953.0
total,Hi00,総数,male,a65_69,65-69歳,65,69,False,False,2013,57081.0,1371.5,4183.0
total,Hi00,総数,male,a65_69,65-69歳,65,69,False,False,2014,59068.0,1345.2,4414.0
total,Hi00,総数,male,a65_69,65-69歳,65,69,False,False,2015,61425.0,1307.1,4723.0
total,Hi00,総数,male,a65_69,65-69歳,65,69,False,False,2016,65109.0,1316.2,4969.0
total,Hi00,総数,male,a65_69,65-69歳,65,69,False,False,2017,64251.0,1346.1,4795.0
total,Hi00,総数,male,a65_69,65-69歳,65,69,False,False,2018,59936.0,1330.0,4530.0
total,Hi00,総数,male,a65_69,65-69歳,65,69,False,False,2019,55240.0,1317.9,4216.0
total,Hi00,総数,male,a65_69,65-69歳,65,69,False,False,2020,50969.0,1284.0,3999.0
total,Hi00,総数,male,a65_69,65-69歳,65,69,False,False,2021,48357.0,1274.6,3824.0
total,Hi00,総数,male,a65_69,65-69歳,65,69,False,False,2022,47837.0,1316.4,3665.0
total,Hi00,総数,male,a65_69,65-69歳,65,69,False,False,2023,46086.0,1302.7,3569.0
total,Hi00,総数,male,a65_69,65-69歳,65,69,False,False,2024,45701.0,1302.9,3539.0
total,Hi00,総数,male,a70_74,70-74歳,70,74,False,False,1950,42419.0,7851.1,
total,Hi00,総数,male,a70_74,70-74歳,70,74,False,False,1955,41481.0,6986.0,
total,Hi00,総数,male,a70_74,70-74歳,70,74,False,False,1960,48424.0,6981.9,
total,Hi00,総数,male,a70_74,70-74歳,70,74,False,False,1965,52399.0,6641.2,
total,Hi00,総数,male,a70_74,70-74歳,70,74,False,False,1970,58277.0,6081.1,
total,Hi00,総数,male,a70_74,70-74歳,70,74,False,False,1975,57697.0,5045.4,
total,Hi00,総数,male,a70_74,70-74歳,70,74,False,False,1980,57166.0,4356.8,
total,Hi00,総数,male,a70_74,70-74歳,70,74,False,False,1985,55100.0,3707.7,
total,Hi00,総数,male,a70_74,70-74歳,70,74,False,False,1990,51737.0,3323.7,
total,Hi00,総数,male,a70_74,70-74歳,70,74,False,False,1995,60927.0,3154.7,
total,Hi00,総数,male,a70_74,70-74歳,70,74,False,False,2000,76413.0,2865.5,2676.0
total,Hi00,総数,male,a70_74,70-74歳,70,74,False,False,2005,80198.0,2637.3,3053.0
total,Hi00,総数,male,a70_74,70-74歳,70,74,False,False,2010,73470.0,2270.9,3249.0
total,Hi00,総数,male,a70_74,70-74歳,70,74,False,False,2013,74813.0,2124.8,3537.0
total,Hi00,総数,male,a70_74,70-74歳,70,74,False,False,2014,77300.0,2104.0,3689.0
total,Hi00,総数,male,a70_74,70-74歳,70,74,False,False,2015,76918.0,2131.4,3625.0
total,Hi00,総数,male,a70_74,70-74歳,70,74,False,False,2016,72548.0,2111.7,3446.0
total,Hi00,総数,male,a70_74,70-74歳,70,74,False,False,2017,74276.0,2056.7,3618.0
total,Hi00,総数,male,a70_74,70-74歳,70,74,False,False,2018,77805.0,2020.5,3854.0
total,Hi00,総数,male,a70_74,70-74歳,70,74,False,False,2019,80580.0,1977.0,4079.0
total,Hi00,総数,male,a70_74,70-74歳,70,74,False,False,2020,84888.0,1967.8,4337.0
total,Hi00,総数,male,a70_74,70-74歳,70,74,False,False,2021,93053.0,2049.2,4565.0
total,Hi00,総数,male,a70_74,70-74歳,70,74,False,False,2022,97014.0,2214.5,4405.0
total,Hi00,総数,male,a70_74,70-74歳,70,74,False,False,2023,91540.0,2212.8,4161.0
total,Hi00,総数,male,a70_74,70-74歳,70,74,False,False,2024,86210.0,2240.4,3872.0
total,Hi00,総数,male,a75_79,75-79歳,75,79,False,False,1950,30634.0,11443.8,
total,Hi00,総数,male,a75_79,75-79歳,75,79,False,False,1955,35900.0,10495.3,
total,Hi00,総数,male,a75_79,75-79歳,75,79,False,False,1960,42750.0,11348.4,
total,Hi00,総数,male,a75_79,75-79歳,75,79,False,False,1965,48811.0,10802.0,
total,Hi00,総数,male,a75_79,75-79歳,75,79,False,False,1970,52086.0,9813.4,
total,Hi00,総数,male,a75_79,75-79歳,75,79,False,False,1975,56734.0,8267.6,
total,Hi00,総数,male,a75_79,75-79歳,75,79,False,False,1980,63893.0,7553.8,
total,Hi00,総数,male,a75_79,75-79歳,75,79,False,False,1985,65593.0,6581.0,
total,Hi00,総数,male,a75_79,75-79歳,75,79,False,False,1990,69320.0,5793.4,
total,Hi00,総数,male,a75_79,75-79歳,75,79,False,False,1995,68504.0,5461.1,
total,Hi00,総数,male,a75_79,75-79歳,75,79,False,False,2000,73947.0,4561.5,1629.0
total,Hi00,総数,male,a75_79,75-79歳,75,79,False,False,2005,99338.0,4401.7,2266.0
total,Hi00,総数,male,a75_79,75-79歳,75,79,False,False,2010,102674.0,3959.4,2601.0
total,Hi00,総数,male,a75_79,75-79歳,75,79,False,False,2013,101777.0,3683.6,2772.0
total,Hi00,総数,male,a75_79,75-79歳,75,79,False,False,2014,99061.0,3591.8,2768.0
total,Hi00,総数,male,a75_79,75-79歳,75,79,False,False,2015,96968.0,3454.9,2817.0
total,Hi00,総数,male,a75_79,75-79歳,75,79,False,False,2016,97128.0,3355.5,2901.0
total,Hi00,総数,male,a75_79,75-79歳,75,79,False,False,2017,99603.0,3323.0,3000.0
total,Hi00,総数,male,a75_79,75-79歳,75,79,False,False,2018,101156.0,3274.7,3086.0
total,Hi00,総数,male,a75_79,75-79歳,75,79,False,False,2019,105133.0,3259.5,3217.0
total,Hi00,総数,male,a75_79,75-79歳,75,79,False,False,2020,104378.0,3332.8,3146.0
total,Hi00,総数,male,a75_79,75-79歳,75,79,False,False,2021,102248.0,3435.6,2991.0
total,Hi00,総数,male,a75_79,75-79歳,75,79,False,False,2022,109955.0,3506.7,3151.0
total,Hi00,総数,male,a75_79,75-79歳,75,79,False,False,2023,115354.0,3444.7,3365.0
total,Hi00,総数,male,a75_79,75-79歳,75,79,False,False,2024,122696.0,3457.9,3566.0
total,Hi00,総数,male,a80_84,80-84歳,80,84,False,False,1950,17008.0,17792.8,
total,Hi00,総数,male,a80_84,80-84歳,80,84,False,False,1955,20222.0,15182.6,
total,Hi00,総数,male,a80_84,80-84歳,80,84,False,False,1960,29362.0,17359.2,
total,Hi00,総数,male,a80_84,80-84歳,80,84,False,False,1965,32748.0,17517.4,
total,Hi00,総数,male,a80_84,80-84歳,80,84,False,False,1970,36421.0,15117.7,
total,Hi00,総数,male,a80_84,80-84歳,80,84,False,False,1975,41379.0,13470.6,
total,Hi00,総数,male,a80_84,80-84歳,80,84,False,False,1980,51097.0,12263.1,
total,Hi00,総数,male,a80_84,80-84歳,80,84,False,False,1985,59125.0,10799.1,
total,Hi00,総数,male,a80_84,80-84歳,80,84,False,False,1990,67916.0,10010.3,
total,Hi00,総数,male,a80_84,80-84歳,80,84,False,False,1995,77924.0,9484.5,
total,Hi00,総数,male,a80_84,80-84歳,80,84,False,False,2000,73533.0,8052.4,917.0
total,Hi00,総数,male,a80_84,80-84歳,80,84,False,False,2005,89502.0,7328.5,1228.0
total,Hi00,総数,male,a80_84,80-84歳,80,84,False,False,2010,119801.0,7046.3,1705.0
total,Hi00,総数,male,a80_84,80-84歳,80,84,False,False,2013,127275.0,6759.2,1888.0
total,Hi00,総数,male,a80_84,80-84歳,80,84,False,False,2014,125623.0,6482.1,1944.0
total,Hi00,総数,male,a80_84,80-84歳,80,84,False,False,2015,126763.0,6307.2,2015.0
total,Hi00,総数,male,a80_84,80-84歳,80,84,False,False,2016,128016.0,6125.9,2093.0
total,Hi00,総数,male,a80_84,80-84歳,80,84,False,False,2017,129921.0,6041.7,2150.0
total,Hi00,総数,male,a80_84,80-84歳,80,84,False,False,2018,129610.0,5926.1,2183.0
total,Hi00,総数,male,a80_84,80-84歳,80,84,False,False,2019,128508.0,5864.8,2183.0
total,Hi00,総数,male,a80_84,80-84歳,80,84,False,False,2020,125875.0,5661.4,2232.0
total,Hi00,総数,male,a80_84,80-84歳,80,84,False,False,2021,132093.0,5739.5,2310.0
total,Hi00,総数,male,a80_84,80-84歳,80,84,False,False,2022,144728.0,6072.8,2392.0
total,Hi00,総数,male,a80_84,80-84歳,80,84,False,False,2023,145769.0,5953.5,2458.0
total,Hi00,総数,male,a80_84,80-84歳,80,84,False,False,2024,155443.0,6112.0,2553.0
total,Hi00,総数,male,a85_89,85-89歳,85,89,False,False,1950,6344.0,25886.5,
total,Hi00,総数,male,a85_89,85-89歳,85,89,False,False,1955,7572.0,22368.0,
total,Hi00,総数,male,a85_89,85-89歳,85,89,False,False,1960,11678.0,24231.7,
total,Hi00,総数,male,a85_89,85-89歳,85,89,False,False,1965,15111.0,25131.8,
total,Hi00,総数,male,a85_89,85-89歳,85,89,False,False,1970,16602.0,23239.7,
total,Hi00,総数,male,a85_89,85-89歳,85,89,False,False,1975,20715.0,20562.4,
total,Hi00,総数,male,a85_89,85-89歳,85,89,False,False,1980,26362.0,19034.3,
total,Hi00,総数,male,a85_89,85-89歳,85,89,False,False,1985,34749.0,18136.2,
total,Hi00,総数,male,a85_89,85-89歳,85,89,False,False,1990,45623.0,16535.9,
total,Hi00,総数,male,a85_89,85-89歳,85,89,False,False,1995,56495.0,15648.6,
total,Hi00,総数,male,a85_89,85-89歳,85,89,False,False,2000,62730.0,13163.8,478.0
total,Hi00,総数,male,a85_89,85-89歳,85,89,False,False,2005,70110.0,12638.9,557.0
total,Hi00,総数,male,a85_89,85-89歳,85,89,False,False,2010,89905.0,12030.9,750.0
total,Hi00,総数,male,a85_89,85-89歳,85,89,False,False,2013,112566.0,11640.7,970.0
total,Hi00,総数,male,a85_89,85-89歳,85,89,False,False,2014,116956.0,11388.1,1029.0
total,Hi00,総数,male,a85_89,85-89歳,85,89,False,False,2015,120815.0,11340.8,1068.0
total,Hi00,総数,male,a85_89,85-89歳,85,89,False,False,2016,124580.0,11149.6,1118.0
total,Hi00,総数,male,a85_89,85-89歳,85,89,False,False,2017,129787.0,11086.9,1170.0
total,Hi00,総数,male,a85_89,85-89歳,85,89,False,False,2018,133396.0,10912.7,1220.0
total,Hi00,総数,male,a85_89,85-89歳,85,89,False,False,2019,135395.0,10653.7,1265.0
total,Hi00,総数,male,a85_89,85-89歳,85,89,False,False,2020,135859.0,10286.6,1324.0
total,Hi00,総数,male,a85_89,85-89歳,85,89,False,False,2021,144427.0,10440.5,1387.0
total,Hi00,総数,male,a85_89,85-89歳,85,89,False,False,2022,159604.0,11199.6,1429.0
total,Hi00,総数,male,a85_89,85-89歳,85,89,False,False,2023,159670.0,11064.1,1448.0
total,Hi00,総数,male,a85_89,85-89歳,85,89,False,False,2024,160951.0,11198.0,1442.0
total,Hi00,総数,male,a90_94,90-94歳,90,94,False,False,1950,1523.0,41011.8,
total,Hi00,総数,male,a90_94,90-94歳,90,94,False,False,1955,1828.0,35271.9,
total,Hi00,総数,male,a90_94,90-94歳,90,94,False,False,1960,2626.0,35823.2,
total,Hi00,総数,male,a90_94,90-94歳,90,94,False,False,1965,3704.0,30164.6,
total,Hi00,総数,male,a90_94,90-94歳,90,94,False,False,1970,4538.0,29773.4,
total,Hi00,総数,male,a90_94,90-94歳,90,94,False,False,1975,5705.0,30858.0,
total,Hi00,総数,male,a90_94,90-94歳,90,94,False,False,1980,8497.0,29681.6,
total,Hi00,総数,male,a90_94,90-94歳,90,94,False,False,1985,11718.0,25429.3,
total,Hi00,総数,male,a90_94,90-94歳,90,94,False,False,1990,17914.0,26796.0,71.0
total,Hi00,総数,male,a90_94,90-94歳,90,94,False,False,1995,24961.0,26734.7,100.0
total,Hi00,総数,male,a90_94,90-94歳,90,94,False,False,2000,30830.0,22373.4,150.0
total,Hi00,総数,male,a90_94,90-94歳,90,94,False,False,2005,42590.0,20217.3,211.0
total,Hi00,総数,male,a90_94,90-94歳,90,94,False,False,2010,49199.0,20252.2,244.0
total,Hi00,総数,male,a90_94,90-94歳,90,94,False,False,2013,54875.0,19459.2,283.0
total,Hi00,総数,male,a90_94,90-94歳,90,94,False,False,2014,58660.0,18861.7,312.0
total,Hi00,総数,male,a90_94,90-94歳,90,94,False,False,2015,64599.0,19240.8,337.0
total,Hi00,総数,male,a90_94,90-94歳,90,94,False,False,2016,70786.0,18776.1,376.0
total,Hi00,総数,male,a90_94,90-94歳,90,94,False,False,2017,78370.0,18838.9,410.0
total,Hi00,総数,male,a90_94,90-94歳,90,94,False,False,2018,83799.0,18580.7,441.0
total,Hi00,総数,male,a90_94,90-94歳,90,94,False,False,2019,88425.0,18383.6,469.0
total,Hi00,総数,male,a90_94,90-94歳,90,94,False,False,2020,89912.0,18061.4,499.0
total,Hi00,総数,male,a90_94,90-94歳,90,94,False,False,2021,97726.0,18473.7,531.0
total,Hi00,総数,male,a90_94,90-94歳,90,94,False,False,2022,110745.0,19811.3,560.0
total,Hi00,総数,male,a90_94,90-94歳,90,94,False,False,2023,113161.0,19476.9,583.0
total,Hi00,総数,male,a90_94,90-94歳,90,94,False,False,2024,116324.0,19419.7,601.0
total,Hi00,総数,male,a95_99,95-99歳,95,99,False,False,1950,204.0,,
total,Hi00,総数,male,a95_99,95-99歳,95,99,False,False,1955,209.0,,
total,Hi00,総数,male,a95_99,95-99歳,95,99,False,False,1960,310.0,,
total,Hi00,総数,male,a95_99,95-99歳,95,99,False,False,1965,412.0,,
total,Hi00,総数,male,a95_99,95-99歳,95,99,False,False,1970,626.0,,
total,Hi00,総数,male,a95_99,95-99歳,95,99,False,False,1975,899.0,,
total,Hi00,総数,male,a95_99,95-99歳,95,99,False,False,1980,1246.0,,
total,Hi00,総数,male,a95_99,95-99歳,95,99,False,False,1985,2127.0,,
total,Hi00,総数,male,a95_99,95-99歳,95,99,False,False,1990,3547.0,,10.0
total,Hi00,総数,male,a95_99,95-99歳,95,99,False,False,1995,5655.0,,16.0
total,Hi00,総数,male,a95_99,95-99歳,95,99,False,False,2000,7642.0,,25.0
total,Hi00,総数,male,a95_99,95-99歳,95,99,False,False,2005,12825.0,30937.2,42.0
total,Hi00,総数,male,a95_99,95-99歳,95,99,False,False,2010,17849.0,31876.6,56.0
total,Hi00,総数,male,a95_99,95-99歳,95,99,False,False,2013,19208.0,30980.6,62.0
total,Hi00,総数,male,a95_99,95-99歳,95,99,False,False,2014,19021.0,30679.0,63.0
total,Hi00,総数,male,a95_99,95-99歳,95,99,False,False,2015,19917.0,31381.2,
total,Hi00,総数,male,a95_99,95-99歳,95,99,False,False,2016,21280.0,31761.2,67.0
total,Hi00,総数,male,a95_99,95-99歳,95,99,False,False,2017,22850.0,32642.9,70.0
total,Hi00,総数,male,a95_99,95-99歳,95,99,False,False,2018,23781.0,31290.8,76.0
total,Hi00,総数,male,a95_99,95-99歳,95,99,False,False,2019,25833.0,29693.1,84.0
total,Hi00,総数,male,a95_99,95-99歳,95,99,False,False,2020,27471.0,29486.1,
total,Hi00,総数,male,a95_99,95-99歳,95,99,False,False,2021,32293.0,31051.0,
total,Hi00,総数,male,a95_99,95-99歳,95,99,False,False,2022,38692.0,34857.7,
total,Hi00,総数,male,a95_99,95-99歳,95,99,False,False,2023,39601.0,33000.8,
total,Hi00,総数,male,a95_99,95-99歳,95,99,False,False,2024,41359.0,31814.6,
total,Hi00,総数,male,a100p,100歳以上,100,,False,False,1950,16.0,,
total,Hi00,総数,male,a100p,100歳以上,100,,False,False,1955,19.0,,
total,Hi00,総数,male,a100p,100歳以上,100,,False,False,1960,23.0,,
total,Hi00,総数,male,a100p,100歳以上,100,,False,False,1965,25.0,,
total,Hi00,総数,male,a100p,100歳以上,100,,False,False,1970,38.0,,
total,Hi00,総数,male,a100p,100歳以上,100,,False,False,1975,82.0,,
total,Hi00,総数,male,a100p,100歳以上,100,,False,False,1980,100.0,,
total,Hi00,総数,male,a100p,100歳以上,100,,False,False,1985,192.0,,
total,Hi00,総数,male,a100p,100歳以上,100,,False,False,1990,367.0,,1.0
total,Hi00,総数,male,a100p,100歳以上,100,,False,False,1995,639.0,,1.0
total,Hi00,総数,male,a100p,100歳以上,100,,False,False,2000,975.0,,2.0
total,Hi00,総数,male,a100p,100歳以上,100,,False,False,2005,1736.0,46157.9,
total,Hi00,総数,male,a100p,100歳以上,100,,False,False,2010,2860.0,48813.8,
total,Hi00,総数,male,a100p,100歳以上,100,,False,False,2013,3249.0,46414.3,7.0
total,Hi00,総数,male,a100p,100歳以上,100,,False,False,2014,3390.0,42375.0,8.0
total,Hi00,総数,male,a100p,100歳以上,100,,False,False,2015,3743.0,44767.4,
total,Hi00,総数,male,a100p,100歳以上,100,,False,False,2016,4016.0,44622.2,9.0
total,Hi00,総数,male,a100p,100歳以上,100,,False,False,2017,4087.0,45411.1,9.0
total,Hi00,総数,male,a100p,100歳以上,100,,False,False,2018,4026.0,44733.3,9.0
total,Hi00,総数,male,a100p,100歳以上,100,,False,False,2019,4067.0,45188.9,9.0
total,Hi00,総数,male,a100p,100歳以上,100,,False,False,2020,4218.0,43093.6,
total,Hi00,総数,male,a100p,100歳以上,100,,False,False,2021,4787.0,47870.0,10.0
total,Hi00,総数,male,a100p,100歳以上,100,,False,False,2022,5608.0,56080.0,10.0
total,Hi00,総数,male,a100p,100歳以上,100,,False,False,2023,5330.0,48454.5,11.0
total,Hi00,総数,male,a100p,100歳以上,100,,False,False,2024,5832.0,53018.2,11.0
total,Hi00,総数,male,total,総数,,,False,True,1950,467073.0,1144.5,
total,Hi00,総数,male,total,総数,,,False,True,1955,365246.0,832.7,
total,Hi00,総数,male,total,総数,,,False,True,1960,377526.0,822.9,
total,Hi00,総数,male,total,総数,,,False,True,1965,378716.0,785.0,
total,Hi00,総数,male,total,総数,,,False,True,1970,387880.0,766.6,
total,Hi00,総数,male,total,総数,,,False,True,1975,377827.0,690.4,
total,Hi00,総数,male,total,総数,,,False,True,1980,390644.0,682.9,57594.0
total,Hi00,総数,male,total,総数,,,False,True,1985,407769.0,690.6,59497.0
total,Hi00,総数,male,total,総数,,,False,True,1990,443718.0,736.5,60697.0
total,Hi00,総数,male,total,総数,,,False,True,1995,501276.0,822.9,61574.0
total,Hi00,総数,male,total,総数,,,False,True,2000,525903.0,855.3,62111.0
total,Hi00,総数,male,total,総数,,,False,True,2005,584970.0,949.4,62349.0
total,Hi00,総数,male,total,総数,,,False,True,2010,633701.0,1029.2,62328.0
total,Hi00,総数,male,total,総数,,,False,True,2013,658685.0,1076.5,61909.0
total,Hi00,総数,male,total,総数,,,False,True,2014,660340.0,1081.8,61801.0
total,Hi00,総数,male,total,総数,,,False,True,2015,666728.0,1092.6,61842.0
total,Hi00,総数,male,total,総数,,,False,True,2016,674946.0,1108.9,61816.0
total,Hi00,総数,male,total,総数,,,False,True,2017,690770.0,1138.5,61753.0
total,Hi00,総数,male,total,総数,,,False,True,2018,699138.0,1156.5,61673.0
total,Hi00,総数,male,total,総数,,,False,True,2019,707421.0,1175.0,61588.0
total,Hi00,総数,male,total,総数,,,False,True,2020,706834.0,1178.0,61350.0
total,Hi00,総数,male,total,総数,,,False,True,2021,738141.0,1236.7,61019.0
total,Hi00,総数,male,total,総数,,,False,True,2022,799420.0,1347.8,60758.0
total,Hi00,総数,male,total,総数,,,False,True,2023,802536.0,1362.5,60492.0
total,Hi00,総数,male,total,総数,,,False,True,2024,819709.0,1402.4,60233.0
total,Hi00,総数,total,a00_04,0-4歳,0,4,False,False,1950,222903.0,1989.2,
total,Hi00,総数,total,a00_04,0-4歳,0,4,False,False,1955,99399.0,1074.8,
total,Hi00,総数,total,a00_04,0-4歳,0,4,False,False,1960,64692.0,824.7,
total,Hi00,総数,total,a00_04,0-4歳,0,4,False,False,1965,42572.0,523.4,
total,Hi00,総数,total,a00_04,0-4歳,0,4,False,False,1970,32879.0,375.9,
total,Hi00,総数,total,a00_04,0-4歳,0,4,False,False,1975,25884.0,260.5,
total,Hi00,総数,total,a00_04,0-4歳,0,4,False,False,1980,16298.0,192.7,8515.0
total,Hi00,総数,total,a00_04,0-4歳,0,4,False,False,1985,10834.0,145.3,7459.0
total,Hi00,総数,total,a00_04,0-4歳,0,4,False,False,1990,7983.0,123.4,6493.0
total,Hi00,総数,total,a00_04,0-4歳,0,4,False,False,1995,7040.0,118.3,5995.0
total,Hi00,総数,total,a00_04,0-4歳,0,4,False,False,2000,5269.0,89.9,5915.0
total,Hi00,総数,total,a00_04,0-4歳,0,4,False,False,2005,4102.0,73.9,5599.0
total,Hi00,総数,total,a00_04,0-4歳,0,4,False,False,2010,3382.0,64.4,5308.0
total,Hi00,総数,total,a00_04,0-4歳,0,4,False,False,2013,2958.0,57.0,5239.0
total,Hi00,総数,total,a00_04,0-4歳,0,4,False,False,2014,2883.0,55.9,5213.0
total,Hi00,総数,total,a00_04,0-4歳,0,4,False,False,2015,2692.0,54.5,5006.0
total,Hi00,総数,total,a00_04,0-4歳,0,4,False,False,2016,2620.0,53.5,4976.0
total,Hi00,総数,total,a00_04,0-4歳,0,4,False,False,2017,2455.0,50.8,4926.0
total,Hi00,総数,total,a00_04,0-4歳,0,4,False,False,2018,2393.0,50.2,4845.0
total,Hi00,総数,total,a00_04,0-4歳,0,4,False,False,2019,2319.0,49.6,4727.0
total,Hi00,総数,total,a00_04,0-4歳,0,4,False,False,2020,1979.0,44.4,4541.0
total,Hi00,総数,total,a00_04,0-4歳,0,4,False,False,2021,1883.0,43.7,4389.0
total,Hi00,総数,total,a00_04,0-4歳,0,4,False,False,2022,1851.0,44.5,4247.0
total,Hi00,総数,total,a00_04,0-4歳,0,4,False,False,2023,1882.0,47.0,4087.0
total,Hi00,総数,total,a00_04,0-4歳,0,4,False,False,2024,1785.0,46.5,3934.0
total,Hi00,総数,total,a05_09,5-9歳,5,9,False,False,1950,19774.0,207.7,
total,Hi00,総数,total,a05_09,5-9歳,5,9,False,False,1955,14240.0,129.0,
total,Hi00,総数,total,a05_09,5-9歳,5,9,False,False,1960,8209.0,89.2,
total,Hi00,総数,total,a05_09,5-9歳,5,9,False,False,1965,4533.0,57.8,
total,Hi00,総数,total,a05_09,5-9歳,5,9,False,False,1970,3809.0,47.0,
total,Hi00,総数,total,a05_09,5-9歳,5,9,False,False,1975,3205.0,36.1,
total,Hi00,総数,total,a05_09,5-9歳,5,9,False,False,1980,2773.0,27.8,10032.0
total,Hi00,総数,total,a05_09,5-9歳,5,9,False,False,1985,1791.0,21.1,8532.0
total,Hi00,総数,total,a05_09,5-9歳,5,9,False,False,1990,1377.0,18.5,7467.0
total,Hi00,総数,total,a05_09,5-9歳,5,9,False,False,1995,1235.0,19.0,6541.0
total,Hi00,総数,total,a05_09,5-9歳,5,9,False,False,2000,738.0,12.3,6033.0
total,Hi00,総数,total,a05_09,5-9歳,5,9,False,False,2005,655.0,11.1,5950.0
total,Hi00,総数,total,a05_09,5-9歳,5,9,False,False,2010,480.0,8.6,5598.0
total,Hi00,総数,total,a05_09,5-9歳,5,9,False,False,2013,453.0,8.5,5361.0
total,Hi00,総数,total,a05_09,5-9歳,5,9,False,False,2014,460.0,8.7,5307.0
total,Hi00,総数,total,a05_09,5-9歳,5,9,False,False,2015,452.0,8.6,5319.0
total,Hi00,総数,total,a05_09,5-9歳,5,9,False,False,2016,391.0,7.5,5311.0
total,Hi00,総数,total,a05_09,5-9歳,5,9,False,False,2017,351.0,6.8,5267.0
total,Hi00,総数,total,a05_09,5-9歳,5,9,False,False,2018,363.0,7.1,5212.0
total,Hi00,総数,total,a05_09,5-9歳,5,9,False,False,2019,379.0,7.5,5154.0
total,Hi00,総数,total,a05_09,5-9歳,5,9,False,False,2020,306.0,6.1,5114.0
total,Hi00,総数,total,a05_09,5-9歳,5,9,False,False,2021,330.0,6.7,5038.0
total,Hi00,総数,total,a05_09,5-9歳,5,9,False,False,2022,311.0,6.4,4948.0
total,Hi00,総数,total,a05_09,5-9歳,5,9,False,False,2023,340.0,7.2,4838.0
total,Hi00,総数,total,a05_09,5-9歳,5,9,False,False,2024,349.0,7.6,4710.0
total,Hi00,総数,total,a10_14,10-14歳,10,14,False,False,1950,10212.0,117.4,
total,Hi00,総数,total,a10_14,10-14歳,10,14,False,False,1955,6548.0,68.9,
total,Hi00,総数,total,a10_14,10-14歳,10,14,False,False,1960,5545.0,50.3,
total,Hi00,総数,total,a10_14,10-14歳,10,14,False,False,1965,3621.0,39.4,
total,Hi00,総数,total,a10_14,10-14歳,10,14,False,False,1970,2625.0,33.7,
total,Hi00,総数,total,a10_14,10-14歳,10,14,False,False,1975,2045.0,24.9,
total,Hi00,総数,total,a10_14,10-14歳,10,14,False,False,1980,1627.0,18.3,8960.0
total,Hi00,総数,total,a10_14,10-14歳,10,14,False,False,1985,1649.0,16.5,10042.0
total,Hi00,総数,total,a10_14,10-14歳,10,14,False,False,1990,1242.0,14.6,8527.0
total,Hi00,総数,total,a10_14,10-14歳,10,14,False,False,1995,1184.0,15.9,7478.0
total,Hi00,総数,total,a10_14,10-14歳,10,14,False,False,2000,744.0,11.4,6558.0
total,Hi00,総数,total,a10_14,10-14歳,10,14,False,False,2005,590.0,9.8,6036.0
total,Hi00,総数,total,a10_14,10-14歳,10,14,False,False,2010,553.0,9.4,5933.0
total,Hi00,総数,total,a10_14,10-14歳,10,14,False,False,2013,467.0,8.1,5790.0
total,Hi00,総数,total,a10_14,10-14歳,10,14,False,False,2014,501.0,8.8,5713.0
total,Hi00,総数,total,a10_14,10-14歳,10,14,False,False,2015,470.0,8.4,5620.0
total,Hi00,総数,total,a10_14,10-14歳,10,14,False,False,2016,441.0,8.1,5522.0
total,Hi00,総数,total,a10_14,10-14歳,10,14,False,False,2017,437.0,8.1,5448.0
total,Hi00,総数,total,a10_14,10-14歳,10,14,False,False,2018,463.0,8.7,5417.0
total,Hi00,総数,total,a10_14,10-14歳,10,14,False,False,2019,426.0,8.0,5378.0
total,Hi00,総数,total,a10_14,10-14歳,10,14,False,False,2020,426.0,8.0,5376.0
total,Hi00,総数,total,a10_14,10-14歳,10,14,False,False,2021,441.0,8.3,5357.0
total,Hi00,総数,total,a10_14,10-14歳,10,14,False,False,2022,422.0,8.1,5308.0
total,Hi00,総数,total,a10_14,10-14歳,10,14,False,False,2023,470.0,9.1,5248.0
total,Hi00,総数,total,a10_14,10-14歳,10,14,False,False,2024,513.0,10.1,5185.0
total,Hi00,総数,total,a15_19,15-19歳,15,19,False,False,1950,21222.0,247.7,
total,Hi00,総数,total,a15_19,15-19歳,15,19,False,False,1955,10992.0,127.4,
total,Hi00,総数,total,a15_19,15-19歳,15,19,False,False,1960,9829.0,105.6,
total,Hi00,総数,total,a15_19,15-19歳,15,19,False,False,1965,7374.0,68.0,
total,Hi00,総数,total,a15_19,15-19歳,15,19,False,False,1970,6926.0,77.0,
total,Hi00,総数,total,a15_19,15-19歳,15,19,False,False,1975,4750.0,60.2,
total,Hi00,総数,total,a15_19,15-19歳,15,19,False,False,1980,4043.0,49.2,8272.0
total,Hi00,総数,total,a15_19,15-19歳,15,19,False,False,1985,4212.0,47.2,8980.0
total,Hi00,総数,total,a15_19,15-19歳,15,19,False,False,1990,4353.0,43.7,10007.0
total,Hi00,総数,total,a15_19,15-19歳,15,19,False,False,1995,3362.0,39.6,8558.0
total,Hi00,総数,total,a15_19,15-19歳,15,19,False,False,2000,2397.0,32.2,7502.0
total,Hi00,総数,total,a15_19,15-19歳,15,19,False,False,2005,1802.0,27.6,6593.0
total,Hi00,総数,total,a15_19,15-19歳,15,19,False,False,2010,1422.0,23.6,6093.0
total,Hi00,総数,total,a15_19,15-19歳,15,19,False,False,2013,1268.0,21.2,6047.0
total,Hi00,総数,total,a15_19,15-19歳,15,19,False,False,2014,1205.0,20.3,6005.0
total,Hi00,総数,total,a15_19,15-19歳,15,19,False,False,2015,1220.0,20.4,6054.0
total,Hi00,総数,total,a15_19,15-19歳,15,19,False,False,2016,1166.0,19.6,6029.0
total,Hi00,総数,total,a15_19,15-19歳,15,19,False,False,2017,1161.0,19.7,5983.0
total,Hi00,総数,total,a15_19,15-19歳,15,19,False,False,2018,1143.0,19.7,5901.0
total,Hi00,総数,total,a15_19,15-19歳,15,19,False,False,2019,1177.0,20.6,5837.0
total,Hi00,総数,total,a15_19,15-19歳,15,19,False,False,2020,1262.0,22.5,5706.0
total,Hi00,総数,total,a15_19,15-19歳,15,19,False,False,2021,1204.0,21.9,5580.0
total,Hi00,総数,total,a15_19,15-19歳,15,19,False,False,2022,1265.0,23.3,5512.0
total,Hi00,総数,total,a15_19,15-19歳,15,19,False,False,2023,1295.0,24.1,5494.0
total,Hi00,総数,total,a15_19,15-19歳,15,19,False,False,2024,1284.0,24.1,5457.0
total,Hi00,総数,total,a20_24,20-24歳,20,24,False,False,1950,35871.0,464.3,
total,Hi00,総数,total,a20_24,20-24歳,20,24,False,False,1955,19383.0,230.7,
total,Hi00,総数,total,a20_24,20-24歳,20,24,False,False,1960,14537.0,174.8,
total,Hi00,総数,total,a20_24,20-24歳,20,24,False,False,1965,10401.0,114.7,
total,Hi00,総数,total,a20_24,20-24歳,20,24,False,False,1970,10380.0,98.0,
total,Hi00,総数,total,a20_24,20-24歳,20,24,False,False,1975,7336.0,81.4,
total,Hi00,総数,total,a20_24,20-24歳,20,24,False,False,1980,4850.0,62.3,7841.0
total,Hi00,総数,total,a20_24,20-24歳,20,24,False,False,1985,4669.0,57.1,8201.0
total,Hi00,総数,total,a20_24,20-24歳,20,24,False,False,1990,4795.0,55.0,8800.0
total,Hi00,総数,total,a20_24,20-24歳,20,24,False,False,1995,5087.0,52.1,9895.0
total,Hi00,総数,total,a20_24,20-24歳,20,24,False,False,2000,4035.0,48.6,8438.0
total,Hi00,総数,total,a20_24,20-24歳,20,24,False,False,2005,3370.0,46.9,7381.0
total,Hi00,総数,total,a20_24,20-24歳,20,24,False,False,2010,2753.0,43.7,6525.0
total,Hi00,総数,total,a20_24,20-24歳,20,24,False,False,2013,2423.0,40.4,6205.0
total,Hi00,総数,total,a20_24,20-24歳,20,24,False,False,2014,2320.0,38.7,6203.0
total,Hi00,総数,total,a20_24,20-24歳,20,24,False,False,2015,2101.0,35.7,6091.0
total,Hi00,総数,total,a20_24,20-24歳,20,24,False,False,2016,2083.0,35.3,6166.0
total,Hi00,総数,total,a20_24,20-24歳,20,24,False,False,2017,2025.0,34.2,6245.0
total,Hi00,総数,total,a20_24,20-24歳,20,24,False,False,2018,2006.0,33.6,6331.0
total,Hi00,総数,total,a20_24,20-24歳,20,24,False,False,2019,2042.0,34.3,6361.0
total,Hi00,総数,total,a20_24,20-24歳,20,24,False,False,2020,2180.0,36.8,6320.0
total,Hi00,総数,total,a20_24,20-24歳,20,24,False,False,2021,2183.0,37.1,6263.0
total,Hi00,総数,total,a20_24,20-24歳,20,24,False,False,2022,2146.0,36.8,6263.0
total,Hi00,総数,total,a20_24,20-24歳,20,24,False,False,2023,2165.0,37.6,6236.0
total,Hi00,総数,total,a20_24,20-24歳,20,24,False,False,2024,2170.0,38.1,6260.0
total,Hi00,総数,total,a25_29,25-29歳,25,29,False,False,1950,32906.0,532.0,
total,Hi00,総数,total,a25_29,25-29歳,25,29,False,False,1955,19362.0,254.6,
total,Hi00,総数,total,a25_29,25-29歳,25,29,False,False,1960,15735.0,191.7,
total,Hi00,総数,total,a25_29,25-29歳,25,29,False,False,1965,11168.0,133.5,
total,Hi00,総数,total,a25_29,25-29歳,25,29,False,False,1970,10371.0,114.8,
total,Hi00,総数,total,a25_29,25-29歳,25,29,False,False,1975,8864.0,82.6,
total,Hi00,総数,total,a25_29,25-29歳,25,29,False,False,1980,6273.0,69.9,9041.0
total,Hi00,総数,total,a25_29,25-29歳,25,29,False,False,1985,4725.0,60.9,7823.0
total,Hi00,総数,total,a25_29,25-29歳,25,29,False,False,1990,4277.0,53.6,8071.0
total,Hi00,総数,total,a25_29,25-29歳,25,29,False,False,1995,4596.0,53.4,8788.0
total,Hi00,総数,total,a25_29,25-29歳,25,29,False,False,2000,4817.0,50.0,9809.0
total,Hi00,総数,total,a25_29,25-29歳,25,29,False,False,2005,4170.0,51.5,8314.0
total,Hi00,総数,total,a25_29,25-29歳,25,29,False,False,2010,3437.0,48.0,7391.0
total,Hi00,総数,total,a25_29,25-29歳,25,29,False,False,2013,2894.0,43.4,6869.0
total,Hi00,総数,total,a25_29,25-29歳,25,29,False,False,2014,2873.0,44.5,6678.0
total,Hi00,総数,total,a25_29,25-29歳,25,29,False,False,2015,2616.0,41.6,6532.0
total,Hi00,総数,total,a25_29,25-29歳,25,29,False,False,2016,2480.0,40.5,6422.0
total,Hi00,総数,total,a25_29,25-29歳,25,29,False,False,2017,2277.0,38.0,6349.0
total,Hi00,総数,total,a25_29,25-29歳,25,29,False,False,2018,2216.0,37.6,6307.0
total,Hi00,総数,total,a25_29,25-29歳,25,29,False,False,2019,2055.0,35.1,6345.0
total,Hi00,総数,total,a25_29,25-29歳,25,29,False,False,2020,2248.0,37.8,6384.0
total,Hi00,総数,total,a25_29,25-29歳,25,29,False,False,2021,2322.0,39.0,6379.0
total,Hi00,総数,total,a25_29,25-29歳,25,29,False,False,2022,2257.0,38.0,6412.0
total,Hi00,総数,total,a25_29,25-29歳,25,29,False,False,2023,2344.0,39.4,6479.0
total,Hi00,総数,total,a25_29,25-29歳,25,29,False,False,2024,2299.0,38.9,6519.0
total,Hi00,総数,total,a30_34,30-34歳,30,34,False,False,1950,26416.0,507.8,
total,Hi00,総数,total,a30_34,30-34歳,30,34,False,False,1955,16659.0,272.3,
total,Hi00,総数,total,a30_34,30-34歳,30,34,False,False,1960,15575.0,207.2,
total,Hi00,総数,total,a30_34,30-34歳,30,34,False,False,1965,13449.0,162.9,
total,Hi00,総数,total,a30_34,30-34歳,30,34,False,False,1970,11463.0,137.6,
total,Hi00,総数,total,a30_34,30-34歳,30,34,False,False,1975,9787.0,106.5,
total,Hi00,総数,total,a30_34,30-34歳,30,34,False,False,1980,8772.0,81.9,10772.0
total,Hi00,総数,total,a30_34,30-34歳,30,34,False,False,1985,6733.0,74.5,9054.0
total,Hi00,総数,total,a30_34,30-34歳,30,34,False,False,1990,5038.0,65.3,7788.0
total,Hi00,総数,total,a30_34,30-34歳,30,34,False,False,1995,5129.0,64.4,8126.0
total,Hi00,総数,total,a30_34,30-34歳,30,34,False,False,2000,5596.0,65.0,8794.0
total,Hi00,総数,total,a30_34,30-34歳,30,34,False,False,2005,5952.0,62.0,9795.0
total,Hi00,総数,total,a30_34,30-34歳,30,34,False,False,2010,4837.0,58.9,8421.0
total,Hi00,総数,total,a30_34,30-34歳,30,34,False,False,2013,3909.0,52.6,7623.0
total,Hi00,総数,total,a30_34,30-34歳,30,34,False,False,2014,3896.0,53.5,7466.0
total,Hi00,総数,total,a30_34,30-34歳,30,34,False,False,2015,3550.0,49.4,7396.0
total,Hi00,総数,total,a30_34,30-34歳,30,34,False,False,2016,3355.0,47.7,7279.0
total,Hi00,総数,total,a30_34,30-34歳,30,34,False,False,2017,3254.0,47.3,7158.0
total,Hi00,総数,total,a30_34,30-34歳,30,34,False,False,2018,3114.0,46.5,7008.0
total,Hi00,総数,total,a30_34,30-34歳,30,34,False,False,2019,2978.0,46.0,6852.0
total,Hi00,総数,total,a30_34,30-34歳,30,34,False,False,2020,2902.0,45.6,6714.0
total,Hi00,総数,total,a30_34,30-34歳,30,34,False,False,2021,2863.0,46.1,6556.0
total,Hi00,総数,total,a30_34,30-34歳,30,34,False,False,2022,2819.0,46.4,6446.0
total,Hi00,総数,total,a30_34,30-34歳,30,34,False,False,2023,2828.0,47.4,6380.0
total,Hi00,総数,total,a30_34,30-34歳,30,34,False,False,2024,2765.0,46.6,6395.0
total,Hi00,総数,total,a35_39,35-39歳,35,39,False,False,1950,28174.0,558.1,
total,Hi00,総数,total,a35_39,35-39歳,35,39,False,False,1955,16452.0,321.6,
total,Hi00,総数,total,a35_39,35-39歳,35,39,False,False,1960,15518.0,257.0,
total,Hi00,総数,total,a35_39,35-39歳,35,39,False,False,1965,16099.0,214.7,
total,Hi00,総数,total,a35_39,35-39歳,35,39,False,False,1970,16121.0,197.3,
total,Hi00,総数,total,a35_39,35-39歳,35,39,False,False,1975,12810.0,152.9,
total,Hi00,総数,total,a35_39,35-39歳,35,39,False,False,1980,11462.0,125.3,9202.0
total,Hi00,総数,total,a35_39,35-39歳,35,39,False,False,1985,11127.0,104.2,10738.0
total,Hi00,総数,total,a35_39,35-39歳,35,39,False,False,1990,8551.0,95.6,9004.0
total,Hi00,総数,total,a35_39,35-39歳,35,39,False,False,1995,6839.0,88.7,7822.0
total,Hi00,総数,total,a35_39,35-39歳,35,39,False,False,2000,7046.0,88.3,8130.0
total,Hi00,総数,total,a35_39,35-39歳,35,39,False,False,2005,7469.0,86.9,8772.0
total,Hi00,総数,total,a35_39,35-39歳,35,39,False,False,2010,7555.0,78.0,9864.0
total,Hi00,総数,total,a35_39,35-39歳,35,39,False,False,2013,6436.0,72.2,9060.0
total,Hi00,総数,total,a35_39,35-39歳,35,39,False,False,2014,5879.0,69.1,8670.0
total,Hi00,総数,total,a35_39,35-39歳,35,39,False,False,2015,5402.0,65.6,8417.0
total,Hi00,総数,total,a35_39,35-39歳,35,39,False,False,2016,5195.0,65.5,8134.0
total,Hi00,総数,total,a35_39,35-39歳,35,39,False,False,2017,4750.0,61.8,7919.0
total,Hi00,総数,total,a35_39,35-39歳,35,39,False,False,2018,4610.0,61.6,7750.0
total,Hi00,総数,total,a35_39,35-39歳,35,39,False,False,2019,4477.0,61.1,7631.0
total,Hi00,総数,total,a35_39,35-39歳,35,39,False,False,2020,4396.0,60.8,7498.0
total,Hi00,総数,total,a35_39,35-39歳,35,39,False,False,2021,4293.0,60.6,7354.0
total,Hi00,総数,total,a35_39,35-39歳,35,39,False,False,2022,4414.0,63.6,7212.0
total,Hi00,総数,total,a35_39,35-39歳,35,39,False,False,2023,4428.0,65.6,7047.0
total,Hi00,総数,total,a35_39,35-39歳,35,39,False,False,2024,4237.0,64.8,6871.0
total,Hi00,総数,total,a40_44,40-44歳,40,44,False,False,1950,29334.0,654.3,
total,Hi00,総数,total,a40_44,40-44歳,40,44,False,False,1955,20742.0,419.4,
total,Hi00,総数,total,a40_44,40-44歳,40,44,False,False,1960,17427.0,347.2,
total,Hi00,総数,total,a40_44,40-44歳,40,44,False,False,1965,17455.0,292.8,
total,Hi00,総数,total,a40_44,40-44歳,40,44,False,False,1970,20458.0,280.0,
total,Hi00,総数,total,a40_44,40-44歳,40,44,False,False,1975,19787.0,241.6,
total,Hi00,総数,total,a40_44,40-44歳,40,44,False,False,1980,16124.0,194.4,8338.0
total,Hi00,総数,total,a40_44,40-44歳,40,44,False,False,1985,15884.0,175.6,9135.0
total,Hi00,総数,total,a40_44,40-44歳,40,44,False,False,1990,15311.0,144.2,10658.0
total,Hi00,総数,total,a40_44,40-44歳,40,44,False,False,1995,12814.0,143.7,9006.0
total,Hi00,総数,total,a40_44,40-44歳,40,44,False,False,2000,10479.0,136.0,7814.0
total,Hi00,総数,total,a40_44,40-44歳,40,44,False,False,2005,10238.0,128.5,8113.0
total,Hi00,総数,total,a40_44,40-44歳,40,44,False,False,2010,10162.0,117.5,8809.0
total,Hi00,総数,total,a40_44,40-44歳,40,44,False,False,2013,10124.0,106.4,9667.0
total,Hi00,総数,total,a40_44,40-44歳,40,44,False,False,2014,10065.0,104.4,9793.0
total,Hi00,総数,total,a40_44,40-44歳,40,44,False,False,2015,9770.0,100.9,9847.0
total,Hi00,総数,total,a40_44,40-44歳,40,44,False,False,2016,9266.0,97.0,9727.0
total,Hi00,総数,total,a40_44,40-44歳,40,44,False,False,2017,8818.0,95.0,9470.0
total,Hi00,総数,total,a40_44,40-44歳,40,44,False,False,2018,8338.0,93.4,9134.0
total,Hi00,総数,total,a40_44,40-44歳,40,44,False,False,2019,7813.0,91.5,8774.0
total,Hi00,総数,total,a40_44,40-44歳,40,44,False,False,2020,7678.0,93.0,8476.0
total,Hi00,総数,total,a40_44,40-44歳,40,44,False,False,2021,7154.0,90.0,8173.0
total,Hi00,総数,total,a40_44,40-44歳,40,44,False,False,2022,7271.0,94.3,7946.0
total,Hi00,総数,total,a40_44,40-44歳,40,44,False,False,2023,7048.0,93.7,7765.0
total,Hi00,総数,total,a40_44,40-44歳,40,44,False,False,2024,6835.0,92.8,7631.0
total,Hi00,総数,total,a45_49,45-49歳,45,49,False,False,1950,33919.0,847.0,
total,Hi00,総数,total,a45_49,45-49歳,45,49,False,False,1955,26955.0,617.2,
total,Hi00,総数,total,a45_49,45-49歳,45,49,False,False,1960,25676.0,533.1,
total,Hi00,総数,total,a45_49,45-49歳,45,49,False,False,1965,22542.0,458.0,
total,Hi00,総数,total,a45_49,45-49歳,45,49,False,False,1970,23148.0,396.4,
total,Hi00,総数,total,a45_49,45-49歳,45,49,False,False,1975,26002.0,354.8,
total,Hi00,総数,total,a45_49,45-49歳,45,49,False,False,1980,26126.0,324.2,8090.0
total,Hi00,総数,total,a45_49,45-49歳,45,49,False,False,1985,22707.0,277.1,8237.0
total,Hi00,総数,total,a45_49,45-49歳,45,49,False,False,1990,21728.0,241.7,9018.0
total,Hi00,総数,total,a45_49,45-49歳,45,49,False,False,1995,24136.0,228.9,10618.0
total,Hi00,総数,total,a45_49,45-49歳,45,49,False,False,2000,19736.0,223.1,8932.0
total,Hi00,総数,total,a45_49,45-49歳,45,49,False,False,2005,15754.0,205.9,7755.0
total,Hi00,総数,total,a45_49,45-49歳,45,49,False,False,2010,14532.0,182.4,8093.0
total,Hi00,総数,total,a45_49,45-49歳,45,49,False,False,2013,14053.0,169.7,8406.0
total,Hi00,総数,total,a45_49,45-49歳,45,49,False,False,2014,13726.0,161.9,8608.0
total,Hi00,総数,total,a45_49,45-49歳,45,49,False,False,2015,13540.0,157.1,8766.0
total,Hi00,総数,total,a45_49,45-49歳,45,49,False,False,2016,13925.0,152.6,9294.0
total,Hi00,総数,total,a45_49,45-49歳,45,49,False,False,2017,14020.0,150.8,9484.0
total,Hi00,総数,total,a45_49,45-49歳,45,49,False,False,2018,14001.0,147.3,9711.0
total,Hi00,総数,total,a45_49,45-49歳,45,49,False,False,2019,14024.0,145.5,9862.0
total,Hi00,総数,total,a45_49,45-49歳,45,49,False,False,2020,14111.0,145.8,9868.0
total,Hi00,総数,total,a45_49,45-49歳,45,49,False,False,2021,13677.0,143.3,9732.0
total,Hi00,総数,total,a45_49,45-49歳,45,49,False,False,2022,13844.0,149.2,9462.0
total,Hi00,総数,total,a45_49,45-49歳,45,49,False,False,2023,13150.0,147.3,9115.0
total,Hi00,総数,total,a45_49,45-49歳,45,49,False,False,2024,12401.0,145.2,8745.0
total,Hi00,総数,total,a50_54,50-54歳,50,54,False,False,1950,40380.0,1191.6,
total,Hi00,総数,total,a50_54,50-54歳,50,54,False,False,1955,36042.0,936.3,
total,Hi00,総数,total,a50_54,50-54歳,50,54,False,False,1960,35175.0,837.2,
total,Hi00,総数,total,a50_54,50-54歳,50,54,False,False,1965,33232.0,713.4,
total,Hi00,総数,total,a50_54,50-54歳,50,54,False,False,1970,29580.0,619.2,
total,Hi00,総数,total,a50_54,50-54歳,50,54,False,False,1975,29358.0,510.8,
total,Hi00,総数,total,a50_54,50-54歳,50,54,False,False,1980,34173.0,476.6,7200.0
total,Hi00,総数,total,a50_54,50-54歳,50,54,False,False,1985,35851.0,455.6,7933.0
total,Hi00,総数,total,a50_54,50-54歳,50,54,False,False,1990,30258.0,375.0,8088.0
total,Hi00,総数,total,a50_54,50-54歳,50,54,False,False,1995,32946.0,371.5,8922.0
total,Hi00,総数,total,a50_54,50-54歳,50,54,False,False,2000,35843.0,344.9,10461.0
total,Hi00,総数,total,a50_54,50-54歳,50,54,False,False,2005,28964.0,331.3,8828.0
total,Hi00,総数,total,a50_54,50-54歳,50,54,False,False,2010,22014.0,289.3,7700.0
total,Hi00,総数,total,a50_54,50-54歳,50,54,False,False,2013,20581.0,269.5,7734.0
total,Hi00,総数,total,a50_54,50-54歳,50,54,False,False,2014,19841.0,258.1,7791.0
total,Hi00,総数,total,a50_54,50-54歳,50,54,False,False,2015,19717.0,249.3,8024.0
total,Hi00,総数,total,a50_54,50-54歳,50,54,False,False,2016,19487.0,250.4,7912.0
total,Hi00,総数,total,a50_54,50-54歳,50,54,False,False,2017,19063.0,237.4,8173.0
total,Hi00,総数,total,a50_54,50-54歳,50,54,False,False,2018,19491.0,236.9,8386.0
total,Hi00,総数,total,a50_54,50-54歳,50,54,False,False,2019,19545.0,231.9,8606.0
total,Hi00,総数,total,a50_54,50-54歳,50,54,False,False,2020,19812.0,231.2,8738.0
total,Hi00,総数,total,a50_54,50-54歳,50,54,False,False,2021,20948.0,230.7,9252.0
total,Hi00,総数,total,a50_54,50-54歳,50,54,False,False,2022,21801.0,235.5,9435.0
total,Hi00,総数,total,a50_54,50-54歳,50,54,False,False,2023,22443.0,236.9,9650.0
total,Hi00,総数,total,a50_54,50-54歳,50,54,False,False,2024,22134.0,230.4,9788.0
total,Hi00,総数,total,a55_59,55-59歳,55,59,False,False,1950,48436.0,1761.9,
total,Hi00,総数,total,a55_59,55-59歳,55,59,False,False,1955,44993.0,1403.6,
total,Hi00,総数,total,a55_59,55-59歳,55,59,False,False,1960,48623.0,1335.4,
total,Hi00,総数,total,a55_59,55-59歳,55,59,False,False,1965,45941.0,1147.9,
total,Hi00,総数,total,a55_59,55-59歳,55,59,False,False,1970,44464.0,1010.2,
total,Hi00,総数,total,a55_59,55-59歳,55,59,False,False,1975,37320.0,802.9,
total,Hi00,総数,total,a55_59,55-59歳,55,59,False,False,1980,38000.0,680.7,5614.0
total,Hi00,総数,total,a55_59,55-59歳,55,59,False,False,1985,45575.0,654.3,7000.0
total,Hi00,総数,total,a55_59,55-59歳,55,59,False,False,1990,47541.0,616.3,7725.0
total,Hi00,総数,total,a55_59,55-59歳,55,59,False,False,1995,44732.0,565.3,7953.0
total,Hi00,総数,total,a55_59,55-59歳,55,59,False,False,2000,45992.0,528.7,8750.0
total,Hi00,総数,total,a55_59,55-59歳,55,59,False,False,2005,49579.0,484.9,10294.0
total,Hi00,総数,total,a55_59,55-59歳,55,59,False,False,2010,39326.0,454.3,8728.0
total,Hi00,総数,total,a55_59,55-59歳,55,59,False,False,2013,31365.0,409.6,7731.0
total,Hi00,総数,total,a55_59,55-59歳,55,59,False,False,2014,30317.0,400.0,7654.0
total,Hi00,総数,total,a55_59,55-59歳,55,59,False,False,2015,28737.0,382.1,7601.0
total,Hi00,総数,total,a55_59,55-59歳,55,59,False,False,2016,28339.0,379.8,7550.0
total,Hi00,総数,total,a55_59,55-59歳,55,59,False,False,2017,27528.0,366.9,7603.0
total,Hi00,総数,total,a55_59,55-59歳,55,59,False,False,2018,27382.0,362.5,7670.0
total,Hi00,総数,total,a55_59,55-59歳,55,59,False,False,2019,27390.0,360.1,7740.0
total,Hi00,総数,total,a55_59,55-59歳,55,59,False,False,2020,27521.0,352.4,7940.0
total,Hi00,総数,total,a55_59,55-59歳,55,59,False,False,2021,27795.0,361.5,7824.0
total,Hi00,総数,total,a55_59,55-59歳,55,59,False,False,2022,28642.0,361.0,8075.0
total,Hi00,総数,total,a55_59,55-59歳,55,59,False,False,2023,29337.0,360.6,8279.0
total,Hi00,総数,total,a55_59,55-59歳,55,59,False,False,2024,29979.0,359.5,8490.0
total,Hi00,総数,total,a60_64,60-64歳,60,64,False,False,1950,61352.0,2663.0,
total,Hi00,総数,total,a60_64,60-64歳,60,64,False,False,1955,55659.0,2229.4,
total,Hi00,総数,total,a60_64,60-64歳,60,64,False,False,1960,61896.0,2111.3,
total,Hi00,総数,total,a60_64,60-64歳,60,64,False,False,1965,64302.0,1922.6,
total,Hi00,総数,total,a60_64,60-64歳,60,64,False,False,1970,61959.0,1670.1,
total,Hi00,総数,total,a60_64,60-64歳,60,64,False,False,1975,55304.0,1297.2,
total,Hi00,総数,total,a60_64,60-64歳,60,64,False,False,1980,48885.0,1100.4,4465.0
total,Hi00,総数,total,a60_64,60-64歳,60,64,False,False,1985,50845.0,948.7,5406.0
total,Hi00,総数,total,a60_64,60-64歳,60,64,False,False,1990,62728.0,931.3,6745.0
total,Hi00,総数,total,a60_64,60-64歳,60,64,False,False,1995,68310.0,917.4,7475.0
total,Hi00,総数,total,a60_64,60-64歳,60,64,False,False,2000,60680.0,786.9,7750.0
total,Hi00,総数,total,a60_64,60-64歳,60,64,False,False,2005,62258.0,730.1,8577.0
total,Hi00,総数,total,a60_64,60-64歳,60,64,False,False,2010,66096.0,657.4,10112.0
total,Hi00,総数,total,a60_64,60-64歳,60,64,False,False,2013,62932.0,655.0,9666.0
total,Hi00,総数,total,a60_64,60-64歳,60,64,False,False,2014,57312.0,642.5,8980.0
total,Hi00,総数,total,a60_64,60-64歳,60,64,False,False,2015,52220.0,615.1,8552.0
total,Hi00,総数,total,a60_64,60-64歳,60,64,False,False,2016,48237.0,595.9,8160.0
total,Hi00,総数,total,a60_64,60-64歳,60,64,False,False,2017,44913.0,580.5,7807.0
total,Hi00,総数,total,a60_64,60-64歳,60,64,False,False,2018,43347.0,576.3,7597.0
total,Hi00,総数,total,a60_64,60-64歳,60,64,False,False,2019,42145.0,565.7,7533.0
total,Hi00,総数,total,a60_64,60-64歳,60,64,False,False,2020,40514.0,551.0,7442.0
total,Hi00,総数,total,a60_64,60-64歳,60,64,False,False,2021,40094.0,549.3,7391.0
total,Hi00,総数,total,a60_64,60-64歳,60,64,False,False,2022,41973.0,571.3,7445.0
total,Hi00,総数,total,a60_64,60-64歳,60,64,False,False,2023,41967.0,566.8,7507.0
total,Hi00,総数,total,a60_64,60-64歳,60,64,False,False,2024,41886.0,561.6,7571.0
total,Hi00,総数,total,a65_69,65-69歳,65,69,False,False,1950,75817.0,4281.7,
total,Hi00,総数,total,a65_69,65-69歳,65,69,False,False,1955,69952.0,3556.2,
total,Hi00,総数,total,a65_69,65-69歳,65,69,False,False,1960,74289.0,3438.7,
total,Hi00,総数,total,a65_69,65-69歳,65,69,False,False,1965,81000.0,3161.2,
total,Hi00,総数,total,a65_69,65-69歳,65,69,False,False,1970,85239.0,2866.4,
total,Hi00,総数,total,a65_69,65-69歳,65,69,False,False,1975,76624.0,2230.4,
total,Hi00,総数,total,a65_69,65-69歳,65,69,False,False,1980,73654.0,1865.8,3965.0
total,Hi00,総数,total,a65_69,65-69歳,65,69,False,False,1985,64730.0,1554.0,4193.0
total,Hi00,総数,total,a65_69,65-69歳,65,69,False,False,1990,69931.0,1373.7,5104.0
total,Hi00,総数,total,a65_69,65-69歳,65,69,False,False,1995,89089.0,1397.9,6396.0
total,Hi00,総数,total,a65_69,65-69歳,65,69,False,False,2000,89058.0,1255.8,7118.0
total,Hi00,総数,total,a65_69,65-69歳,65,69,False,False,2005,80829.0,1088.9,7460.0
total,Hi00,総数,total,a65_69,65-69歳,65,69,False,False,2010,83087.0,1009.5,8272.0
total,Hi00,総数,total,a65_69,65-69歳,65,69,False,False,2013,82495.0,953.3,8699.0
total,Hi00,総数,total,a65_69,65-69歳,65,69,False,False,2014,85193.0,935.5,9154.0
total,Hi00,総数,total,a65_69,65-69歳,65,69,False,False,2015,88289.0,909.2,9759.0
total,Hi00,総数,total,a65_69,65-69歳,65,69,False,False,2016,93542.0,915.0,10269.0
total,Hi00,総数,total,a65_69,65-69歳,65,69,False,False,2017,92441.0,936.8,9910.0
total,Hi00,総数,total,a65_69,65-69歳,65,69,False,False,2018,86373.0,927.3,9356.0
total,Hi00,総数,total,a65_69,65-69歳,65,69,False,False,2019,79490.0,918.6,8698.0
total,Hi00,総数,total,a65_69,65-69歳,65,69,False,False,2020,72970.0,893.1,8236.0
total,Hi00,総数,total,a65_69,65-69歳,65,69,False,False,2021,69526.0,891.4,7869.0
total,Hi00,総数,total,a65_69,65-69歳,65,69,False,False,2022,68705.0,920.6,7535.0
total,Hi00,総数,total,a65_69,65-69歳,65,69,False,False,2023,65937.0,908.3,7332.0
total,Hi00,総数,total,a65_69,65-69歳,65,69,False,False,2024,65458.0,910.2,7268.0
total,Hi00,総数,total,a70_74,70-74歳,70,74,False,False,1950,84089.0,6561.2,
total,Hi00,総数,total,a70_74,70-74歳,70,74,False,False,1955,80172.0,5756.7,
total,Hi00,総数,total,a70_74,70-74歳,70,74,False,False,1960,89301.0,5710.5,
total,Hi00,総数,total,a70_74,70-74歳,70,74,False,False,1965,92415.0,5297.3,
total,Hi00,総数,total,a70_74,70-74歳,70,74,False,False,1970,102131.0,4800.0,
total,Hi00,総数,total,a70_74,70-74歳,70,74,False,False,1975,100941.0,3931.4,
total,Hi00,総数,total,a70_74,70-74歳,70,74,False,False,1980,99336.0,3297.9,3023.0
total,Hi00,総数,total,a70_74,70-74歳,70,74,False,False,1985,95991.0,2717.5,3563.0
total,Hi00,総数,total,a70_74,70-74歳,70,74,False,False,1990,89813.0,2357.4,3818.0
total,Hi00,総数,total,a70_74,70-74歳,70,74,False,False,1995,102443.0,2191.5,4695.0
total,Hi00,総数,total,a70_74,70-74歳,70,74,False,False,2000,116528.0,1978.4,5910.0
total,Hi00,総数,total,a70_74,70-74歳,70,74,False,False,2005,120825.0,1821.1,6661.0
total,Hi00,総数,total,a70_74,70-74歳,70,74,False,False,2010,110248.0,1577.8,7018.0
total,Hi00,総数,total,a70_74,70-74歳,70,74,False,False,2013,111419.0,1473.4,7596.0
total,Hi00,総数,total,a70_74,70-74歳,70,74,False,False,2014,114866.0,1455.3,7928.0
total,Hi00,総数,total,a70_74,70-74歳,70,74,False,False,2015,114331.0,1474.9,7787.0
total,Hi00,総数,total,a70_74,70-74歳,70,74,False,False,2016,107849.0,1462.8,7400.0
total,Hi00,総数,total,a70_74,70-74歳,70,74,False,False,2017,109149.0,1415.4,7733.0
total,Hi00,総数,total,a70_74,70-74歳,70,74,False,False,2018,114528.0,1397.5,8210.0
total,Hi00,総数,total,a70_74,70-74歳,70,74,False,False,2019,117966.0,1364.6,8655.0
total,Hi00,総数,total,a70_74,70-74歳,70,74,False,False,2020,124099.0,1357.8,9189.0
total,Hi00,総数,total,a70_74,70-74歳,70,74,False,False,2021,135816.0,1411.8,9672.0
total,Hi00,総数,total,a70_74,70-74歳,70,74,False,False,2022,141338.0,1522.4,9337.0
total,Hi00,総数,total,a70_74,70-74歳,70,74,False,False,2023,133733.0,1526.0,8817.0
total,Hi00,総数,total,a70_74,70-74歳,70,74,False,False,2024,125681.0,1543.4,8198.0
total,Hi00,総数,total,a75_79,75-79歳,75,79,False,False,1950,67055.0,9779.7,
total,Hi00,総数,total,a75_79,75-79歳,75,79,False,False,1955,77338.0,8831.6,
total,Hi00,総数,total,a75_79,75-79歳,75,79,False,False,1960,90324.0,9461.2,
total,Hi00,総数,total,a75_79,75-79歳,75,79,False,False,1965,97834.0,8927.2,
total,Hi00,総数,total,a75_79,75-79歳,75,79,False,False,1970,101517.0,8019.4,
total,Hi00,総数,total,a75_79,75-79歳,75,79,False,False,1975,109869.0,6712.6,
total,Hi00,総数,total,a75_79,75-79歳,75,79,False,False,1980,120044.0,5911.1,2037.0
total,Hi00,総数,total,a75_79,75-79歳,75,79,False,False,1985,121250.0,4980.5,2493.0
total,Hi00,総数,total,a75_79,75-79歳,75,79,False,False,1990,127523.0,4230.4,3018.0
total,Hi00,総数,total,a75_79,75-79歳,75,79,False,False,1995,125428.0,3827.8,3289.0
total,Hi00,総数,total,a75_79,75-79歳,75,79,False,False,2000,131000.0,3164.6,4157.0
total,Hi00,総数,total,a75_79,75-79歳,75,79,False,False,2005,159362.0,3029.1,5280.0
total,Hi00,総数,total,a75_79,75-79歳,75,79,False,False,2010,163089.0,2730.8,5992.0
total,Hi00,総数,total,a75_79,75-79歳,75,79,False,False,2013,161275.0,2568.9,6302.0
total,Hi00,総数,total,a75_79,75-79歳,75,79,False,False,2014,156783.0,2510.9,6269.0
total,Hi00,総数,total,a75_79,75-79歳,75,79,False,False,2015,153472.0,2424.7,6354.0
total,Hi00,総数,total,a75_79,75-79歳,75,79,False,False,2016,153048.0,2354.6,6521.0
total,Hi00,総数,total,a75_79,75-79歳,75,79,False,False,2017,155823.0,2321.7,6728.0
total,Hi00,総数,total,a75_79,75-79歳,75,79,False,False,2018,158276.0,2292.5,6913.0
total,Hi00,総数,total,a75_79,75-79歳,75,79,False,False,2019,163768.0,2270.8,7214.0
total,Hi00,総数,total,a75_79,75-79歳,75,79,False,False,2020,162136.0,2305.9,7065.0
total,Hi00,総数,total,a75_79,75-79歳,75,79,False,False,2021,158871.0,2378.8,6712.0
total,Hi00,総数,total,a75_79,75-79歳,75,79,False,False,2022,170192.0,2433.4,7030.0
total,Hi00,総数,total,a75_79,75-79歳,75,79,False,False,2023,178252.0,2397.1,7474.0
total,Hi00,総数,total,a75_79,75-79歳,75,79,False,False,2024,187802.0,2393.6,7886.0
total,Hi00,総数,total,a80_84,80-84歳,80,84,False,False,1950,42750.0,15501.3,
total,Hi00,総数,total,a80_84,80-84歳,80,84,False,False,1955,49530.0,13110.6,
total,Hi00,総数,total,a80_84,80-84歳,80,84,False,False,1960,70775.0,14655.5,
total,Hi00,総数,total,a80_84,80-84歳,80,84,False,False,1965,78785.0,14918.1,
total,Hi00,総数,total,a80_84,80-84歳,80,84,False,False,1970,83478.0,12872.9,
total,Hi00,総数,total,a80_84,80-84歳,80,84,False,False,1975,92528.0,11461.4,
total,Hi00,総数,total,a80_84,80-84歳,80,84,False,False,1980,110279.0,10106.8,1094.0
total,Hi00,総数,total,a80_84,80-84歳,80,84,False,False,1985,123573.0,8540.5,1433.0
total,Hi00,総数,total,a80_84,80-84歳,80,84,False,False,1990,139549.0,7618.5,1833.0
total,Hi00,総数,total,a80_84,80-84歳,80,84,False,False,1995,157863.0,6882.0,2301.0
total,Hi00,総数,total,a80_84,80-84歳,80,84,False,False,2000,147060.0,5635.6,2619.0
total,Hi00,総数,total,a80_84,80-84歳,80,84,False,False,2005,174185.0,5109.4,3423.0
total,Hi00,総数,total,a80_84,80-84歳,80,84,False,False,2010,211257.0,4841.7,4376.0
total,Hi00,総数,total,a80_84,80-84歳,80,84,False,False,2013,224159.0,4721.1,4762.0
total,Hi00,総数,total,a80_84,80-84歳,80,84,False,False,2014,221051.0,4553.1,4869.0
total,Hi00,総数,total,a80_84,80-84歳,80,84,False,False,2015,222464.0,4438.6,5026.0
total,Hi00,総数,total,a80_84,80-84歳,80,84,False,False,2016,223824.0,4333.1,5179.0
total,Hi00,総数,total,a80_84,80-84歳,80,84,False,False,2017,226201.0,4286.4,5288.0
total,Hi00,総数,total,a80_84,80-84歳,80,84,False,False,2018,225139.0,4223.8,5338.0
total,Hi00,総数,total,a80_84,80-84歳,80,84,False,False,2019,222333.0,4186.8,5314.0
total,Hi00,総数,total,a80_84,80-84歳,80,84,False,False,2020,216526.0,4023.1,5404.0
total,Hi00,総数,total,a80_84,80-84歳,80,84,False,False,2021,225185.0,4064.7,5563.0
total,Hi00,総数,total,a80_84,80-84歳,80,84,False,False,2022,247487.0,4327.5,5743.0
total,Hi00,総数,total,a80_84,80-84歳,80,84,False,False,2023,248066.0,4225.7,5895.0
total,Hi00,総数,total,a80_84,80-84歳,80,84,False,False,2024,263926.0,4318.3,6138.0
total,Hi00,総数,total,a85_89,85-89歳,85,89,False,False,1950,18202.0,23025.1,
total,Hi00,総数,total,a85_89,85-89歳,85,89,False,False,1955,22255.0,19985.6,
total,Hi00,総数,total,a85_89,85-89歳,85,89,False,False,1960,32886.0,21106.1,
total,Hi00,総数,total,a85_89,85-89歳,85,89,False,False,1965,43130.0,21656.2,
total,Hi00,総数,total,a85_89,85-89歳,85,89,False,False,1970,47008.0,20498.4,
total,Hi00,総数,total,a85_89,85-89歳,85,89,False,False,1975,55663.0,18042.0,
total,Hi00,総数,total,a85_89,85-89歳,85,89,False,False,1980,67292.0,16440.8,410.0
total,Hi00,総数,total,a85_89,85-89歳,85,89,False,False,1985,86351.0,14725.6,604.0
total,Hi00,総数,total,a85_89,85-89歳,85,89,False,False,1990,111120.0,13341.6,833.0
total,Hi00,総数,total,a85_89,85-89歳,85,89,False,False,1995,134363.0,11847.5,1137.0
total,Hi00,総数,total,a85_89,85-89歳,85,89,False,False,2000,148980.0,9735.1,1535.0
total,Hi00,総数,total,a85_89,85-89歳,85,89,False,False,2005,165385.0,8947.0,1855.0
total,Hi00,総数,total,a85_89,85-89歳,85,89,False,False,2010,207287.0,8473.8,2454.0
total,Hi00,総数,total,a85_89,85-89歳,85,89,False,False,2013,244045.0,8363.4,2926.0
total,Hi00,総数,total,a85_89,85-89歳,85,89,False,False,2014,249728.0,8177.1,3063.0
total,Hi00,総数,total,a85_89,85-89歳,85,89,False,False,2015,256269.0,8138.4,3156.0
total,Hi00,総数,total,a85_89,85-89歳,85,89,False,False,2016,260637.0,7977.6,3272.0
total,Hi00,総数,total,a85_89,85-89歳,85,89,False,False,2017,270097.0,7972.5,3398.0
total,Hi00,総数,total,a85_89,85-89歳,85,89,False,False,2018,276699.0,7893.2,3516.0
total,Hi00,総数,total,a85_89,85-89歳,85,89,False,False,2019,279010.0,7743.9,3611.0
total,Hi00,総数,total,a85_89,85-89歳,85,89,False,False,2020,276507.0,7411.0,3742.0
total,Hi00,総数,total,a85_89,85-89歳,85,89,False,False,2021,292364.0,7574.5,3872.0
total,Hi00,総数,total,a85_89,85-89歳,85,89,False,False,2022,320647.0,8133.8,3955.0
total,Hi00,総数,total,a85_89,85-89歳,85,89,False,False,2023,320874.0,8092.3,3979.0
total,Hi00,総数,total,a85_89,85-89歳,85,89,False,False,2024,320658.0,8158.7,3944.0
total,Hi00,総数,total,a90_94,90-94歳,90,94,False,False,1950,4974.0,35029.0,
total,Hi00,総数,total,a90_94,90-94歳,90,94,False,False,1955,5890.0,29973.2,
total,Hi00,総数,total,a90_94,90-94歳,90,94,False,False,1960,9172.0,32823.8,
total,Hi00,総数,total,a90_94,90-94歳,90,94,False,False,1965,12684.0,28683.1,
total,Hi00,総数,total,a90_94,90-94歳,90,94,False,False,1970,16200.0,28872.3,
total,Hi00,総数,total,a90_94,90-94歳,90,94,False,False,1975,19692.0,29126.2,
total,Hi00,総数,total,a90_94,90-94歳,90,94,False,False,1980,26830.0,27253.3,
total,Hi00,総数,total,a90_94,90-94歳,90,94,False,False,1985,34768.0,23364.8,
total,Hi00,総数,total,a90_94,90-94歳,90,94,False,False,1990,52814.0,23067.3,248.0
total,Hi00,総数,total,a90_94,90-94歳,90,94,False,False,1995,72295.0,21468.2,368.0
total,Hi00,総数,total,a90_94,90-94歳,90,94,False,False,2000,90913.0,17836.3,571.0
total,Hi00,総数,total,a90_94,90-94歳,90,94,False,False,2005,127573.0,15167.7,843.0
total,Hi00,総数,total,a90_94,90-94歳,90,94,False,False,2010,151959.0,14806.4,1029.0
total,Hi00,総数,total,a90_94,90-94歳,90,94,False,False,2013,177392.0,14624.2,1216.0
total,Hi00,総数,total,a90_94,90-94歳,90,94,False,False,2014,186126.0,14295.4,1305.0
total,Hi00,総数,total,a90_94,90-94歳,90,94,False,False,2015,197186.0,14503.4,1363.0
total,Hi00,総数,total,a90_94,90-94歳,90,94,False,False,2016,209447.0,14199.8,1469.0
total,Hi00,総数,total,a90_94,90-94歳,90,94,False,False,2017,223426.0,14149.8,1556.0
total,Hi00,総数,total,a90_94,90-94歳,90,94,False,False,2018,234656.0,14042.8,1639.0
total,Hi00,総数,total,a90_94,90-94歳,90,94,False,False,2019,245517.0,13965.7,1724.0
total,Hi00,総数,total,a90_94,90-94歳,90,94,False,False,2020,245216.0,13574.6,1811.0
total,Hi00,総数,total,a90_94,90-94歳,90,94,False,False,2021,264183.0,13904.4,1904.0
total,Hi00,総数,total,a90_94,90-94歳,90,94,False,False,2022,295883.0,14913.5,1989.0
total,Hi00,総数,total,a90_94,90-94歳,90,94,False,False,2023,300934.0,14744.4,2045.0
total,Hi00,総数,total,a90_94,90-94歳,90,94,False,False,2024,306460.0,14712.4,2088.0
total,Hi00,総数,total,a95_99,95-99歳,95,99,False,False,1950,700.0,,
total,Hi00,総数,total,a95_99,95-99歳,95,99,False,False,1955,857.0,,
total,Hi00,総数,total,a95_99,95-99歳,95,99,False,False,1960,1294.0,,
total,Hi00,総数,total,a95_99,95-99歳,95,99,False,False,1965,1771.0,,
total,Hi00,総数,total,a95_99,95-99歳,95,99,False,False,1970,2587.0,,
total,Hi00,総数,total,a95_99,95-99歳,95,99,False,False,1975,3705.0,,
total,Hi00,総数,total,a95_99,95-99歳,95,99,False,False,1980,5135.0,,
total,Hi00,総数,total,a95_99,95-99歳,95,99,False,False,1985,7772.0,,
total,Hi00,総数,total,a95_99,95-99歳,95,99,False,False,1990,12355.0,,38.0
total,Hi00,総数,total,a95_99,95-99歳,95,99,False,False,1995,19831.0,,69.0
total,Hi00,総数,total,a95_99,95-99歳,95,99,False,False,2000,29230.0,,119.0
total,Hi00,総数,total,a95_99,95-99歳,95,99,False,False,2005,50503.0,23894.8,212.0
total,Hi00,総数,total,a95_99,95-99歳,95,99,False,False,2010,75387.0,25328.8,298.0
total,Hi00,総数,total,a95_99,95-99歳,95,99,False,False,2013,85283.0,24936.5,343.0
total,Hi00,総数,total,a95_99,95-99歳,95,99,False,False,2014,84118.0,23965.2,352.0
total,Hi00,総数,total,a95_99,95-99歳,95,99,False,False,2015,90731.0,25150.2,362.0
total,Hi00,総数,total,a95_99,95-99歳,95,99,False,False,2016,95967.0,25122.3,384.0
total,Hi00,総数,total,a95_99,95-99歳,95,99,False,False,2017,104102.0,25767.8,407.0
total,Hi00,総数,total,a95_99,95-99歳,95,99,False,False,2018,109209.0,24876.8,437.0
total,Hi00,総数,total,a95_99,95-99歳,95,99,False,False,2019,116672.0,24408.4,468.0
total,Hi00,総数,total,a95_99,95-99歳,95,99,False,False,2020,119379.0,23916.7,500.0
total,Hi00,総数,total,a95_99,95-99歳,95,99,False,False,2021,134035.0,25006.5,537.0
total,Hi00,総数,total,a95_99,95-99歳,95,99,False,False,2022,155165.0,27708.0,561.0
total,Hi00,総数,total,a95_99,95-99歳,95,99,False,False,2023,158124.0,26530.9,597.0
total,Hi00,総数,total,a95_99,95-99歳,95,99,False,False,2024,164950.0,26058.5,635.0
total,Hi00,総数,total,a100p,100歳以上,100,,False,False,1950,55.0,,
total,Hi00,総数,total,a100p,100歳以上,100,,False,False,1955,77.0,,
total,Hi00,総数,total,a100p,100歳以上,100,,False,False,1960,99.0,,
total,Hi00,総数,total,a100p,100歳以上,100,,False,False,1965,106.0,,
total,Hi00,総数,total,a100p,100歳以上,100,,False,False,1970,202.0,,
total,Hi00,総数,total,a100p,100歳以上,100,,False,False,1975,363.0,,
total,Hi00,総数,total,a100p,100歳以上,100,,False,False,1980,497.0,,
total,Hi00,総数,total,a100p,100歳以上,100,,False,False,1985,825.0,,
total,Hi00,総数,total,a100p,100歳以上,100,,False,False,1990,1569.0,,3.0
total,Hi00,総数,total,a100p,100歳以上,100,,False,False,1995,2780.0,,6.0
total,Hi00,総数,total,a100p,100歳以上,100,,False,False,2000,4789.0,,12.0
total,Hi00,総数,total,a100p,100歳以上,100,,False,False,2005,9578.0,37771.1,25.0
total,Hi00,総数,total,a100p,100歳以上,100,,False,False,2010,17513.0,39892.0,44.0
total,Hi00,総数,total,a100p,100歳以上,100,,False,False,2013,21979.0,39961.8,55.0
total,Hi00,総数,total,a100p,100歳以上,100,,False,False,2014,23412.0,39020.0,60.0
total,Hi00,総数,total,a100p,100歳以上,100,,False,False,2015,24825.0,40204.4,62.0
total,Hi00,総数,total,a100p,100歳以上,100,,False,False,2016,26431.0,40663.1,66.0
total,Hi00,総数,total,a100p,100歳以上,100,,False,False,2017,27807.0,41503.0,68.0
total,Hi00,総数,total,a100p,100歳以上,100,,False,False,2018,28324.0,41049.3,70.0
total,Hi00,総数,total,a100p,100歳以上,100,,False,False,2019,29083.0,42149.3,71.0
total,Hi00,総数,total,a100p,100歳以上,100,,False,False,2020,30149.0,37613.8,80.0
total,Hi00,総数,total,a100p,100歳以上,100,,False,False,2021,34262.0,40308.2,85.0
total,Hi00,総数,total,a100p,100歳以上,100,,False,False,2022,40183.0,46187.4,87.0
total,Hi00,総数,total,a100p,100歳以上,100,,False,False,2023,39948.0,45917.2,87.0
total,Hi00,総数,total,a100p,100歳以上,100,,False,False,2024,41263.0,47428.7,87.0
total,Hi00,総数,total,total,総数,,,False,True,1950,904876.0,1087.6,
total,Hi00,総数,total,total,総数,,,False,True,1955,693523.0,776.8,
total,Hi00,総数,total,total,総数,,,False,True,1960,706599.0,756.4,
total,Hi00,総数,total,total,総数,,,False,True,1965,700438.0,712.7,
total,Hi00,総数,total,total,総数,,,False,True,1970,712962.0,691.4,
total,Hi00,総数,total,total,総数,,,False,True,1975,702275.0,631.2,
total,Hi00,総数,total,total,総数,,,False,True,1980,722801.0,621.4,117060.0
total,Hi00,総数,total,total,総数,,,False,True,1985,752283.0,625.5,121049.0
total,Hi00,総数,total,total,総数,,,False,True,1990,820305.0,668.4,123611.0
total,Hi00,総数,total,total,総数,,,False,True,1995,922139.0,741.9,125570.0
total,Hi00,総数,total,total,総数,,,False,True,2000,961653.0,765.6,126926.0
total,Hi00,総数,total,total,総数,,,False,True,2005,1083796.0,858.8,127768.0
total,Hi00,総数,total,total,総数,,,False,True,2010,1197014.0,947.1,128057.0
total,Hi00,総数,total,total,総数,,,False,True,2013,1268438.0,1009.1,127298.0
total,Hi00,総数,total,total,総数,,,False,True,2014,1273025.0,1014.9,127083.0
total,Hi00,総数,total,total,総数,,,False,True,2015,1290510.0,1029.8,127095.0
total,Hi00,総数,total,total,総数,,,False,True,2016,1308158.0,1046.4,127042.0
total,Hi00,総数,total,total,総数,,,False,True,2017,1340567.0,1075.5,126919.0
total,Hi00,総数,total,total,総数,,,False,True,2018,1362470.0,1096.8,126749.0
total,Hi00,総数,total,total,総数,,,False,True,2019,1381093.0,1116.2,126555.0
total,Hi00,総数,total,total,総数,,,False,True,2020,1372755.0,1112.5,126146.0
total,Hi00,総数,total,total,総数,,,False,True,2021,1439856.0,1172.7,125502.0
total,Hi00,総数,total,total,総数,,,False,True,2022,1569050.0,1285.8,124947.0
total,Hi00,総数,total,total,総数,,,False,True,2023,1576016.0,1300.4,124352.0
total,Hi00,総数,total,total,総数,,,False,True,2024,1605378.0,1334.5,123802.0
